URL,SourceRepository,YearPublished,Publisher1
https://researchdata.se/en/catalogue/dataset/2020-104-1,DORIS,2020,SHARE ERIC
https://researchdata.se/en/catalogue/dataset/2020-129-2,DORIS,2021,University of Gothenburg
https://researchdata.se/en/catalogue/dataset/2020-109-1,DORIS,2021,University of Gothenburg
https://researchdata.se/en/catalogue/dataset/2020-105-1,DORIS,2020,SHARE ERIC
https://researchdata.se/en/catalogue/dataset/2020-128-4,DORIS,2021,University of Gothenburg
https://researchdata.se/en/catalogue/dataset/2020-110-1,DORIS,2021,University of Gothenburg
https://researchdata.se/en/catalogue/dataset/2020-128-2,DORIS,2021,University of Gothenburg
https://researchdata.se/en/catalogue/dataset/2020-129-1,DORIS,2021,University of Gothenburg
https://researchdata.se/en/catalogue/dataset/2020-130-1,DORIS,2020,Institute for Future Studies
https://researchdata.se/en/catalogue/dataset/2020-140-1,DORIS,2021,University of Gothenburg
https://researchdata.se/en/catalogue/dataset/2020-111-1,DORIS,2021,University of Gothenburg
https://researchdata.se/en/catalogue/dataset/2020-128-3,DORIS,2021,University of Gothenburg
https://researchdata.se/en/catalogue/dataset/2020-130-4,DORIS,2020,Institute for Future Studies
https://researchdata.se/en/catalogue/dataset/2020-130-2,DORIS,2020,Institute for Future Studies
https://researchdata.se/en/catalogue/dataset/2020-13-1,DORIS,2020,Huddinge municipality
https://researchdata.se/en/catalogue/dataset/2020-128-1,DORIS,2021,University of Gothenburg
https://researchdata.se/en/catalogue/dataset/2020-130-3,DORIS,2020,Institute for Future Studies
https://researchdata.se/en/catalogue/dataset/2020-140-2,DORIS,2021,University of Gothenburg
https://researchdata.se/en/catalogue/dataset/2020-131-1,DORIS,2021,University of Gothenburg
https://researchdata.se/en/catalogue/dataset/2020-140-3,DORIS,2021,University of Gothenburg
https://researchdata.se/en/catalogue/dataset/2020-145-1,DORIS,2020,Swedish Institute of Space Physics
https://researchdata.se/en/catalogue/dataset/2020-141-1,DORIS,2021,University of Gothenburg
https://researchdata.se/en/catalogue/dataset/2020-141-2,DORIS,2021,University of Gothenburg
https://researchdata.se/en/catalogue/dataset/2020-148-1,DORIS,2021,University of Gothenburg
https://researchdata.se/en/catalogue/dataset/2020-147-1,DORIS,2021,University of Gothenburg
https://researchdata.se/en/catalogue/dataset/2020-148-2,DORIS,2021,University of Gothenburg
https://researchdata.se/en/catalogue/dataset/2020-149-1,DORIS,2021,University of Gothenburg
https://researchdata.se/en/catalogue/dataset/2020-150-1,DORIS,2021,University of Gothenburg
https://researchdata.se/en/catalogue/dataset/2020-155-2,DORIS,2021,Mid Sweden University
https://researchdata.se/en/catalogue/dataset/2020-155-1,DORIS,2021,Mid Sweden University
https://researchdata.se/en/catalogue/dataset/2020-150-2,DORIS,2021,University of Gothenburg
https://researchdata.se/en/catalogue/dataset/2020-17-1,DORIS,2020,Uppsala University
https://researchdata.se/en/catalogue/dataset/2020-168-1,DORIS,2020,Stockholm University
https://researchdata.se/en/catalogue/dataset/2020-158-1,DORIS,2020,Lund University
https://researchdata.se/en/catalogue/dataset/2020-159-1,DORIS,2021,University of Gothenburg
https://researchdata.se/en/catalogue/dataset/2020-178-1,DORIS,2021,Karolinska Institutet
https://researchdata.se/en/catalogue/dataset/2020-17-2,DORIS,2023,Uppsala University
https://researchdata.se/en/catalogue/dataset/2020-180-1,DORIS,2020,Kristianstad University
https://researchdata.se/en/catalogue/dataset/2020-190-1,DORIS,2021,Uppsala University
https://researchdata.se/en/catalogue/dataset/2020-182-1,DORIS,2021,Lund University
https://researchdata.se/en/catalogue/dataset/2020-191-1,DORIS,2022,University of Gothenburg
https://researchdata.se/en/catalogue/dataset/2020-185-1,DORIS,2023,Swedish University of Agricultural Sciences
https://researchdata.se/en/catalogue/dataset/2020-199-1,DORIS,2021,Environment for Development Initiative
https://researchdata.se/en/catalogue/dataset/2020-201-1,DORIS,2020,RISE Research Institutes of Sweden
https://researchdata.se/en/catalogue/dataset/2020-193-1,DORIS,2021,University of Gothenburg
https://researchdata.se/en/catalogue/dataset/2020-206-1,DORIS,2021,Umeå University
https://researchdata.se/en/catalogue/dataset/2020-208-1,DORIS,2021,Umeå University
https://researchdata.se/en/catalogue/dataset/2020-208-4,DORIS,2021,Umeå University
https://researchdata.se/en/catalogue/dataset/2020-208-3,DORIS,2021,Umeå University
https://researchdata.se/en/catalogue/dataset/2020-208-2,DORIS,2021,Umeå University
https://researchdata.se/en/catalogue/dataset/2020-204-1,DORIS,2021,Umeå University
https://researchdata.se/en/catalogue/dataset/2020-36-1,DORIS,2020,University of Gothenburg
https://researchdata.se/en/catalogue/dataset/2020-28-1,DORIS,2020,University of Gothenburg
https://researchdata.se/en/catalogue/dataset/2020-208-5,DORIS,2021,Umeå University
https://researchdata.se/en/catalogue/dataset/2020-36-2,DORIS,2020,University of Gothenburg
https://researchdata.se/en/catalogue/dataset/2020-35-1,DORIS,2023,Stockholm University
https://researchdata.se/en/catalogue/dataset/2020-36-3,DORIS,2020,University of Gothenburg
https://researchdata.se/en/catalogue/dataset/2020-36-10,DORIS,2020,University of Gothenburg
https://researchdata.se/en/catalogue/dataset/2020-36-5,DORIS,2020,University of Gothenburg
https://researchdata.se/en/catalogue/dataset/2020-36-11,DORIS,2020,University of Gothenburg
https://researchdata.se/en/catalogue/dataset/2020-36-7,DORIS,2020,University of Gothenburg
https://researchdata.se/en/catalogue/dataset/2020-36-6,DORIS,2020,University of Gothenburg
https://researchdata.se/en/catalogue/dataset/2020-36-4,DORIS,2020,University of Gothenburg
https://researchdata.se/en/catalogue/dataset/2020-36-8,DORIS,2020,University of Gothenburg
https://researchdata.se/en/catalogue/dataset/2020-42-1,DORIS,2020,Linköping University
https://researchdata.se/en/catalogue/dataset/2020-49-1,DORIS,2020,University of Gothenburg
https://researchdata.se/en/catalogue/dataset/2020-50-1,DORIS,2020,Swedish University of Agricultural Sciences
https://researchdata.se/en/catalogue/dataset/2020-36-9,DORIS,2020,University of Gothenburg
https://researchdata.se/en/catalogue/dataset/2020-43-1,DORIS,2020,Karolinska Institutet
https://researchdata.se/en/catalogue/dataset/2020-51-1,DORIS,2021,Karolinska Institutet
https://researchdata.se/en/catalogue/dataset/2020-58-3,DORIS,2020,University of Gothenburg
https://researchdata.se/en/catalogue/dataset/2020-52-1,DORIS,2022,Linnaeus University
https://researchdata.se/en/catalogue/dataset/2020-64-1,DORIS,2020,Lund University
https://researchdata.se/en/catalogue/dataset/2020-59-3,DORIS,2020,University of Gothenburg
https://researchdata.se/en/catalogue/dataset/2020-72-1,DORIS,2021,University of Gothenburg
https://researchdata.se/en/catalogue/dataset/2020-68-1,DORIS,2020,Linnaeus University
https://researchdata.se/en/catalogue/dataset/2020-74-1,DORIS,2020,Umeå University
https://researchdata.se/en/catalogue/dataset/2020-73-1,DORIS,2025,Stockholm University
https://researchdata.se/en/catalogue/dataset/2020-81-1,DORIS,2020,Umeå University
https://researchdata.se/en/catalogue/dataset/2020-95-2,DORIS,2020,University of Gothenburg
https://researchdata.se/en/catalogue/dataset/2021-103-1,DORIS,2023,Karlstad University
https://researchdata.se/en/catalogue/dataset/2020-90-1,DORIS,2021,Karolinska Institutet
https://researchdata.se/en/catalogue/dataset/2020-94-1,DORIS,2020,Swedish Institute of Space Physics
https://researchdata.se/en/catalogue/dataset/2020-96-1,DORIS,2020,Umeå University
https://researchdata.se/en/catalogue/dataset/2021-120-1,DORIS,2021,Swedish Polar Research Secretariat
https://researchdata.se/en/catalogue/dataset/2021-116-1,DORIS,2021,Swedish University of Agricultural Sciences
https://researchdata.se/en/catalogue/dataset/2021-123-1,DORIS,2022,Swedish Polar Research Secretariat
https://researchdata.se/en/catalogue/dataset/2021-108-1,DORIS,2021,Karolinska Institutet
https://researchdata.se/en/catalogue/dataset/2021-118-1,DORIS,2021,Swedish Polar Research Secretariat
https://researchdata.se/en/catalogue/dataset/2021-125-2,DORIS,2022,Luleå University of Technology
https://researchdata.se/en/catalogue/dataset/2021-119-1,DORIS,2021,Swedish Polar Research Secretariat
https://researchdata.se/en/catalogue/dataset/2021-124-1,DORIS,2021,Royal Institute of Technology
https://researchdata.se/en/catalogue/dataset/2021-125-1,DORIS,2021,Luleå University of Technology
https://researchdata.se/en/catalogue/dataset/2021-152-1,DORIS,2021,Swedish University of Agricultural Sciences
https://researchdata.se/en/catalogue/dataset/2021-131-1,DORIS,2021,Chalmers University of Technology
https://researchdata.se/en/catalogue/dataset/2021-177-1,DORIS,2022,RISE Research Institutes of Sweden
https://researchdata.se/en/catalogue/dataset/2021-174-1,DORIS,2022,Linnaeus University
https://researchdata.se/en/catalogue/dataset/2021-188-1,DORIS,2021,Swedish University of Agricultural Sciences
https://researchdata.se/en/catalogue/dataset/2021-195-1,DORIS,2022,University of Gothenburg
https://researchdata.se/en/catalogue/dataset/2021-191-1,DORIS,2021,University of Gothenburg
https://researchdata.se/en/catalogue/dataset/2021-194-1,DORIS,2021,Swedish University of Agricultural Sciences
https://researchdata.se/en/catalogue/dataset/2021-193-1,DORIS,2021,Swedish University of Agricultural Sciences
https://researchdata.se/en/catalogue/dataset/2021-195-5,DORIS,2022,University of Gothenburg
https://researchdata.se/en/catalogue/dataset/2021-195-2,DORIS,2022,University of Gothenburg
https://researchdata.se/en/catalogue/dataset/2021-195-3,DORIS,2022,University of Gothenburg
https://researchdata.se/en/catalogue/dataset/2021-198-1,DORIS,2021,University of Skövde
https://researchdata.se/en/catalogue/dataset/2021-195-4,DORIS,2022,University of Gothenburg
https://researchdata.se/en/catalogue/dataset/2021-197-1,DORIS,2022,Umeå University
https://researchdata.se/en/catalogue/dataset/2021-202-1,DORIS,2021,Lund University
https://researchdata.se/en/catalogue/dataset/2021-196-1,DORIS,2022,Karolinska Institutet
https://researchdata.se/en/catalogue/dataset/2021-2-1,DORIS,2021,Stockholm University
https://researchdata.se/en/catalogue/dataset/2021-20-1,DORIS,2022,University of Gothenburg
https://researchdata.se/en/catalogue/dataset/2021-204-1,DORIS,2022,Karolinska Institutet
https://researchdata.se/en/catalogue/dataset/2021-205-1,DORIS,2022,University of Gothenburg
https://researchdata.se/en/catalogue/dataset/2021-21-1,DORIS,2022,University of Gothenburg
https://researchdata.se/en/catalogue/dataset/2021-206-1,DORIS,2021,Mid Sweden University
https://researchdata.se/en/catalogue/dataset/2021-207-1,DORIS,2021,Mid Sweden University
https://researchdata.se/en/catalogue/dataset/2021-215-1,DORIS,2021,Swedish University of Agricultural Sciences
https://researchdata.se/en/catalogue/dataset/2021-213-1,DORIS,2023,University of Gothenburg
https://researchdata.se/en/catalogue/dataset/2021-211-1,DORIS,2021,RISE Research Institutes of Sweden
https://researchdata.se/en/catalogue/dataset/2021-22-1,DORIS,2022,University of Gothenburg
https://researchdata.se/en/catalogue/dataset/2021-219-1,DORIS,2021,Chalmers University of Technology
https://researchdata.se/en/catalogue/dataset/2021-240-1,DORIS,2021,University of Skövde
https://researchdata.se/en/catalogue/dataset/2021-244-1,DORIS,2021,Tokyo Metropolitan University
https://researchdata.se/en/catalogue/dataset/2021-243-1,DORIS,2021,Chalmers University of Technology
https://researchdata.se/en/catalogue/dataset/2021-239-1,DORIS,2021,RISE Research Institutes of Sweden
https://researchdata.se/en/catalogue/dataset/2021-247-1,DORIS,2021,Stockholm University
https://researchdata.se/en/catalogue/dataset/2021-256-1,DORIS,2021,University of Gothenburg
https://researchdata.se/en/catalogue/dataset/2021-257-1,DORIS,2022,Swedish Institute of Space Physics
https://researchdata.se/en/catalogue/dataset/2021-245-1,DORIS,2025,University of Gothenburg
https://researchdata.se/en/catalogue/dataset/2021-253-1,DORIS,2021,University of Gothenburg
https://researchdata.se/en/catalogue/dataset/2021-268-1,DORIS,2021,Swedish University of Agricultural Sciences
https://researchdata.se/en/catalogue/dataset/2021-275-1,DORIS,2021,Lund University
https://researchdata.se/en/catalogue/dataset/2021-272-1,DORIS,2021,University of Gothenburg
https://researchdata.se/en/catalogue/dataset/2021-260-1,DORIS,2022,University West
https://researchdata.se/en/catalogue/dataset/2021-276-1,DORIS,2021,Chalmers University of Technology
https://researchdata.se/en/catalogue/dataset/2021-27-1,DORIS,2023,Örebro University
https://researchdata.se/en/catalogue/dataset/2021-280-1,DORIS,2022,Swedish University of Agricultural Sciences
https://researchdata.se/en/catalogue/dataset/2021-282-1,DORIS,2021,Umeå University
https://researchdata.se/en/catalogue/dataset/2021-278-1,DORIS,2021,Swedish University of Agricultural Sciences
https://researchdata.se/en/catalogue/dataset/2021-285-1,DORIS,2021,Swedish University of Agricultural Sciences
https://researchdata.se/en/catalogue/dataset/2021-291-1,DORIS,2022,Chalmers University of Technology
https://researchdata.se/en/catalogue/dataset/2021-299-1,DORIS,2021,Swedish University of Agricultural Sciences
https://researchdata.se/en/catalogue/dataset/2021-290-1,DORIS,2022,University of Gothenburg
https://researchdata.se/en/catalogue/dataset/2021-287-1,DORIS,2023,University of Gothenburg
https://researchdata.se/en/catalogue/dataset/2021-294-1,DORIS,2021,Stockholm University
https://researchdata.se/en/catalogue/dataset/2021-306-1,DORIS,2021,Kristianstad University
https://researchdata.se/en/catalogue/dataset/2021-303-1,DORIS,2021,Mid Sweden University
https://researchdata.se/en/catalogue/dataset/2021-302-1,DORIS,2022,SMHI - Swedish Meteorological and Hydrological Institute
https://researchdata.se/en/catalogue/dataset/2021-307-1,DORIS,2021,Swedish University of Agricultural Sciences
https://researchdata.se/en/catalogue/dataset/2021-310-1,DORIS,2024,Karolinska Institutet
https://researchdata.se/en/catalogue/dataset/2021-311-1,DORIS,2024,Karolinska Institutet
https://researchdata.se/en/catalogue/dataset/2021-314-1,DORIS,2021,Lund University
https://researchdata.se/en/catalogue/dataset/2021-312-1,DORIS,2022,Stockholm University
https://researchdata.se/en/catalogue/dataset/2021-316-1,DORIS,2021,Mid Sweden University
https://researchdata.se/en/catalogue/dataset/2021-318-1,DORIS,2022,Lund University
https://researchdata.se/en/catalogue/dataset/2021-319-1,DORIS,2022,Swedish University of Agricultural Sciences
https://researchdata.se/en/catalogue/dataset/2021-322-1,DORIS,2022,University of Gothenburg
https://researchdata.se/en/catalogue/dataset/2021-315-1,DORIS,2022,Lund University
https://researchdata.se/en/catalogue/dataset/2021-323-1,DORIS,2022,Luleå University of Technology
https://researchdata.se/en/catalogue/dataset/2021-334-1,DORIS,2022,Swedish University of Agricultural Sciences
https://researchdata.se/en/catalogue/dataset/2021-330-1,DORIS,2021,University of Gothenburg
https://researchdata.se/en/catalogue/dataset/2021-332-1,DORIS,2022,RISE Research Institutes of Sweden
https://researchdata.se/en/catalogue/dataset/2021-331-1,DORIS,2022,Karolinska Institutet
https://researchdata.se/en/catalogue/dataset/2021-338-1,DORIS,2021,Lund University
https://researchdata.se/en/catalogue/dataset/2021-339-1,DORIS,2022,University of Skövde
https://researchdata.se/en/catalogue/dataset/2021-335-1,DORIS,2022,Swedish University of Agricultural Sciences
https://researchdata.se/en/catalogue/dataset/2021-340-1,DORIS,2022,Karolinska Institutet
https://researchdata.se/en/catalogue/dataset/2021-344-1,DORIS,2022,Swedish University of Agricultural Sciences
https://researchdata.se/en/catalogue/dataset/2021-44-1,DORIS,2021,Stockholm University
https://researchdata.se/en/catalogue/dataset/2021-45-1,DORIS,2021,University of Gothenburg
https://researchdata.se/en/catalogue/dataset/2021-34-1,DORIS,2023,Södertörns högskola
https://researchdata.se/en/catalogue/dataset/2021-5-1,DORIS,2022,Umeå University
https://researchdata.se/en/catalogue/dataset/2021-5-2,DORIS,2022,Umeå University
https://researchdata.se/en/catalogue/dataset/2021-38-1,DORIS,2021,Royal Institute of Technology
https://researchdata.se/en/catalogue/dataset/2021-46-1,DORIS,2021,Swedish University of Agricultural Sciences
https://researchdata.se/en/catalogue/dataset/2021-58-1,DORIS,2021,Swedish University of Agricultural Sciences
https://researchdata.se/en/catalogue/dataset/2021-59-1,DORIS,2021,University of Skövde
https://researchdata.se/en/catalogue/dataset/2021-60-1,DORIS,2021,University of Gothenburg
https://researchdata.se/en/catalogue/dataset/2021-50-1,DORIS,2021,Lund University
https://researchdata.se/en/catalogue/dataset/2021-82-1,DORIS,2021,Chalmers University of Technology
https://researchdata.se/en/catalogue/dataset/2021-77-1,DORIS,2021,Swedish University of Agricultural Sciences
https://researchdata.se/en/catalogue/dataset/2021-78-1,DORIS,2021,Chalmers University of Technology
https://researchdata.se/en/catalogue/dataset/2021-68-1,DORIS,2021,Karolinska Institutet
https://researchdata.se/en/catalogue/dataset/2022-10-1,DORIS,2023,University of Gothenburg
https://researchdata.se/en/catalogue/dataset/2021-90-1,DORIS,2021,Swedish University of Agricultural Sciences
https://researchdata.se/en/catalogue/dataset/2021-91-1,DORIS,2021,University of Gothenburg
https://researchdata.se/en/catalogue/dataset/2022-101-1,DORIS,2022,Karolinska Institutet
https://researchdata.se/en/catalogue/dataset/2022-104-1,DORIS,2024,University of Gothenburg
https://researchdata.se/en/catalogue/dataset/2022-112-1,DORIS,2022,University of Gothenburg
https://researchdata.se/en/catalogue/dataset/2022-11-1,DORIS,2023,University of Gothenburg
https://researchdata.se/en/catalogue/dataset/2022-105-1,DORIS,2024,University of Gothenburg
https://researchdata.se/en/catalogue/dataset/2022-113-1,DORIS,2022,Karolinska Institutet
https://researchdata.se/en/catalogue/dataset/2022-114-1,DORIS,2023,University of Gothenburg
https://researchdata.se/en/catalogue/dataset/2022-107-1,DORIS,2024,University of Gothenburg
https://researchdata.se/en/catalogue/dataset/2022-12-1,DORIS,2022,University of Gothenburg
https://researchdata.se/en/catalogue/dataset/2022-114-2,DORIS,2023,University of Gothenburg
https://researchdata.se/en/catalogue/dataset/2022-117-1,DORIS,2022,University of Gothenburg
https://researchdata.se/en/catalogue/dataset/2022-123-1,DORIS,2022,Swedish University of Agricultural Sciences
https://researchdata.se/en/catalogue/dataset/2022-122-1,DORIS,2023,University of Gothenburg
https://researchdata.se/en/catalogue/dataset/2022-127-1,DORIS,2022,Swedish University of Agricultural Sciences
https://researchdata.se/en/catalogue/dataset/2022-128-1,DORIS,2022,Linköping University
https://researchdata.se/en/catalogue/dataset/2022-134-1,DORIS,2022,Swedish University of Agricultural Sciences
https://researchdata.se/en/catalogue/dataset/2022-130-1,DORIS,2022,Lund University
https://researchdata.se/en/catalogue/dataset/2022-131-3,DORIS,2022,Swedish University of Agricultural Sciences
https://researchdata.se/en/catalogue/dataset/2022-129-1,DORIS,2023,University of Gothenburg
https://researchdata.se/en/catalogue/dataset/2022-157-1,DORIS,2022,Uppsala University
https://researchdata.se/en/catalogue/dataset/2022-137-1,DORIS,2022,Lund University
https://researchdata.se/en/catalogue/dataset/2022-155-1,DORIS,2022,Institute for Language and Folklore
https://researchdata.se/en/catalogue/dataset/2022-136-1,DORIS,2022,Luleå University of Technology
https://researchdata.se/en/catalogue/dataset/2022-144-1,DORIS,2023,Linnaeus University
https://researchdata.se/en/catalogue/dataset/2022-169-1,DORIS,2023,Swedish Defence University
https://researchdata.se/en/catalogue/dataset/2022-163-1,DORIS,2022,Swedish University of Agricultural Sciences
https://researchdata.se/en/catalogue/dataset/2022-175-1,DORIS,2022,Chalmers University of Technology
https://researchdata.se/en/catalogue/dataset/2022-193-1,DORIS,2022,Sveriges Television
https://researchdata.se/en/catalogue/dataset/2022-170-1,DORIS,2023,University of Gothenburg
https://researchdata.se/en/catalogue/dataset/2022-178-1,DORIS,2023,Halmstad University
https://researchdata.se/en/catalogue/dataset/2022-196-1,DORIS,2022,University of Gothenburg
https://researchdata.se/en/catalogue/dataset/2022-121-1,DORIS,2023,Chalmers University of Technology
https://researchdata.se/en/catalogue/dataset/2022-120-1,DORIS,2022,Uppsala University
https://researchdata.se/en/catalogue/dataset/2022-195-1,DORIS,2023,Swedish Institute of Space Physics
https://researchdata.se/en/catalogue/dataset/2022-190-1,DORIS,2023,Karolinska Institutet
https://researchdata.se/en/catalogue/dataset/2022-198-1,DORIS,2023,University of Gothenburg
https://researchdata.se/en/catalogue/dataset/2022-215-1,DORIS,2022,Swedish University of Agricultural Sciences
https://researchdata.se/en/catalogue/dataset/2022-218-1,DORIS,2023,University of Gothenburg
https://researchdata.se/en/catalogue/dataset/2022-226-1,DORIS,2023,Swedish University of Agricultural Sciences
https://researchdata.se/en/catalogue/dataset/2022-230-1,DORIS,2023,Swedish University of Agricultural Sciences
https://researchdata.se/en/catalogue/dataset/2022-23-1,DORIS,2022,Swedish University of Agricultural Sciences
https://researchdata.se/en/catalogue/dataset/2022-197-1,DORIS,2023,University of Gothenburg
https://researchdata.se/en/catalogue/dataset/2022-241-1,DORIS,2023,Institute for Language and Folklore
https://researchdata.se/en/catalogue/dataset/2022-247-1,DORIS,2022,Uppsala University
https://researchdata.se/en/catalogue/dataset/2022-245-1,DORIS,2023,Swedish University of Agricultural Sciences
https://researchdata.se/en/catalogue/dataset/2022-246-1,DORIS,2023,Swedish University of Agricultural Sciences
https://researchdata.se/en/catalogue/dataset/2022-249-1,DORIS,2023,Luleå University of Technology
https://researchdata.se/en/catalogue/dataset/2022-254-1,DORIS,2024,Luleå University of Technology
https://researchdata.se/en/catalogue/dataset/2022-252-1,DORIS,2023,Swedish University of Agricultural Sciences
https://researchdata.se/en/catalogue/dataset/2022-251-1,DORIS,2022,Institute for Language and Folklore
https://researchdata.se/en/catalogue/dataset/2022-260-1,DORIS,2023,Swedish University of Agricultural Sciences
https://researchdata.se/en/catalogue/dataset/2022-248-1,DORIS,2022,Lund University
https://researchdata.se/en/catalogue/dataset/2022-265-1,DORIS,2022,University of Gothenburg
https://researchdata.se/en/catalogue/dataset/2022-261-1,DORIS,2023,Luleå University of Technology
https://researchdata.se/en/catalogue/dataset/2022-26-1,DORIS,2022,Swedish University of Agricultural Sciences
https://researchdata.se/en/catalogue/dataset/2022-29-1,DORIS,2022,Luleå University of Technology
https://researchdata.se/en/catalogue/dataset/2022-30-1,DORIS,2022,Swedish University of Agricultural Sciences
https://researchdata.se/en/catalogue/dataset/2022-37-1,DORIS,2022,Swedish University of Agricultural Sciences
https://researchdata.se/en/catalogue/dataset/2022-258-1,DORIS,2023,Swedish University of Agricultural Sciences
https://researchdata.se/en/catalogue/dataset/2022-38-1,DORIS,2023,Chalmers University of Technology
https://researchdata.se/en/catalogue/dataset/2022-39-1,DORIS,2022,Uppsala University
https://researchdata.se/en/catalogue/dataset/2022-46-1,DORIS,2022,Jönköping University
https://researchdata.se/en/catalogue/dataset/2022-4-1,DORIS,2022,RISE Research Institutes of Sweden
https://researchdata.se/en/catalogue/dataset/2022-47-1,DORIS,2022,Lund University
https://researchdata.se/en/catalogue/dataset/2022-40-1,DORIS,2022,Swedish University of Agricultural Sciences
https://researchdata.se/en/catalogue/dataset/2022-45-1,DORIS,2022,Luleå University of Technology
https://researchdata.se/en/catalogue/dataset/2022-53-1,DORIS,2022,Lund University
https://researchdata.se/en/catalogue/dataset/2022-50-1,DORIS,2022,Swedish University of Agricultural Sciences
https://researchdata.se/en/catalogue/dataset/2022-52-1,DORIS,2022,Linnaeus University
https://researchdata.se/en/catalogue/dataset/2022-56-1,DORIS,2022,Swedish University of Agricultural Sciences
https://researchdata.se/en/catalogue/dataset/2022-57-1,DORIS,2022,Lund University
https://researchdata.se/en/catalogue/dataset/2022-61-1,DORIS,2024,Luleå University of Technology
https://researchdata.se/en/catalogue/dataset/2022-60-1,DORIS,2024,Luleå University of Technology
https://researchdata.se/en/catalogue/dataset/2022-71-1,DORIS,2022,Swedish University of Agricultural Sciences
https://researchdata.se/en/catalogue/dataset/2022-75-1,DORIS,2022,University of Gothenburg
https://researchdata.se/en/catalogue/dataset/2022-55-1,DORIS,2022,University of Gothenburg
https://researchdata.se/en/catalogue/dataset/2022-63-1,DORIS,2022,Stockholm University
https://researchdata.se/en/catalogue/dataset/2022-62-1,DORIS,2024,Luleå University of Technology
https://researchdata.se/en/catalogue/dataset/2022-86-3,DORIS,2022,Swedish University of Agricultural Sciences
https://researchdata.se/en/catalogue/dataset/2022-86-2,DORIS,2022,Swedish University of Agricultural Sciences
https://researchdata.se/en/catalogue/dataset/2022-87-1,DORIS,2022,University of Gothenburg
https://researchdata.se/en/catalogue/dataset/2022-91-1,DORIS,2023,University of Gothenburg
https://researchdata.se/en/catalogue/dataset/2022-89-1,DORIS,2022,Jönköping University
https://researchdata.se/en/catalogue/dataset/2022-93-1,DORIS,2022,Södertörns högskola
https://researchdata.se/en/catalogue/dataset/2022-91-2,DORIS,2023,University of Gothenburg
https://researchdata.se/en/catalogue/dataset/2022-98-1,DORIS,2023,University of Gothenburg
https://researchdata.se/en/catalogue/dataset/2022-9-1,DORIS,2023,University of Gothenburg
https://researchdata.se/en/catalogue/dataset/2023-101-1,DORIS,2023,Sveriges Television
https://researchdata.se/en/catalogue/dataset/2023-102-1,DORIS,2023,Stockholm University
https://researchdata.se/en/catalogue/dataset/2022-97-1,DORIS,2022,Lund University
https://researchdata.se/en/catalogue/dataset/2023-105-1,DORIS,2024,Swedish University of Agricultural Sciences
https://researchdata.se/en/catalogue/dataset/2023-106-1,DORIS,2023,Karolinska Institutet
https://researchdata.se/en/catalogue/dataset/2022-86-1,DORIS,2022,Swedish University of Agricultural Sciences
https://researchdata.se/en/catalogue/dataset/2023-10-1,DORIS,2024,University of Gothenburg
https://researchdata.se/en/catalogue/dataset/2023-112-1,DORIS,2023,Karolinska Institutet
https://researchdata.se/en/catalogue/dataset/2023-110-1,DORIS,2023,Södertörns högskola
https://researchdata.se/en/catalogue/dataset/2023-107-1,DORIS,2024,Uppsala University
https://researchdata.se/en/catalogue/dataset/2023-11-1,DORIS,2024,University of Gothenburg
https://researchdata.se/en/catalogue/dataset/2023-118-1,DORIS,2023,Karolinska Institutet
https://researchdata.se/en/catalogue/dataset/2023-115-1,DORIS,2023,Swedish University of Agricultural Sciences
https://researchdata.se/en/catalogue/dataset/2023-114-1,DORIS,2023,University of Skövde
https://researchdata.se/en/catalogue/dataset/2023-12-1,DORIS,2024,University of Gothenburg
https://researchdata.se/en/catalogue/dataset/2023-120-1,DORIS,2023,Karolinska Institutet
https://researchdata.se/en/catalogue/dataset/2023-121-1,DORIS,2023,Karolinska Institutet
https://researchdata.se/en/catalogue/dataset/2023-122-1,DORIS,2023,Karolinska Institutet
https://researchdata.se/en/catalogue/dataset/2023-143,DORIS,2023,Chalmers University of Technology
https://researchdata.se/en/catalogue/dataset/2023-126-1,DORIS,2023,University of Gothenburg
https://researchdata.se/en/catalogue/dataset/2023-127-1,DORIS,2024,Swedish University of Agricultural Sciences
https://researchdata.se/en/catalogue/dataset/2023-13-1,DORIS,2024,University of Gothenburg
https://researchdata.se/en/catalogue/dataset/2023-145,DORIS,2023,Lund University
https://researchdata.se/en/catalogue/dataset/2023-148,DORIS,2023,Karolinska Institutet
https://researchdata.se/en/catalogue/dataset/2023-161,DORIS,2023,Institute for Language and Folklore
https://researchdata.se/en/catalogue/dataset/2023-150,DORIS,2023,Uppsala University
https://researchdata.se/en/catalogue/dataset/2023-123-1,DORIS,2024,Swedish University of Agricultural Sciences
https://researchdata.se/en/catalogue/dataset/2023-151,DORIS,2023,Institute for Language and Folklore
https://researchdata.se/en/catalogue/dataset/2023-162,DORIS,2023,Institute for Language and Folklore
https://researchdata.se/en/catalogue/dataset/2023-155,DORIS,2023,University of Gothenburg
https://researchdata.se/en/catalogue/dataset/2023-160,DORIS,2023,Institute for Language and Folklore
https://researchdata.se/en/catalogue/dataset/2023-167,DORIS,2023,Södertörns högskola
https://researchdata.se/en/catalogue/dataset/2023-170,DORIS,2024,Swedish University of Agricultural Sciences
https://researchdata.se/en/catalogue/dataset/2023-17-1,DORIS,2023,Luleå University of Technology
https://researchdata.se/en/catalogue/dataset/2023-168,DORIS,2024,University of Gothenburg
https://researchdata.se/en/catalogue/dataset/2023-175,DORIS,2023,Institute for Language and Folklore
https://researchdata.se/en/catalogue/dataset/2023-169,DORIS,2024,University of Skövde
https://researchdata.se/en/catalogue/dataset/2023-174,DORIS,2023,Institute for Language and Folklore
https://researchdata.se/en/catalogue/dataset/2023-172,DORIS,2023,Swedish University of Agricultural Sciences
https://researchdata.se/en/catalogue/dataset/2023-177,DORIS,2023,University of Gothenburg
https://researchdata.se/en/catalogue/dataset/2023-178,DORIS,2024,Swedish University of Agricultural Sciences
https://researchdata.se/en/catalogue/dataset/2023-18-1,DORIS,2023,Swedish University of Agricultural Sciences
https://researchdata.se/en/catalogue/dataset/2023-183,DORIS,2024,Karolinska Institutet
https://researchdata.se/en/catalogue/dataset/2023-180,DORIS,2023,University of Gothenburg
https://researchdata.se/en/catalogue/dataset/2023-186,DORIS,2024,Swedish University of Agricultural Sciences
https://researchdata.se/en/catalogue/dataset/2023-173,DORIS,2024,Uppsala University
https://researchdata.se/en/catalogue/dataset/2023-187,DORIS,2023,Swedish University of Agricultural Sciences
https://researchdata.se/en/catalogue/dataset/2023-189,DORIS,2023,Chalmers University of Technology
https://researchdata.se/en/catalogue/dataset/2023-19-1,DORIS,2023,Linnaeus University
https://researchdata.se/en/catalogue/dataset/2023-182,DORIS,2023,Stockholm University
https://researchdata.se/en/catalogue/dataset/2023-198,DORIS,2024,Chalmers University of Technology
https://researchdata.se/en/catalogue/dataset/2023-193,DORIS,2024,Umeå University
https://researchdata.se/en/catalogue/dataset/2023-196,DORIS,2024,Swedish Institute of Space Physics
https://researchdata.se/en/catalogue/dataset/2023-188,DORIS,2024,Swedish University of Agricultural Sciences
https://researchdata.se/en/catalogue/dataset/2023-197,DORIS,2023,Stockholm University
https://researchdata.se/en/catalogue/dataset/2023-195,DORIS,2024,Swedish Polar Research Secretariat
https://researchdata.se/en/catalogue/dataset/2023-2-1,DORIS,2023,Umeå University
https://researchdata.se/en/catalogue/dataset/2023-199,DORIS,2025,Swedish University of Agricultural Sciences
https://researchdata.se/en/catalogue/dataset/2023-205,DORIS,2023,Chalmers University of Technology
https://researchdata.se/en/catalogue/dataset/2023-210,DORIS,2024,Umeå University
https://researchdata.se/en/catalogue/dataset/2023-206,DORIS,2023,Stockholm University
https://researchdata.se/en/catalogue/dataset/2023-203,DORIS,2024,Lund University
https://researchdata.se/en/catalogue/dataset/2023-207,DORIS,2023,Stockholm University
https://researchdata.se/en/catalogue/dataset/2023-213,DORIS,2025,Swedish University of Agricultural Sciences
https://researchdata.se/en/catalogue/dataset/2023-212,DORIS,2024,Swedish University of Agricultural Sciences
https://researchdata.se/en/catalogue/dataset/2023-221,DORIS,2023,Södertörns högskola
https://researchdata.se/en/catalogue/dataset/2023-211,DORIS,2024,University of Skövde
https://researchdata.se/en/catalogue/dataset/2023-226,DORIS,2023,Södertörns högskola
https://researchdata.se/en/catalogue/dataset/2023-214,DORIS,2023,Swedish University of Agricultural Sciences
https://researchdata.se/en/catalogue/dataset/2023-217,DORIS,2023,Karolinska Institutet
https://researchdata.se/en/catalogue/dataset/2023-224,DORIS,2023,Södertörns högskola
https://researchdata.se/en/catalogue/dataset/2023-222,DORIS,2024,Karolinska Institutet
https://researchdata.se/en/catalogue/dataset/2023-229,DORIS,2023,Lund University
https://researchdata.se/en/catalogue/dataset/2023-225,DORIS,2023,Södertörns högskola
https://researchdata.se/en/catalogue/dataset/2023-227,DORIS,2024,Karolinska Institutet
https://researchdata.se/en/catalogue/dataset/2023-223,DORIS,2024,Karolinska Institutet
https://researchdata.se/en/catalogue/dataset/2023-237,DORIS,2024,Chalmers University of Technology
https://researchdata.se/en/catalogue/dataset/2023-235,DORIS,2024,Umeå University
https://researchdata.se/en/catalogue/dataset/2023-23-1,DORIS,2024,Swedish University of Agricultural Sciences
https://researchdata.se/en/catalogue/dataset/2023-202,DORIS,2023,Stockholm University
https://researchdata.se/en/catalogue/dataset/2023-234,DORIS,2024,Chalmers University of Technology
https://researchdata.se/en/catalogue/dataset/2023-232,DORIS,2024,Swedish University of Agricultural Sciences
https://researchdata.se/en/catalogue/dataset/2023-244,DORIS,2023,Swedish University of Agricultural Sciences
https://researchdata.se/en/catalogue/dataset/2023-241,DORIS,2024,University of Gothenburg
https://researchdata.se/en/catalogue/dataset/2023-242,DORIS,2023,Uppsala University
https://researchdata.se/en/catalogue/dataset/2023-251,DORIS,2024,University of Gothenburg
https://researchdata.se/en/catalogue/dataset/2023-255,DORIS,2024,University of Gothenburg
https://researchdata.se/en/catalogue/dataset/2023-254,DORIS,2023,Uppsala University
https://researchdata.se/en/catalogue/dataset/2023-257,DORIS,2023,Luleå University of Technology
https://researchdata.se/en/catalogue/dataset/2023-246,DORIS,2023,Luleå University of Technology
https://researchdata.se/en/catalogue/dataset/2023-256,DORIS,2025,Lund University
https://researchdata.se/en/catalogue/dataset/2023-248,DORIS,2024,Swedish University of Agricultural Sciences
https://researchdata.se/en/catalogue/dataset/2023-259,DORIS,2024,Swedish University of Agricultural Sciences
https://researchdata.se/en/catalogue/dataset/2023-258,DORIS,2024,Swedish University of Agricultural Sciences
https://researchdata.se/en/catalogue/dataset/2023-265,DORIS,2024,University of Gothenburg
https://researchdata.se/en/catalogue/dataset/2023-27-1,DORIS,2023,Umeå University
https://researchdata.se/en/catalogue/dataset/2023-272,DORIS,2024,Swedish University of Agricultural Sciences
https://researchdata.se/en/catalogue/dataset/2023-270,DORIS,2023,University of Gävle
https://researchdata.se/en/catalogue/dataset/2023-280,DORIS,2024,University of Gothenburg
https://researchdata.se/en/catalogue/dataset/2023-275,DORIS,2023,Swedish University of Agricultural Sciences
https://researchdata.se/en/catalogue/dataset/2023-28-1,DORIS,2023,Karolinska Institutet
https://researchdata.se/en/catalogue/dataset/2023-286,DORIS,2023,Lund University
https://researchdata.se/en/catalogue/dataset/2023-283,DORIS,2025,University of Gothenburg
https://researchdata.se/en/catalogue/dataset/2023-287,DORIS,2024,University of Gothenburg
https://researchdata.se/en/catalogue/dataset/2023-276,DORIS,2024,Swedish Geotechnical Institute
https://researchdata.se/en/catalogue/dataset/2023-292,DORIS,2024,University of Gothenburg
https://researchdata.se/en/catalogue/dataset/2023-289,DORIS,2023,Karolinska Institutet
https://researchdata.se/en/catalogue/dataset/2023-288,DORIS,2024,Örebro University
https://researchdata.se/en/catalogue/dataset/2023-296,DORIS,2025,University of Gothenburg
https://researchdata.se/en/catalogue/dataset/2023-299,DORIS,2024,Karlstad University
https://researchdata.se/en/catalogue/dataset/2023-3-1,DORIS,2023,Linnaeus University
https://researchdata.se/en/catalogue/dataset/2023-298,DORIS,2025,University of Gothenburg
https://researchdata.se/en/catalogue/dataset/2023-305,DORIS,2024,University College Stockholm
https://researchdata.se/en/catalogue/dataset/2023-309,DORIS,2025,University of Gothenburg
https://researchdata.se/en/catalogue/dataset/2023-30-1,DORIS,2023,Umeå University
https://researchdata.se/en/catalogue/dataset/2023-311,DORIS,2024,University of Gothenburg
https://researchdata.se/en/catalogue/dataset/2023-310,DORIS,2025,University of Gothenburg
https://researchdata.se/en/catalogue/dataset/2023-308,DORIS,2025,University of Gothenburg
https://researchdata.se/en/catalogue/dataset/2023-47-1,DORIS,2023,University of Gothenburg
https://researchdata.se/en/catalogue/dataset/2023-61-1,DORIS,2023,Lund University
https://researchdata.se/en/catalogue/dataset/2023-40-1,DORIS,2023,Lund University
https://researchdata.se/en/catalogue/dataset/2023-33-1,DORIS,2025,Royal Institute of Technology
https://researchdata.se/en/catalogue/dataset/2023-57-1,DORIS,2023,University of Gothenburg
https://researchdata.se/en/catalogue/dataset/2023-70-1,DORIS,2025,Swedish University of Agricultural Sciences
https://researchdata.se/en/catalogue/dataset/2023-75-1,DORIS,2023,Swedish University of Agricultural Sciences
https://researchdata.se/en/catalogue/dataset/2023-72-1,DORIS,2023,Institute for Language and Folklore
https://researchdata.se/en/catalogue/dataset/2023-73-1,DORIS,2023,Swedish University of Agricultural Sciences
https://researchdata.se/en/catalogue/dataset/2023-77-1,DORIS,2023,Swedish University of Agricultural Sciences
https://researchdata.se/en/catalogue/dataset/2023-76-1,DORIS,2023,Stockholm University
https://researchdata.se/en/catalogue/dataset/2023-69-1,DORIS,2023,"M 2022:03, Stärkta incitament för utbyggd vindkraft"
https://researchdata.se/en/catalogue/dataset/2023-80-1,DORIS,2023,University of Gothenburg
https://researchdata.se/en/catalogue/dataset/2023-79-1,DORIS,2023,Swedish University of Agricultural Sciences
https://researchdata.se/en/catalogue/dataset/2023-8-1,DORIS,2025,Swedish University of Agricultural Sciences
https://researchdata.se/en/catalogue/dataset/2023-82-1,DORIS,2023,Swedish University of Agricultural Sciences
https://researchdata.se/en/catalogue/dataset/2023-84-1,DORIS,2023,Uppsala University
https://researchdata.se/en/catalogue/dataset/2023-88-1,DORIS,2023,Södertörns högskola
https://researchdata.se/en/catalogue/dataset/2023-83-1,DORIS,2024,Swedish University of Agricultural Sciences
https://researchdata.se/en/catalogue/dataset/2023-9-1,DORIS,2024,Lund University
https://researchdata.se/en/catalogue/dataset/2023-92-1,DORIS,2023,Stockholm University
https://researchdata.se/en/catalogue/dataset/2023-97-1,DORIS,2025,University of Gothenburg
https://researchdata.se/en/catalogue/dataset/2024-108,DORIS,2024,Uppsala University
https://researchdata.se/en/catalogue/dataset/2024-104,DORIS,2024,Swedish University of Agricultural Sciences
https://researchdata.se/en/catalogue/dataset/2023-94-1,DORIS,2023,University of Borås
https://researchdata.se/en/catalogue/dataset/2024-116,DORIS,2024,Uppsala University
https://researchdata.se/en/catalogue/dataset/2023-7-1,DORIS,2023,Luleå University of Technology
https://researchdata.se/en/catalogue/dataset/2024-125,DORIS,2024,Swedish University of Agricultural Sciences
https://researchdata.se/en/catalogue/dataset/2024-128,DORIS,2025,Karolinska Institutet
https://researchdata.se/en/catalogue/dataset/2024-11,DORIS,2024,Swedish University of Agricultural Sciences
https://researchdata.se/en/catalogue/dataset/2024-145,DORIS,2024,University of Gothenburg
https://researchdata.se/en/catalogue/dataset/2024-140,DORIS,2025,Swedish University of Agricultural Sciences
https://researchdata.se/en/catalogue/dataset/2024-138,DORIS,2024,Swedish University of Agricultural Sciences
https://researchdata.se/en/catalogue/dataset/2024-143,DORIS,2024,University of Gothenburg
https://researchdata.se/en/catalogue/dataset/2024-146,DORIS,2025,Luleå University of Technology
https://researchdata.se/en/catalogue/dataset/2024-15,DORIS,2024,Örebro University
https://researchdata.se/en/catalogue/dataset/2024-149,DORIS,2024,University of Borås
https://researchdata.se/en/catalogue/dataset/2024-151,DORIS,2024,Lund University
https://researchdata.se/en/catalogue/dataset/2024-156,DORIS,2025,Swedish University of Agricultural Sciences
https://researchdata.se/en/catalogue/dataset/2024-144,DORIS,2024,Uppsala University
https://researchdata.se/en/catalogue/dataset/2024-157,DORIS,2025,University of Gothenburg
https://researchdata.se/en/catalogue/dataset/2024-161,DORIS,2024,University of Gothenburg
https://researchdata.se/en/catalogue/dataset/2024-17,DORIS,2024,Swedish University of Agricultural Sciences
https://researchdata.se/en/catalogue/dataset/2024-175,DORIS,2025,Karolinska Institutet
https://researchdata.se/en/catalogue/dataset/2024-158,DORIS,2024,Swedish University of Agricultural Sciences
https://researchdata.se/en/catalogue/dataset/2024-172,DORIS,2025,Uppsala University
https://researchdata.se/en/catalogue/dataset/2024-178,DORIS,2024,Umeå University
https://researchdata.se/en/catalogue/dataset/2024-173,DORIS,2024,Swedish University of Agricultural Sciences
https://researchdata.se/en/catalogue/dataset/2024-174,DORIS,2024,Luleå University of Technology
https://researchdata.se/en/catalogue/dataset/2024-182,DORIS,2024,Luleå University of Technology
https://researchdata.se/en/catalogue/dataset/2024-179,DORIS,2024,Swedish University of Agricultural Sciences
https://researchdata.se/en/catalogue/dataset/2024-181,DORIS,2016,Jönköping University
https://researchdata.se/en/catalogue/dataset/2024-177,DORIS,2024,Lund University
https://researchdata.se/en/catalogue/dataset/2024-187,DORIS,2016,Linköping University
https://researchdata.se/en/catalogue/dataset/2024-183,DORIS,2016,Linköping University
https://researchdata.se/en/catalogue/dataset/2024-184,DORIS,2016,Linköping University
https://researchdata.se/en/catalogue/dataset/2024-189,DORIS,2016,Uppsala University
https://researchdata.se/en/catalogue/dataset/2024-18,DORIS,2025,Lund University
https://researchdata.se/en/catalogue/dataset/2024-188,DORIS,2016,Uppsala University
https://researchdata.se/en/catalogue/dataset/2024-186,DORIS,2016,Uppsala University
https://researchdata.se/en/catalogue/dataset/2024-191,DORIS,2017,Uppsala University
https://researchdata.se/en/catalogue/dataset/2024-185,DORIS,2016,Uppsala University
https://researchdata.se/en/catalogue/dataset/2024-196,DORIS,2017,Uppsala University
https://researchdata.se/en/catalogue/dataset/2024-192,DORIS,2017,Karlstad University
https://researchdata.se/en/catalogue/dataset/2024-190,DORIS,2017,Uppsala University
https://researchdata.se/en/catalogue/dataset/2024-200,DORIS,2017,Royal Institute of Technology
https://researchdata.se/en/catalogue/dataset/2024-197,DORIS,2017,Luleå University of Technology
https://researchdata.se/en/catalogue/dataset/2024-199,DORIS,2017,Mid Sweden University
https://researchdata.se/en/catalogue/dataset/2024-201,DORIS,2017,Linköping University
https://researchdata.se/en/catalogue/dataset/2024-202,DORIS,2017,Mid Sweden University
https://researchdata.se/en/catalogue/dataset/2024-198,DORIS,2017,Uppsala University
https://researchdata.se/en/catalogue/dataset/2024-206,DORIS,2017,Uppsala University
https://researchdata.se/en/catalogue/dataset/2024-203,DORIS,2017,Uppsala University
https://researchdata.se/en/catalogue/dataset/2024-204,DORIS,2017,Uppsala University
https://researchdata.se/en/catalogue/dataset/2024-209,DORIS,2017,Uppsala University
https://researchdata.se/en/catalogue/dataset/2024-207,DORIS,2017,Uppsala University
https://researchdata.se/en/catalogue/dataset/2024-215,DORIS,2018,Uppsala University
https://researchdata.se/en/catalogue/dataset/2024-211,DORIS,2017,Uppsala University
https://researchdata.se/en/catalogue/dataset/2024-216,DORIS,2018,Uppsala University
https://researchdata.se/en/catalogue/dataset/2024-214,DORIS,2018,Uppsala University
https://researchdata.se/en/catalogue/dataset/2024-212,DORIS,2017,Uppsala University
https://researchdata.se/en/catalogue/dataset/2024-210,DORIS,2017,Uppsala University
https://researchdata.se/en/catalogue/dataset/2024-213,DORIS,2017,Uppsala University
https://researchdata.se/en/catalogue/dataset/2024-218,DORIS,2018,Uppsala University
https://researchdata.se/en/catalogue/dataset/2024-219,DORIS,2018,Linköping University
https://researchdata.se/en/catalogue/dataset/2024-220,DORIS,2018,Linköping University
https://researchdata.se/en/catalogue/dataset/2024-217,DORIS,2018,Uppsala University
https://researchdata.se/en/catalogue/dataset/2024-222,DORIS,2018,Uppsala University
https://researchdata.se/en/catalogue/dataset/2024-22,DORIS,2024,Swedish University of Agricultural Sciences
https://researchdata.se/en/catalogue/dataset/2024-221,DORIS,2018,Uppsala University
https://researchdata.se/en/catalogue/dataset/2024-224,DORIS,2018,Royal Institute of Technology
https://researchdata.se/en/catalogue/dataset/2024-225,DORIS,2018,Linköping University
https://researchdata.se/en/catalogue/dataset/2024-223,DORIS,2018,Uppsala University
https://researchdata.se/en/catalogue/dataset/2024-228,DORIS,2018,Uppsala University
https://researchdata.se/en/catalogue/dataset/2024-245,DORIS,2018,Jönköping University
https://researchdata.se/en/catalogue/dataset/2024-226,DORIS,2018,Uppsala University
https://researchdata.se/en/catalogue/dataset/2024-229,DORIS,2018,Örebro University
https://researchdata.se/en/catalogue/dataset/2024-244,DORIS,2018,Linköping University
https://researchdata.se/en/catalogue/dataset/2024-248,DORIS,2018,Luleå University of Technology
https://researchdata.se/en/catalogue/dataset/2024-251,DORIS,2018,Uppsala University
https://researchdata.se/en/catalogue/dataset/2024-25,DORIS,2025,Swedish University of Agricultural Sciences
https://researchdata.se/en/catalogue/dataset/2024-254,DORIS,2018,Linköping University
https://researchdata.se/en/catalogue/dataset/2024-255,DORIS,2018,Uppsala University
https://researchdata.se/en/catalogue/dataset/2024-249,DORIS,2018,Linköping University
https://researchdata.se/en/catalogue/dataset/2024-259,DORIS,2019,Linköping University
https://researchdata.se/en/catalogue/dataset/2024-252,DORIS,2018,Royal Institute of Technology
https://researchdata.se/en/catalogue/dataset/2024-253,DORIS,2018,Mid Sweden University
https://researchdata.se/en/catalogue/dataset/2024-257,DORIS,2024,Uppsala University
https://researchdata.se/en/catalogue/dataset/2024-260,DORIS,2019,Uppsala University
https://researchdata.se/en/catalogue/dataset/2024-262,DORIS,2019,Royal Institute of Technology
https://researchdata.se/en/catalogue/dataset/2024-261,DORIS,2019,Royal Institute of Technology
https://researchdata.se/en/catalogue/dataset/2024-258,DORIS,2019,Royal Institute of Technology
https://researchdata.se/en/catalogue/dataset/2024-264,DORIS,2019,Royal Institute of Technology
https://researchdata.se/en/catalogue/dataset/2024-265,DORIS,2019,Royal Institute of Technology
https://researchdata.se/en/catalogue/dataset/2024-263,DORIS,2019,Uppsala University
https://researchdata.se/en/catalogue/dataset/2024-268,DORIS,2019,Uppsala University
https://researchdata.se/en/catalogue/dataset/2024-269,DORIS,2019,Uppsala University
https://researchdata.se/en/catalogue/dataset/2024-267,DORIS,2019,Mid Sweden University
https://researchdata.se/en/catalogue/dataset/2024-266,DORIS,2019,Linnaeus University
https://researchdata.se/en/catalogue/dataset/2024-270,DORIS,2019,Uppsala University
https://researchdata.se/en/catalogue/dataset/2024-272,DORIS,2019,Royal Institute of Technology
https://researchdata.se/en/catalogue/dataset/2024-271,DORIS,2019,Royal Institute of Technology
https://researchdata.se/en/catalogue/dataset/2024-273,DORIS,2019,Blekinge Institute of Technology
https://researchdata.se/en/catalogue/dataset/2024-276,DORIS,2019,Uppsala University
https://researchdata.se/en/catalogue/dataset/2024-274,DORIS,2019,Linköping University
https://researchdata.se/en/catalogue/dataset/2024-275,DORIS,2019,Linnaeus University
https://researchdata.se/en/catalogue/dataset/2024-278,DORIS,2019,Uppsala University
https://researchdata.se/en/catalogue/dataset/2024-279,DORIS,2019,Uppsala University
https://researchdata.se/en/catalogue/dataset/2024-277,DORIS,2019,Uppsala University
https://researchdata.se/en/catalogue/dataset/2024-280,DORIS,2019,Uppsala University
https://researchdata.se/en/catalogue/dataset/2024-282,DORIS,2019,Linköping University
https://researchdata.se/en/catalogue/dataset/2024-28,DORIS,2024,Swedish University of Agricultural Sciences
https://researchdata.se/en/catalogue/dataset/2024-283,DORIS,2020,Uppsala University
https://researchdata.se/en/catalogue/dataset/2024-281,DORIS,2019,Umeå University
https://researchdata.se/en/catalogue/dataset/2024-256,DORIS,2018,Linköping University
https://researchdata.se/en/catalogue/dataset/2024-284,DORIS,2020,Linköping University
https://researchdata.se/en/catalogue/dataset/2024-286,DORIS,2020,Jönköping University
https://researchdata.se/en/catalogue/dataset/2024-287,DORIS,2020,Malmö University
https://researchdata.se/en/catalogue/dataset/2024-290,DORIS,2020,Uppsala University
https://researchdata.se/en/catalogue/dataset/2024-291,DORIS,2020,Uppsala University
https://researchdata.se/en/catalogue/dataset/2024-285,DORIS,2020,Uppsala University
https://researchdata.se/en/catalogue/dataset/2024-289,DORIS,2020,Malmö University
https://researchdata.se/en/catalogue/dataset/2024-288,DORIS,2020,Malmö University
https://researchdata.se/en/catalogue/dataset/2024-292,DORIS,2020,Uppsala University
https://researchdata.se/en/catalogue/dataset/2024-295,DORIS,2020,Uppsala University
https://researchdata.se/en/catalogue/dataset/2024-296,DORIS,2020,Malmö University
https://researchdata.se/en/catalogue/dataset/2024-293,DORIS,2020,Uppsala University
https://researchdata.se/en/catalogue/dataset/2024-294,DORIS,2020,Uppsala University
https://researchdata.se/en/catalogue/dataset/2024-298,DORIS,2020,Malmö University
https://researchdata.se/en/catalogue/dataset/2024-297,DORIS,2020,Uppsala University
https://researchdata.se/en/catalogue/dataset/2024-299,DORIS,2020,Uppsala University
https://researchdata.se/en/catalogue/dataset/2024-303,DORIS,2020,Uppsala University
https://researchdata.se/en/catalogue/dataset/2024-301,DORIS,2020,Uppsala University
https://researchdata.se/en/catalogue/dataset/2024-305,DORIS,2020,Uppsala University
https://researchdata.se/en/catalogue/dataset/2024-300,DORIS,2020,Uppsala University
https://researchdata.se/en/catalogue/dataset/2024-315,DORIS,2020,Uppsala University
https://researchdata.se/en/catalogue/dataset/2024-302,DORIS,2020,Linköping University
https://researchdata.se/en/catalogue/dataset/2024-304,DORIS,2020,Uppsala University
https://researchdata.se/en/catalogue/dataset/2024-306,DORIS,2020,Uppsala University
https://researchdata.se/en/catalogue/dataset/2024-314,DORIS,2020,Uppsala University
https://researchdata.se/en/catalogue/dataset/2024-317,DORIS,2020,Uppsala University
https://researchdata.se/en/catalogue/dataset/2024-308,DORIS,2020,Linköping University
https://researchdata.se/en/catalogue/dataset/2024-313,DORIS,2020,Uppsala University
https://researchdata.se/en/catalogue/dataset/2024-316,DORIS,2020,Uppsala University
https://researchdata.se/en/catalogue/dataset/2024-318,DORIS,2020,Uppsala University
https://researchdata.se/en/catalogue/dataset/2024-321,DORIS,2021,Uppsala University
https://researchdata.se/en/catalogue/dataset/2024-319,DORIS,2020,Uppsala University
https://researchdata.se/en/catalogue/dataset/2024-320,DORIS,2021,Mid Sweden University
https://researchdata.se/en/catalogue/dataset/2024-322,DORIS,2021,Linköping University
https://researchdata.se/en/catalogue/dataset/2024-325,DORIS,2021,Mid Sweden University
https://researchdata.se/en/catalogue/dataset/2024-326,DORIS,2021,Uppsala University
https://researchdata.se/en/catalogue/dataset/2024-323,DORIS,2021,Uppsala University
https://researchdata.se/en/catalogue/dataset/2024-324,DORIS,2021,Linköping University
https://researchdata.se/en/catalogue/dataset/2024-329,DORIS,2021,Uppsala University
https://researchdata.se/en/catalogue/dataset/2024-328,DORIS,2021,Linköping University
https://researchdata.se/en/catalogue/dataset/2024-330,DORIS,2021,Uppsala University
https://researchdata.se/en/catalogue/dataset/2024-327,DORIS,2021,Uppsala University
https://researchdata.se/en/catalogue/dataset/2024-331,DORIS,2021,Linköping University
https://researchdata.se/en/catalogue/dataset/2024-33,DORIS,2025,University of Gothenburg
https://researchdata.se/en/catalogue/dataset/2024-333,DORIS,2021,Uppsala University
https://researchdata.se/en/catalogue/dataset/2024-336,DORIS,2021,Uppsala University
https://researchdata.se/en/catalogue/dataset/2024-332,DORIS,2021,Royal Institute of Technology
https://researchdata.se/en/catalogue/dataset/2024-334,DORIS,2021,Linköping University
https://researchdata.se/en/catalogue/dataset/2024-34,DORIS,2024,Scania CV AB
https://researchdata.se/en/catalogue/dataset/2024-337,DORIS,2024,Uppsala University
https://researchdata.se/en/catalogue/dataset/2024-340,DORIS,2021,Uppsala University
https://researchdata.se/en/catalogue/dataset/2024-338,DORIS,2021,Uppsala University
https://researchdata.se/en/catalogue/dataset/2024-335,DORIS,2021,Uppsala University
https://researchdata.se/en/catalogue/dataset/2024-341,DORIS,2021,Uppsala University
https://researchdata.se/en/catalogue/dataset/2024-339,DORIS,2021,Uppsala University
https://researchdata.se/en/catalogue/dataset/2024-342,DORIS,2021,Uppsala University
https://researchdata.se/en/catalogue/dataset/2024-344,DORIS,2021,Royal Institute of Technology
https://researchdata.se/en/catalogue/dataset/2024-343,DORIS,2021,Uppsala University
https://researchdata.se/en/catalogue/dataset/2024-345,DORIS,2021,Uppsala University
https://researchdata.se/en/catalogue/dataset/2024-346,DORIS,2021,Uppsala University
https://researchdata.se/en/catalogue/dataset/2024-355,DORIS,2022,Linköping University
https://researchdata.se/en/catalogue/dataset/2024-350,DORIS,2022,Uppsala University
https://researchdata.se/en/catalogue/dataset/2024-348,DORIS,2022,Luleå University of Technology
https://researchdata.se/en/catalogue/dataset/2024-352,DORIS,2022,Uppsala University
https://researchdata.se/en/catalogue/dataset/2024-356,DORIS,2022,Uppsala University
https://researchdata.se/en/catalogue/dataset/2024-357,DORIS,2022,Uppsala University
https://researchdata.se/en/catalogue/dataset/2024-358,DORIS,2022,Uppsala University
https://researchdata.se/en/catalogue/dataset/2024-359,DORIS,2022,Linköping University
https://researchdata.se/en/catalogue/dataset/2024-361,DORIS,2022,Uppsala University
https://researchdata.se/en/catalogue/dataset/2024-360,DORIS,2022,Linköping University
https://researchdata.se/en/catalogue/dataset/2024-362,DORIS,2022,Linköping University
https://researchdata.se/en/catalogue/dataset/2024-376,DORIS,2022,Uppsala University
https://researchdata.se/en/catalogue/dataset/2024-366,DORIS,2022,Uppsala University
https://researchdata.se/en/catalogue/dataset/2024-364,DORIS,2020,Linköping University
https://researchdata.se/en/catalogue/dataset/2024-380,DORIS,2024,Luleå University of Technology
https://researchdata.se/en/catalogue/dataset/2024-372,DORIS,2022,Uppsala University
https://researchdata.se/en/catalogue/dataset/2024-365,DORIS,2022,Linköping University
https://researchdata.se/en/catalogue/dataset/2024-377,DORIS,2022,Uppsala University
https://researchdata.se/en/catalogue/dataset/2024-379,DORIS,2022,Linköping University
https://researchdata.se/en/catalogue/dataset/2024-381,DORIS,2022,"Information not available, contact SND for more information"
https://researchdata.se/en/catalogue/dataset/2024-387,DORIS,2022,Mid Sweden University
https://researchdata.se/en/catalogue/dataset/2024-384,DORIS,2024,Mid Sweden University
https://researchdata.se/en/catalogue/dataset/2024-382,DORIS,2022,Uppsala University
https://researchdata.se/en/catalogue/dataset/2024-389,DORIS,2023,Uppsala University
https://researchdata.se/en/catalogue/dataset/2024-391,DORIS,2023,Linköping University
https://researchdata.se/en/catalogue/dataset/2024-388,DORIS,2022,University West
https://researchdata.se/en/catalogue/dataset/2024-386,DORIS,2022,Linköping University
https://researchdata.se/en/catalogue/dataset/2024-390,DORIS,2023,Luleå University of Technology
https://researchdata.se/en/catalogue/dataset/2024-395,DORIS,2023,Stockholm University of the Arts
https://researchdata.se/en/catalogue/dataset/2024-392,DORIS,2023,Linköping University
https://researchdata.se/en/catalogue/dataset/2024-393,DORIS,2023,Mid Sweden University
https://researchdata.se/en/catalogue/dataset/2024-394,DORIS,2023,Uppsala University
https://researchdata.se/en/catalogue/dataset/2024-396,DORIS,2023,Uppsala University
https://researchdata.se/en/catalogue/dataset/2024-398,DORIS,2023,Uppsala University
https://researchdata.se/en/catalogue/dataset/2024-397,DORIS,2024,Örebro University
https://researchdata.se/en/catalogue/dataset/2024-399,DORIS,2024,Royal Institute of Technology
https://researchdata.se/en/catalogue/dataset/2024-401,DORIS,2023,Linköping University
https://researchdata.se/en/catalogue/dataset/2024-363,DORIS,2022,Uppsala University
https://researchdata.se/en/catalogue/dataset/2024-406,DORIS,2024,Uppsala University
https://researchdata.se/en/catalogue/dataset/2024-402,DORIS,2023,Linköping University
https://researchdata.se/en/catalogue/dataset/2024-4,DORIS,2024,Stockholm University
https://researchdata.se/en/catalogue/dataset/2024-41,DORIS,2024,Chalmers University of Technology
https://researchdata.se/en/catalogue/dataset/2024-400,DORIS,2023,Linköping University
https://researchdata.se/en/catalogue/dataset/2024-405,DORIS,2024,Swedish National Road and Transport Research Institute
https://researchdata.se/en/catalogue/dataset/2024-409,DORIS,2024,Uppsala University
https://researchdata.se/en/catalogue/dataset/2024-407,DORIS,2024,University of Borås
https://researchdata.se/en/catalogue/dataset/2024-408,DORIS,2024,Uppsala University
https://researchdata.se/en/catalogue/dataset/2024-410,DORIS,2024,Uppsala University
https://researchdata.se/en/catalogue/dataset/2024-419,DORIS,2024,University of Gothenburg
https://researchdata.se/en/catalogue/dataset/2024-413,DORIS,2024,University of Gothenburg
https://researchdata.se/en/catalogue/dataset/2024-411,DORIS,2024,Uppsala University
https://researchdata.se/en/catalogue/dataset/2024-424,DORIS,2024,Swedish University of Agricultural Sciences
https://researchdata.se/en/catalogue/dataset/2024-425,DORIS,2024,Swedish University of Agricultural Sciences
https://researchdata.se/en/catalogue/dataset/2024-428,DORIS,2024,University of Gothenburg
https://researchdata.se/en/catalogue/dataset/2024-430,DORIS,2024,Swedish University of Agricultural Sciences
https://researchdata.se/en/catalogue/dataset/2024-422,DORIS,2024,Swedish University of Agricultural Sciences
https://researchdata.se/en/catalogue/dataset/2024-438,DORIS,2024,Karolinska Institutet
https://researchdata.se/en/catalogue/dataset/2024-429,DORIS,2024,Uppsala University
https://researchdata.se/en/catalogue/dataset/2024-435,DORIS,2024,Chalmers University of Technology
https://researchdata.se/en/catalogue/dataset/2024-440,DORIS,2025,University of Gävle
https://researchdata.se/en/catalogue/dataset/2024-441,DORIS,2025,Uppsala University
https://researchdata.se/en/catalogue/dataset/2024-442,DORIS,2024,Swedish Institute of Space Physics
https://researchdata.se/en/catalogue/dataset/2024-444,DORIS,2024,Karolinska Institutet
https://researchdata.se/en/catalogue/dataset/2024-446,DORIS,2024,University of Gothenburg
https://researchdata.se/en/catalogue/dataset/2024-448,DORIS,2025,Chalmers University of Technology
https://researchdata.se/en/catalogue/dataset/2024-455,DORIS,2024,University of Gothenburg
https://researchdata.se/en/catalogue/dataset/2024-45,DORIS,2024,University of Gothenburg
https://researchdata.se/en/catalogue/dataset/2024-450,DORIS,2025,University of Gothenburg
https://researchdata.se/en/catalogue/dataset/2024-452,DORIS,2024,University of Skövde
https://researchdata.se/en/catalogue/dataset/2024-458,DORIS,2024,Swedish University of Agricultural Sciences
https://researchdata.se/en/catalogue/dataset/2024-459,DORIS,2025,University of Gothenburg
https://researchdata.se/en/catalogue/dataset/2024-46,DORIS,2024,University of Gothenburg
https://researchdata.se/en/catalogue/dataset/2024-460,DORIS,2024,Sveriges Television
https://researchdata.se/en/catalogue/dataset/2024-467,DORIS,2025,University of Gothenburg
https://researchdata.se/en/catalogue/dataset/2024-464,DORIS,2024,Karolinska Institutet
https://researchdata.se/en/catalogue/dataset/2024-462,DORIS,2025,Swedish University of Agricultural Sciences
https://researchdata.se/en/catalogue/dataset/2024-468,DORIS,2025,Swedish University of Agricultural Sciences
https://researchdata.se/en/catalogue/dataset/2024-471,DORIS,2025,Chalmers University of Technology
https://researchdata.se/en/catalogue/dataset/2024-470,DORIS,2024,Karolinska Institutet
https://researchdata.se/en/catalogue/dataset/2024-474,DORIS,2024,Karolinska Institutet
https://researchdata.se/en/catalogue/dataset/2024-477,DORIS,2025,Uppsala University
https://researchdata.se/en/catalogue/dataset/2024-475,DORIS,2025,Karolinska Institutet
https://researchdata.se/en/catalogue/dataset/2024-47,DORIS,2024,University of Gothenburg
https://researchdata.se/en/catalogue/dataset/2024-478,DORIS,2024,Swedish University of Agricultural Sciences
https://researchdata.se/en/catalogue/dataset/2024-482,DORIS,2024,University of Gothenburg
https://researchdata.se/en/catalogue/dataset/2024-479,DORIS,2024,University of Gothenburg
https://researchdata.se/en/catalogue/dataset/2024-480,DORIS,2024,University of Gothenburg
https://researchdata.se/en/catalogue/dataset/2024-48,DORIS,2024,Swedish University of Agricultural Sciences
https://researchdata.se/en/catalogue/dataset/2024-481,DORIS,2024,University of Gothenburg
https://researchdata.se/en/catalogue/dataset/2024-486,DORIS,2025,Karolinska Institutet
https://researchdata.se/en/catalogue/dataset/2024-483,DORIS,2024,University of Gothenburg
https://researchdata.se/en/catalogue/dataset/2024-49,DORIS,2024,Mid Sweden University
https://researchdata.se/en/catalogue/dataset/2024-488,DORIS,2024,Umeå University
https://researchdata.se/en/catalogue/dataset/2024-491,DORIS,2024,Swedish University of Agricultural Sciences
https://researchdata.se/en/catalogue/dataset/2024-487,DORIS,2025,University of Gothenburg
https://researchdata.se/en/catalogue/dataset/2024-485,DORIS,2024,Swedish University of Agricultural Sciences
https://researchdata.se/en/catalogue/dataset/2024-490,DORIS,2024,University of Gothenburg
https://researchdata.se/en/catalogue/dataset/2024-496,DORIS,2025,Karolinska Institutet
https://researchdata.se/en/catalogue/dataset/2024-492,DORIS,2025,Karolinska Institutet
https://researchdata.se/en/catalogue/dataset/2024-498,DORIS,2024,Mid Sweden University
https://researchdata.se/en/catalogue/dataset/2024-497,DORIS,2025,Karolinska Institutet
https://researchdata.se/en/catalogue/dataset/2024-493,DORIS,2025,Karolinska Institutet
https://researchdata.se/en/catalogue/dataset/2024-499,DORIS,2024,Mid Sweden University
https://researchdata.se/en/catalogue/dataset/2024-502,DORIS,2024,Stockholm University
https://researchdata.se/en/catalogue/dataset/2024-500,DORIS,2025,Karolinska Institutet
https://researchdata.se/en/catalogue/dataset/2024-5,DORIS,2024,University of Gothenburg
https://researchdata.se/en/catalogue/dataset/2024-505,DORIS,2025,Karolinska Institutet
https://researchdata.se/en/catalogue/dataset/2024-509,DORIS,2024,Swedish University of Agricultural Sciences
https://researchdata.se/en/catalogue/dataset/2024-508,DORIS,2024,Institute for Language and Folklore
https://researchdata.se/en/catalogue/dataset/2024-501,DORIS,2024,Mid Sweden University
https://researchdata.se/en/catalogue/dataset/2024-51,DORIS,2024,Chalmers University of Technology
https://researchdata.se/en/catalogue/dataset/2024-521,DORIS,2024,Swedish University of Agricultural Sciences
https://researchdata.se/en/catalogue/dataset/2024-517,DORIS,2024,Swedish University of Agricultural Sciences
https://researchdata.se/en/catalogue/dataset/2024-523,DORIS,2025,University of Skövde
https://researchdata.se/en/catalogue/dataset/2024-528,DORIS,2024,Umeå University
https://researchdata.se/en/catalogue/dataset/2024-527,DORIS,2024,Swedish University of Agricultural Sciences
https://researchdata.se/en/catalogue/dataset/2024-524,DORIS,2024,Swedish University of Agricultural Sciences
https://researchdata.se/en/catalogue/dataset/2024-531,DORIS,2024,Uppsala University
https://researchdata.se/en/catalogue/dataset/2024-53,DORIS,2024,University of Gävle
https://researchdata.se/en/catalogue/dataset/2024-529,DORIS,2024,Chalmers University of Technology
https://researchdata.se/en/catalogue/dataset/2024-58,DORIS,2025,Linnaeus University
https://researchdata.se/en/catalogue/dataset/2024-56,DORIS,2024,Swedish University of Agricultural Sciences
https://researchdata.se/en/catalogue/dataset/2024-536,DORIS,2024,"KN 2023:01, Utredningen om havsbaserad vindkraft"
https://researchdata.se/en/catalogue/dataset/2024-57,DORIS,2024,Swedish University of Agricultural Sciences
https://researchdata.se/en/catalogue/dataset/2024-619,DORIS,2025,Luleå University of Technology
https://researchdata.se/en/catalogue/dataset/2024-6,DORIS,2024,Stockholm University
https://researchdata.se/en/catalogue/dataset/2024-610,DORIS,2025,Norwegian Institute for Nature Research - NINA
https://researchdata.se/en/catalogue/dataset/2024-62,DORIS,2024,Swedish University of Agricultural Sciences
https://researchdata.se/en/catalogue/dataset/2024-616,DORIS,2025,Swedish University of Agricultural Sciences
https://researchdata.se/en/catalogue/dataset/2024-617,DORIS,2024,University of Gothenburg
https://researchdata.se/en/catalogue/dataset/2024-612,DORIS,2025,Swedish University of Agricultural Sciences
https://researchdata.se/en/catalogue/dataset/2024-510,DORIS,2024,University of Gothenburg
https://researchdata.se/en/catalogue/dataset/2024-515,DORIS,2025,Chalmers University of Technology
https://researchdata.se/en/catalogue/dataset/2024-635,DORIS,2025,Swedish University of Agricultural Sciences
https://researchdata.se/en/catalogue/dataset/2024-63,DORIS,2024,University of Gothenburg
https://researchdata.se/en/catalogue/dataset/2024-624,DORIS,2025,University of Gothenburg
https://researchdata.se/en/catalogue/dataset/2024-636,DORIS,2025,Umeå University
https://researchdata.se/en/catalogue/dataset/2024-626,DORIS,2025,Swedish University of Agricultural Sciences
https://researchdata.se/en/catalogue/dataset/2024-640,DORIS,2025,University of Gothenburg
https://researchdata.se/en/catalogue/dataset/2024-639,DORIS,2025,Swedish University of Agricultural Sciences
https://researchdata.se/en/catalogue/dataset/2024-645,DORIS,2025,Swedish Polar Research Secretariat
https://researchdata.se/en/catalogue/dataset/2024-66,DORIS,2024,Umeå University
https://researchdata.se/en/catalogue/dataset/2024-644,DORIS,2025,Uppsala University
https://researchdata.se/en/catalogue/dataset/2024-84,DORIS,2024,Lund University
https://researchdata.se/en/catalogue/dataset/2024-74,DORIS,2024,Swedish University of Agricultural Sciences
https://researchdata.se/en/catalogue/dataset/2024-70,DORIS,2024,Swedish University of Agricultural Sciences
https://researchdata.se/en/catalogue/dataset/2024-75,DORIS,2024,University of Gothenburg
https://researchdata.se/en/catalogue/dataset/2024-78,DORIS,2024,Karolinska Institutet
https://researchdata.se/en/catalogue/dataset/2024-85,DORIS,2024,Chalmers University of Technology
https://researchdata.se/en/catalogue/dataset/2024-89,DORIS,2024,Karolinska Institutet
https://researchdata.se/en/catalogue/dataset/2024-95,DORIS,2024,Linköping University
https://researchdata.se/en/catalogue/dataset/2024-91,DORIS,2024,Karolinska Institutet
https://researchdata.se/en/catalogue/dataset/2024-9,DORIS,2024,Karolinska Institutet
https://researchdata.se/en/catalogue/dataset/2025-10,DORIS,2025,Karolinska Institutet
https://researchdata.se/en/catalogue/dataset/2024-94,DORIS,2024,Halmstad University
https://researchdata.se/en/catalogue/dataset/2025-107,DORIS,2025,Swedish University of Agricultural Sciences
https://researchdata.se/en/catalogue/dataset/2025-110,DORIS,2025,University of Gothenburg
https://researchdata.se/en/catalogue/dataset/2025-111,DORIS,2025,Swedish Geotechnical Institute
https://researchdata.se/en/catalogue/dataset/2025-108,DORIS,2025,University of Gothenburg
https://researchdata.se/en/catalogue/dataset/2025-114,DORIS,2025,Chalmers University of Technology
https://researchdata.se/en/catalogue/dataset/2025-117,DORIS,2025,Stockholm University
https://researchdata.se/en/catalogue/dataset/2025-133,DORIS,2025,Uppsala University
https://researchdata.se/en/catalogue/dataset/2025-137,DORIS,2025,Swedish University of Agricultural Sciences
https://researchdata.se/en/catalogue/dataset/2025-145,DORIS,2025,Swedish University of Agricultural Sciences
https://researchdata.se/en/catalogue/dataset/2025-15,DORIS,2025,Mid Sweden University
https://researchdata.se/en/catalogue/dataset/2025-152,DORIS,2025,Karolinska Institutet
https://researchdata.se/en/catalogue/dataset/2025-148,DORIS,2025,University of Gävle
https://researchdata.se/en/catalogue/dataset/2025-165,DORIS,2025,Swedish University of Agricultural Sciences
https://researchdata.se/en/catalogue/dataset/2025-156,DORIS,2025,University of Gothenburg
https://researchdata.se/en/catalogue/dataset/2025-136,DORIS,2025,Swedish University of Agricultural Sciences
https://researchdata.se/en/catalogue/dataset/2025-155,DORIS,2025,University of Gothenburg
https://researchdata.se/en/catalogue/dataset/2025-157,DORIS,2025,University of Gothenburg
https://researchdata.se/en/catalogue/dataset/2025-159,DORIS,2025,University of Gothenburg
https://researchdata.se/en/catalogue/dataset/2025-166,DORIS,2025,University of Gothenburg
https://researchdata.se/en/catalogue/dataset/2025-172,DORIS,2025,Chalmers University of Technology
https://researchdata.se/en/catalogue/dataset/2025-177,DORIS,2025,Region Skåne
https://researchdata.se/en/catalogue/dataset/2025-181,DORIS,2025,Luleå University of Technology
https://researchdata.se/en/catalogue/dataset/2025-184,DORIS,2025,Lund University
https://researchdata.se/en/catalogue/dataset/2025-168,DORIS,2025,Swedish University of Agricultural Sciences
https://researchdata.se/en/catalogue/dataset/2025-174,DORIS,2025,Södertörns högskola
https://researchdata.se/en/catalogue/dataset/2025-190,DORIS,2025,Swedish University of Agricultural Sciences
https://researchdata.se/en/catalogue/dataset/2025-175,DORIS,2025,Karolinska Institutet
https://researchdata.se/en/catalogue/dataset/2025-187,DORIS,2025,Swedish University of Agricultural Sciences
https://researchdata.se/en/catalogue/dataset/2025-192,DORIS,2025,Karolinska Institutet
https://researchdata.se/en/catalogue/dataset/2025-197,DORIS,2025,Swedish University of Agricultural Sciences
https://researchdata.se/en/catalogue/dataset/2025-221,DORIS,2025,Kristianstad University
https://researchdata.se/en/catalogue/dataset/2025-218,DORIS,2025,University of Gothenburg
https://researchdata.se/en/catalogue/dataset/2025-23,DORIS,2025,Swedish University of Agricultural Sciences
https://researchdata.se/en/catalogue/dataset/2025-208,DORIS,2025,Swedish University of Agricultural Sciences
https://researchdata.se/en/catalogue/dataset/2025-21,DORIS,2025,Karolinska Institutet
https://researchdata.se/en/catalogue/dataset/2025-251,DORIS,2025,Karolinska Institutet
https://researchdata.se/en/catalogue/dataset/2025-227,DORIS,2025,Lund University
https://researchdata.se/en/catalogue/dataset/2025-242,DORIS,2025,Swedish University of Agricultural Sciences
https://researchdata.se/en/catalogue/dataset/2025-3,DORIS,2025,Uppsala University
https://researchdata.se/en/catalogue/dataset/2025-36,DORIS,2025,Swedish University of Agricultural Sciences
https://researchdata.se/en/catalogue/dataset/2025-37,DORIS,2025,Swedish University of Agricultural Sciences
https://researchdata.se/en/catalogue/dataset/2025-25,DORIS,2025,Karolinska Institutet
https://researchdata.se/en/catalogue/dataset/2025-35,DORIS,2025,Luleå University of Technology
https://researchdata.se/en/catalogue/dataset/2025-34,DORIS,2025,University of Gothenburg
https://researchdata.se/en/catalogue/dataset/2025-38,DORIS,2025,Luleå University of Technology
https://researchdata.se/en/catalogue/dataset/2025-49,DORIS,2025,Lund University
https://researchdata.se/en/catalogue/dataset/2025-43,DORIS,2025,University of Gothenburg
https://researchdata.se/en/catalogue/dataset/2025-54,DORIS,2025,Swedish University of Agricultural Sciences
https://researchdata.se/en/catalogue/dataset/2025-42,DORIS,2025,Swedish University of Agricultural Sciences
https://researchdata.se/en/catalogue/dataset/2025-62,DORIS,2025,Swedish University of Agricultural Sciences
https://researchdata.se/en/catalogue/dataset/2025-66,DORIS,2025,Umeå University
https://researchdata.se/en/catalogue/dataset/2025-65,DORIS,2025,Swedish University of Agricultural Sciences
https://researchdata.se/en/catalogue/dataset/2025-71,DORIS,2025,Swedish University of Agricultural Sciences
https://researchdata.se/en/catalogue/dataset/2025-64,DORIS,2025,Umeå University
https://researchdata.se/en/catalogue/dataset/2025-70,DORIS,2025,Umeå University
https://researchdata.se/en/catalogue/dataset/2025-67,DORIS,2025,Swedish University of Agricultural Sciences
https://researchdata.se/en/catalogue/dataset/2025-72,DORIS,2025,Karolinska Institutet
https://researchdata.se/en/catalogue/dataset/2025-92,DORIS,2025,Swedish Museum of Natural History
https://researchdata.se/en/catalogue/dataset/2025-78,DORIS,2025,Lund University
https://researchdata.se/en/catalogue/dataset/2025-96,DORIS,2025,Swedish Geotechnical Institute
https://researchdata.se/en/catalogue/dataset/2025-93,DORIS,2025,Swedish University of Agricultural Sciences
https://researchdata.se/en/catalogue/dataset/doi-10-17044-bils-g000002,OTHER,2015,Uppsala University
https://researchdata.se/en/catalogue/dataset/2025-9,DORIS,2025,Karolinska Institutet
https://researchdata.se/en/catalogue/dataset/doi-10-17044-bils-p000002,OTHER,2015,Karolinska Institutet
https://researchdata.se/en/catalogue/dataset/doi-10-17044-nbis-g000003,OTHER,2017,Uppsala University
https://researchdata.se/en/catalogue/dataset/2025-97,DORIS,2025,Karolinska Institutet
https://researchdata.se/en/catalogue/dataset/doi-10-17044-nbis-g000004,OTHER,2018,Uppsala University
https://researchdata.se/en/catalogue/dataset/doi-10-17044-bils-mg00001,OTHER,2015,Uppsala University
https://researchdata.se/en/catalogue/dataset/doi-10-17044-nbis-g000006,OTHER,2018,Uppsala University
https://researchdata.se/en/catalogue/dataset/2025-80,DORIS,2025,Stockholm University
https://researchdata.se/en/catalogue/dataset/doi-10-17044-nbis-g000007,OTHER,2019,Uppsala University
https://researchdata.se/en/catalogue/dataset/doi-10-17044-nbis-g000010,OTHER,2019,Uppsala University
https://researchdata.se/en/catalogue/dataset/doi-10-17044-nbis-g000014,OTHER,2019,Karolinska Institutet
https://researchdata.se/en/catalogue/dataset/doi-10-17044-scilifelab-12213434,OTHER,2021,University of Gothenburg
https://researchdata.se/en/catalogue/dataset/doi-10-17044-scilifelab-12292778,OTHER,2021,Uppsala University
https://researchdata.se/en/catalogue/dataset/doi-10-17044-nbis-g000009,OTHER,2019,Uppsala University
https://researchdata.se/en/catalogue/dataset/doi-10-17044-nbis-g000016,OTHER,2020,Lund University
https://researchdata.se/en/catalogue/dataset/doi-10-17044-scilifelab-12482183,OTHER,2025,Uppsala University
https://researchdata.se/en/catalogue/dataset/doi-10-17044-scilifelab-12662153,OTHER,2020,Karolinska Institutet
https://researchdata.se/en/catalogue/dataset/doi-10-17044-scilifelab-12401906,OTHER,2020,Uppsala University
https://researchdata.se/en/catalogue/dataset/doi-10-17044-scilifelab-12771614,OTHER,2020,Uppsala University
https://researchdata.se/en/catalogue/dataset/doi-10-17044-scilifelab-12901388,OTHER,2020,Uppsala University
https://researchdata.se/en/catalogue/dataset/doi-10-17044-scilifelab-12811997,OTHER,2020,Uppsala University
https://researchdata.se/en/catalogue/dataset/doi-10-17044-scilifelab-13005311,OTHER,2020,Swedish University of Agricultural Sciences
https://researchdata.se/en/catalogue/dataset/doi-10-17044-scilifelab-13089023,OTHER,2020,Karolinska Institutet
https://researchdata.se/en/catalogue/dataset/doi-10-17044-scilifelab-13280867,OTHER,2023,Royal Institute of Technology
https://researchdata.se/en/catalogue/dataset/doi-10-17044-scilifelab-13105229,OTHER,2021,Uppsala University
https://researchdata.se/en/catalogue/dataset/doi-10-17044-scilifelab-13246817,OTHER,2020,Swedish University of Agricultural Sciences
https://researchdata.se/en/catalogue/dataset/doi-10-17044-scilifelab-13293344,OTHER,2020,Karolinska Institutet
https://researchdata.se/en/catalogue/dataset/doi-10-17044-scilifelab-13181273,OTHER,2020,Karolinska Institutet
https://researchdata.se/en/catalogue/dataset/doi-10-17044-scilifelab-13229168,OTHER,2021,Karolinska Institutet
https://researchdata.se/en/catalogue/dataset/doi-10-17044-scilifelab-13325822,OTHER,2022,Lund University
https://researchdata.se/en/catalogue/dataset/doi-10-17044-scilifelab-13297784,OTHER,2020,Karolinska Institutet
https://researchdata.se/en/catalogue/dataset/doi-10-17044-scilifelab-13567355,OTHER,2022,Karolinska Institutet
https://researchdata.se/en/catalogue/dataset/doi-10-17044-scilifelab-14229410,OTHER,2021,Uppsala University
https://researchdata.se/en/catalogue/dataset/doi-10-17044-scilifelab-13564364,OTHER,2021,Swedish University of Agricultural Sciences
https://researchdata.se/en/catalogue/dataset/doi-10-17044-scilifelab-14207462,OTHER,2022,Uppsala University
https://researchdata.se/en/catalogue/dataset/doi-10-17044-scilifelab-14222692,OTHER,2021,Linköping University
https://researchdata.se/en/catalogue/dataset/doi-10-17044-scilifelab-14124014,OTHER,2021,Uppsala University
https://researchdata.se/en/catalogue/dataset/doi-10-17044-scilifelab-14188403,OTHER,2021,Uppsala University
https://researchdata.se/en/catalogue/dataset/doi-10-17044-scilifelab-14301317,OTHER,2022,Uppsala University
https://researchdata.se/en/catalogue/dataset/doi-10-17044-scilifelab-14315483,OTHER,2021,Royal Institute of Technology
https://researchdata.se/en/catalogue/dataset/doi-10-17044-scilifelab-14270159,OTHER,2021,Uppsala University
https://researchdata.se/en/catalogue/dataset/doi-10-17044-scilifelab-14256317,OTHER,2023,Swedish University of Agricultural Sciences
https://researchdata.se/en/catalogue/dataset/doi-10-17044-scilifelab-14339153,OTHER,2021,University of Gothenburg
https://researchdata.se/en/catalogue/dataset/doi-10-17044-scilifelab-14376881,OTHER,2021,Swedish University of Agricultural Sciences
https://researchdata.se/en/catalogue/dataset/doi-10-17044-scilifelab-14315777,OTHER,2022,Royal Institute of Technology
https://researchdata.se/en/catalogue/dataset/doi-10-17044-scilifelab-14377097,OTHER,2021,Swedish University of Agricultural Sciences
https://researchdata.se/en/catalogue/dataset/doi-10-17044-scilifelab-14376104,OTHER,2021,Karolinska Institutet
https://researchdata.se/en/catalogue/dataset/doi-10-17044-scilifelab-14447874,OTHER,2021,Karolinska Institutet
https://researchdata.se/en/catalogue/dataset/doi-10-17044-scilifelab-14579091,OTHER,2023,Karolinska Institutet
https://researchdata.se/en/catalogue/dataset/doi-10-17044-scilifelab-14555520,OTHER,2021,Royal Institute of Technology
https://researchdata.se/en/catalogue/dataset/doi-10-17044-scilifelab-14501184,OTHER,2021,Karolinska Institutet
https://researchdata.se/en/catalogue/dataset/doi-10-17044-scilifelab-14661213,OTHER,2021,Swedish University of Agricultural Sciences
https://researchdata.se/en/catalogue/dataset/doi-10-17044-scilifelab-14743425,OTHER,2021,Swedish University of Agricultural Sciences
https://researchdata.se/en/catalogue/dataset/doi-10-17044-scilifelab-14743413,OTHER,2021,Swedish University of Agricultural Sciences
https://researchdata.se/en/catalogue/dataset/doi-10-17044-scilifelab-14687271,OTHER,2021,Royal Institute of Technology
https://researchdata.se/en/catalogue/dataset/doi-10-17044-scilifelab-14743431,OTHER,2021,Swedish University of Agricultural Sciences
https://researchdata.se/en/catalogue/dataset/doi-10-17044-scilifelab-14666127,OTHER,2024,Uppsala University
https://researchdata.se/en/catalogue/dataset/doi-10-17044-scilifelab-14869077,OTHER,2025,Linnaeus University
https://researchdata.se/en/catalogue/dataset/doi-10-17044-scilifelab-14743434,OTHER,2021,Swedish University of Agricultural Sciences
https://researchdata.se/en/catalogue/dataset/doi-10-17044-scilifelab-14815802,OTHER,2021,Uppsala University
https://researchdata.se/en/catalogue/dataset/doi-10-17044-scilifelab-15082398,OTHER,2021,Royal Institute of Technology
https://researchdata.se/en/catalogue/dataset/doi-10-17044-scilifelab-15134739,OTHER,2021,Stockholm University
https://researchdata.se/en/catalogue/dataset/doi-10-17044-scilifelab-14932062,OTHER,2021,Karolinska Institutet
https://researchdata.se/en/catalogue/dataset/doi-10-17044-scilifelab-15134862,OTHER,2021,Stockholm University
https://researchdata.se/en/catalogue/dataset/doi-10-17044-scilifelab-15169716,OTHER,2021,Uppsala University
https://researchdata.se/en/catalogue/dataset/doi-10-17044-scilifelab-17012382,OTHER,2021,Karolinska Institutet
https://researchdata.se/en/catalogue/dataset/doi-10-17044-scilifelab-16438206,OTHER,2021,Stockholm University
https://researchdata.se/en/catalogue/dataset/doi-10-17044-scilifelab-15144339,OTHER,2021,Stockholm University
https://researchdata.se/en/catalogue/dataset/doi-10-17044-scilifelab-16451112,OTHER,2021,Royal Institute of Technology
https://researchdata.se/en/catalogue/dataset/doi-10-17044-scilifelab-16677252,OTHER,2025,Royal Institute of Technology
https://researchdata.se/en/catalogue/dataset/doi-10-17044-scilifelab-17049059,OTHER,2022,Karolinska Institutet
https://researchdata.se/en/catalogue/dataset/doi-10-17044-scilifelab-17099687,OTHER,2021,Uppsala University
https://researchdata.se/en/catalogue/dataset/doi-10-17044-scilifelab-16866202,OTHER,2022,Stockholm University
https://researchdata.se/en/catalogue/dataset/doi-10-17044-scilifelab-16945039,OTHER,2021,Stockholm University
https://researchdata.se/en/catalogue/dataset/doi-10-17044-scilifelab-17082971,OTHER,2022,Lund University
https://researchdata.se/en/catalogue/dataset/doi-10-17044-scilifelab-18020801,OTHER,2022,Uppsala University
https://researchdata.se/en/catalogue/dataset/doi-10-17044-scilifelab-17836025,OTHER,2022,University of Gothenburg
https://researchdata.se/en/catalogue/dataset/doi-10-17044-scilifelab-19063028,OTHER,2022,Uppsala University
https://researchdata.se/en/catalogue/dataset/doi-10-17044-scilifelab-19307021,OTHER,2022,Uppsala University
https://researchdata.se/en/catalogue/dataset/doi-10-17044-scilifelab-19154459,OTHER,2022,Uppsala University
https://researchdata.se/en/catalogue/dataset/doi-10-17044-scilifelab-19248172,OTHER,2022,Stockholm University
https://researchdata.se/en/catalogue/dataset/doi-10-17044-scilifelab-19160954,OTHER,2022,Lund University
https://researchdata.se/en/catalogue/dataset/doi-10-17044-scilifelab-19375172,OTHER,2022,Stockholm University
https://researchdata.se/en/catalogue/dataset/doi-10-17044-scilifelab-19317512,OTHER,2023,Karolinska Institutet
https://researchdata.se/en/catalogue/dataset/doi-10-17044-scilifelab-19761307,OTHER,2022,Uppsala University
https://researchdata.se/en/catalogue/dataset/doi-10-17044-scilifelab-19380116,OTHER,2022,Lund University
https://researchdata.se/en/catalogue/dataset/doi-10-17044-scilifelab-19721998,OTHER,2022,Karolinska Institutet
https://researchdata.se/en/catalogue/dataset/doi-10-17044-scilifelab-19761343,OTHER,2022,Uppsala University
https://researchdata.se/en/catalogue/dataset/doi-10-17044-scilifelab-19923161,OTHER,2022,Stockholm University
https://researchdata.se/en/catalogue/dataset/doi-10-17044-scilifelab-20107199,OTHER,2022,Uppsala University
https://researchdata.se/en/catalogue/dataset/doi-10-17044-scilifelab-20120150,OTHER,2022,Uppsala University
https://researchdata.se/en/catalogue/dataset/doi-10-17044-scilifelab-19678620,OTHER,2022,Karolinska Institutet
https://researchdata.se/en/catalogue/dataset/doi-10-17044-scilifelab-19411403,OTHER,2024,Uppsala University
https://researchdata.se/en/catalogue/dataset/doi-10-17044-scilifelab-20014820,OTHER,2022,Uppsala University
https://researchdata.se/en/catalogue/dataset/doi-10-17044-scilifelab-20289000,OTHER,2022,Uppsala University
https://researchdata.se/en/catalogue/dataset/doi-10-17044-scilifelab-20310249,OTHER,2022,Uppsala University
https://researchdata.se/en/catalogue/dataset/doi-10-17044-scilifelab-20208764,OTHER,2023,Uppsala University
https://researchdata.se/en/catalogue/dataset/doi-10-17044-scilifelab-20472144,OTHER,2022,Uppsala University
https://researchdata.se/en/catalogue/dataset/doi-10-17044-scilifelab-20502126,OTHER,2022,Uppsala University
https://researchdata.se/en/catalogue/dataset/doi-10-17044-scilifelab-20514192,OTHER,2023,Swedish Museum of Natural History
https://researchdata.se/en/catalogue/dataset/doi-10-17044-scilifelab-20338869,OTHER,2023,Karolinska Institutet
https://researchdata.se/en/catalogue/dataset/doi-10-17044-scilifelab-20509362,OTHER,2022,Karolinska Institutet
https://researchdata.se/en/catalogue/dataset/doi-10-17044-scilifelab-20749174,OTHER,2023,Uppsala University
https://researchdata.se/en/catalogue/dataset/doi-10-17044-scilifelab-20751373,OTHER,2023,Royal Institute of Technology
https://researchdata.se/en/catalogue/dataset/doi-10-17044-scilifelab-20746576,OTHER,2022,Uppsala University
https://researchdata.se/en/catalogue/dataset/doi-10-17044-scilifelab-20732170,OTHER,2025,Royal Institute of Technology
https://researchdata.se/en/catalogue/dataset/doi-10-17044-scilifelab-20517336,OTHER,2023,Karolinska Institutet
https://researchdata.se/en/catalogue/dataset/doi-10-17044-scilifelab-21261405,OTHER,2022,Stockholm University
https://researchdata.se/en/catalogue/dataset/doi-10-17044-scilifelab-21287139,OTHER,2022,Uppsala University
https://researchdata.se/en/catalogue/dataset/doi-10-17044-scilifelab-20969161,OTHER,2022,Uppsala University
https://researchdata.se/en/catalogue/dataset/doi-10-17044-scilifelab-21316677,OTHER,2022,Karolinska Institutet
https://researchdata.se/en/catalogue/dataset/doi-10-17044-scilifelab-21102061,OTHER,2022,Karolinska Institutet
https://researchdata.se/en/catalogue/dataset/doi-10-17044-scilifelab-21269619,OTHER,2024,Uppsala University
https://researchdata.se/en/catalogue/dataset/doi-10-17044-scilifelab-21378279,OTHER,2022,Karolinska Institutet
https://researchdata.se/en/catalogue/dataset/doi-10-17044-scilifelab-21378294,OTHER,2022,Stockholm University
https://researchdata.se/en/catalogue/dataset/doi-10-17044-scilifelab-21361029,OTHER,2023,Karolinska Institutet
https://researchdata.se/en/catalogue/dataset/doi-10-17044-scilifelab-21378906,OTHER,2023,Uppsala University
https://researchdata.se/en/catalogue/dataset/doi-10-17044-scilifelab-21407402,OTHER,2022,Karolinska Institutet
https://researchdata.se/en/catalogue/dataset/doi-10-17044-scilifelab-21516993,OTHER,2022,Karolinska Institutet
https://researchdata.se/en/catalogue/dataset/doi-10-17044-scilifelab-21517710,OTHER,2022,Uppsala University
https://researchdata.se/en/catalogue/dataset/doi-10-17044-scilifelab-21518142,OTHER,2023,Karolinska Institutet
https://researchdata.se/en/catalogue/dataset/doi-10-17044-scilifelab-21557247,OTHER,2022,Lund University
https://researchdata.se/en/catalogue/dataset/doi-10-17044-scilifelab-21557163,OTHER,2025,Lund University
https://researchdata.se/en/catalogue/dataset/doi-10-17044-scilifelab-21590394,OTHER,2023,Uppsala University
https://researchdata.se/en/catalogue/dataset/doi-10-17044-scilifelab-21618150,OTHER,2023,Karolinska Institutet
https://researchdata.se/en/catalogue/dataset/doi-10-17044-scilifelab-21602844,OTHER,2023,Uppsala University
https://researchdata.se/en/catalogue/dataset/doi-10-17044-scilifelab-21694799,OTHER,2024,Karolinska Institutet
https://researchdata.se/en/catalogue/dataset/doi-10-17044-scilifelab-21792356,OTHER,2023,Karolinska Institutet
https://researchdata.se/en/catalogue/dataset/doi-10-17044-scilifelab-21904584,OTHER,2023,Lund University
https://researchdata.se/en/catalogue/dataset/doi-10-17044-scilifelab-20171347,OTHER,2022,Karolinska Institutet
https://researchdata.se/en/catalogue/dataset/doi-10-17044-scilifelab-21904587,OTHER,2023,Lund University
https://researchdata.se/en/catalogue/dataset/doi-10-17044-scilifelab-21904578,OTHER,2023,Lund University
https://researchdata.se/en/catalogue/dataset/doi-10-17044-scilifelab-21904593,OTHER,2023,Lund University
https://researchdata.se/en/catalogue/dataset/doi-10-17044-scilifelab-21904581,OTHER,2023,Lund University
https://researchdata.se/en/catalogue/dataset/doi-10-17044-scilifelab-21904590,OTHER,2023,Lund University
https://researchdata.se/en/catalogue/dataset/doi-10-17044-scilifelab-21908574,OTHER,2023,Lund University
https://researchdata.se/en/catalogue/dataset/doi-10-17044-scilifelab-21907995,OTHER,2023,Royal Institute of Technology
https://researchdata.se/en/catalogue/dataset/doi-10-17044-scilifelab-21904596,OTHER,2023,Lund University
https://researchdata.se/en/catalogue/dataset/doi-10-17044-scilifelab-21904599,OTHER,2023,Lund University
https://researchdata.se/en/catalogue/dataset/doi-10-17044-scilifelab-21908586,OTHER,2023,Lund University
https://researchdata.se/en/catalogue/dataset/doi-10-17044-scilifelab-21908892,OTHER,2023,Stockholm University
https://researchdata.se/en/catalogue/dataset/doi-10-17044-scilifelab-21948521,OTHER,2023,Uppsala University
https://researchdata.se/en/catalogue/dataset/doi-10-17044-scilifelab-21989795,OTHER,2023,Lund University
https://researchdata.se/en/catalogue/dataset/doi-10-17044-scilifelab-22188583,OTHER,2023,Lund University
https://researchdata.se/en/catalogue/dataset/doi-10-17044-scilifelab-21953117,OTHER,2023,Lund University
https://researchdata.se/en/catalogue/dataset/doi-10-17044-scilifelab-22193854,OTHER,2023,Karolinska Institutet
https://researchdata.se/en/catalogue/dataset/doi-10-17044-scilifelab-22226350,OTHER,2023,Royal Institute of Technology
https://researchdata.se/en/catalogue/dataset/doi-10-17044-scilifelab-22139918,OTHER,2023,Uppsala University
https://researchdata.se/en/catalogue/dataset/doi-10-17044-scilifelab-22225942,OTHER,2023,Royal Institute of Technology
https://researchdata.se/en/catalogue/dataset/doi-10-17044-scilifelab-22269211,OTHER,2023,Royal Institute of Technology
https://researchdata.se/en/catalogue/dataset/doi-10-17044-scilifelab-22270225,OTHER,2023,Stockholm University
https://researchdata.se/en/catalogue/dataset/doi-10-17044-scilifelab-22303531,OTHER,2024,Uppsala University
https://researchdata.se/en/catalogue/dataset/doi-10-17044-scilifelab-22348714,OTHER,2023,Uppsala University
https://researchdata.se/en/catalogue/dataset/doi-10-17044-scilifelab-22284709,OTHER,2023,Karolinska Institutet
https://researchdata.se/en/catalogue/dataset/doi-10-17044-scilifelab-22249933,OTHER,2023,Karolinska Institutet
https://researchdata.se/en/catalogue/dataset/doi-10-17044-scilifelab-22305991,OTHER,2023,Karolinska Institutet
https://researchdata.se/en/catalogue/dataset/doi-10-17044-scilifelab-22361761,OTHER,2023,Uppsala University
https://researchdata.se/en/catalogue/dataset/doi-10-17044-scilifelab-22510501,OTHER,2023,University of Gothenburg
https://researchdata.se/en/catalogue/dataset/doi-10-17044-scilifelab-22769996,OTHER,2023,Linköping University
https://researchdata.se/en/catalogue/dataset/doi-10-17044-scilifelab-22670290,OTHER,2023,Uppsala University
https://researchdata.se/en/catalogue/dataset/doi-10-17044-scilifelab-22778920,OTHER,2023,Royal Institute of Technology
https://researchdata.se/en/catalogue/dataset/doi-10-17044-scilifelab-22722361,OTHER,2023,Uppsala University
https://researchdata.se/en/catalogue/dataset/doi-10-17044-scilifelab-22785269,OTHER,2024,Uppsala University
https://researchdata.se/en/catalogue/dataset/doi-10-17044-scilifelab-22770161,OTHER,2023,Uppsala University
https://researchdata.se/en/catalogue/dataset/doi-10-17044-scilifelab-22785968,OTHER,2024,Uppsala University
https://researchdata.se/en/catalogue/dataset/doi-10-17044-scilifelab-22730684,OTHER,2023,Karolinska Institutet
https://researchdata.se/en/catalogue/dataset/doi-10-17044-scilifelab-22786925,OTHER,2024,Uppsala University
https://researchdata.se/en/catalogue/dataset/doi-10-17044-scilifelab-22817410,OTHER,2024,Uppsala University
https://researchdata.se/en/catalogue/dataset/doi-10-17044-scilifelab-22825277,OTHER,2024,Uppsala University
https://researchdata.se/en/catalogue/dataset/doi-10-17044-scilifelab-22792943,OTHER,2024,Uppsala University
https://researchdata.se/en/catalogue/dataset/doi-10-17044-scilifelab-22786928,OTHER,2024,Uppsala University
https://researchdata.se/en/catalogue/dataset/doi-10-17044-scilifelab-23180981,OTHER,2023,Uppsala University
https://researchdata.se/en/catalogue/dataset/doi-10-17044-scilifelab-22806255,OTHER,2024,Uppsala University
https://researchdata.se/en/catalogue/dataset/doi-10-17044-scilifelab-23220416,OTHER,2023,Uppsala University
https://researchdata.se/en/catalogue/dataset/doi-10-17044-scilifelab-23217512,OTHER,2023,Uppsala University
https://researchdata.se/en/catalogue/dataset/doi-10-17044-scilifelab-23553426,OTHER,2024,Uppsala University
https://researchdata.se/en/catalogue/dataset/doi-10-17044-scilifelab-23220164,OTHER,2023,Uppsala University
https://researchdata.se/en/catalogue/dataset/doi-10-17044-scilifelab-23530605,OTHER,2023,Karolinska Institutet
https://researchdata.se/en/catalogue/dataset/doi-10-17044-scilifelab-23592303,OTHER,2025,Lund University
https://researchdata.se/en/catalogue/dataset/doi-10-17044-scilifelab-23532288,OTHER,2023,Stockholm University
https://researchdata.se/en/catalogue/dataset/doi-10-17044-scilifelab-23592270,OTHER,2025,Lund University
https://researchdata.se/en/catalogue/dataset/doi-10-17044-scilifelab-23865126,OTHER,2023,Stockholm University
https://researchdata.se/en/catalogue/dataset/doi-10-17044-scilifelab-23641749,OTHER,2023,Umeå University
https://researchdata.se/en/catalogue/dataset/doi-10-17044-scilifelab-23715648,OTHER,2025,Lund University
https://researchdata.se/en/catalogue/dataset/doi-10-17044-scilifelab-23856609,OTHER,2025,Uppsala University
https://researchdata.se/en/catalogue/dataset/doi-10-17044-scilifelab-23987985,OTHER,2023,Uppsala University
https://researchdata.se/en/catalogue/dataset/doi-10-17044-scilifelab-24198669,OTHER,2024,Linköping University
https://researchdata.se/en/catalogue/dataset/doi-10-17044-scilifelab-24260710,OTHER,2023,Lund University
https://researchdata.se/en/catalogue/dataset/doi-10-17044-scilifelab-24211584,OTHER,2023,Stockholm University
https://researchdata.se/en/catalogue/dataset/doi-10-17044-scilifelab-24241237,OTHER,2024,Uppsala University
https://researchdata.se/en/catalogue/dataset/doi-10-17044-scilifelab-24039510,OTHER,2023,Uppsala University
https://researchdata.se/en/catalogue/dataset/doi-10-17044-scilifelab-24324310,OTHER,2024,Stockholm University
https://researchdata.se/en/catalogue/dataset/doi-10-17044-scilifelab-24340378,OTHER,2024,Stockholm University
https://researchdata.se/en/catalogue/dataset/doi-10-17044-scilifelab-24343000,OTHER,2024,Stockholm University
https://researchdata.se/en/catalogue/dataset/doi-10-17044-scilifelab-24941913,OTHER,2024,Karolinska Institutet
https://researchdata.se/en/catalogue/dataset/doi-10-17044-scilifelab-24764697,OTHER,2023,Uppsala University
https://researchdata.se/en/catalogue/dataset/doi-10-17044-scilifelab-25050422,OTHER,2024,Royal Institute of Technology
https://researchdata.se/en/catalogue/dataset/doi-10-17044-scilifelab-24787353,OTHER,2023,University of Gothenburg
https://researchdata.se/en/catalogue/dataset/doi-10-17044-scilifelab-24407893,OTHER,2023,Uppsala University
https://researchdata.se/en/catalogue/dataset/doi-10-17044-scilifelab-24999260,OTHER,2024,Royal Institute of Technology
https://researchdata.se/en/catalogue/dataset/doi-10-17044-scilifelab-25315867,OTHER,2024,Umeå University
https://researchdata.se/en/catalogue/dataset/doi-10-17044-scilifelab-25441789,OTHER,2024,Royal Institute of Technology
https://researchdata.se/en/catalogue/dataset/doi-10-17044-scilifelab-25334122,OTHER,2024,Uppsala University
https://researchdata.se/en/catalogue/dataset/doi-10-17044-scilifelab-25186151,OTHER,2024,Karolinska Institutet
https://researchdata.se/en/catalogue/dataset/doi-10-17044-scilifelab-25335448,OTHER,2024,Umeå University
https://researchdata.se/en/catalogue/dataset/doi-10-17044-scilifelab-25237765,OTHER,2024,Uppsala University
https://researchdata.se/en/catalogue/dataset/doi-10-17044-scilifelab-25323256,OTHER,2024,Karolinska Institutet
https://researchdata.se/en/catalogue/dataset/doi-10-17044-scilifelab-25348405,OTHER,2024,Karolinska Institutet
https://researchdata.se/en/catalogue/dataset/doi-10-17044-scilifelab-25471861,OTHER,2024,Uppsala University
https://researchdata.se/en/catalogue/dataset/doi-10-17044-scilifelab-25593528,OTHER,2024,Umeå University
https://researchdata.se/en/catalogue/dataset/doi-10-17044-scilifelab-25480681,OTHER,2024,Swedish Museum of Natural History
https://researchdata.se/en/catalogue/dataset/doi-10-17044-scilifelab-25593480,OTHER,2024,Umeå University
https://researchdata.se/en/catalogue/dataset/doi-10-17044-scilifelab-25593405,OTHER,2024,Umeå University
https://researchdata.se/en/catalogue/dataset/doi-10-17044-scilifelab-25883455,OTHER,2024,SMHI - Swedish Meteorological and Hydrological Institute
https://researchdata.se/en/catalogue/dataset/doi-10-17044-scilifelab-25653297,OTHER,2024,Stockholm University
https://researchdata.se/en/catalogue/dataset/doi-10-17044-scilifelab-25836238,OTHER,2024,Uppsala University
https://researchdata.se/en/catalogue/dataset/doi-10-17044-scilifelab-25705512,OTHER,2024,Uppsala University
https://researchdata.se/en/catalogue/dataset/doi-10-17044-scilifelab-25907971,OTHER,2024,Uppsala University
https://researchdata.se/en/catalogue/dataset/doi-10-17044-scilifelab-25966867,OTHER,2024,Uppsala University
https://researchdata.se/en/catalogue/dataset/doi-10-17044-scilifelab-25908748,OTHER,2024,Uppsala University
https://researchdata.se/en/catalogue/dataset/doi-10-17044-scilifelab-26233184,OTHER,2024,Karolinska Institutet
https://researchdata.se/en/catalogue/dataset/doi-10-17044-scilifelab-24324382,OTHER,2024,Stockholm University
https://researchdata.se/en/catalogue/dataset/doi-10-17044-scilifelab-26096371,OTHER,2024,Uppsala University
https://researchdata.se/en/catalogue/dataset/doi-10-17044-scilifelab-26064754,OTHER,2024,Lund University
https://researchdata.se/en/catalogue/dataset/doi-10-17044-scilifelab-25998934,OTHER,2024,Uppsala University
https://researchdata.se/en/catalogue/dataset/doi-10-17044-scilifelab-26067604,OTHER,2024,Karolinska Institutet
https://researchdata.se/en/catalogue/dataset/doi-10-17044-scilifelab-26063056,OTHER,2024,Lund University
https://researchdata.se/en/catalogue/dataset/doi-10-17044-scilifelab-26936965,OTHER,2024,Stockholm University
https://researchdata.se/en/catalogue/dataset/doi-10-17044-scilifelab-26927146,OTHER,2025,Uppsala University
https://researchdata.se/en/catalogue/dataset/doi-10-17044-scilifelab-26318929,OTHER,2024,Royal Institute of Technology
https://researchdata.se/en/catalogue/dataset/doi-10-17044-scilifelab-26937304,OTHER,2024,Stockholm University
https://researchdata.se/en/catalogue/dataset/doi-10-17044-scilifelab-26937271,OTHER,2024,Stockholm University
https://researchdata.se/en/catalogue/dataset/doi-10-17044-scilifelab-26937202,OTHER,2024,Stockholm University
https://researchdata.se/en/catalogue/dataset/doi-10-17044-scilifelab-26425576,OTHER,2025,Uppsala University
https://researchdata.se/en/catalogue/dataset/doi-10-17044-scilifelab-27336156,OTHER,2025,Umeå University
https://researchdata.se/en/catalogue/dataset/doi-10-17044-scilifelab-27368322,OTHER,2025,Karolinska Institutet
https://researchdata.se/en/catalogue/dataset/doi-10-17044-scilifelab-27233412,OTHER,2025,Uppsala University
https://researchdata.se/en/catalogue/dataset/doi-10-17044-scilifelab-27202368,OTHER,2024,Swedish Museum of Natural History
https://researchdata.se/en/catalogue/dataset/doi-10-17044-scilifelab-27637464,OTHER,2024,Uppsala University
https://researchdata.se/en/catalogue/dataset/doi-10-17044-scilifelab-28033754,OTHER,2025,Lund University
https://researchdata.se/en/catalogue/dataset/doi-10-17044-scilifelab-26976952,OTHER,2025,Uppsala University
https://researchdata.se/en/catalogue/dataset/doi-10-17044-scilifelab-27688668,OTHER,2025,Uppsala University
https://researchdata.se/en/catalogue/dataset/doi-10-17044-scilifelab-28062323,OTHER,2025,Karolinska Institutet
https://researchdata.se/en/catalogue/dataset/doi-10-17044-scilifelab-28008872,OTHER,2025,Uppsala University
https://researchdata.se/en/catalogue/dataset/doi-10-17044-scilifelab-28033793,OTHER,2025,Lund University
https://researchdata.se/en/catalogue/dataset/doi-10-17044-scilifelab-28062272,OTHER,2025,Karolinska Institutet
https://researchdata.se/en/catalogue/dataset/doi-10-17044-scilifelab-28212173,OTHER,2025,Swedish University of Agricultural Sciences
https://researchdata.se/en/catalogue/dataset/doi-10-17044-scilifelab-28202864,OTHER,2025,Uppsala University
https://researchdata.se/en/catalogue/dataset/doi-10-17044-scilifelab-28217918,OTHER,2025,Uppsala University
https://researchdata.se/en/catalogue/dataset/doi-10-17044-scilifelab-28210955,OTHER,2025,Swedish University of Agricultural Sciences
https://researchdata.se/en/catalogue/dataset/doi-10-17044-scilifelab-28211678,OTHER,2025,Linnaeus University
https://researchdata.se/en/catalogue/dataset/doi-10-17044-scilifelab-28327964,OTHER,2025,Stockholm University
https://researchdata.se/en/catalogue/dataset/doi-10-17044-scilifelab-28254575,OTHER,2025,Lund University
https://researchdata.se/en/catalogue/dataset/doi-10-17044-scilifelab-28263911,OTHER,2025,Lund University
https://researchdata.se/en/catalogue/dataset/doi-10-17044-scilifelab-28342484,OTHER,2025,Uppsala University
https://researchdata.se/en/catalogue/dataset/doi-10-17044-scilifelab-28367732,OTHER,2025,Uppsala University
https://researchdata.se/en/catalogue/dataset/doi-10-17044-scilifelab-28351367,OTHER,2025,Uppsala University
https://researchdata.se/en/catalogue/dataset/doi-10-17044-scilifelab-28380476,OTHER,2025,Stockholm University
https://researchdata.se/en/catalogue/dataset/doi-10-17044-scilifelab-28359677,OTHER,2025,Uppsala University
https://researchdata.se/en/catalogue/dataset/doi-10-17044-scilifelab-28661375,OTHER,2025,Stockholm University
https://researchdata.se/en/catalogue/dataset/doi-10-17044-scilifelab-28577390,OTHER,2025,Royal Institute of Technology
https://researchdata.se/en/catalogue/dataset/doi-10-17044-scilifelab-28746086,OTHER,2025,Stockholm University
https://researchdata.se/en/catalogue/dataset/doi-10-17044-scilifelab-28606814,OTHER,2025,Chalmers University of Technology
https://researchdata.se/en/catalogue/dataset/doi-10-17044-scilifelab-28711088,OTHER,2025,Umeå University
https://researchdata.se/en/catalogue/dataset/doi-10-17044-scilifelab-28832492,OTHER,2025,Uppsala University
https://researchdata.se/en/catalogue/dataset/doi-10-17044-scilifelab-28868468,OTHER,2025,Swedish Museum of Natural History
https://researchdata.se/en/catalogue/dataset/doi-10-17044-scilifelab-28869398,OTHER,2025,Uppsala University
https://researchdata.se/en/catalogue/dataset/doi-10-17044-scilifelab-28795805,OTHER,2025,Uppsala University
https://researchdata.se/en/catalogue/dataset/doi-10-17044-scilifelab-28673273,OTHER,2025,Royal Institute of Technology
https://researchdata.se/en/catalogue/dataset/doi-10-17044-scilifelab-29291642,OTHER,2025,Region Uppsala
https://researchdata.se/en/catalogue/dataset/doi-10-17044-scilifelab-29328587,OTHER,2025,Uppsala University
https://researchdata.se/en/catalogue/dataset/doi-10-17044-scilifelab-29392007,OTHER,2025,Umeå University
https://researchdata.se/en/catalogue/dataset/doi-10-17044-scilifelab-29444201,OTHER,2025,SciLifeLab
https://researchdata.se/en/catalogue/dataset/doi-10-17044-scilifelab-29128325,OTHER,2025,University of Gothenburg
https://researchdata.se/en/catalogue/dataset/doi-10-17044-scilifelab-29666605,OTHER,2025,Swedish Museum of Natural History
https://researchdata.se/en/catalogue/dataset/doi-10-17044-scilifelab-29479973,OTHER,2025,Luleå University of Technology
https://researchdata.se/en/catalogue/dataset/doi-10-17044-scilifelab-29835419,OTHER,2025,Uppsala University
https://researchdata.se/en/catalogue/dataset/doi-10-17044-scilifelab-29686349,OTHER,2025,University of Gothenburg
https://researchdata.se/en/catalogue/dataset/doi-10-17044-scilifelab-30084331,OTHER,2025,Uppsala University
https://researchdata.se/en/catalogue/dataset/doi-10-17044-scilifelab-30009196,OTHER,2025,Uppsala University
https://researchdata.se/en/catalogue/dataset/doi-10-17044-scilifelab-30084382,OTHER,2025,Uppsala University
https://researchdata.se/en/catalogue/dataset/doi-10-17045-sthlmuni-10318046,OTHER,2019,Stockholm University
https://researchdata.se/en/catalogue/dataset/doi-10-17044-scilifelab-30103798,OTHER,2025,Uppsala University
https://researchdata.se/en/catalogue/dataset/doi-10-17044-scilifelab-30138382,OTHER,2025,Uppsala University
https://researchdata.se/en/catalogue/dataset/doi-10-17045-sthlmuni-11558187,OTHER,2020,Stockholm University
https://researchdata.se/en/catalogue/dataset/doi-10-17045-sthlmuni-11576505,OTHER,2020,Stockholm University
https://researchdata.se/en/catalogue/dataset/doi-10-17045-sthlmuni-11359673,OTHER,2019,Stockholm University
https://researchdata.se/en/catalogue/dataset/doi-10-17045-sthlmuni-11897850,OTHER,2020,Stockholm University
https://researchdata.se/en/catalogue/dataset/doi-10-17045-sthlmuni-10318610,OTHER,2019,Stockholm University
https://researchdata.se/en/catalogue/dataset/doi-10-17045-sthlmuni-11920242,OTHER,2020,Stockholm University
https://researchdata.se/en/catalogue/dataset/doi-10-17045-sthlmuni-12248576,OTHER,2020,Stockholm University
https://researchdata.se/en/catalogue/dataset/doi-10-17045-sthlmuni-12378125,OTHER,2020,Stockholm University
https://researchdata.se/en/catalogue/dataset/doi-10-17045-sthlmuni-13211204,OTHER,2021,Stockholm University
https://researchdata.se/en/catalogue/dataset/doi-10-17045-sthlmuni-14610381,OTHER,2022,Stockholm University
https://researchdata.se/en/catalogue/dataset/doi-10-17045-sthlmuni-12962963,OTHER,2023,Stockholm University
https://researchdata.se/en/catalogue/dataset/doi-10-17045-sthlmuni-14260211,OTHER,2021,Stockholm University
https://researchdata.se/en/catalogue/dataset/doi-10-17045-sthlmuni-12582002,OTHER,2020,Stockholm University
https://researchdata.se/en/catalogue/dataset/doi-10-17045-sthlmuni-13143158,OTHER,2020,Stockholm University
https://researchdata.se/en/catalogue/dataset/doi-10-17045-sthlmuni-13182563,OTHER,2020,Stockholm University
https://researchdata.se/en/catalogue/dataset/doi-10-17045-sthlmuni-14980251,OTHER,2021,Stockholm University
https://researchdata.se/en/catalogue/dataset/doi-10-17045-sthlmuni-14614263,OTHER,2021,Stockholm University
https://researchdata.se/en/catalogue/dataset/doi-10-17045-sthlmuni-14891607,OTHER,2022,Stockholm University
https://researchdata.se/en/catalogue/dataset/doi-10-17045-sthlmuni-14784924,OTHER,2022,Stockholm University
https://researchdata.se/en/catalogue/dataset/doi-10-17045-sthlmuni-16573364,OTHER,2022,Stockholm University
https://researchdata.se/en/catalogue/dataset/doi-10-17045-sthlmuni-17032511,OTHER,2022,Stockholm University
https://researchdata.se/en/catalogue/dataset/doi-10-17045-sthlmuni-17032724,OTHER,2022,Stockholm University
https://researchdata.se/en/catalogue/dataset/doi-10-17045-sthlmuni-19173965,OTHER,2022,Stockholm University
https://researchdata.se/en/catalogue/dataset/doi-10-17045-sthlmuni-2000796,OTHER,2015,Stockholm University
https://researchdata.se/en/catalogue/dataset/doi-10-17045-sthlmuni-19174268,OTHER,2022,Stockholm University
https://researchdata.se/en/catalogue/dataset/doi-10-17045-sthlmuni-2000799,OTHER,2015,Stockholm University
https://researchdata.se/en/catalogue/dataset/doi-10-17045-sthlmuni-20418804,OTHER,2022,Stockholm University
https://researchdata.se/en/catalogue/dataset/doi-10-17045-sthlmuni-21354195,OTHER,2023,Stockholm University
https://researchdata.se/en/catalogue/dataset/doi-10-17045-sthlmuni-21360978,OTHER,2022,Stockholm University
https://researchdata.se/en/catalogue/dataset/doi-10-17045-sthlmuni-21311154,OTHER,2023,Stockholm University
https://researchdata.se/en/catalogue/dataset/doi-10-17045-sthlmuni-21362397,OTHER,2022,Stockholm University
https://researchdata.se/en/catalogue/dataset/doi-10-17045-sthlmuni-21724262,OTHER,2023,Stockholm University
https://researchdata.se/en/catalogue/dataset/doi-10-17045-sthlmuni-22193683,OTHER,2023,Stockholm University
https://researchdata.se/en/catalogue/dataset/doi-10-17045-sthlmuni-22555525,OTHER,2025,Stockholm University
https://researchdata.se/en/catalogue/dataset/doi-10-17045-sthlmuni-22555465,OTHER,2025,Stockholm University
https://researchdata.se/en/catalogue/dataset/doi-10-17045-sthlmuni-13067018,OTHER,2021,Stockholm University
https://researchdata.se/en/catalogue/dataset/doi-10-17045-sthlmuni-22756400,OTHER,2023,Stockholm University
https://researchdata.se/en/catalogue/dataset/doi-10-17045-sthlmuni-23295626,OTHER,2023,Stockholm University
https://researchdata.se/en/catalogue/dataset/doi-10-17045-sthlmuni-24324886,OTHER,2023,Stockholm University
https://researchdata.se/en/catalogue/dataset/doi-10-17045-sthlmuni-22555474,OTHER,2025,Stockholm University
https://researchdata.se/en/catalogue/dataset/doi-10-17045-sthlmuni-23735529,OTHER,2024,Stockholm University
https://researchdata.se/en/catalogue/dataset/doi-10-17045-sthlmuni-24247090,OTHER,2023,Stockholm University
https://researchdata.se/en/catalogue/dataset/doi-10-17045-sthlmuni-25650579,OTHER,2024,Stockholm University
https://researchdata.se/en/catalogue/dataset/doi-10-17045-sthlmuni-25610217,OTHER,2024,Stockholm University
https://researchdata.se/en/catalogue/dataset/doi-10-17045-sthlmuni-25794087,OTHER,2024,Stockholm University
https://researchdata.se/en/catalogue/dataset/doi-10-17045-sthlmuni-27939792,OTHER,2025,Stockholm University
https://researchdata.se/en/catalogue/dataset/doi-10-17045-sthlmuni-28052888,OTHER,2025,Stockholm University
https://researchdata.se/en/catalogue/dataset/doi-10-17045-sthlmuni-27283353,OTHER,2025,Stockholm University
https://researchdata.se/en/catalogue/dataset/doi-10-17045-sthlmuni-29117846,OTHER,2025,Stockholm University
https://researchdata.se/en/catalogue/dataset/doi-10-17045-sthlmuni-26267995,OTHER,2024,Stockholm University
https://researchdata.se/en/catalogue/dataset/doi-10-17045-sthlmuni-28152689,OTHER,2025,Stockholm University
https://researchdata.se/en/catalogue/dataset/doi-10-17045-sthlmuni-29802809,OTHER,2025,Stockholm University
https://researchdata.se/en/catalogue/dataset/doi-10-17045-sthlmuni-23609580,OTHER,2023,Stockholm University
https://researchdata.se/en/catalogue/dataset/doi-10-17045-sthlmuni-29910311,OTHER,2025,Stockholm University
https://researchdata.se/en/catalogue/dataset/doi-10-17045-sthlmuni-28615514,OTHER,2025,Stockholm University
https://researchdata.se/en/catalogue/dataset/doi-10-17045-sthlmuni-28824275,OTHER,2025,Stockholm University
https://researchdata.se/en/catalogue/dataset/doi-10-17045-sthlmuni-3119662,OTHER,2016,Stockholm University
https://researchdata.se/en/catalogue/dataset/doi-10-17045-sthlmuni-30040633,OTHER,2025,Stockholm University
https://researchdata.se/en/catalogue/dataset/doi-10-17045-sthlmuni-30122545,OTHER,2025,Stockholm University
https://researchdata.se/en/catalogue/dataset/doi-10-17045-sthlmuni-3171646,OTHER,2016,Stockholm University
https://researchdata.se/en/catalogue/dataset/doi-10-17045-sthlmuni-3171829,OTHER,2016,Stockholm University
https://researchdata.se/en/catalogue/dataset/doi-10-17045-sthlmuni-3171838,OTHER,2016,Stockholm University
https://researchdata.se/en/catalogue/dataset/doi-10-17045-sthlmuni-3171862,OTHER,2016,Stockholm University
https://researchdata.se/en/catalogue/dataset/doi-10-17045-sthlmuni-3171847,OTHER,2016,Stockholm University
https://researchdata.se/en/catalogue/dataset/doi-10-17045-sthlmuni-3171856,OTHER,2016,Stockholm University
https://researchdata.se/en/catalogue/dataset/doi-10-17045-sthlmuni-3171883,OTHER,2016,Stockholm University
https://researchdata.se/en/catalogue/dataset/doi-10-17045-sthlmuni-3171868,OTHER,2016,Stockholm University
https://researchdata.se/en/catalogue/dataset/doi-10-17045-sthlmuni-3171871,OTHER,2016,Stockholm University
https://researchdata.se/en/catalogue/dataset/doi-10-17045-sthlmuni-3171907,OTHER,2016,Stockholm University
https://researchdata.se/en/catalogue/dataset/doi-10-17045-sthlmuni-3171898,OTHER,2016,Stockholm University
https://researchdata.se/en/catalogue/dataset/doi-10-17045-sthlmuni-3171892,OTHER,2016,Stockholm University
https://researchdata.se/en/catalogue/dataset/doi-10-17045-sthlmuni-3171925,OTHER,2016,Stockholm University
https://researchdata.se/en/catalogue/dataset/doi-10-17045-sthlmuni-3171886,OTHER,2016,Stockholm University
https://researchdata.se/en/catalogue/dataset/doi-10-17045-sthlmuni-3171916,OTHER,2016,Stockholm University
https://researchdata.se/en/catalogue/dataset/doi-10-17045-sthlmuni-3171934,OTHER,2016,Stockholm University
https://researchdata.se/en/catalogue/dataset/doi-10-17045-sthlmuni-3171931,OTHER,2016,Stockholm University
https://researchdata.se/en/catalogue/dataset/doi-10-17045-sthlmuni-3171940,OTHER,2016,Stockholm University
https://researchdata.se/en/catalogue/dataset/doi-10-17045-sthlmuni-3171937,OTHER,2016,Stockholm University
https://researchdata.se/en/catalogue/dataset/doi-10-17045-sthlmuni-3171943,OTHER,2016,Stockholm University
https://researchdata.se/en/catalogue/dataset/doi-10-17045-sthlmuni-3171946,OTHER,2016,Stockholm University
https://researchdata.se/en/catalogue/dataset/doi-10-17045-sthlmuni-3171952,OTHER,2016,Stockholm University
https://researchdata.se/en/catalogue/dataset/doi-10-17045-sthlmuni-3171949,OTHER,2016,Stockholm University
https://researchdata.se/en/catalogue/dataset/doi-10-17045-sthlmuni-3171961,OTHER,2016,Stockholm University
https://researchdata.se/en/catalogue/dataset/doi-10-17045-sthlmuni-3171967,OTHER,2016,Stockholm University
https://researchdata.se/en/catalogue/dataset/doi-10-17045-sthlmuni-3171964,OTHER,2016,Stockholm University
https://researchdata.se/en/catalogue/dataset/doi-10-17045-sthlmuni-3171958,OTHER,2016,Stockholm University
https://researchdata.se/en/catalogue/dataset/doi-10-17045-sthlmuni-3198700,OTHER,2016,Stockholm University
https://researchdata.se/en/catalogue/dataset/doi-10-17045-sthlmuni-3171970,OTHER,2016,Stockholm University
https://researchdata.se/en/catalogue/dataset/doi-10-17045-sthlmuni-3207787,OTHER,2016,Stockholm University
https://researchdata.se/en/catalogue/dataset/doi-10-17045-sthlmuni-3393493,OTHER,2016,Stockholm University
https://researchdata.se/en/catalogue/dataset/doi-10-17045-sthlmuni-4216869,OTHER,2016,Stockholm University
https://researchdata.se/en/catalogue/dataset/doi-10-17045-sthlmuni-4246631,OTHER,2016,Stockholm University
https://researchdata.se/en/catalogue/dataset/doi-10-17045-sthlmuni-4246691,OTHER,2016,Stockholm University
https://researchdata.se/en/catalogue/dataset/doi-10-17045-sthlmuni-4229399,OTHER,2016,Stockholm University
https://researchdata.se/en/catalogue/dataset/doi-10-17045-sthlmuni-4253402,OTHER,2016,Stockholm University
https://researchdata.se/en/catalogue/dataset/doi-10-17045-sthlmuni-4649854,OTHER,2017,Stockholm University
https://researchdata.se/en/catalogue/dataset/doi-10-17045-sthlmuni-4789408,OTHER,2017,Stockholm University
https://researchdata.se/en/catalogue/dataset/doi-10-17045-sthlmuni-5171860,OTHER,2017,Stockholm University
https://researchdata.se/en/catalogue/dataset/doi-10-17045-sthlmuni-4801627,OTHER,2017,Stockholm University
https://researchdata.se/en/catalogue/dataset/doi-10-17045-sthlmuni-4989773,OTHER,2017,Stockholm University
https://researchdata.se/en/catalogue/dataset/doi-10-17045-sthlmuni-5178415,OTHER,2017,Stockholm University
https://researchdata.se/en/catalogue/dataset/doi-10-17045-sthlmuni-4254335,OTHER,2016,Stockholm University
https://researchdata.se/en/catalogue/dataset/doi-10-17045-sthlmuni-5514127,OTHER,2017,Stockholm University
https://researchdata.se/en/catalogue/dataset/doi-10-17045-sthlmuni-5480962,OTHER,2017,Stockholm University
https://researchdata.se/en/catalogue/dataset/doi-10-17045-sthlmuni-5178424,OTHER,2017,Stockholm University
https://researchdata.se/en/catalogue/dataset/doi-10-17045-sthlmuni-5616304,OTHER,2017,Stockholm University
https://researchdata.se/en/catalogue/dataset/doi-10-17045-sthlmuni-5734887,OTHER,2017,Stockholm University
https://researchdata.se/en/catalogue/dataset/doi-10-17045-sthlmuni-5468455,OTHER,2017,Stockholm University
https://researchdata.se/en/catalogue/dataset/doi-10-17045-sthlmuni-5607112,OTHER,2017,Stockholm University
https://researchdata.se/en/catalogue/dataset/doi-10-17045-sthlmuni-5857716,OTHER,2018,Stockholm University
https://researchdata.se/en/catalogue/dataset/doi-10-17045-sthlmuni-6181766,OTHER,2018,Stockholm University
https://researchdata.se/en/catalogue/dataset/doi-10-17045-sthlmuni-6181760,OTHER,2018,Stockholm University
https://researchdata.se/en/catalogue/dataset/doi-10-17045-sthlmuni-6181772,OTHER,2018,Stockholm University
https://researchdata.se/en/catalogue/dataset/doi-10-17045-sthlmuni-6181763,OTHER,2018,Stockholm University
https://researchdata.se/en/catalogue/dataset/doi-10-17045-sthlmuni-6384200,OTHER,2018,Stockholm University
https://researchdata.se/en/catalogue/dataset/doi-10-17045-sthlmuni-7072139,OTHER,2018,Stockholm University
https://researchdata.se/en/catalogue/dataset/doi-10-17045-sthlmuni-7016369,OTHER,2018,Stockholm University
https://researchdata.se/en/catalogue/dataset/doi-10-17045-sthlmuni-6075923,OTHER,2018,Stockholm University
https://researchdata.se/en/catalogue/dataset/doi-10-17045-sthlmuni-7117430,OTHER,2018,Stockholm University
https://researchdata.se/en/catalogue/dataset/doi-10-17045-sthlmuni-7165300,OTHER,2018,Stockholm University
https://researchdata.se/en/catalogue/dataset/doi-10-17045-sthlmuni-7177040,OTHER,2018,Stockholm University
https://researchdata.se/en/catalogue/dataset/doi-10-17045-sthlmuni-7364063,OTHER,2018,Stockholm University
https://researchdata.se/en/catalogue/dataset/doi-10-17045-sthlmuni-7364039,OTHER,2018,Stockholm University
https://researchdata.se/en/catalogue/dataset/doi-10-17045-sthlmuni-7364036,OTHER,2018,Stockholm University
https://researchdata.se/en/catalogue/dataset/doi-10-17045-sthlmuni-7265675,OTHER,2018,Stockholm University
https://researchdata.se/en/catalogue/dataset/doi-10-17045-sthlmuni-7364033,OTHER,2018,Stockholm University
https://researchdata.se/en/catalogue/dataset/doi-10-17045-sthlmuni-7364042,OTHER,2018,Stockholm University
https://researchdata.se/en/catalogue/dataset/doi-10-17045-sthlmuni-7642343,OTHER,2019,Stockholm University
https://researchdata.se/en/catalogue/dataset/doi-10-17045-sthlmuni-7324898,OTHER,2018,Stockholm University
https://researchdata.se/en/catalogue/dataset/doi-10-17045-sthlmuni-7658315,OTHER,2019,Stockholm University
https://researchdata.se/en/catalogue/dataset/doi-10-17045-sthlmuni-8051717,OTHER,2019,Stockholm University
https://researchdata.se/en/catalogue/dataset/doi-10-17045-sthlmuni-7642463,OTHER,2019,Stockholm University
https://researchdata.se/en/catalogue/dataset/doi-10-17045-sthlmuni-7886641,OTHER,2019,Stockholm University
https://researchdata.se/en/catalogue/dataset/doi-10-17045-sthlmuni-8386652,OTHER,2019,Stockholm University
https://researchdata.se/en/catalogue/dataset/doi-10-17045-sthlmuni-9488804,OTHER,2019,Stockholm University
https://researchdata.se/en/catalogue/dataset/doi-10-17045-sthlmuni-8281406,OTHER,2019,Stockholm University
https://researchdata.se/en/catalogue/dataset/doi-10-17045-sthlmuni-9577118,OTHER,2019,Stockholm University
https://researchdata.se/en/catalogue/dataset/doi-10-17045-sthlmuni-9577454,OTHER,2022,Stockholm University
https://researchdata.se/en/catalogue/dataset/doi-10-17045-sthlmuni-5938246,OTHER,2018,Stockholm University
https://researchdata.se/en/catalogue/dataset/doi-10-17045-sthlmuni-9601187,OTHER,2019,Stockholm University
https://researchdata.se/en/catalogue/dataset/doi-10-17045-sthlmuni-9724280,OTHER,2019,Stockholm University
https://researchdata.se/en/catalogue/dataset/doi-10-17196-novac-copahue-001,OTHER,2020,Chalmers University of Technology
https://researchdata.se/en/catalogue/dataset/doi-10-17045-sthlmuni-9907991,OTHER,2019,Stockholm University
https://researchdata.se/en/catalogue/dataset/doi-10-17196-novac-concepcion-001,OTHER,2020,Chalmers University of Technology
https://researchdata.se/en/catalogue/dataset/doi-10-17196-novac-arenal-001,OTHER,2020,Chalmers University of Technology
https://researchdata.se/en/catalogue/dataset/doi-10-17196-novac-fuegoguatemala-001,OTHER,2020,Chalmers University of Technology
https://researchdata.se/en/catalogue/dataset/doi-10-17196-novac-cotopaxi-001,OTHER,2020,Chalmers University of Technology
https://researchdata.se/en/catalogue/dataset/doi-10-17196-novac-fuegodecolima-001,OTHER,2020,Chalmers University of Technology
https://researchdata.se/en/catalogue/dataset/doi-10-17196-novac-etna-001,OTHER,2020,Chalmers University of Technology
https://researchdata.se/en/catalogue/dataset/doi-10-17196-novac-llaima-001,OTHER,2020,Chalmers University of Technology
https://researchdata.se/en/catalogue/dataset/doi-10-17196-novac-isluga-001,OTHER,2020,Chalmers University of Technology
https://researchdata.se/en/catalogue/dataset/doi-10-17196-novac-mayon-001,OTHER,2020,Chalmers University of Technology
https://researchdata.se/en/catalogue/dataset/doi-10-17196-novac-lascar-001,OTHER,2020,Chalmers University of Technology
https://researchdata.se/en/catalogue/dataset/doi-10-17196-novac-galeras-001,OTHER,2020,Chalmers University of Technology
https://researchdata.se/en/catalogue/dataset/doi-10-17196-novac-masaya-001,OTHER,2020,Chalmers University of Technology
https://researchdata.se/en/catalogue/dataset/doi-10-17196-novac-pitondelafournaise-001,OTHER,2020,Chalmers University of Technology
https://researchdata.se/en/catalogue/dataset/doi-10-17196-novac-momotombo-001,OTHER,2020,Chalmers University of Technology
https://researchdata.se/en/catalogue/dataset/doi-10-17196-novac-nevadodelruiz-001,OTHER,2020,Chalmers University of Technology
https://researchdata.se/en/catalogue/dataset/doi-10-17196-novac-sabancaya-001,OTHER,2020,Chalmers University of Technology
https://researchdata.se/en/catalogue/dataset/doi-10-17196-novac-popocatepetl-001,OTHER,2020,Chalmers University of Technology
https://researchdata.se/en/catalogue/dataset/doi-10-17196-novac-nyiragongo-001,OTHER,2020,Chalmers University of Technology
https://researchdata.se/en/catalogue/dataset/doi-10-17196-novac-sancristobal-001,OTHER,2020,Chalmers University of Technology
https://researchdata.se/en/catalogue/dataset/doi-10-17196-novac-planchonpeteroa-001,OTHER,2020,Chalmers University of Technology
https://researchdata.se/en/catalogue/dataset/doi-10-17196-novac-sanmiguel-001,OTHER,2020,Chalmers University of Technology
https://researchdata.se/en/catalogue/dataset/doi-10-17196-novac-sangay-001,OTHER,2020,Chalmers University of Technology
https://researchdata.se/en/catalogue/dataset/doi-10-17196-novac-telica-001,OTHER,2020,Chalmers University of Technology
https://researchdata.se/en/catalogue/dataset/doi-10-17196-novac-santiaguito-001,OTHER,2020,Chalmers University of Technology
https://researchdata.se/en/catalogue/dataset/doi-10-17196-novac-santaana-001,OTHER,2020,Chalmers University of Technology
https://researchdata.se/en/catalogue/dataset/doi-10-17196-novac-tungurahua-001,OTHER,2020,Chalmers University of Technology
https://researchdata.se/en/catalogue/dataset/doi-10-17196-novac-turrialba-001,OTHER,2020,Chalmers University of Technology
https://researchdata.se/en/catalogue/dataset/doi-10-17196-novac-sinabung-001,OTHER,2020,Chalmers University of Technology
https://researchdata.se/en/catalogue/dataset/doi-10-17196-novac-ubinas-001,OTHER,2020,Chalmers University of Technology
https://researchdata.se/en/catalogue/dataset/doi-10-17196-novac-vulcano-001,OTHER,2020,Chalmers University of Technology
https://researchdata.se/en/catalogue/dataset/doi-10-17197-folknetdb-v01,OTHER,2022,Umeå University
https://researchdata.se/en/catalogue/dataset/doi-10-17196-novac-villarrica-001,OTHER,2020,Chalmers University of Technology
https://researchdata.se/en/catalogue/dataset/doi-10-17197-sumfolkdb-v01,OTHER,2021,Umeå University
https://researchdata.se/en/catalogue/dataset/doi-10-17197-u14017,OTHER,2017,Umeå University
https://researchdata.se/en/catalogue/dataset/doi-10-17197-sumfolkdb-v01-02,OTHER,2022,Umeå University
https://researchdata.se/en/catalogue/dataset/doi-10-17197-sumfolkdb-v01-03,OTHER,2023,Umeå University
https://researchdata.se/en/catalogue/dataset/doi-10-17197-u14005,OTHER,2014,Umeå University
https://researchdata.se/en/catalogue/dataset/doi-10-17197-u14015,OTHER,2017,Umeå University
https://researchdata.se/en/catalogue/dataset/doi-10-17197-u15014,OTHER,2015,Umeå University
https://researchdata.se/en/catalogue/dataset/doi-10-17197-tabellverket-v01,OTHER,2025,Umeå University
https://researchdata.se/en/catalogue/dataset/doi-10-17197-u15002,OTHER,2018,Umeå University
https://researchdata.se/en/catalogue/dataset/doi-10-17197-u16010,OTHER,2021,Umeå University
https://researchdata.se/en/catalogue/dataset/doi-10-17197-u16003,OTHER,2017,Umeå University
https://researchdata.se/en/catalogue/dataset/doi-10-17197-u19005,OTHER,2019,Umeå University
https://researchdata.se/en/catalogue/dataset/doi-10-17197-u19007,OTHER,2019,Umeå University
https://researchdata.se/en/catalogue/dataset/doi-10-17197-u17003,OTHER,2018,Umeå University
https://researchdata.se/en/catalogue/dataset/doi-10-17197-u16018,OTHER,2018,Umeå University
https://researchdata.se/en/catalogue/dataset/doi-10-17197-u17004,OTHER,2019,Umeå University
https://researchdata.se/en/catalogue/dataset/doi-10-17197-u19010,OTHER,2019,Umeå University
https://researchdata.se/en/catalogue/dataset/doi-10-17197-u19011,OTHER,2019,Umeå University
https://researchdata.se/en/catalogue/dataset/doi-10-17197-u19012,OTHER,2019,Umeå University
https://researchdata.se/en/catalogue/dataset/doi-10-17197-u20002,OTHER,2024,Umeå University
https://researchdata.se/en/catalogue/dataset/doi-10-17197-u20001,OTHER,2020,Umeå University
https://researchdata.se/en/catalogue/dataset/doi-10-17197-u19013,OTHER,2020,Umeå University
https://researchdata.se/en/catalogue/dataset/doi-10-17197-u19014,OTHER,2020,Umeå University
https://researchdata.se/en/catalogue/dataset/doi-10-17197-u21002,OTHER,2022,Umeå University
https://researchdata.se/en/catalogue/dataset/doi-10-17197-u21001,OTHER,2020,Umeå University
https://researchdata.se/en/catalogue/dataset/doi-10-17197-u21006,OTHER,2021,Umeå University
https://researchdata.se/en/catalogue/dataset/doi-10-17197-u20006,OTHER,2021,Umeå University
https://researchdata.se/en/catalogue/dataset/doi-10-17197-u20003,OTHER,2021,Umeå University
https://researchdata.se/en/catalogue/dataset/doi-10-17197-u21005,OTHER,2022,Umeå University
https://researchdata.se/en/catalogue/dataset/doi-10-17197-u21003,OTHER,2021,Umeå University
https://researchdata.se/en/catalogue/dataset/doi-10-17197-u21008,OTHER,2023,Umeå University
https://researchdata.se/en/catalogue/dataset/doi-10-17197-u21010,OTHER,2022,Umeå University
https://researchdata.se/en/catalogue/dataset/doi-10-17197-u22002,OTHER,2022,Umeå University
https://researchdata.se/en/catalogue/dataset/doi-10-17197-u21009,OTHER,2022,Umeå University
https://researchdata.se/en/catalogue/dataset/doi-10-17197-u22003,OTHER,2022,Umeå University
https://researchdata.se/en/catalogue/dataset/doi-10-17197-u22005,OTHER,2023,Umeå University
https://researchdata.se/en/catalogue/dataset/doi-10-17197-u22006,OTHER,2023,Umeå University
https://researchdata.se/en/catalogue/dataset/doi-10-17197-u22004,OTHER,2022,Umeå University
https://researchdata.se/en/catalogue/dataset/doi-10-17197-u23004,OTHER,2025,Umeå University
https://researchdata.se/en/catalogue/dataset/doi-10-17197-u23001,OTHER,2023,Umeå University
https://researchdata.se/en/catalogue/dataset/doi-10-17197-u23002,OTHER,2023,Umeå University
https://researchdata.se/en/catalogue/dataset/doi-10-17197-u23003,OTHER,2023,Umeå University
https://researchdata.se/en/catalogue/dataset/doi-10-17197-u24006,OTHER,2024,Umeå University
https://researchdata.se/en/catalogue/dataset/doi-10-17197-u24001,OTHER,2024,Umeå University
https://researchdata.se/en/catalogue/dataset/doi-10-17197-u25006,OTHER,2025,Umeå University
https://researchdata.se/en/catalogue/dataset/doi-10-18161-data-selection-201806,OTHER,2018,Lund University
https://researchdata.se/en/catalogue/dataset/doi-10-18159-kir-ebi23,OTHER,2024,Uppsala University
https://researchdata.se/en/catalogue/dataset/doi-10-17197-u24010,OTHER,2024,Umeå University
https://researchdata.se/en/catalogue/dataset/doi-10-17197-u24009,OTHER,2025,Umeå University
https://researchdata.se/en/catalogue/dataset/doi-10-18161-late-blight-201703,OTHER,2017,Lund University
https://researchdata.se/en/catalogue/dataset/doi-10-18161-plum-energy-201708,OTHER,2017,Lund University
https://researchdata.se/en/catalogue/dataset/doi-10-18159-snsn,OTHER,1904,Uppsala University
https://researchdata.se/en/catalogue/dataset/doi-10-18161-habitat-201412,OTHER,2014,Lund University
https://researchdata.se/en/catalogue/dataset/doi-10-18161-lpj-guess-plum-201708,OTHER,2017,Lund University
https://researchdata.se/en/catalogue/dataset/doi-10-18161-plum-normative-201801,OTHER,2018,Lund University
https://researchdata.se/en/catalogue/dataset/doi-10-18161-popcount-201610,OTHER,2016,Lund University
https://researchdata.se/en/catalogue/dataset/doi-10-18161-plum-201610,OTHER,2016,Lund University
https://researchdata.se/en/catalogue/dataset/doi-10-17197-u21011,OTHER,2022,Umeå University
https://researchdata.se/en/catalogue/dataset/doi-10-18161-20211127,OTHER,2021,Lund University
https://researchdata.se/en/catalogue/dataset/doi-10-17197-u21012,OTHER,2021,Umeå University
https://researchdata.se/en/catalogue/dataset/doi-10-23695-023m-bz06,OTHER,2024,University of Gothenburg
https://researchdata.se/en/catalogue/dataset/doi-10-23695-003p-v797,OTHER,2024,University of Gothenburg
https://researchdata.se/en/catalogue/dataset/doi-10-23695-01fn-eg73,OTHER,2024,University of Gothenburg
https://researchdata.se/en/catalogue/dataset/doi-10-18161-sahel-npp-201712,OTHER,2017,Lund University
https://researchdata.se/en/catalogue/dataset/doi-10-23695-03qh-wv31,OTHER,2024,University of Gothenburg
https://researchdata.se/en/catalogue/dataset/doi-10-23695-03hy-ms24,OTHER,2024,University of Gothenburg
https://researchdata.se/en/catalogue/dataset/doi-10-23695-049f-9128,OTHER,2024,University of Gothenburg
https://researchdata.se/en/catalogue/dataset/doi-10-23695-029y-4n91,OTHER,2024,University of Gothenburg
https://researchdata.se/en/catalogue/dataset/doi-10-23695-046y-4x63,OTHER,2024,University of Gothenburg
https://researchdata.se/en/catalogue/dataset/doi-10-23695-069m-gb32,OTHER,2024,University of Gothenburg
https://researchdata.se/en/catalogue/dataset/doi-10-23695-02a1-3j98,OTHER,2024,University of Gothenburg
https://researchdata.se/en/catalogue/dataset/doi-10-23695-04eg-vn94,OTHER,2024,University of Gothenburg
https://researchdata.se/en/catalogue/dataset/doi-10-23695-08e8-n308,OTHER,2024,University of Gothenburg
https://researchdata.se/en/catalogue/dataset/doi-10-23695-0a0d-ta39,OTHER,2024,University of Gothenburg
https://researchdata.se/en/catalogue/dataset/doi-10-23695-0ap4-8p12,OTHER,2024,University of Gothenburg
https://researchdata.se/en/catalogue/dataset/doi-10-23695-0fm6-ah89,OTHER,2024,University of Gothenburg
https://researchdata.se/en/catalogue/dataset/doi-10-23695-0g1x-ty49,OTHER,2024,University of Gothenburg
https://researchdata.se/en/catalogue/dataset/doi-10-23695-07b4-5k60,OTHER,2024,University of Gothenburg
https://researchdata.se/en/catalogue/dataset/doi-10-23695-0a87-5a64,OTHER,2024,University of Gothenburg
https://researchdata.se/en/catalogue/dataset/doi-10-23695-0axc-tr76,OTHER,2024,University of Gothenburg
https://researchdata.se/en/catalogue/dataset/doi-10-23695-0gf3-5042,OTHER,2024,University of Gothenburg
https://researchdata.se/en/catalogue/dataset/doi-10-23695-0cmj-s205,OTHER,2024,University of Gothenburg
https://researchdata.se/en/catalogue/dataset/doi-10-23695-0gpc-nd06,OTHER,2024,University of Gothenburg
https://researchdata.se/en/catalogue/dataset/doi-10-23695-0fqn-kz19,OTHER,2024,University of Gothenburg
https://researchdata.se/en/catalogue/dataset/doi-10-23695-0j57-m676,OTHER,2014,University of Gothenburg
https://researchdata.se/en/catalogue/dataset/doi-10-23695-0j9f-mh30,OTHER,2024,University of Gothenburg
https://researchdata.se/en/catalogue/dataset/doi-10-23695-0jfs-7130,OTHER,2024,University of Gothenburg
https://researchdata.se/en/catalogue/dataset/doi-10-23695-0ke8-7b63,OTHER,2024,University of Gothenburg
https://researchdata.se/en/catalogue/dataset/doi-10-23695-0m00-q343,OTHER,2024,University of Gothenburg
https://researchdata.se/en/catalogue/dataset/doi-10-23695-0ntm-yn82,OTHER,2024,University of Gothenburg
https://researchdata.se/en/catalogue/dataset/doi-10-23695-0mks-mq60,OTHER,2024,University of Gothenburg
https://researchdata.se/en/catalogue/dataset/doi-10-23695-0kcf-cj66,OTHER,2025,University of Gothenburg
https://researchdata.se/en/catalogue/dataset/doi-10-23695-0mje-3c58,OTHER,2024,University of Gothenburg
https://researchdata.se/en/catalogue/dataset/doi-10-23695-0nmd-rj22,OTHER,2024,University of Gothenburg
https://researchdata.se/en/catalogue/dataset/doi-10-23695-0nrc-m644,OTHER,2024,University of Gothenburg
https://researchdata.se/en/catalogue/dataset/doi-10-23695-0p69-k236,OTHER,2024,University of Gothenburg
https://researchdata.se/en/catalogue/dataset/doi-10-23695-0sbg-6e39,OTHER,2024,University of Gothenburg
https://researchdata.se/en/catalogue/dataset/doi-10-23695-0pf3-nm84,OTHER,2024,University of Gothenburg
https://researchdata.se/en/catalogue/dataset/doi-10-23695-0r1n-pg75,OTHER,2024,University of Gothenburg
https://researchdata.se/en/catalogue/dataset/doi-10-23695-0ydm-6421,OTHER,2024,University of Gothenburg
https://researchdata.se/en/catalogue/dataset/doi-10-23695-0t27-j271,OTHER,2024,University of Gothenburg
https://researchdata.se/en/catalogue/dataset/doi-10-23695-0pt7-8756,OTHER,2025,University of Gothenburg
https://researchdata.se/en/catalogue/dataset/doi-10-23695-0rhd-fk85,OTHER,2024,University of Gothenburg
https://researchdata.se/en/catalogue/dataset/doi-10-23695-0va9-h651,OTHER,2024,University of Gothenburg
https://researchdata.se/en/catalogue/dataset/doi-10-23695-0t3q-jw74,OTHER,2024,University of Gothenburg
https://researchdata.se/en/catalogue/dataset/doi-10-23695-11x5-jc48,OTHER,2024,University of Gothenburg
https://researchdata.se/en/catalogue/dataset/doi-10-23695-1180-jd12,OTHER,2024,University of Gothenburg
https://researchdata.se/en/catalogue/dataset/doi-10-23695-12d3-qb80,OTHER,2024,University of Gothenburg
https://researchdata.se/en/catalogue/dataset/doi-10-23695-0vj1-th09,OTHER,2024,University of Gothenburg
https://researchdata.se/en/catalogue/dataset/doi-10-23695-14nf-qq48,OTHER,2024,University of Gothenburg
https://researchdata.se/en/catalogue/dataset/doi-10-23695-18ws-bj95,OTHER,2024,University of Gothenburg
https://researchdata.se/en/catalogue/dataset/doi-10-23695-18nd-8m03,OTHER,2024,University of Gothenburg
https://researchdata.se/en/catalogue/dataset/doi-10-23695-195e-ye66,OTHER,2024,University of Gothenburg
https://researchdata.se/en/catalogue/dataset/doi-10-23695-1519-tt13,OTHER,2024,University of Gothenburg
https://researchdata.se/en/catalogue/dataset/doi-10-23695-1d8t-h181,OTHER,2024,University of Gothenburg
https://researchdata.se/en/catalogue/dataset/doi-10-23695-16c9-j562,OTHER,2024,University of Gothenburg
https://researchdata.se/en/catalogue/dataset/doi-10-23695-11xf-x609,OTHER,2024,University of Gothenburg
https://researchdata.se/en/catalogue/dataset/doi-10-23695-1er4-ss62,OTHER,2024,University of Gothenburg
https://researchdata.se/en/catalogue/dataset/doi-10-23695-1bfs-rt07,OTHER,2024,University of Gothenburg
https://researchdata.se/en/catalogue/dataset/doi-10-23695-1fd4-6282,OTHER,2024,University of Gothenburg
https://researchdata.se/en/catalogue/dataset/doi-10-23695-1dpv-5g36,OTHER,2024,University of Gothenburg
https://researchdata.se/en/catalogue/dataset/doi-10-23695-1ehc-c002,OTHER,2024,University of Gothenburg
https://researchdata.se/en/catalogue/dataset/doi-10-23695-1hz1-aj05,OTHER,2024,University of Gothenburg
https://researchdata.se/en/catalogue/dataset/doi-10-23695-1e3t-bs06,OTHER,2024,University of Gothenburg
https://researchdata.se/en/catalogue/dataset/doi-10-23695-1fdt-qz37,OTHER,2024,University of Gothenburg
https://researchdata.se/en/catalogue/dataset/doi-10-23695-1jgq-hx49,OTHER,2024,University of Gothenburg
https://researchdata.se/en/catalogue/dataset/doi-10-23695-1k29-qb51,OTHER,2024,University of Gothenburg
https://researchdata.se/en/catalogue/dataset/doi-10-23695-1jj1-nb93,OTHER,2024,University of Gothenburg
https://researchdata.se/en/catalogue/dataset/doi-10-23695-1ndc-y551,OTHER,2024,University of Gothenburg
https://researchdata.se/en/catalogue/dataset/doi-10-23695-1kwa-nm03,OTHER,2024,University of Gothenburg
https://researchdata.se/en/catalogue/dataset/doi-10-23695-1m0f-ka19,OTHER,2024,University of Gothenburg
https://researchdata.se/en/catalogue/dataset/doi-10-23695-1n42-tx42,OTHER,2024,University of Gothenburg
https://researchdata.se/en/catalogue/dataset/doi-10-23695-1q04-8m57,OTHER,2024,University of Gothenburg
https://researchdata.se/en/catalogue/dataset/doi-10-23695-1pkr-7m91,OTHER,2024,University of Gothenburg
https://researchdata.se/en/catalogue/dataset/doi-10-23695-1nve-4b51,OTHER,2024,University of Gothenburg
https://researchdata.se/en/catalogue/dataset/doi-10-23695-1ttf-cr05,OTHER,2024,University of Gothenburg
https://researchdata.se/en/catalogue/dataset/doi-10-23695-1vhf-d835,OTHER,2024,University of Gothenburg
https://researchdata.se/en/catalogue/dataset/doi-10-23695-1sfc-nn30,OTHER,2024,University of Gothenburg
https://researchdata.se/en/catalogue/dataset/doi-10-23695-1vsj-hj52,OTHER,2024,University of Gothenburg
https://researchdata.se/en/catalogue/dataset/doi-10-23695-1xbp-3786,OTHER,2024,University of Gothenburg
https://researchdata.se/en/catalogue/dataset/doi-10-23695-1vxz-m353,OTHER,2024,University of Gothenburg
https://researchdata.se/en/catalogue/dataset/doi-10-23695-1xrt-5b33,OTHER,2024,University of Gothenburg
https://researchdata.se/en/catalogue/dataset/doi-10-23695-1wx4-3q64,OTHER,2024,University of Gothenburg
https://researchdata.se/en/catalogue/dataset/doi-10-23695-1yyf-6409,OTHER,2024,University of Gothenburg
https://researchdata.se/en/catalogue/dataset/doi-10-23695-1ycx-es12,OTHER,2025,University of Gothenburg
https://researchdata.se/en/catalogue/dataset/doi-10-23695-205x-2r74,OTHER,2024,University of Gothenburg
https://researchdata.se/en/catalogue/dataset/doi-10-23695-1ykn-nt41,OTHER,2024,University of Gothenburg
https://researchdata.se/en/catalogue/dataset/doi-10-23695-219y-kv21,OTHER,2024,University of Gothenburg
https://researchdata.se/en/catalogue/dataset/doi-10-23695-217t-f250,OTHER,2024,University of Gothenburg
https://researchdata.se/en/catalogue/dataset/doi-10-23695-1z0a-7649,OTHER,2024,University of Gothenburg
https://researchdata.se/en/catalogue/dataset/doi-10-23695-21jd-b036,OTHER,2024,University of Gothenburg
https://researchdata.se/en/catalogue/dataset/doi-10-23695-21zq-st24,OTHER,2024,University of Gothenburg
https://researchdata.se/en/catalogue/dataset/doi-10-23695-21r1-6z72,OTHER,2024,University of Gothenburg
https://researchdata.se/en/catalogue/dataset/doi-10-23695-22bv-gf48,OTHER,2024,University of Gothenburg
https://researchdata.se/en/catalogue/dataset/doi-10-23695-23j9-g750,OTHER,2025,University of Gothenburg
https://researchdata.se/en/catalogue/dataset/doi-10-23695-244c-cs90,OTHER,2024,University of Gothenburg
https://researchdata.se/en/catalogue/dataset/doi-10-23695-27at-z223,OTHER,2024,University of Gothenburg
https://researchdata.se/en/catalogue/dataset/doi-10-23695-25df-cc14,OTHER,2024,University of Gothenburg
https://researchdata.se/en/catalogue/dataset/doi-10-23695-28py-xn43,OTHER,2024,University of Gothenburg
https://researchdata.se/en/catalogue/dataset/doi-10-23695-2agf-xw55,OTHER,2024,University of Gothenburg
https://researchdata.se/en/catalogue/dataset/doi-10-23695-2b5q-0045,OTHER,2024,University of Gothenburg
https://researchdata.se/en/catalogue/dataset/doi-10-23695-27dx-qe43,OTHER,2024,University of Gothenburg
https://researchdata.se/en/catalogue/dataset/doi-10-23695-2ax2-k415,OTHER,2024,University of Gothenburg
https://researchdata.se/en/catalogue/dataset/doi-10-23695-2b74-0515,OTHER,2024,University of Gothenburg
https://researchdata.se/en/catalogue/dataset/doi-10-23695-2bjs-w936,OTHER,2024,University of Gothenburg
https://researchdata.se/en/catalogue/dataset/doi-10-23695-2epc-2m14,OTHER,2024,University of Gothenburg
https://researchdata.se/en/catalogue/dataset/doi-10-23695-2ezc-2z79,OTHER,2024,University of Gothenburg
https://researchdata.se/en/catalogue/dataset/doi-10-23695-2e3j-db91,OTHER,2024,University of Gothenburg
https://researchdata.se/en/catalogue/dataset/doi-10-23695-2bj8-1850,OTHER,2024,University of Gothenburg
https://researchdata.se/en/catalogue/dataset/doi-10-23695-2fqg-2q72,OTHER,2024,University of Gothenburg
https://researchdata.se/en/catalogue/dataset/doi-10-23695-2f1j-sj53,OTHER,2024,University of Gothenburg
https://researchdata.se/en/catalogue/dataset/doi-10-23695-2jc9-1w57,OTHER,2024,University of Gothenburg
https://researchdata.se/en/catalogue/dataset/doi-10-23695-2jpf-xp59,OTHER,2024,University of Gothenburg
https://researchdata.se/en/catalogue/dataset/doi-10-23695-2j56-7h10,OTHER,2024,University of Gothenburg
https://researchdata.se/en/catalogue/dataset/doi-10-23695-2p9p-vs80,OTHER,2024,University of Gothenburg
https://researchdata.se/en/catalogue/dataset/doi-10-23695-2k47-y432,OTHER,2025,University of Gothenburg
https://researchdata.se/en/catalogue/dataset/doi-10-23695-2mbv-1b12,OTHER,2024,University of Gothenburg
https://researchdata.se/en/catalogue/dataset/doi-10-23695-2snw-aj94,OTHER,2024,University of Gothenburg
https://researchdata.se/en/catalogue/dataset/doi-10-23695-2r6v-7679,OTHER,2024,University of Gothenburg
https://researchdata.se/en/catalogue/dataset/doi-10-23695-2pzh-hq37,OTHER,2024,University of Gothenburg
https://researchdata.se/en/catalogue/dataset/doi-10-23695-2mcp-z260,OTHER,2024,University of Gothenburg
https://researchdata.se/en/catalogue/dataset/doi-10-23695-2sp2-0x49,OTHER,2024,University of Gothenburg
https://researchdata.se/en/catalogue/dataset/doi-10-23695-2xha-xa49,OTHER,2024,University of Gothenburg
https://researchdata.se/en/catalogue/dataset/doi-10-23695-2yvf-w081,OTHER,2024,University of Gothenburg
https://researchdata.se/en/catalogue/dataset/doi-10-23695-2zc1-7y52,OTHER,2024,University of Gothenburg
https://researchdata.se/en/catalogue/dataset/doi-10-23695-315x-x549,OTHER,2025,University of Gothenburg
https://researchdata.se/en/catalogue/dataset/doi-10-23695-30jj-0015,OTHER,2024,University of Gothenburg
https://researchdata.se/en/catalogue/dataset/doi-10-23695-3154-kd88,OTHER,2024,University of Gothenburg
https://researchdata.se/en/catalogue/dataset/doi-10-23695-317x-z271,OTHER,2024,University of Gothenburg
https://researchdata.se/en/catalogue/dataset/doi-10-23695-34fs-mf77,OTHER,2024,University of Gothenburg
https://researchdata.se/en/catalogue/dataset/doi-10-23695-322q-rd36,OTHER,2024,University of Gothenburg
https://researchdata.se/en/catalogue/dataset/doi-10-23695-33b4-k803,OTHER,2014,University of Gothenburg
https://researchdata.se/en/catalogue/dataset/doi-10-23695-352q-wa92,OTHER,2023,University of Gothenburg
https://researchdata.se/en/catalogue/dataset/doi-10-23695-3295-1048,OTHER,2024,University of Gothenburg
https://researchdata.se/en/catalogue/dataset/doi-10-23695-39w1-3m83,OTHER,2024,University of Gothenburg
https://researchdata.se/en/catalogue/dataset/doi-10-23695-3574-5c16,OTHER,2024,University of Gothenburg
https://researchdata.se/en/catalogue/dataset/doi-10-23695-36v9-9017,OTHER,2024,University of Gothenburg
https://researchdata.se/en/catalogue/dataset/doi-10-23695-36qy-8z88,OTHER,2024,University of Gothenburg
https://researchdata.se/en/catalogue/dataset/doi-10-23695-39m2-an75,OTHER,2024,University of Gothenburg
https://researchdata.se/en/catalogue/dataset/doi-10-23695-3cc0-8j17,OTHER,2024,University of Gothenburg
https://researchdata.se/en/catalogue/dataset/doi-10-23695-3bk7-yx44,OTHER,2024,University of Gothenburg
https://researchdata.se/en/catalogue/dataset/doi-10-23695-39f8-n459,OTHER,2024,University of Gothenburg
https://researchdata.se/en/catalogue/dataset/doi-10-23695-3b43-st80,OTHER,2024,University of Gothenburg
https://researchdata.se/en/catalogue/dataset/doi-10-23695-3b2b-c293,OTHER,2024,University of Gothenburg
https://researchdata.se/en/catalogue/dataset/doi-10-23695-3cze-c191,OTHER,2024,University of Gothenburg
https://researchdata.se/en/catalogue/dataset/doi-10-23695-3ccc-7j12,OTHER,2024,University of Gothenburg
https://researchdata.se/en/catalogue/dataset/doi-10-23695-3ej9-t374,OTHER,2024,University of Gothenburg
https://researchdata.se/en/catalogue/dataset/doi-10-23695-3dx6-wz23,OTHER,2024,University of Gothenburg
https://researchdata.se/en/catalogue/dataset/doi-10-23695-3dg2-vf16,OTHER,2024,University of Gothenburg
https://researchdata.se/en/catalogue/dataset/doi-10-23695-3gn5-qk21,OTHER,2024,University of Gothenburg
https://researchdata.se/en/catalogue/dataset/doi-10-23695-3fmc-b739,OTHER,2024,University of Gothenburg
https://researchdata.se/en/catalogue/dataset/doi-10-23695-3kgv-ze36,OTHER,2024,University of Gothenburg
https://researchdata.se/en/catalogue/dataset/doi-10-23695-3eqg-0e24,OTHER,2024,University of Gothenburg
https://researchdata.se/en/catalogue/dataset/doi-10-23695-3pf9-6b15,OTHER,2024,University of Gothenburg
https://researchdata.se/en/catalogue/dataset/doi-10-23695-3p60-xj19,OTHER,2024,University of Gothenburg
https://researchdata.se/en/catalogue/dataset/doi-10-23695-3kcx-s405,OTHER,2023,University of Gothenburg
https://researchdata.se/en/catalogue/dataset/doi-10-23695-3kme-xt89,OTHER,2024,University of Gothenburg
https://researchdata.se/en/catalogue/dataset/doi-10-23695-3r9p-bt31,OTHER,2024,University of Gothenburg
https://researchdata.se/en/catalogue/dataset/doi-10-23695-3tf3-db49,OTHER,2024,University of Gothenburg
https://researchdata.se/en/catalogue/dataset/doi-10-23695-3w8p-cb48,OTHER,2024,University of Gothenburg
https://researchdata.se/en/catalogue/dataset/doi-10-23695-3wmv-1z09,OTHER,2024,University of Gothenburg
https://researchdata.se/en/catalogue/dataset/doi-10-23695-3v5x-y858,OTHER,2024,University of Gothenburg
https://researchdata.se/en/catalogue/dataset/doi-10-23695-3w4v-7h66,OTHER,2014,University of Gothenburg
https://researchdata.se/en/catalogue/dataset/doi-10-23695-41jg-xd26,OTHER,2024,University of Gothenburg
https://researchdata.se/en/catalogue/dataset/doi-10-23695-3zdz-kf62,OTHER,2025,University of Gothenburg
https://researchdata.se/en/catalogue/dataset/doi-10-23695-3w42-8288,OTHER,2024,University of Gothenburg
https://researchdata.se/en/catalogue/dataset/doi-10-23695-3zg9-y643,OTHER,2024,University of Gothenburg
https://researchdata.se/en/catalogue/dataset/doi-10-23695-3xhv-a707,OTHER,2024,University of Gothenburg
https://researchdata.se/en/catalogue/dataset/doi-10-23695-4015-0t64,OTHER,2024,University of Gothenburg
https://researchdata.se/en/catalogue/dataset/doi-10-23695-42e0-k473,OTHER,2024,University of Gothenburg
https://researchdata.se/en/catalogue/dataset/doi-10-23695-45zs-sy16,OTHER,2024,University of Gothenburg
https://researchdata.se/en/catalogue/dataset/doi-10-23695-469a-gq88,OTHER,2024,University of Gothenburg
https://researchdata.se/en/catalogue/dataset/doi-10-23695-4635-cg09,OTHER,2025,University of Gothenburg
https://researchdata.se/en/catalogue/dataset/doi-10-23695-44a9-3j51,OTHER,2024,University of Gothenburg
https://researchdata.se/en/catalogue/dataset/doi-10-23695-470v-8674,OTHER,2024,University of Gothenburg
https://researchdata.se/en/catalogue/dataset/doi-10-23695-4788-zv52,OTHER,2024,University of Gothenburg
https://researchdata.se/en/catalogue/dataset/doi-10-23695-47rd-7e24,OTHER,2024,University of Gothenburg
https://researchdata.se/en/catalogue/dataset/doi-10-23695-483a-4e34,OTHER,2024,University of Gothenburg
https://researchdata.se/en/catalogue/dataset/doi-10-23695-48c5-6016,OTHER,2024,University of Gothenburg
https://researchdata.se/en/catalogue/dataset/doi-10-23695-4a09-7c07,OTHER,2024,University of Gothenburg
https://researchdata.se/en/catalogue/dataset/doi-10-23695-4hby-0d70,OTHER,2024,University of Gothenburg
https://researchdata.se/en/catalogue/dataset/doi-10-23695-489y-b562,OTHER,2024,University of Gothenburg
https://researchdata.se/en/catalogue/dataset/doi-10-23695-4a7m-mk50,OTHER,2024,University of Gothenburg
https://researchdata.se/en/catalogue/dataset/doi-10-23695-4b4p-k572,OTHER,2024,University of Gothenburg
https://researchdata.se/en/catalogue/dataset/doi-10-23695-4agm-0y95,OTHER,2024,University of Gothenburg
https://researchdata.se/en/catalogue/dataset/doi-10-23695-4qvz-dr62,OTHER,2024,University of Gothenburg
https://researchdata.se/en/catalogue/dataset/doi-10-23695-4g24-yt22,OTHER,2024,University of Gothenburg
https://researchdata.se/en/catalogue/dataset/doi-10-23695-4jjv-p686,OTHER,2024,University of Gothenburg
https://researchdata.se/en/catalogue/dataset/doi-10-23695-4m06-8e17,OTHER,2024,University of Gothenburg
https://researchdata.se/en/catalogue/dataset/doi-10-23695-4qx9-j028,OTHER,2024,University of Gothenburg
https://researchdata.se/en/catalogue/dataset/doi-10-23695-4f9r-rn97,OTHER,2024,University of Gothenburg
https://researchdata.se/en/catalogue/dataset/doi-10-23695-4r43-p897,OTHER,2024,University of Gothenburg
https://researchdata.se/en/catalogue/dataset/doi-10-23695-4sh9-3m45,OTHER,2024,University of Gothenburg
https://researchdata.se/en/catalogue/dataset/doi-10-23695-4wvp-b045,OTHER,2024,University of Gothenburg
https://researchdata.se/en/catalogue/dataset/doi-10-23695-4t1s-y538,OTHER,2024,University of Gothenburg
https://researchdata.se/en/catalogue/dataset/doi-10-23695-4v7e-8z86,OTHER,2024,University of Gothenburg
https://researchdata.se/en/catalogue/dataset/doi-10-23695-4yn9-jv68,OTHER,2024,University of Gothenburg
https://researchdata.se/en/catalogue/dataset/doi-10-23695-4wtf-ap88,OTHER,2024,University of Gothenburg
https://researchdata.se/en/catalogue/dataset/doi-10-23695-4y28-2e03,OTHER,2024,University of Gothenburg
https://researchdata.se/en/catalogue/dataset/doi-10-23695-4yvk-4e58,OTHER,2024,University of Gothenburg
https://researchdata.se/en/catalogue/dataset/doi-10-23695-4zgm-9107,OTHER,2024,University of Gothenburg
https://researchdata.se/en/catalogue/dataset/doi-10-23695-51fe-9k59,OTHER,2025,University of Gothenburg
https://researchdata.se/en/catalogue/dataset/doi-10-23695-4z0h-y817,OTHER,2024,University of Gothenburg
https://researchdata.se/en/catalogue/dataset/doi-10-23695-56mq-sh64,OTHER,2024,University of Gothenburg
https://researchdata.se/en/catalogue/dataset/doi-10-23695-535a-f582,OTHER,2024,University of Gothenburg
https://researchdata.se/en/catalogue/dataset/doi-10-23695-56t6-rc52,OTHER,2024,University of Gothenburg
https://researchdata.se/en/catalogue/dataset/doi-10-23695-56rd-2764,OTHER,2024,University of Gothenburg
https://researchdata.se/en/catalogue/dataset/doi-10-23695-591n-4q45,OTHER,2024,University of Gothenburg
https://researchdata.se/en/catalogue/dataset/doi-10-23695-5c0r-7q36,OTHER,2024,University of Gothenburg
https://researchdata.se/en/catalogue/dataset/doi-10-23695-51hr-ea34,OTHER,2025,University of Gothenburg
https://researchdata.se/en/catalogue/dataset/doi-10-23695-5dfg-2q82,OTHER,2024,University of Gothenburg
https://researchdata.se/en/catalogue/dataset/doi-10-23695-5a75-5m43,OTHER,2024,University of Gothenburg
https://researchdata.se/en/catalogue/dataset/doi-10-23695-5dcv-q071,OTHER,2024,University of Gothenburg
https://researchdata.se/en/catalogue/dataset/doi-10-23695-5d9y-ek36,OTHER,2024,University of Gothenburg
https://researchdata.se/en/catalogue/dataset/doi-10-23695-5g8r-c955,OTHER,2024,University of Gothenburg
https://researchdata.se/en/catalogue/dataset/doi-10-23695-5h99-1w28,OTHER,2024,University of Gothenburg
https://researchdata.se/en/catalogue/dataset/doi-10-23695-5jr9-4a04,OTHER,2024,University of Gothenburg
https://researchdata.se/en/catalogue/dataset/doi-10-23695-5fbb-sb20,OTHER,2024,University of Gothenburg
https://researchdata.se/en/catalogue/dataset/doi-10-23695-5pjm-wz18,OTHER,2024,University of Gothenburg
https://researchdata.se/en/catalogue/dataset/doi-10-23695-5h6s-3m16,OTHER,2014,University of Gothenburg
https://researchdata.se/en/catalogue/dataset/doi-10-23695-5nym-2266,OTHER,2024,University of Gothenburg
https://researchdata.se/en/catalogue/dataset/doi-10-23695-5mbs-dq39,OTHER,2024,University of Gothenburg
https://researchdata.se/en/catalogue/dataset/doi-10-23695-5trr-7082,OTHER,2024,University of Gothenburg
https://researchdata.se/en/catalogue/dataset/doi-10-23695-5wwk-hc76,OTHER,2024,University of Gothenburg
https://researchdata.se/en/catalogue/dataset/doi-10-23695-5mf9-6290,OTHER,2024,University of Gothenburg
https://researchdata.se/en/catalogue/dataset/doi-10-23695-5wwx-na18,OTHER,2024,University of Gothenburg
https://researchdata.se/en/catalogue/dataset/doi-10-23695-5sme-7437,OTHER,2024,University of Gothenburg
https://researchdata.se/en/catalogue/dataset/doi-10-23695-5wwz-6w13,OTHER,2024,University of Gothenburg
https://researchdata.se/en/catalogue/dataset/doi-10-23695-5xhe-0d60,OTHER,2024,University of Gothenburg
https://researchdata.se/en/catalogue/dataset/doi-10-23695-5y8t-r585,OTHER,2024,University of Gothenburg
https://researchdata.se/en/catalogue/dataset/doi-10-23695-5xt9-jg07,OTHER,2024,University of Gothenburg
https://researchdata.se/en/catalogue/dataset/doi-10-23695-5yt6-b031,OTHER,2024,University of Gothenburg
https://researchdata.se/en/catalogue/dataset/doi-10-23695-5yya-gb56,OTHER,2024,University of Gothenburg
https://researchdata.se/en/catalogue/dataset/doi-10-23695-60s9-at55,OTHER,2024,University of Gothenburg
https://researchdata.se/en/catalogue/dataset/doi-10-23695-61nw-9w34,OTHER,2024,University of Gothenburg
https://researchdata.se/en/catalogue/dataset/doi-10-23695-611d-yj77,OTHER,2024,University of Gothenburg
https://researchdata.se/en/catalogue/dataset/doi-10-23695-608r-xs27,OTHER,2024,University of Gothenburg
https://researchdata.se/en/catalogue/dataset/doi-10-23695-62kv-sb40,OTHER,2024,University of Gothenburg
https://researchdata.se/en/catalogue/dataset/doi-10-23695-62yc-w675,OTHER,2024,University of Gothenburg
https://researchdata.se/en/catalogue/dataset/doi-10-23695-62nt-a134,OTHER,2024,University of Gothenburg
https://researchdata.se/en/catalogue/dataset/doi-10-23695-63pv-wa93,OTHER,2024,University of Gothenburg
https://researchdata.se/en/catalogue/dataset/doi-10-23695-6387-tr11,OTHER,2024,University of Gothenburg
https://researchdata.se/en/catalogue/dataset/doi-10-23695-681b-be74,OTHER,2024,University of Gothenburg
https://researchdata.se/en/catalogue/dataset/doi-10-23695-64qe-d698,OTHER,2024,University of Gothenburg
https://researchdata.se/en/catalogue/dataset/doi-10-23695-5drx-fh45,OTHER,2024,University of Gothenburg
https://researchdata.se/en/catalogue/dataset/doi-10-23695-68vs-v044,OTHER,2024,University of Gothenburg
https://researchdata.se/en/catalogue/dataset/doi-10-23695-670f-s998,OTHER,2024,University of Gothenburg
https://researchdata.se/en/catalogue/dataset/doi-10-23695-68e5-jx61,OTHER,2024,University of Gothenburg
https://researchdata.se/en/catalogue/dataset/doi-10-23695-699b-2h82,OTHER,2024,University of Gothenburg
https://researchdata.se/en/catalogue/dataset/doi-10-23695-6ag1-sa69,OTHER,2025,University of Gothenburg
https://researchdata.se/en/catalogue/dataset/doi-10-23695-6act-rs25,OTHER,2024,University of Gothenburg
https://researchdata.se/en/catalogue/dataset/doi-10-23695-6bfj-ne40,OTHER,2024,University of Gothenburg
https://researchdata.se/en/catalogue/dataset/doi-10-23695-6h3v-zw25,OTHER,2016,University of Gothenburg
https://researchdata.se/en/catalogue/dataset/doi-10-23695-6d70-yx27,OTHER,2024,University of Gothenburg
https://researchdata.se/en/catalogue/dataset/doi-10-23695-6cna-hr56,OTHER,2025,University of Gothenburg
https://researchdata.se/en/catalogue/dataset/doi-10-23695-6bzq-xj90,OTHER,2024,University of Gothenburg
https://researchdata.se/en/catalogue/dataset/doi-10-23695-6keb-3v46,OTHER,2024,University of Gothenburg
https://researchdata.se/en/catalogue/dataset/doi-10-23695-6jc1-hg71,OTHER,2024,University of Gothenburg
https://researchdata.se/en/catalogue/dataset/doi-10-23695-6jkz-0j28,OTHER,2024,University of Gothenburg
https://researchdata.se/en/catalogue/dataset/doi-10-23695-6kvc-hx12,OTHER,2024,University of Gothenburg
https://researchdata.se/en/catalogue/dataset/doi-10-23695-6kg4-8h62,OTHER,2024,University of Gothenburg
https://researchdata.se/en/catalogue/dataset/doi-10-23695-6kpw-fj91,OTHER,2024,University of Gothenburg
https://researchdata.se/en/catalogue/dataset/doi-10-23695-6m9t-4c90,OTHER,2024,University of Gothenburg
https://researchdata.se/en/catalogue/dataset/doi-10-23695-6m9r-w377,OTHER,2024,University of Gothenburg
https://researchdata.se/en/catalogue/dataset/doi-10-23695-6r8g-v867,OTHER,2024,University of Gothenburg
https://researchdata.se/en/catalogue/dataset/doi-10-23695-6nm7-c102,OTHER,2024,University of Gothenburg
https://researchdata.se/en/catalogue/dataset/doi-10-23695-6mt2-vg57,OTHER,2024,University of Gothenburg
https://researchdata.se/en/catalogue/dataset/doi-10-23695-6n90-8j02,OTHER,2024,University of Gothenburg
https://researchdata.se/en/catalogue/dataset/doi-10-23695-6rf1-z575,OTHER,2024,University of Gothenburg
https://researchdata.se/en/catalogue/dataset/doi-10-23695-6t6h-ss96,OTHER,2024,University of Gothenburg
https://researchdata.se/en/catalogue/dataset/doi-10-23695-6rw0-h067,OTHER,2024,University of Gothenburg
https://researchdata.se/en/catalogue/dataset/doi-10-23695-6s57-nm42,OTHER,2024,University of Gothenburg
https://researchdata.se/en/catalogue/dataset/doi-10-23695-6vd5-gy48,OTHER,2024,University of Gothenburg
https://researchdata.se/en/catalogue/dataset/doi-10-23695-6zas-pv81,OTHER,2024,University of Gothenburg
https://researchdata.se/en/catalogue/dataset/doi-10-23695-6ytf-h137,OTHER,2024,University of Gothenburg
https://researchdata.se/en/catalogue/dataset/doi-10-23695-6srm-b176,OTHER,2024,University of Gothenburg
https://researchdata.se/en/catalogue/dataset/doi-10-23695-705b-nq35,OTHER,2024,University of Gothenburg
https://researchdata.se/en/catalogue/dataset/doi-10-23695-73xk-fx54,OTHER,2024,University of Gothenburg
https://researchdata.se/en/catalogue/dataset/doi-10-23695-70yq-jv08,OTHER,2024,University of Gothenburg
https://researchdata.se/en/catalogue/dataset/doi-10-23695-70ay-y118,OTHER,2024,University of Gothenburg
https://researchdata.se/en/catalogue/dataset/doi-10-23695-74v6-1264,OTHER,2024,University of Gothenburg
https://researchdata.se/en/catalogue/dataset/doi-10-23695-779m-y685,OTHER,2024,University of Gothenburg
https://researchdata.se/en/catalogue/dataset/doi-10-23695-78tp-m475,OTHER,2024,University of Gothenburg
https://researchdata.se/en/catalogue/dataset/doi-10-23695-7aja-mv27,OTHER,2024,University of Gothenburg
https://researchdata.se/en/catalogue/dataset/doi-10-23695-79rr-yw48,OTHER,2024,University of Gothenburg
https://researchdata.se/en/catalogue/dataset/doi-10-23695-7a1p-p449,OTHER,2024,University of Gothenburg
https://researchdata.se/en/catalogue/dataset/doi-10-23695-79wf-v445,OTHER,2024,University of Gothenburg
https://researchdata.se/en/catalogue/dataset/doi-10-23695-7d6v-ys79,OTHER,2025,University of Gothenburg
https://researchdata.se/en/catalogue/dataset/doi-10-23695-7bbw-6c44,OTHER,2024,University of Gothenburg
https://researchdata.se/en/catalogue/dataset/doi-10-23695-7cn4-7126,OTHER,2025,University of Gothenburg
https://researchdata.se/en/catalogue/dataset/doi-10-23695-7e0m-4241,OTHER,2024,University of Gothenburg
https://researchdata.se/en/catalogue/dataset/doi-10-23695-7dz6-ek80,OTHER,2024,University of Gothenburg
https://researchdata.se/en/catalogue/dataset/doi-10-23695-7e7x-kp80,OTHER,2024,University of Gothenburg
https://researchdata.se/en/catalogue/dataset/doi-10-23695-7j5j-sh54,OTHER,2024,University of Gothenburg
https://researchdata.se/en/catalogue/dataset/doi-10-23695-7kb1-6k82,OTHER,2024,University of Gothenburg
https://researchdata.se/en/catalogue/dataset/doi-10-23695-7jx0-5611,OTHER,2024,University of Gothenburg
https://researchdata.se/en/catalogue/dataset/doi-10-23695-7mdf-r404,OTHER,2024,University of Gothenburg
https://researchdata.se/en/catalogue/dataset/doi-10-23695-7rn0-jv03,OTHER,2024,University of Gothenburg
https://researchdata.se/en/catalogue/dataset/doi-10-23695-7n42-ar77,OTHER,2024,University of Gothenburg
https://researchdata.se/en/catalogue/dataset/doi-10-23695-7ph2-jq93,OTHER,2024,University of Gothenburg
https://researchdata.se/en/catalogue/dataset/doi-10-23695-7tst-y332,OTHER,2024,University of Gothenburg
https://researchdata.se/en/catalogue/dataset/doi-10-23695-7z4y-g871,OTHER,2024,University of Gothenburg
https://researchdata.se/en/catalogue/dataset/doi-10-23695-7nm6-za65,OTHER,2024,University of Gothenburg
https://researchdata.se/en/catalogue/dataset/doi-10-23695-7y10-n063,OTHER,2024,University of Gothenburg
https://researchdata.se/en/catalogue/dataset/doi-10-23695-8452-cz36,OTHER,2024,University of Gothenburg
https://researchdata.se/en/catalogue/dataset/doi-10-23695-7sp5-4266,OTHER,2025,University of Gothenburg
https://researchdata.se/en/catalogue/dataset/doi-10-23695-848r-4z21,OTHER,2024,University of Gothenburg
https://researchdata.se/en/catalogue/dataset/doi-10-23695-84n1-7859,OTHER,2024,University of Gothenburg
https://researchdata.se/en/catalogue/dataset/doi-10-23695-852z-1187,OTHER,2024,University of Gothenburg
https://researchdata.se/en/catalogue/dataset/doi-10-23695-82ve-s004,OTHER,2024,University of Gothenburg
https://researchdata.se/en/catalogue/dataset/doi-10-23695-86cf-5x17,OTHER,2024,University of Gothenburg
https://researchdata.se/en/catalogue/dataset/doi-10-23695-873x-jw74,OTHER,2024,University of Gothenburg
https://researchdata.se/en/catalogue/dataset/doi-10-23695-873x-jb28,OTHER,2024,University of Gothenburg
https://researchdata.se/en/catalogue/dataset/doi-10-23695-8c9v-6w38,OTHER,2024,University of Gothenburg
https://researchdata.se/en/catalogue/dataset/doi-10-23695-8bvs-5p11,OTHER,2024,University of Gothenburg
https://researchdata.se/en/catalogue/dataset/doi-10-23695-88w7-jb74,OTHER,2024,University of Gothenburg
https://researchdata.se/en/catalogue/dataset/doi-10-23695-8bjg-mp28,OTHER,2024,University of Gothenburg
https://researchdata.se/en/catalogue/dataset/doi-10-23695-872d-t861,OTHER,2024,University of Gothenburg
https://researchdata.se/en/catalogue/dataset/doi-10-23695-8fpt-rc41,OTHER,2024,University of Gothenburg
https://researchdata.se/en/catalogue/dataset/doi-10-23695-8f0r-hb46,OTHER,2024,University of Gothenburg
https://researchdata.se/en/catalogue/dataset/doi-10-23695-8fq1-m879,OTHER,2024,University of Gothenburg
https://researchdata.se/en/catalogue/dataset/doi-10-23695-8h4g-hk43,OTHER,2024,University of Gothenburg
https://researchdata.se/en/catalogue/dataset/doi-10-23695-8gn9-2z25,OTHER,2024,University of Gothenburg
https://researchdata.se/en/catalogue/dataset/doi-10-23695-8gm6-x480,OTHER,2024,University of Gothenburg
https://researchdata.se/en/catalogue/dataset/doi-10-23695-8j9n-1f63,OTHER,2024,University of Gothenburg
https://researchdata.se/en/catalogue/dataset/doi-10-23695-8hqt-6077,OTHER,2024,University of Gothenburg
https://researchdata.se/en/catalogue/dataset/doi-10-23695-8hym-ra57,OTHER,2024,University of Gothenburg
https://researchdata.se/en/catalogue/dataset/doi-10-23695-8hhw-0f57,OTHER,2024,University of Gothenburg
https://researchdata.se/en/catalogue/dataset/doi-10-23695-8jkg-6v24,OTHER,2024,University of Gothenburg
https://researchdata.se/en/catalogue/dataset/doi-10-23695-8mv6-kc61,OTHER,2024,University of Gothenburg
https://researchdata.se/en/catalogue/dataset/doi-10-23695-8qsv-sp62,OTHER,2024,University of Gothenburg
https://researchdata.se/en/catalogue/dataset/doi-10-23695-8m9e-0j84,OTHER,2024,University of Gothenburg
https://researchdata.se/en/catalogue/dataset/doi-10-23695-8jsx-bf29,OTHER,2024,University of Gothenburg
https://researchdata.se/en/catalogue/dataset/doi-10-23695-8mf4-aq83,OTHER,2024,University of Gothenburg
https://researchdata.se/en/catalogue/dataset/doi-10-23695-8pfa-hv40,OTHER,2024,University of Gothenburg
https://researchdata.se/en/catalogue/dataset/doi-10-23695-8pyf-1k48,OTHER,2024,University of Gothenburg
https://researchdata.se/en/catalogue/dataset/doi-10-23695-8pm4-mh54,OTHER,2024,University of Gothenburg
https://researchdata.se/en/catalogue/dataset/doi-10-23695-8s4m-4556,OTHER,2024,University of Gothenburg
https://researchdata.se/en/catalogue/dataset/doi-10-23695-8sa3-ma31,OTHER,2024,University of Gothenburg
https://researchdata.se/en/catalogue/dataset/doi-10-23695-8rx4-d548,OTHER,2024,University of Gothenburg
https://researchdata.se/en/catalogue/dataset/doi-10-23695-8x56-mj52,OTHER,2024,University of Gothenburg
https://researchdata.se/en/catalogue/dataset/doi-10-23695-8ypf-6e74,OTHER,2024,University of Gothenburg
https://researchdata.se/en/catalogue/dataset/doi-10-23695-8w9e-j691,OTHER,2024,University of Gothenburg
https://researchdata.se/en/catalogue/dataset/doi-10-23695-93yw-0z96,OTHER,2024,University of Gothenburg
https://researchdata.se/en/catalogue/dataset/doi-10-23695-91mh-hw42,OTHER,2024,University of Gothenburg
https://researchdata.se/en/catalogue/dataset/doi-10-23695-92cq-cb24,OTHER,2024,University of Gothenburg
https://researchdata.se/en/catalogue/dataset/doi-10-23695-946b-6g35,OTHER,2024,University of Gothenburg
https://researchdata.se/en/catalogue/dataset/doi-10-23695-9avg-nm60,OTHER,2024,University of Gothenburg
https://researchdata.se/en/catalogue/dataset/doi-10-23695-95b9-f474,OTHER,2024,University of Gothenburg
https://researchdata.se/en/catalogue/dataset/doi-10-23695-88y0-k865,OTHER,2024,University of Gothenburg
https://researchdata.se/en/catalogue/dataset/doi-10-23695-9c0m-6582,OTHER,2024,University of Gothenburg
https://researchdata.se/en/catalogue/dataset/doi-10-23695-9c9f-6132,OTHER,2024,University of Gothenburg
https://researchdata.se/en/catalogue/dataset/doi-10-23695-9cjd-sc52,OTHER,2024,University of Gothenburg
https://researchdata.se/en/catalogue/dataset/doi-10-23695-9bnq-xc71,OTHER,2024,University of Gothenburg
https://researchdata.se/en/catalogue/dataset/doi-10-23695-999t-wg27,OTHER,2024,University of Gothenburg
https://researchdata.se/en/catalogue/dataset/doi-10-23695-9d98-yk51,OTHER,2024,University of Gothenburg
https://researchdata.se/en/catalogue/dataset/doi-10-23695-9fq5-g815,OTHER,2024,University of Gothenburg
https://researchdata.se/en/catalogue/dataset/doi-10-23695-9ck0-2n28,OTHER,2024,University of Gothenburg
https://researchdata.se/en/catalogue/dataset/doi-10-23695-9gh2-sj41,OTHER,2024,University of Gothenburg
https://researchdata.se/en/catalogue/dataset/doi-10-23695-9e0c-7t19,OTHER,2024,University of Gothenburg
https://researchdata.se/en/catalogue/dataset/doi-10-23695-9aaa-4q88,OTHER,2024,University of Gothenburg
https://researchdata.se/en/catalogue/dataset/doi-10-23695-9hd8-5t52,OTHER,2024,University of Gothenburg
https://researchdata.se/en/catalogue/dataset/doi-10-23695-9g6g-4x35,OTHER,2024,University of Gothenburg
https://researchdata.se/en/catalogue/dataset/doi-10-23695-9jfv-ga33,OTHER,2024,University of Gothenburg
https://researchdata.se/en/catalogue/dataset/doi-10-23695-9nyy-9617,OTHER,2024,University of Gothenburg
https://researchdata.se/en/catalogue/dataset/doi-10-23695-9k9n-cg59,OTHER,2024,University of Gothenburg
https://researchdata.se/en/catalogue/dataset/doi-10-23695-9kcd-9c71,OTHER,2024,University of Gothenburg
https://researchdata.se/en/catalogue/dataset/doi-10-23695-9mhx-at18,OTHER,2024,University of Gothenburg
https://researchdata.se/en/catalogue/dataset/doi-10-23695-9hph-sx61,OTHER,2024,University of Gothenburg
https://researchdata.se/en/catalogue/dataset/doi-10-23695-9rtb-tx57,OTHER,2024,University of Gothenburg
https://researchdata.se/en/catalogue/dataset/doi-10-23695-9vh7-ed07,OTHER,2024,University of Gothenburg
https://researchdata.se/en/catalogue/dataset/doi-10-23695-9tmb-6j98,OTHER,2024,University of Gothenburg
https://researchdata.se/en/catalogue/dataset/doi-10-23695-9wk3-c782,OTHER,2024,University of Gothenburg
https://researchdata.se/en/catalogue/dataset/doi-10-23695-9xp2-tm72,OTHER,2024,University of Gothenburg
https://researchdata.se/en/catalogue/dataset/doi-10-23695-9tff-ay21,OTHER,2024,University of Gothenburg
https://researchdata.se/en/catalogue/dataset/doi-10-23695-9xxd-z285,OTHER,2024,University of Gothenburg
https://researchdata.se/en/catalogue/dataset/doi-10-23695-9w6h-sp87,OTHER,2014,University of Gothenburg
https://researchdata.se/en/catalogue/dataset/doi-10-23695-9z65-nv18,OTHER,2024,University of Gothenburg
https://researchdata.se/en/catalogue/dataset/doi-10-23695-a21g-fb88,OTHER,2024,University of Gothenburg
https://researchdata.se/en/catalogue/dataset/doi-10-23695-a1wj-ya94,OTHER,2014,University of Gothenburg
https://researchdata.se/en/catalogue/dataset/doi-10-23695-a28w-qk58,OTHER,2024,University of Gothenburg
https://researchdata.se/en/catalogue/dataset/doi-10-23695-a00r-n462,OTHER,2024,University of Gothenburg
https://researchdata.se/en/catalogue/dataset/doi-10-23695-9z00-kc62,OTHER,2024,University of Gothenburg
https://researchdata.se/en/catalogue/dataset/doi-10-23695-a340-j629,OTHER,2024,University of Gothenburg
https://researchdata.se/en/catalogue/dataset/doi-10-23695-a0fa-xv72,OTHER,2024,University of Gothenburg
https://researchdata.se/en/catalogue/dataset/doi-10-23695-a8nh-1j87,OTHER,2024,University of Gothenburg
https://researchdata.se/en/catalogue/dataset/doi-10-23695-a5fe-bx86,OTHER,2024,University of Gothenburg
https://researchdata.se/en/catalogue/dataset/doi-10-23695-a490-dr28,OTHER,2024,University of Gothenburg
https://researchdata.se/en/catalogue/dataset/doi-10-23695-a5k7-az71,OTHER,2024,University of Gothenburg
https://researchdata.se/en/catalogue/dataset/doi-10-23695-a9be-2d31,OTHER,2024,University of Gothenburg
https://researchdata.se/en/catalogue/dataset/doi-10-23695-a6q5-bx18,OTHER,2024,University of Gothenburg
https://researchdata.se/en/catalogue/dataset/doi-10-23695-a5t2-8962,OTHER,2024,University of Gothenburg
https://researchdata.se/en/catalogue/dataset/doi-10-23695-a8za-he43,OTHER,2024,University of Gothenburg
https://researchdata.se/en/catalogue/dataset/doi-10-23695-ab3a-4543,OTHER,2024,University of Gothenburg
https://researchdata.se/en/catalogue/dataset/doi-10-23695-add0-f253,OTHER,2024,University of Gothenburg
https://researchdata.se/en/catalogue/dataset/doi-10-23695-af5f-a648,OTHER,2024,University of Gothenburg
https://researchdata.se/en/catalogue/dataset/doi-10-23695-aays-hb54,OTHER,2024,University of Gothenburg
https://researchdata.se/en/catalogue/dataset/doi-10-23695-agrp-8z39,OTHER,2024,University of Gothenburg
https://researchdata.se/en/catalogue/dataset/doi-10-23695-ah2f-er91,OTHER,2024,University of Gothenburg
https://researchdata.se/en/catalogue/dataset/doi-10-23695-ag45-kf26,OTHER,2025,University of Gothenburg
https://researchdata.se/en/catalogue/dataset/doi-10-23695-ajyp-y830,OTHER,2024,University of Gothenburg
https://researchdata.se/en/catalogue/dataset/doi-10-23695-ajv2-ev28,OTHER,2024,University of Gothenburg
https://researchdata.se/en/catalogue/dataset/doi-10-23695-agcm-ny22,OTHER,2024,University of Gothenburg
https://researchdata.se/en/catalogue/dataset/doi-10-23695-ahac-ne76,OTHER,2024,University of Gothenburg
https://researchdata.se/en/catalogue/dataset/doi-10-23695-a8y6-bq22,OTHER,2024,University of Gothenburg
https://researchdata.se/en/catalogue/dataset/doi-10-23695-ajz5-wd08,OTHER,2024,University of Gothenburg
https://researchdata.se/en/catalogue/dataset/doi-10-23695-angk-mn45,OTHER,2024,University of Gothenburg
https://researchdata.se/en/catalogue/dataset/doi-10-23695-ap5n-jk83,OTHER,2024,University of Gothenburg
https://researchdata.se/en/catalogue/dataset/doi-10-23695-apmw-5r22,OTHER,2024,University of Gothenburg
https://researchdata.se/en/catalogue/dataset/doi-10-23695-ap2w-8t17,OTHER,2024,University of Gothenburg
https://researchdata.se/en/catalogue/dataset/doi-10-23695-aq8z-sa96,OTHER,2024,University of Gothenburg
https://researchdata.se/en/catalogue/dataset/doi-10-23695-av0c-8937,OTHER,2024,University of Gothenburg
https://researchdata.se/en/catalogue/dataset/doi-10-23695-aryw-nh78,OTHER,2024,University of Gothenburg
https://researchdata.se/en/catalogue/dataset/doi-10-23695-axxe-p605,OTHER,2025,University of Gothenburg
https://researchdata.se/en/catalogue/dataset/doi-10-23695-az55-1x41,OTHER,2024,University of Gothenburg
https://researchdata.se/en/catalogue/dataset/doi-10-23695-ayxb-4f40,OTHER,2024,University of Gothenburg
https://researchdata.se/en/catalogue/dataset/doi-10-23695-b417-1j26,OTHER,2023,University of Gothenburg
https://researchdata.se/en/catalogue/dataset/doi-10-23695-b8j2-m203,OTHER,2024,University of Gothenburg
https://researchdata.se/en/catalogue/dataset/doi-10-23695-b8bn-2n61,OTHER,2024,University of Gothenburg
https://researchdata.se/en/catalogue/dataset/doi-10-23695-b4ne-2k67,OTHER,2024,University of Gothenburg
https://researchdata.se/en/catalogue/dataset/doi-10-23695-b94d-4w69,OTHER,2024,University of Gothenburg
https://researchdata.se/en/catalogue/dataset/doi-10-23695-b8vt-vz13,OTHER,2024,University of Gothenburg
https://researchdata.se/en/catalogue/dataset/doi-10-23695-b2m4-5y87,OTHER,2024,University of Gothenburg
https://researchdata.se/en/catalogue/dataset/doi-10-23695-bed5-pg69,OTHER,2024,University of Gothenburg
https://researchdata.se/en/catalogue/dataset/doi-10-23695-b9qw-r612,OTHER,2024,University of Gothenburg
https://researchdata.se/en/catalogue/dataset/doi-10-23695-bd30-2t16,OTHER,2024,University of Gothenburg
https://researchdata.se/en/catalogue/dataset/doi-10-23695-b9xs-sm05,OTHER,2024,University of Gothenburg
https://researchdata.se/en/catalogue/dataset/doi-10-23695-bepf-n340,OTHER,2024,University of Gothenburg
https://researchdata.se/en/catalogue/dataset/doi-10-23695-bdfz-6a59,OTHER,2025,University of Gothenburg
https://researchdata.se/en/catalogue/dataset/doi-10-23695-bhez-5c23,OTHER,2024,University of Gothenburg
https://researchdata.se/en/catalogue/dataset/doi-10-23695-bes3-mz24,OTHER,2025,University of Gothenburg
https://researchdata.se/en/catalogue/dataset/doi-10-23695-bgcw-cy81,OTHER,2024,University of Gothenburg
https://researchdata.se/en/catalogue/dataset/doi-10-23695-bggs-k977,OTHER,2024,University of Gothenburg
https://researchdata.se/en/catalogue/dataset/doi-10-23695-bge8-8411,OTHER,2024,University of Gothenburg
https://researchdata.se/en/catalogue/dataset/doi-10-23695-bj2t-k702,OTHER,2024,University of Gothenburg
https://researchdata.se/en/catalogue/dataset/doi-10-23695-bnkx-bq33,OTHER,2024,University of Gothenburg
https://researchdata.se/en/catalogue/dataset/doi-10-23695-bqx3-z085,OTHER,2024,University of Gothenburg
https://researchdata.se/en/catalogue/dataset/doi-10-23695-bs9k-4k76,OTHER,2024,University of Gothenburg
https://researchdata.se/en/catalogue/dataset/doi-10-23695-bptf-8e66,OTHER,2024,University of Gothenburg
https://researchdata.se/en/catalogue/dataset/doi-10-23695-bwd9-p187,OTHER,2024,University of Gothenburg
https://researchdata.se/en/catalogue/dataset/doi-10-23695-byaq-h141,OTHER,2024,University of Gothenburg
https://researchdata.se/en/catalogue/dataset/doi-10-23695-c0mc-mq33,OTHER,2024,University of Gothenburg
https://researchdata.se/en/catalogue/dataset/doi-10-23695-btb5-db42,OTHER,2024,University of Gothenburg
https://researchdata.se/en/catalogue/dataset/doi-10-23695-c7zd-6r31,OTHER,2024,University of Gothenburg
https://researchdata.se/en/catalogue/dataset/doi-10-23695-c49x-tr11,OTHER,2024,University of Gothenburg
https://researchdata.se/en/catalogue/dataset/doi-10-23695-c2sw-b548,OTHER,2024,University of Gothenburg
https://researchdata.se/en/catalogue/dataset/doi-10-23695-c8fw-r786,OTHER,2024,University of Gothenburg
https://researchdata.se/en/catalogue/dataset/doi-10-23695-c757-zc48,OTHER,2024,University of Gothenburg
https://researchdata.se/en/catalogue/dataset/doi-10-23695-caba-wc23,OTHER,2024,University of Gothenburg
https://researchdata.se/en/catalogue/dataset/doi-10-23695-c7cb-3f32,OTHER,2024,University of Gothenburg
https://researchdata.se/en/catalogue/dataset/doi-10-23695-c90w-5j79,OTHER,2024,University of Gothenburg
https://researchdata.se/en/catalogue/dataset/doi-10-23695-cajn-kb68,OTHER,2024,University of Gothenburg
https://researchdata.se/en/catalogue/dataset/doi-10-23695-cbpf-6191,OTHER,2024,University of Gothenburg
https://researchdata.se/en/catalogue/dataset/doi-10-23695-cacy-sb38,OTHER,2024,University of Gothenburg
https://researchdata.se/en/catalogue/dataset/doi-10-23695-cdyx-dm12,OTHER,2024,University of Gothenburg
https://researchdata.se/en/catalogue/dataset/doi-10-23695-ccsk-9660,OTHER,2024,University of Gothenburg
https://researchdata.se/en/catalogue/dataset/doi-10-23695-cgex-m907,OTHER,2024,University of Gothenburg
https://researchdata.se/en/catalogue/dataset/doi-10-23695-cch2-4261,OTHER,2024,University of Gothenburg
https://researchdata.se/en/catalogue/dataset/doi-10-23695-chrd-9n67,OTHER,2024,University of Gothenburg
https://researchdata.se/en/catalogue/dataset/doi-10-23695-chgr-wq97,OTHER,2024,University of Gothenburg
https://researchdata.se/en/catalogue/dataset/doi-10-23695-ch58-bb77,OTHER,2024,University of Gothenburg
https://researchdata.se/en/catalogue/dataset/doi-10-23695-ckn5-1929,OTHER,2024,University of Gothenburg
https://researchdata.se/en/catalogue/dataset/doi-10-23695-cjrj-4364,OTHER,2024,University of Gothenburg
https://researchdata.se/en/catalogue/dataset/doi-10-23695-cktt-8g84,OTHER,2024,University of Gothenburg
https://researchdata.se/en/catalogue/dataset/doi-10-23695-cjny-wk68,OTHER,2024,University of Gothenburg
https://researchdata.se/en/catalogue/dataset/doi-10-23695-cmfq-b688,OTHER,2024,University of Gothenburg
https://researchdata.se/en/catalogue/dataset/doi-10-23695-ctt1-nx05,OTHER,2024,University of Gothenburg
https://researchdata.se/en/catalogue/dataset/doi-10-23695-cstx-kw47,OTHER,2024,University of Gothenburg
https://researchdata.se/en/catalogue/dataset/doi-10-23695-cyyj-5t07,OTHER,2024,University of Gothenburg
https://researchdata.se/en/catalogue/dataset/doi-10-23695-cpx8-aq82,OTHER,2024,University of Gothenburg
https://researchdata.se/en/catalogue/dataset/doi-10-23695-bnts-x855,OTHER,2024,University of Gothenburg
https://researchdata.se/en/catalogue/dataset/doi-10-23695-d64z-1889,OTHER,2024,University of Gothenburg
https://researchdata.se/en/catalogue/dataset/doi-10-23695-cxtk-xe95,OTHER,2024,University of Gothenburg
https://researchdata.se/en/catalogue/dataset/doi-10-23695-d9w3-ez88,OTHER,2024,University of Gothenburg
https://researchdata.se/en/catalogue/dataset/doi-10-23695-cvdq-9549,OTHER,2024,University of Gothenburg
https://researchdata.se/en/catalogue/dataset/doi-10-23695-d79w-qa67,OTHER,2024,University of Gothenburg
https://researchdata.se/en/catalogue/dataset/doi-10-23695-demr-ah82,OTHER,2024,University of Gothenburg
https://researchdata.se/en/catalogue/dataset/doi-10-23695-dbgd-p504,OTHER,2017,University of Gothenburg
https://researchdata.se/en/catalogue/dataset/doi-10-23695-dg62-v594,OTHER,2024,University of Gothenburg
https://researchdata.se/en/catalogue/dataset/doi-10-23695-danf-td45,OTHER,2024,University of Gothenburg
https://researchdata.se/en/catalogue/dataset/doi-10-23695-dfbf-3983,OTHER,2024,University of Gothenburg
https://researchdata.se/en/catalogue/dataset/doi-10-23695-dca2-4374,OTHER,2024,University of Gothenburg
https://researchdata.se/en/catalogue/dataset/doi-10-23695-dgtw-zs10,OTHER,2024,University of Gothenburg
https://researchdata.se/en/catalogue/dataset/doi-10-23695-djbe-4219,OTHER,2024,University of Gothenburg
https://researchdata.se/en/catalogue/dataset/doi-10-23695-djas-c234,OTHER,2024,University of Gothenburg
https://researchdata.se/en/catalogue/dataset/doi-10-23695-dhcd-1x72,OTHER,2024,University of Gothenburg
https://researchdata.se/en/catalogue/dataset/doi-10-23695-dj92-6w33,OTHER,2024,University of Gothenburg
https://researchdata.se/en/catalogue/dataset/doi-10-23695-dk6q-m526,OTHER,2024,University of Gothenburg
https://researchdata.se/en/catalogue/dataset/doi-10-23695-dpq3-x177,OTHER,2024,University of Gothenburg
https://researchdata.se/en/catalogue/dataset/doi-10-23695-dsrj-4q78,OTHER,2024,University of Gothenburg
https://researchdata.se/en/catalogue/dataset/doi-10-23695-dte1-nx42,OTHER,2024,University of Gothenburg
https://researchdata.se/en/catalogue/dataset/doi-10-23695-dv3x-fr44,OTHER,2024,University of Gothenburg
https://researchdata.se/en/catalogue/dataset/doi-10-23695-ds6w-d280,OTHER,2024,University of Gothenburg
https://researchdata.se/en/catalogue/dataset/doi-10-23695-dsfg-zn46,OTHER,2024,University of Gothenburg
https://researchdata.se/en/catalogue/dataset/doi-10-23695-dv88-sx25,OTHER,2024,University of Gothenburg
https://researchdata.se/en/catalogue/dataset/doi-10-23695-dw0w-c580,OTHER,2024,University of Gothenburg
https://researchdata.se/en/catalogue/dataset/doi-10-23695-dxab-fj22,OTHER,2024,University of Gothenburg
https://researchdata.se/en/catalogue/dataset/doi-10-23695-dw23-k962,OTHER,2024,University of Gothenburg
https://researchdata.se/en/catalogue/dataset/doi-10-23695-e1qk-7b48,OTHER,2024,University of Gothenburg
https://researchdata.se/en/catalogue/dataset/doi-10-23695-e0f0-xk91,OTHER,2024,University of Gothenburg
https://researchdata.se/en/catalogue/dataset/doi-10-23695-e2ph-5913,OTHER,2024,University of Gothenburg
https://researchdata.se/en/catalogue/dataset/doi-10-23695-e49y-h991,OTHER,2024,University of Gothenburg
https://researchdata.se/en/catalogue/dataset/doi-10-23695-e1x7-a218,OTHER,2025,University of Gothenburg
https://researchdata.se/en/catalogue/dataset/doi-10-23695-e3v2-w708,OTHER,2024,University of Gothenburg
https://researchdata.se/en/catalogue/dataset/doi-10-23695-e7vy-jf22,OTHER,2024,University of Gothenburg
https://researchdata.se/en/catalogue/dataset/doi-10-23695-e9c8-py80,OTHER,2024,University of Gothenburg
https://researchdata.se/en/catalogue/dataset/doi-10-23695-e71a-5y54,OTHER,2024,University of Gothenburg
https://researchdata.se/en/catalogue/dataset/doi-10-23695-e5yf-rx92,OTHER,2024,University of Gothenburg
https://researchdata.se/en/catalogue/dataset/doi-10-23695-e2dd-bj57,OTHER,2024,University of Gothenburg
https://researchdata.se/en/catalogue/dataset/doi-10-23695-edy1-2s72,OTHER,2024,University of Gothenburg
https://researchdata.se/en/catalogue/dataset/doi-10-23695-ecq8-ap50,OTHER,2024,University of Gothenburg
https://researchdata.se/en/catalogue/dataset/doi-10-23695-e5f4-c072,OTHER,2024,University of Gothenburg
https://researchdata.se/en/catalogue/dataset/doi-10-23695-e75d-gn16,OTHER,2024,University of Gothenburg
https://researchdata.se/en/catalogue/dataset/doi-10-23695-eaz0-h044,OTHER,2024,University of Gothenburg
https://researchdata.se/en/catalogue/dataset/doi-10-23695-edp8-gm87,OTHER,2024,University of Gothenburg
https://researchdata.se/en/catalogue/dataset/doi-10-23695-e9vn-ar51,OTHER,2024,University of Gothenburg
https://researchdata.se/en/catalogue/dataset/doi-10-23695-eep0-4c19,OTHER,2024,University of Gothenburg
https://researchdata.se/en/catalogue/dataset/doi-10-23695-ee10-bv11,OTHER,2024,University of Gothenburg
https://researchdata.se/en/catalogue/dataset/doi-10-23695-eg58-6b05,OTHER,2024,University of Gothenburg
https://researchdata.se/en/catalogue/dataset/doi-10-23695-eg6j-gz38,OTHER,2024,University of Gothenburg
https://researchdata.se/en/catalogue/dataset/doi-10-23695-efh9-wy86,OTHER,2024,University of Gothenburg
https://researchdata.se/en/catalogue/dataset/doi-10-23695-eqs1-1860,OTHER,2014,University of Gothenburg
https://researchdata.se/en/catalogue/dataset/doi-10-23695-ef88-fw46,OTHER,2024,University of Gothenburg
https://researchdata.se/en/catalogue/dataset/doi-10-23695-ejqk-3g14,OTHER,2024,University of Gothenburg
https://researchdata.se/en/catalogue/dataset/doi-10-23695-epqn-x274,OTHER,2024,University of Gothenburg
https://researchdata.se/en/catalogue/dataset/doi-10-23695-emte-5g79,OTHER,2024,University of Gothenburg
https://researchdata.se/en/catalogue/dataset/doi-10-23695-exs9-vv80,OTHER,2024,University of Gothenburg
https://researchdata.se/en/catalogue/dataset/doi-10-23695-evf4-hq97,OTHER,2024,University of Gothenburg
https://researchdata.se/en/catalogue/dataset/doi-10-23695-ewz4-5030,OTHER,2025,University of Gothenburg
https://researchdata.se/en/catalogue/dataset/doi-10-23695-era9-n114,OTHER,2024,University of Gothenburg
https://researchdata.se/en/catalogue/dataset/doi-10-23695-etsh-kr03,OTHER,2024,University of Gothenburg
https://researchdata.se/en/catalogue/dataset/doi-10-23695-exwk-sm96,OTHER,2024,University of Gothenburg
https://researchdata.se/en/catalogue/dataset/doi-10-23695-f218-js17,OTHER,2024,University of Gothenburg
https://researchdata.se/en/catalogue/dataset/doi-10-23695-emnz-1t28,OTHER,2024,University of Gothenburg
https://researchdata.se/en/catalogue/dataset/doi-10-23695-f1sz-0572,OTHER,2024,University of Gothenburg
https://researchdata.se/en/catalogue/dataset/doi-10-23695-f2c6-nz47,OTHER,2024,University of Gothenburg
https://researchdata.se/en/catalogue/dataset/doi-10-23695-f6ds-f045,OTHER,2024,University of Gothenburg
https://researchdata.se/en/catalogue/dataset/doi-10-23695-f2py-px04,OTHER,2024,University of Gothenburg
https://researchdata.se/en/catalogue/dataset/doi-10-23695-f877-nn22,OTHER,2024,University of Gothenburg
https://researchdata.se/en/catalogue/dataset/doi-10-23695-f6m0-an40,OTHER,2024,University of Gothenburg
https://researchdata.se/en/catalogue/dataset/doi-10-23695-f84v-8n02,OTHER,2024,University of Gothenburg
https://researchdata.se/en/catalogue/dataset/doi-10-23695-f9dr-zh21,OTHER,2024,University of Gothenburg
https://researchdata.se/en/catalogue/dataset/doi-10-23695-f84c-rr14,OTHER,2024,University of Gothenburg
https://researchdata.se/en/catalogue/dataset/doi-10-23695-f7rb-6746,OTHER,2024,University of Gothenburg
https://researchdata.se/en/catalogue/dataset/doi-10-23695-f9qd-xh13,OTHER,2024,University of Gothenburg
https://researchdata.se/en/catalogue/dataset/doi-10-23695-fgeb-c341,OTHER,2025,University of Gothenburg
https://researchdata.se/en/catalogue/dataset/doi-10-23695-fbzy-pg76,OTHER,2024,University of Gothenburg
https://researchdata.se/en/catalogue/dataset/doi-10-23695-fbf4-8257,OTHER,2024,University of Gothenburg
https://researchdata.se/en/catalogue/dataset/doi-10-23695-fc57-jh45,OTHER,2024,University of Gothenburg
https://researchdata.se/en/catalogue/dataset/doi-10-23695-fagx-0n88,OTHER,2024,University of Gothenburg
https://researchdata.se/en/catalogue/dataset/doi-10-23695-fhat-dd64,OTHER,2024,University of Gothenburg
https://researchdata.se/en/catalogue/dataset/doi-10-23695-fj8w-2127,OTHER,2024,University of Gothenburg
https://researchdata.se/en/catalogue/dataset/doi-10-23695-fja4-g839,OTHER,2024,University of Gothenburg
https://researchdata.se/en/catalogue/dataset/doi-10-23695-fhhy-as46,OTHER,2024,University of Gothenburg
https://researchdata.se/en/catalogue/dataset/doi-10-23695-fm4h-e893,OTHER,2024,University of Gothenburg
https://researchdata.se/en/catalogue/dataset/doi-10-23695-fnrm-4t23,OTHER,2024,University of Gothenburg
https://researchdata.se/en/catalogue/dataset/doi-10-23695-fmwt-gw67,OTHER,2024,University of Gothenburg
https://researchdata.se/en/catalogue/dataset/doi-10-23695-frym-1465,OTHER,2024,University of Gothenburg
https://researchdata.se/en/catalogue/dataset/doi-10-23695-fm7v-jr46,OTHER,2024,University of Gothenburg
https://researchdata.se/en/catalogue/dataset/doi-10-23695-fq7e-wz50,OTHER,2024,University of Gothenburg
https://researchdata.se/en/catalogue/dataset/doi-10-23695-fnkr-1247,OTHER,2024,University of Gothenburg
https://researchdata.se/en/catalogue/dataset/doi-10-23695-fsxv-2n70,OTHER,2024,University of Gothenburg
https://researchdata.se/en/catalogue/dataset/doi-10-23695-ft8q-0015,OTHER,2024,University of Gothenburg
https://researchdata.se/en/catalogue/dataset/doi-10-23695-fv52-kc19,OTHER,2024,University of Gothenburg
https://researchdata.se/en/catalogue/dataset/doi-10-23695-fs50-et41,OTHER,2024,University of Gothenburg
https://researchdata.se/en/catalogue/dataset/doi-10-23695-f642-g279,OTHER,2024,University of Gothenburg
https://researchdata.se/en/catalogue/dataset/doi-10-23695-fy87-c995,OTHER,2024,University of Gothenburg
https://researchdata.se/en/catalogue/dataset/doi-10-23695-fx5m-ah50,OTHER,2024,University of Gothenburg
https://researchdata.se/en/catalogue/dataset/doi-10-23695-fw90-xg54,OTHER,2024,University of Gothenburg
https://researchdata.se/en/catalogue/dataset/doi-10-23695-g0c5-2z38,OTHER,2024,University of Gothenburg
https://researchdata.se/en/catalogue/dataset/doi-10-23695-fz5h-sy88,OTHER,2024,University of Gothenburg
https://researchdata.se/en/catalogue/dataset/doi-10-23695-g1m8-t180,OTHER,2024,University of Gothenburg
https://researchdata.se/en/catalogue/dataset/doi-10-23695-g13g-0n11,OTHER,2024,University of Gothenburg
https://researchdata.se/en/catalogue/dataset/doi-10-23695-fzgk-fj93,OTHER,2024,University of Gothenburg
https://researchdata.se/en/catalogue/dataset/doi-10-23695-g13d-ak28,OTHER,2025,University of Gothenburg
https://researchdata.se/en/catalogue/dataset/doi-10-23695-g2j5-ss76,OTHER,2024,University of Gothenburg
https://researchdata.se/en/catalogue/dataset/doi-10-23695-g3h9-pj53,OTHER,2025,University of Gothenburg
https://researchdata.se/en/catalogue/dataset/doi-10-23695-g1rw-m642,OTHER,2024,University of Gothenburg
https://researchdata.se/en/catalogue/dataset/doi-10-23695-g20q-8k69,OTHER,2024,University of Gothenburg
https://researchdata.se/en/catalogue/dataset/doi-10-23695-g2p0-9n31,OTHER,2024,University of Gothenburg
https://researchdata.se/en/catalogue/dataset/doi-10-23695-g830-qa11,OTHER,2024,University of Gothenburg
https://researchdata.se/en/catalogue/dataset/doi-10-23695-g63n-tb40,OTHER,2024,University of Gothenburg
https://researchdata.se/en/catalogue/dataset/doi-10-23695-g42f-4t54,OTHER,2024,University of Gothenburg
https://researchdata.se/en/catalogue/dataset/doi-10-23695-g799-fq12,OTHER,2024,University of Gothenburg
https://researchdata.se/en/catalogue/dataset/doi-10-23695-g7gv-zz85,OTHER,2024,University of Gothenburg
https://researchdata.se/en/catalogue/dataset/doi-10-23695-g86h-v363,OTHER,2024,University of Gothenburg
https://researchdata.se/en/catalogue/dataset/doi-10-23695-gbyf-w766,OTHER,2024,University of Gothenburg
https://researchdata.se/en/catalogue/dataset/doi-10-23695-gbpr-2v30,OTHER,2024,University of Gothenburg
https://researchdata.se/en/catalogue/dataset/doi-10-23695-ga58-1929,OTHER,2024,University of Gothenburg
https://researchdata.se/en/catalogue/dataset/doi-10-23695-gbns-6772,OTHER,2024,University of Gothenburg
https://researchdata.se/en/catalogue/dataset/doi-10-23695-gcnd-v488,OTHER,2024,University of Gothenburg
https://researchdata.se/en/catalogue/dataset/doi-10-23695-gbvh-b263,OTHER,2024,University of Gothenburg
https://researchdata.se/en/catalogue/dataset/doi-10-23695-gcw9-9623,OTHER,2024,University of Gothenburg
https://researchdata.se/en/catalogue/dataset/doi-10-23695-gfkc-ak26,OTHER,2025,University of Gothenburg
https://researchdata.se/en/catalogue/dataset/doi-10-23695-gcsc-h953,OTHER,2024,University of Gothenburg
https://researchdata.se/en/catalogue/dataset/doi-10-23695-gfvb-f003,OTHER,2024,University of Gothenburg
https://researchdata.se/en/catalogue/dataset/doi-10-23695-gfjm-fv15,OTHER,2024,University of Gothenburg
https://researchdata.se/en/catalogue/dataset/doi-10-23695-gjd4-0z25,OTHER,2024,University of Gothenburg
https://researchdata.se/en/catalogue/dataset/doi-10-23695-gfwn-qk37,OTHER,2024,University of Gothenburg
https://researchdata.se/en/catalogue/dataset/doi-10-23695-gmq4-g832,OTHER,2025,University of Gothenburg
https://researchdata.se/en/catalogue/dataset/doi-10-23695-gjb5-yg24,OTHER,2024,University of Gothenburg
https://researchdata.se/en/catalogue/dataset/doi-10-23695-gmcg-mz48,OTHER,2024,University of Gothenburg
https://researchdata.se/en/catalogue/dataset/doi-10-23695-gq2r-tp34,OTHER,2024,University of Gothenburg
https://researchdata.se/en/catalogue/dataset/doi-10-23695-gmzx-hp59,OTHER,2024,University of Gothenburg
https://researchdata.se/en/catalogue/dataset/doi-10-23695-gp75-6148,OTHER,2024,University of Gothenburg
https://researchdata.se/en/catalogue/dataset/doi-10-23695-gvtv-3k79,OTHER,2024,University of Gothenburg
https://researchdata.se/en/catalogue/dataset/doi-10-23695-gtd5-w713,OTHER,2024,University of Gothenburg
https://researchdata.se/en/catalogue/dataset/doi-10-23695-gq85-7d49,OTHER,2024,University of Gothenburg
https://researchdata.se/en/catalogue/dataset/doi-10-23695-h0xc-g032,OTHER,2024,University of Gothenburg
https://researchdata.se/en/catalogue/dataset/doi-10-23695-h0bc-vp72,OTHER,2024,University of Gothenburg
https://researchdata.se/en/catalogue/dataset/doi-10-23695-gzhs-zm64,OTHER,2024,University of Gothenburg
https://researchdata.se/en/catalogue/dataset/doi-10-23695-h1qp-af56,OTHER,2024,University of Gothenburg
https://researchdata.se/en/catalogue/dataset/doi-10-23695-h722-rw89,OTHER,2024,University of Gothenburg
https://researchdata.se/en/catalogue/dataset/doi-10-23695-h7dx-3w71,OTHER,2024,University of Gothenburg
https://researchdata.se/en/catalogue/dataset/doi-10-23695-h2w8-cf56,OTHER,2024,University of Gothenburg
https://researchdata.se/en/catalogue/dataset/doi-10-23695-h6pv-yj83,OTHER,2024,University of Gothenburg
https://researchdata.se/en/catalogue/dataset/doi-10-23695-h3ey-2p52,OTHER,2024,University of Gothenburg
https://researchdata.se/en/catalogue/dataset/doi-10-23695-h7rn-az19,OTHER,2024,University of Gothenburg
https://researchdata.se/en/catalogue/dataset/doi-10-23695-h8w1-bx69,OTHER,2024,University of Gothenburg
https://researchdata.se/en/catalogue/dataset/doi-10-23695-ha4t-4878,OTHER,2024,University of Gothenburg
https://researchdata.se/en/catalogue/dataset/doi-10-23695-hf8b-yb32,OTHER,2024,University of Gothenburg
https://researchdata.se/en/catalogue/dataset/doi-10-23695-hfeb-k281,OTHER,2024,University of Gothenburg
https://researchdata.se/en/catalogue/dataset/doi-10-23695-h9v6-r257,OTHER,2024,University of Gothenburg
https://researchdata.se/en/catalogue/dataset/doi-10-23695-hhf4-kc39,OTHER,2024,University of Gothenburg
https://researchdata.se/en/catalogue/dataset/doi-10-23695-h9f5-8143,OTHER,2025,University of Gothenburg
https://researchdata.se/en/catalogue/dataset/doi-10-23695-hjsx-g327,OTHER,2024,University of Gothenburg
https://researchdata.se/en/catalogue/dataset/doi-10-23695-hagp-q835,OTHER,2024,University of Gothenburg
https://researchdata.se/en/catalogue/dataset/doi-10-23695-hj57-rg55,OTHER,2024,University of Gothenburg
https://researchdata.se/en/catalogue/dataset/doi-10-23695-hpsz-kh77,OTHER,2024,University of Gothenburg
https://researchdata.se/en/catalogue/dataset/doi-10-23695-hq2r-e385,OTHER,2024,University of Gothenburg
https://researchdata.se/en/catalogue/dataset/doi-10-23695-hn1q-r248,OTHER,2024,University of Gothenburg
https://researchdata.se/en/catalogue/dataset/doi-10-23695-hq4f-1386,OTHER,2024,University of Gothenburg
https://researchdata.se/en/catalogue/dataset/doi-10-23695-hqqp-y016,OTHER,2024,University of Gothenburg
https://researchdata.se/en/catalogue/dataset/doi-10-23695-hr2c-e953,OTHER,2025,University of Gothenburg
https://researchdata.se/en/catalogue/dataset/doi-10-23695-hw6r-kd89,OTHER,2024,University of Gothenburg
https://researchdata.se/en/catalogue/dataset/doi-10-23695-hrxf-hj31,OTHER,2024,University of Gothenburg
https://researchdata.se/en/catalogue/dataset/doi-10-23695-hvvc-g214,OTHER,2024,University of Gothenburg
https://researchdata.se/en/catalogue/dataset/doi-10-23695-htp2-rd96,OTHER,2024,University of Gothenburg
https://researchdata.se/en/catalogue/dataset/doi-10-23695-j041-q283,OTHER,2024,University of Gothenburg
https://researchdata.se/en/catalogue/dataset/doi-10-23695-hxhx-1167,OTHER,2024,University of Gothenburg
https://researchdata.se/en/catalogue/dataset/doi-10-23695-hy38-d382,OTHER,2024,University of Gothenburg
https://researchdata.se/en/catalogue/dataset/doi-10-23695-j05k-et50,OTHER,2024,University of Gothenburg
https://researchdata.se/en/catalogue/dataset/doi-10-23695-hz62-hs69,OTHER,2024,University of Gothenburg
https://researchdata.se/en/catalogue/dataset/doi-10-23695-hz4b-6h68,OTHER,2024,University of Gothenburg
https://researchdata.se/en/catalogue/dataset/doi-10-23695-hyss-yd55,OTHER,2024,University of Gothenburg
https://researchdata.se/en/catalogue/dataset/doi-10-23695-j2da-gm81,OTHER,2024,University of Gothenburg
https://researchdata.se/en/catalogue/dataset/doi-10-23695-j29j-8f31,OTHER,2024,University of Gothenburg
https://researchdata.se/en/catalogue/dataset/doi-10-23695-j4k0-2h44,OTHER,2025,University of Gothenburg
https://researchdata.se/en/catalogue/dataset/doi-10-23695-j40y-gr68,OTHER,2024,University of Gothenburg
https://researchdata.se/en/catalogue/dataset/doi-10-23695-j2sv-0h05,OTHER,2024,University of Gothenburg
https://researchdata.se/en/catalogue/dataset/doi-10-23695-j6xx-0v86,OTHER,2024,University of Gothenburg
https://researchdata.se/en/catalogue/dataset/doi-10-23695-j4wz-tr70,OTHER,2024,University of Gothenburg
https://researchdata.se/en/catalogue/dataset/doi-10-23695-jdtx-zm44,OTHER,2024,University of Gothenburg
https://researchdata.se/en/catalogue/dataset/doi-10-23695-ja47-w979,OTHER,2024,University of Gothenburg
https://researchdata.se/en/catalogue/dataset/doi-10-23695-jeq6-4519,OTHER,2024,University of Gothenburg
https://researchdata.se/en/catalogue/dataset/doi-10-23695-jajc-hw54,OTHER,2024,University of Gothenburg
https://researchdata.se/en/catalogue/dataset/doi-10-23695-jbjz-ha19,OTHER,2024,University of Gothenburg
https://researchdata.se/en/catalogue/dataset/doi-10-23695-jeej-5j73,OTHER,2024,University of Gothenburg
https://researchdata.se/en/catalogue/dataset/doi-10-23695-jeyf-1m55,OTHER,2024,University of Gothenburg
https://researchdata.se/en/catalogue/dataset/doi-10-23695-jfj2-ea83,OTHER,2024,University of Gothenburg
https://researchdata.se/en/catalogue/dataset/doi-10-23695-jfdt-an59,OTHER,2024,University of Gothenburg
https://researchdata.se/en/catalogue/dataset/doi-10-23695-jg6d-gd53,OTHER,2024,University of Gothenburg
https://researchdata.se/en/catalogue/dataset/doi-10-23695-jffr-jd38,OTHER,2024,University of Gothenburg
https://researchdata.se/en/catalogue/dataset/doi-10-23695-jj6a-0138,OTHER,2024,University of Gothenburg
https://researchdata.se/en/catalogue/dataset/doi-10-23695-jh93-3h46,OTHER,2024,University of Gothenburg
https://researchdata.se/en/catalogue/dataset/doi-10-23695-jh5a-st49,OTHER,2024,University of Gothenburg
https://researchdata.se/en/catalogue/dataset/doi-10-23695-jj9t-3718,OTHER,2024,University of Gothenburg
https://researchdata.se/en/catalogue/dataset/doi-10-23695-jhz7-xv97,OTHER,2025,University of Gothenburg
https://researchdata.se/en/catalogue/dataset/doi-10-23695-jjqf-wj26,OTHER,2024,University of Gothenburg
https://researchdata.se/en/catalogue/dataset/doi-10-23695-jm8m-kp95,OTHER,2024,University of Gothenburg
https://researchdata.se/en/catalogue/dataset/doi-10-23695-jnwp-q903,OTHER,2024,University of Gothenburg
https://researchdata.se/en/catalogue/dataset/doi-10-23695-jpxn-4694,OTHER,2024,University of Gothenburg
https://researchdata.se/en/catalogue/dataset/doi-10-23695-jpya-tv46,OTHER,2024,University of Gothenburg
https://researchdata.se/en/catalogue/dataset/doi-10-23695-jnsc-8503,OTHER,2024,University of Gothenburg
https://researchdata.se/en/catalogue/dataset/doi-10-23695-jp7p-rr68,OTHER,2024,University of Gothenburg
https://researchdata.se/en/catalogue/dataset/doi-10-23695-jqh5-3z04,OTHER,2024,University of Gothenburg
https://researchdata.se/en/catalogue/dataset/doi-10-23695-jrep-ap14,OTHER,2024,University of Gothenburg
https://researchdata.se/en/catalogue/dataset/doi-10-23695-jvh0-wb51,OTHER,2024,University of Gothenburg
https://researchdata.se/en/catalogue/dataset/doi-10-23695-jw82-p317,OTHER,2024,University of Gothenburg
https://researchdata.se/en/catalogue/dataset/doi-10-23695-jy6f-hk42,OTHER,2024,University of Gothenburg
https://researchdata.se/en/catalogue/dataset/doi-10-23695-jzb6-an90,OTHER,2024,University of Gothenburg
https://researchdata.se/en/catalogue/dataset/doi-10-23695-k061-ra77,OTHER,2024,University of Gothenburg
https://researchdata.se/en/catalogue/dataset/doi-10-23695-jz49-ak08,OTHER,2024,University of Gothenburg
https://researchdata.se/en/catalogue/dataset/doi-10-23695-k0ep-d521,OTHER,2024,University of Gothenburg
https://researchdata.se/en/catalogue/dataset/doi-10-23695-k02c-j819,OTHER,2024,University of Gothenburg
https://researchdata.se/en/catalogue/dataset/doi-10-23695-jzkw-v045,OTHER,2024,University of Gothenburg
https://researchdata.se/en/catalogue/dataset/doi-10-23695-jzn6-c404,OTHER,2024,University of Gothenburg
https://researchdata.se/en/catalogue/dataset/doi-10-23695-k30q-cz37,OTHER,2024,University of Gothenburg
https://researchdata.se/en/catalogue/dataset/doi-10-23695-k365-nb48,OTHER,2024,University of Gothenburg
https://researchdata.se/en/catalogue/dataset/doi-10-23695-k45r-rh84,OTHER,2024,University of Gothenburg
https://researchdata.se/en/catalogue/dataset/doi-10-23695-k6fh-4f59,OTHER,2024,University of Gothenburg
https://researchdata.se/en/catalogue/dataset/doi-10-23695-k819-cs56,OTHER,2024,University of Gothenburg
https://researchdata.se/en/catalogue/dataset/doi-10-23695-k6qn-5180,OTHER,2024,University of Gothenburg
https://researchdata.se/en/catalogue/dataset/doi-10-23695-kb6p-hf44,OTHER,2024,University of Gothenburg
https://researchdata.se/en/catalogue/dataset/doi-10-23695-kc6f-a616,OTHER,2024,University of Gothenburg
https://researchdata.se/en/catalogue/dataset/doi-10-23695-k91c-k507,OTHER,2025,University of Gothenburg
https://researchdata.se/en/catalogue/dataset/doi-10-23695-kbcy-t096,OTHER,2024,University of Gothenburg
https://researchdata.se/en/catalogue/dataset/doi-10-23695-kep7-yq72,OTHER,2024,University of Gothenburg
https://researchdata.se/en/catalogue/dataset/doi-10-23695-ke60-mh59,OTHER,2024,University of Gothenburg
https://researchdata.se/en/catalogue/dataset/doi-10-23695-kcsn-bf44,OTHER,2024,University of Gothenburg
https://researchdata.se/en/catalogue/dataset/doi-10-23695-kg6s-2n17,OTHER,2024,University of Gothenburg
https://researchdata.se/en/catalogue/dataset/doi-10-23695-kjpk-jc17,OTHER,2024,University of Gothenburg
https://researchdata.se/en/catalogue/dataset/doi-10-23695-kfpv-ds89,OTHER,2024,University of Gothenburg
https://researchdata.se/en/catalogue/dataset/doi-10-23695-kpyq-7239,OTHER,2024,University of Gothenburg
https://researchdata.se/en/catalogue/dataset/doi-10-23695-kvjc-k519,OTHER,2024,University of Gothenburg
https://researchdata.se/en/catalogue/dataset/doi-10-23695-kkqz-d080,OTHER,2024,University of Gothenburg
https://researchdata.se/en/catalogue/dataset/doi-10-23695-ksp6-j384,OTHER,2024,University of Gothenburg
https://researchdata.se/en/catalogue/dataset/doi-10-23695-kjy0-4c21,OTHER,2025,University of Gothenburg
https://researchdata.se/en/catalogue/dataset/doi-10-23695-kvrz-d087,OTHER,2024,University of Gothenburg
https://researchdata.se/en/catalogue/dataset/doi-10-23695-km5r-wy52,OTHER,2024,University of Gothenburg
https://researchdata.se/en/catalogue/dataset/doi-10-23695-kqp5-ex06,OTHER,2024,University of Gothenburg
https://researchdata.se/en/catalogue/dataset/doi-10-23695-kswj-db84,OTHER,2025,University of Gothenburg
https://researchdata.se/en/catalogue/dataset/doi-10-23695-kz56-by37,OTHER,2024,University of Gothenburg
https://researchdata.se/en/catalogue/dataset/doi-10-23695-kxg5-b531,OTHER,2024,University of Gothenburg
https://researchdata.se/en/catalogue/dataset/doi-10-23695-kyjb-hm80,OTHER,2024,University of Gothenburg
https://researchdata.se/en/catalogue/dataset/doi-10-23695-kyez-c074,OTHER,2024,University of Gothenburg
https://researchdata.se/en/catalogue/dataset/doi-10-23695-kxvz-tx42,OTHER,2025,University of Gothenburg
https://researchdata.se/en/catalogue/dataset/doi-10-23695-m0h7-mm59,OTHER,2024,University of Gothenburg
https://researchdata.se/en/catalogue/dataset/doi-10-23695-kzy9-xs61,OTHER,2024,University of Gothenburg
https://researchdata.se/en/catalogue/dataset/doi-10-23695-k0mr-5610,OTHER,2024,University of Gothenburg
https://researchdata.se/en/catalogue/dataset/doi-10-23695-m25h-wd15,OTHER,2024,University of Gothenburg
https://researchdata.se/en/catalogue/dataset/doi-10-23695-m34m-v368,OTHER,2024,University of Gothenburg
https://researchdata.se/en/catalogue/dataset/doi-10-23695-m266-1s42,OTHER,2024,University of Gothenburg
https://researchdata.se/en/catalogue/dataset/doi-10-23695-m2z1-6633,OTHER,2024,University of Gothenburg
https://researchdata.se/en/catalogue/dataset/doi-10-23695-m5hq-8s66,OTHER,2024,University of Gothenburg
https://researchdata.se/en/catalogue/dataset/doi-10-23695-mbcn-g192,OTHER,2024,University of Gothenburg
https://researchdata.se/en/catalogue/dataset/doi-10-23695-m3km-1764,OTHER,2024,University of Gothenburg
https://researchdata.se/en/catalogue/dataset/doi-10-23695-m4et-rb76,OTHER,2024,University of Gothenburg
https://researchdata.se/en/catalogue/dataset/doi-10-23695-mb0r-az26,OTHER,2024,University of Gothenburg
https://researchdata.se/en/catalogue/dataset/doi-10-23695-ma34-gh02,OTHER,2024,University of Gothenburg
https://researchdata.se/en/catalogue/dataset/doi-10-23695-mcjf-2b65,OTHER,2024,University of Gothenburg
https://researchdata.se/en/catalogue/dataset/doi-10-23695-m9f2-mt96,OTHER,2024,University of Gothenburg
https://researchdata.se/en/catalogue/dataset/doi-10-23695-mdjf-b671,OTHER,2025,University of Gothenburg
https://researchdata.se/en/catalogue/dataset/doi-10-23695-mg1f-0852,OTHER,2024,University of Gothenburg
https://researchdata.se/en/catalogue/dataset/doi-10-23695-mdp4-2p72,OTHER,2024,University of Gothenburg
https://researchdata.se/en/catalogue/dataset/doi-10-23695-mkaa-z088,OTHER,2024,University of Gothenburg
https://researchdata.se/en/catalogue/dataset/doi-10-23695-mjzy-pa95,OTHER,2024,University of Gothenburg
https://researchdata.se/en/catalogue/dataset/doi-10-23695-mmws-9c09,OTHER,2024,University of Gothenburg
https://researchdata.se/en/catalogue/dataset/doi-10-23695-mn6v-w280,OTHER,2024,University of Gothenburg
https://researchdata.se/en/catalogue/dataset/doi-10-23695-mpem-ah13,OTHER,2024,University of Gothenburg
https://researchdata.se/en/catalogue/dataset/doi-10-23695-ms4v-yw18,OTHER,2024,University of Gothenburg
https://researchdata.se/en/catalogue/dataset/doi-10-23695-mkd0-q989,OTHER,2024,University of Gothenburg
https://researchdata.se/en/catalogue/dataset/doi-10-23695-mwyr-gk24,OTHER,2024,University of Gothenburg
https://researchdata.se/en/catalogue/dataset/doi-10-23695-mp50-e009,OTHER,2025,University of Gothenburg
https://researchdata.se/en/catalogue/dataset/doi-10-23695-mxxg-gv60,OTHER,2024,University of Gothenburg
https://researchdata.se/en/catalogue/dataset/doi-10-23695-mw1z-ey05,OTHER,2024,University of Gothenburg
https://researchdata.se/en/catalogue/dataset/doi-10-23695-mq2k-cd08,OTHER,2024,University of Gothenburg
https://researchdata.se/en/catalogue/dataset/doi-10-23695-mthc-4183,OTHER,2024,University of Gothenburg
https://researchdata.se/en/catalogue/dataset/doi-10-23695-n00s-cm06,OTHER,2025,University of Gothenburg
https://researchdata.se/en/catalogue/dataset/doi-10-23695-mzj1-8e48,OTHER,2024,University of Gothenburg
https://researchdata.se/en/catalogue/dataset/doi-10-23695-mzsg-b466,OTHER,2024,University of Gothenburg
https://researchdata.se/en/catalogue/dataset/doi-10-23695-n71h-re96,OTHER,2024,University of Gothenburg
https://researchdata.se/en/catalogue/dataset/doi-10-23695-n2ra-d071,OTHER,2024,University of Gothenburg
https://researchdata.se/en/catalogue/dataset/doi-10-23695-n4hz-t827,OTHER,2024,University of Gothenburg
https://researchdata.se/en/catalogue/dataset/doi-10-23695-n8b5-ve43,OTHER,2025,University of Gothenburg
https://researchdata.se/en/catalogue/dataset/doi-10-23695-n5s5-mh61,OTHER,2024,University of Gothenburg
https://researchdata.se/en/catalogue/dataset/doi-10-23695-n40f-9156,OTHER,2024,University of Gothenburg
https://researchdata.se/en/catalogue/dataset/doi-10-23695-n2ba-6g90,OTHER,2024,University of Gothenburg
https://researchdata.se/en/catalogue/dataset/doi-10-23695-n9dx-6k89,OTHER,2024,University of Gothenburg
https://researchdata.se/en/catalogue/dataset/doi-10-23695-n91v-yy47,OTHER,2024,University of Gothenburg
https://researchdata.se/en/catalogue/dataset/doi-10-23695-n91m-4q12,OTHER,2024,University of Gothenburg
https://researchdata.se/en/catalogue/dataset/doi-10-23695-n92q-4910,OTHER,2024,University of Gothenburg
https://researchdata.se/en/catalogue/dataset/doi-10-23695-nbc7-vg04,OTHER,2025,University of Gothenburg
https://researchdata.se/en/catalogue/dataset/doi-10-23695-nd4n-p027,OTHER,2024,University of Gothenburg
https://researchdata.se/en/catalogue/dataset/doi-10-23695-nfk0-7s39,OTHER,2024,University of Gothenburg
https://researchdata.se/en/catalogue/dataset/doi-10-23695-nc55-gd27,OTHER,2024,University of Gothenburg
https://researchdata.se/en/catalogue/dataset/doi-10-23695-nh77-xh13,OTHER,2024,University of Gothenburg
https://researchdata.se/en/catalogue/dataset/doi-10-23695-n9fp-4j71,OTHER,2024,University of Gothenburg
https://researchdata.se/en/catalogue/dataset/doi-10-23695-narz-e115,OTHER,2024,University of Gothenburg
https://researchdata.se/en/catalogue/dataset/doi-10-23695-nkag-6z71,OTHER,2024,University of Gothenburg
https://researchdata.se/en/catalogue/dataset/doi-10-23695-nkx9-xf71,OTHER,2024,University of Gothenburg
https://researchdata.se/en/catalogue/dataset/doi-10-23695-nghp-sy38,OTHER,2024,University of Gothenburg
https://researchdata.se/en/catalogue/dataset/doi-10-23695-nkaa-jv97,OTHER,2024,University of Gothenburg
https://researchdata.se/en/catalogue/dataset/doi-10-23695-nm9x-z436,OTHER,2024,University of Gothenburg
https://researchdata.se/en/catalogue/dataset/doi-10-23695-nsba-y912,OTHER,2024,University of Gothenburg
https://researchdata.se/en/catalogue/dataset/doi-10-23695-nv6v-2928,OTHER,2024,University of Gothenburg
https://researchdata.se/en/catalogue/dataset/doi-10-23695-npcc-4f43,OTHER,2024,University of Gothenburg
https://researchdata.se/en/catalogue/dataset/doi-10-23695-nxa7-ka67,OTHER,2024,University of Gothenburg
https://researchdata.se/en/catalogue/dataset/doi-10-23695-ns6b-k954,OTHER,2024,University of Gothenburg
https://researchdata.se/en/catalogue/dataset/doi-10-23695-nvp0-6350,OTHER,2024,University of Gothenburg
https://researchdata.se/en/catalogue/dataset/doi-10-23695-nyc9-eg04,OTHER,2025,University of Gothenburg
https://researchdata.se/en/catalogue/dataset/doi-10-23695-nqj6-yc95,OTHER,2024,University of Gothenburg
https://researchdata.se/en/catalogue/dataset/doi-10-23695-nvvw-hb39,OTHER,2024,University of Gothenburg
https://researchdata.se/en/catalogue/dataset/doi-10-23695-p0q4-q071,OTHER,2024,University of Gothenburg
https://researchdata.se/en/catalogue/dataset/doi-10-23695-p1t6-wa60,OTHER,2024,University of Gothenburg
https://researchdata.se/en/catalogue/dataset/doi-10-23695-nzey-8w45,OTHER,2024,University of Gothenburg
https://researchdata.se/en/catalogue/dataset/doi-10-23695-nza1-p745,OTHER,2024,University of Gothenburg
https://researchdata.se/en/catalogue/dataset/doi-10-23695-p2v4-6g89,OTHER,2024,University of Gothenburg
https://researchdata.se/en/catalogue/dataset/doi-10-23695-p5qm-6670,OTHER,2024,University of Gothenburg
https://researchdata.se/en/catalogue/dataset/doi-10-23695-p0cc-p993,OTHER,2024,University of Gothenburg
https://researchdata.se/en/catalogue/dataset/doi-10-23695-p8yn-xf34,OTHER,2024,University of Gothenburg
https://researchdata.se/en/catalogue/dataset/doi-10-23695-p6vh-bm38,OTHER,2024,University of Gothenburg
https://researchdata.se/en/catalogue/dataset/doi-10-23695-p316-4n72,OTHER,2024,University of Gothenburg
https://researchdata.se/en/catalogue/dataset/doi-10-23695-p4ag-h063,OTHER,2024,University of Gothenburg
https://researchdata.se/en/catalogue/dataset/doi-10-23695-p8dn-rf81,OTHER,2024,University of Gothenburg
https://researchdata.se/en/catalogue/dataset/doi-10-23695-p81h-0a72,OTHER,2025,University of Gothenburg
https://researchdata.se/en/catalogue/dataset/doi-10-23695-p95q-0m44,OTHER,2024,University of Gothenburg
https://researchdata.se/en/catalogue/dataset/doi-10-23695-pbvv-vj96,OTHER,2024,University of Gothenburg
https://researchdata.se/en/catalogue/dataset/doi-10-23695-paky-de67,OTHER,2024,University of Gothenburg
https://researchdata.se/en/catalogue/dataset/doi-10-23695-pawz-fh93,OTHER,2025,University of Gothenburg
https://researchdata.se/en/catalogue/dataset/doi-10-23695-phwz-hx30,OTHER,2025,University of Gothenburg
https://researchdata.se/en/catalogue/dataset/doi-10-23695-pjhm-e314,OTHER,2024,University of Gothenburg
https://researchdata.se/en/catalogue/dataset/doi-10-23695-pfeg-d659,OTHER,2024,University of Gothenburg
https://researchdata.se/en/catalogue/dataset/doi-10-23695-pk12-f021,OTHER,2024,University of Gothenburg
https://researchdata.se/en/catalogue/dataset/doi-10-23695-pjhs-6466,OTHER,2024,University of Gothenburg
https://researchdata.se/en/catalogue/dataset/doi-10-23695-pmpb-ry83,OTHER,2025,University of Gothenburg
https://researchdata.se/en/catalogue/dataset/doi-10-23695-pkr0-qw56,OTHER,2024,University of Gothenburg
https://researchdata.se/en/catalogue/dataset/doi-10-23695-pm04-n213,OTHER,2024,University of Gothenburg
https://researchdata.se/en/catalogue/dataset/doi-10-23695-pn4q-q827,OTHER,2024,University of Gothenburg
https://researchdata.se/en/catalogue/dataset/doi-10-23695-ppxp-eq12,OTHER,2024,University of Gothenburg
https://researchdata.se/en/catalogue/dataset/doi-10-23695-pnwn-mt38,OTHER,2024,University of Gothenburg
https://researchdata.se/en/catalogue/dataset/doi-10-23695-ppt7-hf76,OTHER,2024,University of Gothenburg
https://researchdata.se/en/catalogue/dataset/doi-10-23695-pqrf-8x58,OTHER,2024,University of Gothenburg
https://researchdata.se/en/catalogue/dataset/doi-10-23695-pvrx-fg92,OTHER,2024,University of Gothenburg
https://researchdata.se/en/catalogue/dataset/doi-10-23695-pq2h-5f40,OTHER,2024,University of Gothenburg
https://researchdata.se/en/catalogue/dataset/doi-10-23695-pst6-xt66,OTHER,2024,University of Gothenburg
https://researchdata.se/en/catalogue/dataset/doi-10-23695-q5ry-er16,OTHER,2024,University of Gothenburg
https://researchdata.se/en/catalogue/dataset/doi-10-23695-q1fy-tg26,OTHER,2024,University of Gothenburg
https://researchdata.se/en/catalogue/dataset/doi-10-23695-pwva-xs03,OTHER,2024,University of Gothenburg
https://researchdata.se/en/catalogue/dataset/doi-10-23695-py9w-tn65,OTHER,2024,University of Gothenburg
https://researchdata.se/en/catalogue/dataset/doi-10-23695-q6q1-9247,OTHER,2024,University of Gothenburg
https://researchdata.se/en/catalogue/dataset/doi-10-23695-q6zf-wq10,OTHER,2024,University of Gothenburg
https://researchdata.se/en/catalogue/dataset/doi-10-23695-q4ns-kc44,OTHER,2024,University of Gothenburg
https://researchdata.se/en/catalogue/dataset/doi-10-23695-q2pm-vw31,OTHER,2024,University of Gothenburg
https://researchdata.se/en/catalogue/dataset/doi-10-23695-q9v4-vt57,OTHER,2025,University of Gothenburg
https://researchdata.se/en/catalogue/dataset/doi-10-23695-qdb0-mp65,OTHER,2024,University of Gothenburg
https://researchdata.se/en/catalogue/dataset/doi-10-23695-qa2w-5v14,OTHER,2024,University of Gothenburg
https://researchdata.se/en/catalogue/dataset/doi-10-23695-qdbg-b731,OTHER,2024,University of Gothenburg
https://researchdata.se/en/catalogue/dataset/doi-10-23695-qe9a-we97,OTHER,2024,University of Gothenburg
https://researchdata.se/en/catalogue/dataset/doi-10-23695-qhk2-6x66,OTHER,2024,University of Gothenburg
https://researchdata.se/en/catalogue/dataset/doi-10-23695-qdkn-es87,OTHER,2024,University of Gothenburg
https://researchdata.se/en/catalogue/dataset/doi-10-23695-qebf-k010,OTHER,2024,University of Gothenburg
https://researchdata.se/en/catalogue/dataset/doi-10-23695-qj0e-4d34,OTHER,2024,University of Gothenburg
https://researchdata.se/en/catalogue/dataset/doi-10-23695-qj8f-e838,OTHER,2024,University of Gothenburg
https://researchdata.se/en/catalogue/dataset/doi-10-23695-qggj-3130,OTHER,2024,University of Gothenburg
https://researchdata.se/en/catalogue/dataset/doi-10-23695-qmep-nr24,OTHER,2024,University of Gothenburg
https://researchdata.se/en/catalogue/dataset/doi-10-23695-qkkx-f796,OTHER,2024,University of Gothenburg
https://researchdata.se/en/catalogue/dataset/doi-10-23695-qp2c-3n78,OTHER,2024,University of Gothenburg
https://researchdata.se/en/catalogue/dataset/doi-10-23695-qkns-c385,OTHER,2024,University of Gothenburg
https://researchdata.se/en/catalogue/dataset/doi-10-23695-qpvb-xm67,OTHER,2024,University of Gothenburg
https://researchdata.se/en/catalogue/dataset/doi-10-23695-qssy-n662,OTHER,2024,University of Gothenburg
https://researchdata.se/en/catalogue/dataset/doi-10-23695-qqen-j104,OTHER,2024,University of Gothenburg
https://researchdata.se/en/catalogue/dataset/doi-10-23695-qppt-ks58,OTHER,2024,University of Gothenburg
https://researchdata.se/en/catalogue/dataset/doi-10-23695-qq2j-5705,OTHER,2024,University of Gothenburg
https://researchdata.se/en/catalogue/dataset/doi-10-23695-qvhc-kg53,OTHER,2024,University of Gothenburg
https://researchdata.se/en/catalogue/dataset/doi-10-23695-qwsz-cb16,OTHER,2024,University of Gothenburg
https://researchdata.se/en/catalogue/dataset/doi-10-23695-qx44-8m06,OTHER,2024,University of Gothenburg
https://researchdata.se/en/catalogue/dataset/doi-10-23695-qvy8-2076,OTHER,2024,University of Gothenburg
https://researchdata.se/en/catalogue/dataset/doi-10-23695-r20y-qp56,OTHER,2024,University of Gothenburg
https://researchdata.se/en/catalogue/dataset/doi-10-23695-r2g2-mn24,OTHER,2024,University of Gothenburg
https://researchdata.se/en/catalogue/dataset/doi-10-23695-qyg7-sm70,OTHER,2024,University of Gothenburg
https://researchdata.se/en/catalogue/dataset/doi-10-23695-r2cx-an80,OTHER,2024,University of Gothenburg
https://researchdata.se/en/catalogue/dataset/doi-10-23695-r4vm-j928,OTHER,2024,University of Gothenburg
https://researchdata.se/en/catalogue/dataset/doi-10-23695-qzdq-zn17,OTHER,2025,University of Gothenburg
https://researchdata.se/en/catalogue/dataset/doi-10-23695-qz1m-y014,OTHER,2024,University of Gothenburg
https://researchdata.se/en/catalogue/dataset/doi-10-23695-r4vt-hw65,OTHER,2024,University of Gothenburg
https://researchdata.se/en/catalogue/dataset/doi-10-23695-r5vp-v013,OTHER,2024,University of Gothenburg
https://researchdata.se/en/catalogue/dataset/doi-10-23695-r8td-xw20,OTHER,2024,University of Gothenburg
https://researchdata.se/en/catalogue/dataset/doi-10-23695-r957-tk58,OTHER,2024,University of Gothenburg
https://researchdata.se/en/catalogue/dataset/doi-10-23695-qcgy-vw41,OTHER,2024,University of Gothenburg
https://researchdata.se/en/catalogue/dataset/doi-10-23695-rdrc-pv77,OTHER,2024,University of Gothenburg
https://researchdata.se/en/catalogue/dataset/doi-10-23695-r5ve-qa14,OTHER,2024,University of Gothenburg
https://researchdata.se/en/catalogue/dataset/doi-10-23695-r9w3-vq94,OTHER,2024,University of Gothenburg
https://researchdata.se/en/catalogue/dataset/doi-10-23695-revf-er27,OTHER,2024,University of Gothenburg
https://researchdata.se/en/catalogue/dataset/doi-10-23695-r97m-ty64,OTHER,2024,University of Gothenburg
https://researchdata.se/en/catalogue/dataset/doi-10-23695-rbbg-4h36,OTHER,2024,University of Gothenburg
https://researchdata.se/en/catalogue/dataset/doi-10-23695-rgh6-xq54,OTHER,2024,University of Gothenburg
https://researchdata.se/en/catalogue/dataset/doi-10-23695-rnmb-ga21,OTHER,2024,University of Gothenburg
https://researchdata.se/en/catalogue/dataset/doi-10-23695-rgcg-ke24,OTHER,2024,University of Gothenburg
https://researchdata.se/en/catalogue/dataset/doi-10-23695-rkvs-hx51,OTHER,2024,University of Gothenburg
https://researchdata.se/en/catalogue/dataset/doi-10-23695-rgq0-pr79,OTHER,2024,University of Gothenburg
https://researchdata.se/en/catalogue/dataset/doi-10-23695-rkcx-0p52,OTHER,2024,University of Gothenburg
https://researchdata.se/en/catalogue/dataset/doi-10-23695-rkxx-7j19,OTHER,2024,University of Gothenburg
https://researchdata.se/en/catalogue/dataset/doi-10-23695-rj4g-1841,OTHER,2024,University of Gothenburg
https://researchdata.se/en/catalogue/dataset/doi-10-23695-rmnt-4106,OTHER,2024,University of Gothenburg
https://researchdata.se/en/catalogue/dataset/doi-10-23695-rham-1g02,OTHER,2024,University of Gothenburg
https://researchdata.se/en/catalogue/dataset/doi-10-23695-rsyr-zq08,OTHER,2024,University of Gothenburg
https://researchdata.se/en/catalogue/dataset/doi-10-23695-rw1g-7e75,OTHER,2024,University of Gothenburg
https://researchdata.se/en/catalogue/dataset/doi-10-23695-rnr2-nk24,OTHER,2024,University of Gothenburg
https://researchdata.se/en/catalogue/dataset/doi-10-23695-rww4-r432,OTHER,2024,University of Gothenburg
https://researchdata.se/en/catalogue/dataset/doi-10-23695-rw98-tr46,OTHER,2024,University of Gothenburg
https://researchdata.se/en/catalogue/dataset/doi-10-23695-rpea-4j96,OTHER,2024,University of Gothenburg
https://researchdata.se/en/catalogue/dataset/doi-10-23695-rwrq-1w38,OTHER,2016,University of Gothenburg
https://researchdata.se/en/catalogue/dataset/doi-10-23695-rrvk-4425,OTHER,2024,University of Gothenburg
https://researchdata.se/en/catalogue/dataset/doi-10-23695-rxf7-v102,OTHER,2024,University of Gothenburg
https://researchdata.se/en/catalogue/dataset/doi-10-23695-rxz7-vg45,OTHER,2024,University of Gothenburg
https://researchdata.se/en/catalogue/dataset/doi-10-23695-s0va-9y05,OTHER,2024,University of Gothenburg
https://researchdata.se/en/catalogue/dataset/doi-10-23695-s28e-d620,OTHER,2024,University of Gothenburg
https://researchdata.se/en/catalogue/dataset/doi-10-23695-s1n6-t612,OTHER,2024,University of Gothenburg
https://researchdata.se/en/catalogue/dataset/doi-10-23695-s704-f362,OTHER,2024,University of Gothenburg
https://researchdata.se/en/catalogue/dataset/doi-10-23695-s3bj-xc96,OTHER,2024,University of Gothenburg
https://researchdata.se/en/catalogue/dataset/doi-10-23695-s30v-g977,OTHER,2024,University of Gothenburg
https://researchdata.se/en/catalogue/dataset/doi-10-23695-s6c3-dq52,OTHER,2024,University of Gothenburg
https://researchdata.se/en/catalogue/dataset/doi-10-23695-s89c-w420,OTHER,2024,University of Gothenburg
https://researchdata.se/en/catalogue/dataset/doi-10-23695-s9np-h680,OTHER,2024,University of Gothenburg
https://researchdata.se/en/catalogue/dataset/doi-10-23695-s80w-2517,OTHER,2024,University of Gothenburg
https://researchdata.se/en/catalogue/dataset/doi-10-23695-s3hy-n541,OTHER,2024,University of Gothenburg
https://researchdata.se/en/catalogue/dataset/doi-10-23695-s9d3-m419,OTHER,2024,University of Gothenburg
https://researchdata.se/en/catalogue/dataset/doi-10-23695-sc0f-v539,OTHER,2024,University of Gothenburg
https://researchdata.se/en/catalogue/dataset/doi-10-23695-sar0-fs43,OTHER,2024,University of Gothenburg
https://researchdata.se/en/catalogue/dataset/doi-10-23695-safn-e012,OTHER,2024,University of Gothenburg
https://researchdata.se/en/catalogue/dataset/doi-10-23695-scdv-vp07,OTHER,2024,University of Gothenburg
https://researchdata.se/en/catalogue/dataset/doi-10-23695-sbt3-sj66,OTHER,2024,University of Gothenburg
https://researchdata.se/en/catalogue/dataset/doi-10-23695-scje-7w17,OTHER,2024,University of Gothenburg
https://researchdata.se/en/catalogue/dataset/doi-10-23695-sdpe-re80,OTHER,2024,University of Gothenburg
https://researchdata.se/en/catalogue/dataset/doi-10-23695-sc2g-zb68,OTHER,2024,University of Gothenburg
https://researchdata.se/en/catalogue/dataset/doi-10-23695-sf56-kb38,OTHER,2024,University of Gothenburg
https://researchdata.se/en/catalogue/dataset/doi-10-23695-scfd-zp59,OTHER,2024,University of Gothenburg
https://researchdata.se/en/catalogue/dataset/doi-10-23695-se1f-j645,OTHER,2024,University of Gothenburg
https://researchdata.se/en/catalogue/dataset/doi-10-23695-se5f-d274,OTHER,2024,University of Gothenburg
https://researchdata.se/en/catalogue/dataset/doi-10-23695-sg7k-ma63,OTHER,2024,University of Gothenburg
https://researchdata.se/en/catalogue/dataset/doi-10-23695-sf6e-an18,OTHER,2024,University of Gothenburg
https://researchdata.se/en/catalogue/dataset/doi-10-23695-sj1d-g022,OTHER,2024,University of Gothenburg
https://researchdata.se/en/catalogue/dataset/doi-10-23695-shwa-jf98,OTHER,2024,University of Gothenburg
https://researchdata.se/en/catalogue/dataset/doi-10-23695-sry4-bg72,OTHER,2024,University of Gothenburg
https://researchdata.se/en/catalogue/dataset/doi-10-23695-sjes-s341,OTHER,2024,University of Gothenburg
https://researchdata.se/en/catalogue/dataset/doi-10-23695-sw9p-bz76,OTHER,2024,University of Gothenburg
https://researchdata.se/en/catalogue/dataset/doi-10-23695-st06-pa61,OTHER,2025,University of Gothenburg
https://researchdata.se/en/catalogue/dataset/doi-10-23695-st71-1c58,OTHER,2024,University of Gothenburg
https://researchdata.se/en/catalogue/dataset/doi-10-23695-svb9-qw98,OTHER,2024,University of Gothenburg
https://researchdata.se/en/catalogue/dataset/doi-10-23695-swgt-7s14,OTHER,2025,University of Gothenburg
https://researchdata.se/en/catalogue/dataset/doi-10-23695-t0a2-3r13,OTHER,2024,University of Gothenburg
https://researchdata.se/en/catalogue/dataset/doi-10-23695-sz30-w850,OTHER,2024,University of Gothenburg
https://researchdata.se/en/catalogue/dataset/doi-10-23695-sww8-rp15,OTHER,2024,University of Gothenburg
https://researchdata.se/en/catalogue/dataset/doi-10-23695-t22j-6714,OTHER,2024,University of Gothenburg
https://researchdata.se/en/catalogue/dataset/doi-10-23695-t30b-mt09,OTHER,2024,University of Gothenburg
https://researchdata.se/en/catalogue/dataset/doi-10-23695-szff-1m48,OTHER,2024,University of Gothenburg
https://researchdata.se/en/catalogue/dataset/doi-10-23695-t49j-hb64,OTHER,2024,University of Gothenburg
https://researchdata.se/en/catalogue/dataset/doi-10-23695-t3ft-6975,OTHER,2024,University of Gothenburg
https://researchdata.se/en/catalogue/dataset/doi-10-23695-t5m3-ne58,OTHER,2024,University of Gothenburg
https://researchdata.se/en/catalogue/dataset/doi-10-23695-t4w4-rg52,OTHER,2024,University of Gothenburg
https://researchdata.se/en/catalogue/dataset/doi-10-23695-t3rd-t386,OTHER,2024,University of Gothenburg
https://researchdata.se/en/catalogue/dataset/doi-10-23695-t7yj-6e57,OTHER,2024,University of Gothenburg
https://researchdata.se/en/catalogue/dataset/doi-10-23695-tbt8-pz93,OTHER,2024,University of Gothenburg
https://researchdata.se/en/catalogue/dataset/doi-10-23695-tckp-q530,OTHER,2024,University of Gothenburg
https://researchdata.se/en/catalogue/dataset/doi-10-23695-tdav-g664,OTHER,2024,University of Gothenburg
https://researchdata.se/en/catalogue/dataset/doi-10-23695-tc3k-1n67,OTHER,2024,University of Gothenburg
https://researchdata.se/en/catalogue/dataset/doi-10-23695-t8f3-fx71,OTHER,2024,University of Gothenburg
https://researchdata.se/en/catalogue/dataset/doi-10-23695-tgjz-z506,OTHER,2024,University of Gothenburg
https://researchdata.se/en/catalogue/dataset/doi-10-23695-the9-9z35,OTHER,2024,University of Gothenburg
https://researchdata.se/en/catalogue/dataset/doi-10-23695-tpft-3q76,OTHER,2024,University of Gothenburg
https://researchdata.se/en/catalogue/dataset/doi-10-23695-tnjz-sf74,OTHER,2024,University of Gothenburg
https://researchdata.se/en/catalogue/dataset/doi-10-23695-tkpk-f947,OTHER,2024,University of Gothenburg
https://researchdata.se/en/catalogue/dataset/doi-10-23695-tje3-n997,OTHER,2024,University of Gothenburg
https://researchdata.se/en/catalogue/dataset/doi-10-23695-tjbn-jh96,OTHER,2024,University of Gothenburg
https://researchdata.se/en/catalogue/dataset/doi-10-23695-tqwt-se33,OTHER,2024,University of Gothenburg
https://researchdata.se/en/catalogue/dataset/doi-10-23695-tq3a-5909,OTHER,2024,University of Gothenburg
https://researchdata.se/en/catalogue/dataset/doi-10-23695-tqvm-0q26,OTHER,2024,University of Gothenburg
https://researchdata.se/en/catalogue/dataset/doi-10-23695-tsxc-mh74,OTHER,2024,University of Gothenburg
https://researchdata.se/en/catalogue/dataset/doi-10-23695-tqkx-av74,OTHER,2024,University of Gothenburg
https://researchdata.se/en/catalogue/dataset/doi-10-23695-trd4-8s03,OTHER,2024,University of Gothenburg
https://researchdata.se/en/catalogue/dataset/doi-10-23695-trre-m034,OTHER,2024,University of Gothenburg
https://researchdata.se/en/catalogue/dataset/doi-10-23695-tt9p-1v23,OTHER,2024,University of Gothenburg
https://researchdata.se/en/catalogue/dataset/doi-10-23695-ttj3-k291,OTHER,2024,University of Gothenburg
https://researchdata.se/en/catalogue/dataset/doi-10-23695-tvpv-p096,OTHER,2024,University of Gothenburg
https://researchdata.se/en/catalogue/dataset/doi-10-23695-tvyn-kq70,OTHER,2024,University of Gothenburg
https://researchdata.se/en/catalogue/dataset/doi-10-23695-ttkv-9y43,OTHER,2024,University of Gothenburg
https://researchdata.se/en/catalogue/dataset/doi-10-23695-twge-j983,OTHER,2024,University of Gothenburg
https://researchdata.se/en/catalogue/dataset/doi-10-23695-tyd6-z445,OTHER,2024,University of Gothenburg
https://researchdata.se/en/catalogue/dataset/doi-10-23695-txaw-kv39,OTHER,2024,University of Gothenburg
https://researchdata.se/en/catalogue/dataset/doi-10-23695-tyf5-bm53,OTHER,2024,University of Gothenburg
https://researchdata.se/en/catalogue/dataset/doi-10-23695-v16b-jz67,OTHER,2025,University of Gothenburg
https://researchdata.se/en/catalogue/dataset/doi-10-23695-v0qx-8g62,OTHER,2024,University of Gothenburg
https://researchdata.se/en/catalogue/dataset/doi-10-23695-v1n0-6t43,OTHER,2024,University of Gothenburg
https://researchdata.se/en/catalogue/dataset/doi-10-23695-v1y2-f098,OTHER,2024,University of Gothenburg
https://researchdata.se/en/catalogue/dataset/doi-10-23695-v4mc-6r34,OTHER,2024,University of Gothenburg
https://researchdata.se/en/catalogue/dataset/doi-10-23695-v47x-4g92,OTHER,2024,University of Gothenburg
https://researchdata.se/en/catalogue/dataset/doi-10-23695-v3jx-zv19,OTHER,2024,University of Gothenburg
https://researchdata.se/en/catalogue/dataset/doi-10-23695-v1j2-4b85,OTHER,2024,University of Gothenburg
https://researchdata.se/en/catalogue/dataset/doi-10-23695-v3wp-6c64,OTHER,2024,University of Gothenburg
https://researchdata.se/en/catalogue/dataset/doi-10-23695-v6g0-dh08,OTHER,2024,University of Gothenburg
https://researchdata.se/en/catalogue/dataset/doi-10-23695-v7j4-5075,OTHER,2024,University of Gothenburg
https://researchdata.se/en/catalogue/dataset/doi-10-23695-v7a6-xe77,OTHER,2024,University of Gothenburg
https://researchdata.se/en/catalogue/dataset/doi-10-23695-v52z-1w23,OTHER,2024,University of Gothenburg
https://researchdata.se/en/catalogue/dataset/doi-10-23695-vbqg-jr16,OTHER,2024,University of Gothenburg
https://researchdata.se/en/catalogue/dataset/doi-10-23695-vd9r-3t41,OTHER,2024,University of Gothenburg
https://researchdata.se/en/catalogue/dataset/doi-10-23695-v8xs-p564,OTHER,2025,University of Gothenburg
https://researchdata.se/en/catalogue/dataset/doi-10-23695-vdax-hp87,OTHER,2024,University of Gothenburg
https://researchdata.se/en/catalogue/dataset/doi-10-23695-vcmq-2310,OTHER,2024,University of Gothenburg
https://researchdata.se/en/catalogue/dataset/doi-10-23695-vf6c-nr65,OTHER,2024,University of Gothenburg
https://researchdata.se/en/catalogue/dataset/doi-10-23695-vdfx-r139,OTHER,2024,University of Gothenburg
https://researchdata.se/en/catalogue/dataset/doi-10-23695-vhwd-mp90,OTHER,2024,University of Gothenburg
https://researchdata.se/en/catalogue/dataset/doi-10-23695-vj17-ed92,OTHER,2024,University of Gothenburg
https://researchdata.se/en/catalogue/dataset/doi-10-23695-vhjw-wt26,OTHER,2024,University of Gothenburg
https://researchdata.se/en/catalogue/dataset/doi-10-23695-tt1e-3194,OTHER,2024,University of Gothenburg
https://researchdata.se/en/catalogue/dataset/doi-10-23695-vkfr-wv85,OTHER,2024,University of Gothenburg
https://researchdata.se/en/catalogue/dataset/doi-10-23695-vkg5-xw14,OTHER,2024,University of Gothenburg
https://researchdata.se/en/catalogue/dataset/doi-10-23695-vkqk-p917,OTHER,2024,University of Gothenburg
https://researchdata.se/en/catalogue/dataset/doi-10-23695-vjdm-xm83,OTHER,2024,University of Gothenburg
https://researchdata.se/en/catalogue/dataset/doi-10-23695-vkrt-z816,OTHER,2024,University of Gothenburg
https://researchdata.se/en/catalogue/dataset/doi-10-23695-vp9e-pg93,OTHER,2024,University of Gothenburg
https://researchdata.se/en/catalogue/dataset/doi-10-23695-vpc3-wc18,OTHER,2024,University of Gothenburg
https://researchdata.se/en/catalogue/dataset/doi-10-23695-vmqw-rv41,OTHER,2024,University of Gothenburg
https://researchdata.se/en/catalogue/dataset/doi-10-23695-vn82-5s17,OTHER,2024,University of Gothenburg
https://researchdata.se/en/catalogue/dataset/doi-10-23695-vr7v-zq62,OTHER,2024,University of Gothenburg
https://researchdata.se/en/catalogue/dataset/doi-10-23695-vn24-1992,OTHER,2024,University of Gothenburg
https://researchdata.se/en/catalogue/dataset/doi-10-23695-vrvv-j228,OTHER,2024,University of Gothenburg
https://researchdata.se/en/catalogue/dataset/doi-10-23695-vw67-tk79,OTHER,2024,University of Gothenburg
https://researchdata.se/en/catalogue/dataset/doi-10-23695-vskb-tp81,OTHER,2024,University of Gothenburg
https://researchdata.se/en/catalogue/dataset/doi-10-23695-vv5d-bq14,OTHER,2025,University of Gothenburg
https://researchdata.se/en/catalogue/dataset/doi-10-23695-vvey-cf02,OTHER,2024,University of Gothenburg
https://researchdata.se/en/catalogue/dataset/doi-10-23695-vwt5-gp09,OTHER,2024,University of Gothenburg
https://researchdata.se/en/catalogue/dataset/doi-10-23695-w1kh-6g30,OTHER,2024,University of Gothenburg
https://researchdata.se/en/catalogue/dataset/doi-10-23695-vy2j-xs67,OTHER,2024,University of Gothenburg
https://researchdata.se/en/catalogue/dataset/doi-10-23695-vy2r-et47,OTHER,2024,University of Gothenburg
https://researchdata.se/en/catalogue/dataset/doi-10-23695-vsb1-et81,OTHER,2024,University of Gothenburg
https://researchdata.se/en/catalogue/dataset/doi-10-23695-w176-1431,OTHER,2024,University of Gothenburg
https://researchdata.se/en/catalogue/dataset/doi-10-23695-w1s6-sg21,OTHER,2024,University of Gothenburg
https://researchdata.se/en/catalogue/dataset/doi-10-23695-w38w-ag47,OTHER,2024,University of Gothenburg
https://researchdata.se/en/catalogue/dataset/doi-10-23695-w4e3-z689,OTHER,2024,University of Gothenburg
https://researchdata.se/en/catalogue/dataset/doi-10-23695-w50j-tf54,OTHER,2024,University of Gothenburg
https://researchdata.se/en/catalogue/dataset/doi-10-23695-w468-bn43,OTHER,2024,University of Gothenburg
https://researchdata.se/en/catalogue/dataset/doi-10-23695-w3xa-tm27,OTHER,2024,University of Gothenburg
https://researchdata.se/en/catalogue/dataset/doi-10-23695-w5ww-x964,OTHER,2024,University of Gothenburg
https://researchdata.se/en/catalogue/dataset/doi-10-23695-w4zk-mr96,OTHER,2024,University of Gothenburg
https://researchdata.se/en/catalogue/dataset/doi-10-23695-w685-1q03,OTHER,2024,University of Gothenburg
https://researchdata.se/en/catalogue/dataset/doi-10-23695-w5sh-0z37,OTHER,2024,University of Gothenburg
https://researchdata.se/en/catalogue/dataset/doi-10-23695-wa5z-ec65,OTHER,2025,University of Gothenburg
https://researchdata.se/en/catalogue/dataset/doi-10-23695-w8y7-nz51,OTHER,2024,University of Gothenburg
https://researchdata.se/en/catalogue/dataset/doi-10-23695-wb5v-zh18,OTHER,2024,University of Gothenburg
https://researchdata.se/en/catalogue/dataset/doi-10-23695-w9zv-9s54,OTHER,2024,University of Gothenburg
https://researchdata.se/en/catalogue/dataset/doi-10-23695-wb6y-sv35,OTHER,2024,University of Gothenburg
https://researchdata.se/en/catalogue/dataset/doi-10-23695-wabq-2t79,OTHER,2024,University of Gothenburg
https://researchdata.se/en/catalogue/dataset/doi-10-23695-wh3y-2y24,OTHER,2024,University of Gothenburg
https://researchdata.se/en/catalogue/dataset/doi-10-23695-wgep-cy02,OTHER,2024,University of Gothenburg
https://researchdata.se/en/catalogue/dataset/doi-10-23695-wk20-9s63,OTHER,2024,University of Gothenburg
https://researchdata.se/en/catalogue/dataset/doi-10-23695-wh4q-np91,OTHER,2024,University of Gothenburg
https://researchdata.se/en/catalogue/dataset/doi-10-23695-wk46-8x59,OTHER,2024,University of Gothenburg
https://researchdata.se/en/catalogue/dataset/doi-10-23695-wjht-9t71,OTHER,2024,University of Gothenburg
https://researchdata.se/en/catalogue/dataset/doi-10-23695-wnd0-c311,OTHER,2024,University of Gothenburg
https://researchdata.se/en/catalogue/dataset/doi-10-23695-wkkn-n867,OTHER,2024,University of Gothenburg
https://researchdata.se/en/catalogue/dataset/doi-10-23695-wmcr-7c32,OTHER,2024,University of Gothenburg
https://researchdata.se/en/catalogue/dataset/doi-10-23695-wm8g-rt20,OTHER,2024,University of Gothenburg
https://researchdata.se/en/catalogue/dataset/doi-10-23695-wpzg-7k66,OTHER,2024,University of Gothenburg
https://researchdata.se/en/catalogue/dataset/doi-10-23695-wnh8-g011,OTHER,2024,University of Gothenburg
https://researchdata.se/en/catalogue/dataset/doi-10-23695-wnjb-4440,OTHER,2024,University of Gothenburg
https://researchdata.se/en/catalogue/dataset/doi-10-23695-wqqg-ym24,OTHER,2024,University of Gothenburg
https://researchdata.se/en/catalogue/dataset/doi-10-23695-wp72-8a96,OTHER,2024,University of Gothenburg
https://researchdata.se/en/catalogue/dataset/doi-10-23695-wsbh-dw10,OTHER,2024,University of Gothenburg
https://researchdata.se/en/catalogue/dataset/doi-10-23695-wrpb-tb09,OTHER,2024,University of Gothenburg
https://researchdata.se/en/catalogue/dataset/doi-10-23695-wspt-n984,OTHER,2024,University of Gothenburg
https://researchdata.se/en/catalogue/dataset/doi-10-23695-wsrq-kz28,OTHER,2024,University of Gothenburg
https://researchdata.se/en/catalogue/dataset/doi-10-23695-wt3p-5n24,OTHER,2024,University of Gothenburg
https://researchdata.se/en/catalogue/dataset/doi-10-23695-wsr0-0433,OTHER,2024,University of Gothenburg
https://researchdata.se/en/catalogue/dataset/doi-10-23695-wv8w-dq82,OTHER,2024,University of Gothenburg
https://researchdata.se/en/catalogue/dataset/doi-10-23695-wwpa-vv52,OTHER,2024,University of Gothenburg
https://researchdata.se/en/catalogue/dataset/doi-10-23695-wwef-p535,OTHER,2024,University of Gothenburg
https://researchdata.se/en/catalogue/dataset/doi-10-23695-wy84-ar30,OTHER,2024,University of Gothenburg
https://researchdata.se/en/catalogue/dataset/doi-10-23695-wwm1-wa96,OTHER,2024,University of Gothenburg
https://researchdata.se/en/catalogue/dataset/doi-10-23695-wxg9-b713,OTHER,2024,University of Gothenburg
https://researchdata.se/en/catalogue/dataset/doi-10-23695-wy9w-mw74,OTHER,2024,University of Gothenburg
https://researchdata.se/en/catalogue/dataset/doi-10-23695-wyew-7803,OTHER,2024,University of Gothenburg
https://researchdata.se/en/catalogue/dataset/doi-10-23695-x6pm-0r77,OTHER,2024,University of Gothenburg
https://researchdata.se/en/catalogue/dataset/doi-10-23695-x5fy-db89,OTHER,2024,University of Gothenburg
https://researchdata.se/en/catalogue/dataset/doi-10-23695-x4th-gg79,OTHER,2024,University of Gothenburg
https://researchdata.se/en/catalogue/dataset/doi-10-23695-x69r-8p02,OTHER,2024,University of Gothenburg
https://researchdata.se/en/catalogue/dataset/doi-10-23695-x3bq-mm53,OTHER,2025,University of Gothenburg
https://researchdata.se/en/catalogue/dataset/doi-10-23695-x690-zc63,OTHER,2024,University of Gothenburg
https://researchdata.se/en/catalogue/dataset/doi-10-23695-wyzw-c368,OTHER,2024,University of Gothenburg
https://researchdata.se/en/catalogue/dataset/doi-10-23695-x6yk-2r91,OTHER,2024,University of Gothenburg
https://researchdata.se/en/catalogue/dataset/doi-10-23695-x916-nm26,OTHER,2024,University of Gothenburg
https://researchdata.se/en/catalogue/dataset/doi-10-23695-x6wq-ey08,OTHER,2024,University of Gothenburg
https://researchdata.se/en/catalogue/dataset/doi-10-23695-x9dx-0h40,OTHER,2024,University of Gothenburg
https://researchdata.se/en/catalogue/dataset/doi-10-23695-x7s7-ds09,OTHER,2024,University of Gothenburg
https://researchdata.se/en/catalogue/dataset/doi-10-23695-x9ym-aa22,OTHER,2024,University of Gothenburg
https://researchdata.se/en/catalogue/dataset/doi-10-23695-xagg-ws63,OTHER,2024,University of Gothenburg
https://researchdata.se/en/catalogue/dataset/doi-10-23695-xae1-5885,OTHER,2024,University of Gothenburg
https://researchdata.se/en/catalogue/dataset/doi-10-23695-xe7r-k506,OTHER,2025,University of Gothenburg
https://researchdata.se/en/catalogue/dataset/doi-10-23695-xaps-et76,OTHER,2024,University of Gothenburg
https://researchdata.se/en/catalogue/dataset/doi-10-23695-xes6-3b77,OTHER,2024,University of Gothenburg
https://researchdata.se/en/catalogue/dataset/doi-10-23695-xev0-we09,OTHER,2024,University of Gothenburg
https://researchdata.se/en/catalogue/dataset/doi-10-23695-xgcj-rr93,OTHER,2024,University of Gothenburg
https://researchdata.se/en/catalogue/dataset/doi-10-23695-xgmh-y377,OTHER,2024,University of Gothenburg
https://researchdata.se/en/catalogue/dataset/doi-10-23695-xfan-by68,OTHER,2024,University of Gothenburg
https://researchdata.se/en/catalogue/dataset/doi-10-23695-xp4v-sy18,OTHER,2024,University of Gothenburg
https://researchdata.se/en/catalogue/dataset/doi-10-23695-xn6n-qk80,OTHER,2024,University of Gothenburg
https://researchdata.se/en/catalogue/dataset/doi-10-23695-xnb8-vv11,OTHER,2024,University of Gothenburg
https://researchdata.se/en/catalogue/dataset/doi-10-23695-xm6d-v485,OTHER,2024,University of Gothenburg
https://researchdata.se/en/catalogue/dataset/doi-10-23695-xk76-g225,OTHER,2024,University of Gothenburg
https://researchdata.se/en/catalogue/dataset/doi-10-23695-xq57-jk22,OTHER,2024,University of Gothenburg
https://researchdata.se/en/catalogue/dataset/doi-10-23695-xpd7-x637,OTHER,2024,University of Gothenburg
https://researchdata.se/en/catalogue/dataset/doi-10-23695-xqg5-0f61,OTHER,2024,University of Gothenburg
https://researchdata.se/en/catalogue/dataset/doi-10-23695-xq47-0x17,OTHER,2024,University of Gothenburg
https://researchdata.se/en/catalogue/dataset/doi-10-23695-xthy-fj91,OTHER,2024,University of Gothenburg
https://researchdata.se/en/catalogue/dataset/doi-10-23695-xrsg-mp07,OTHER,2024,University of Gothenburg
https://researchdata.se/en/catalogue/dataset/doi-10-23695-xs2w-xr07,OTHER,2024,University of Gothenburg
https://researchdata.se/en/catalogue/dataset/doi-10-23695-xsh4-ba73,OTHER,2024,University of Gothenburg
https://researchdata.se/en/catalogue/dataset/doi-10-23695-xtt7-bw98,OTHER,2024,University of Gothenburg
https://researchdata.se/en/catalogue/dataset/doi-10-23695-x6ky-9n59,OTHER,2024,University of Gothenburg
https://researchdata.se/en/catalogue/dataset/doi-10-23695-xv6d-0a11,OTHER,2024,University of Gothenburg
https://researchdata.se/en/catalogue/dataset/doi-10-23695-xwz6-jv19,OTHER,2025,University of Gothenburg
https://researchdata.se/en/catalogue/dataset/doi-10-23695-y2pw-7393,OTHER,2024,University of Gothenburg
https://researchdata.se/en/catalogue/dataset/doi-10-23695-y2mm-jk80,OTHER,2024,University of Gothenburg
https://researchdata.se/en/catalogue/dataset/doi-10-23695-y2me-4a95,OTHER,2024,University of Gothenburg
https://researchdata.se/en/catalogue/dataset/doi-10-23695-y2px-rd15,OTHER,2024,University of Gothenburg
https://researchdata.se/en/catalogue/dataset/doi-10-23695-y5rs-tw92,OTHER,2024,University of Gothenburg
https://researchdata.se/en/catalogue/dataset/doi-10-23695-y7vc-2541,OTHER,2024,University of Gothenburg
https://researchdata.se/en/catalogue/dataset/doi-10-23695-y8v9-nh07,OTHER,2024,University of Gothenburg
https://researchdata.se/en/catalogue/dataset/doi-10-23695-yc3t-mg58,OTHER,2024,University of Gothenburg
https://researchdata.se/en/catalogue/dataset/doi-10-23695-y38m-3f90,OTHER,2024,University of Gothenburg
https://researchdata.se/en/catalogue/dataset/doi-10-23695-y43g-bx28,OTHER,2024,University of Gothenburg
https://researchdata.se/en/catalogue/dataset/doi-10-23695-yepn-se26,OTHER,2024,University of Gothenburg
https://researchdata.se/en/catalogue/dataset/doi-10-23695-yapt-pq34,OTHER,2024,University of Gothenburg
https://researchdata.se/en/catalogue/dataset/doi-10-23695-yhxv-a472,OTHER,2024,University of Gothenburg
https://researchdata.se/en/catalogue/dataset/doi-10-23695-ygw3-gf17,OTHER,2024,University of Gothenburg
https://researchdata.se/en/catalogue/dataset/doi-10-23695-yetm-v642,OTHER,2024,University of Gothenburg
https://researchdata.se/en/catalogue/dataset/doi-10-23695-ygeg-g110,OTHER,2024,University of Gothenburg
https://researchdata.se/en/catalogue/dataset/doi-10-23695-yd1h-ag22,OTHER,2024,University of Gothenburg
https://researchdata.se/en/catalogue/dataset/doi-10-23695-ygn6-nh25,OTHER,2024,University of Gothenburg
https://researchdata.se/en/catalogue/dataset/doi-10-23695-yn9m-2s80,OTHER,2024,University of Gothenburg
https://researchdata.se/en/catalogue/dataset/doi-10-23695-yjt1-zz67,OTHER,2024,University of Gothenburg
https://researchdata.se/en/catalogue/dataset/doi-10-23695-yk0c-mj92,OTHER,2024,University of Gothenburg
https://researchdata.se/en/catalogue/dataset/doi-10-23695-ync1-5779,OTHER,2024,University of Gothenburg
https://researchdata.se/en/catalogue/dataset/doi-10-23695-ynfn-aq62,OTHER,2024,University of Gothenburg
https://researchdata.se/en/catalogue/dataset/doi-10-23695-yyh0-ae42,OTHER,2024,University of Gothenburg
https://researchdata.se/en/catalogue/dataset/doi-10-23695-yrc6-bc79,OTHER,2024,University of Gothenburg
https://researchdata.se/en/catalogue/dataset/doi-10-23695-z203-4057,OTHER,2024,University of Gothenburg
https://researchdata.se/en/catalogue/dataset/doi-10-23695-yrvj-e536,OTHER,2024,University of Gothenburg
https://researchdata.se/en/catalogue/dataset/doi-10-23695-yxza-hp52,OTHER,2024,University of Gothenburg
https://researchdata.se/en/catalogue/dataset/doi-10-23695-z2qm-8y11,OTHER,2024,University of Gothenburg
https://researchdata.se/en/catalogue/dataset/doi-10-23695-z0d7-2921,OTHER,2024,University of Gothenburg
https://researchdata.se/en/catalogue/dataset/doi-10-23695-z4f7-6476,OTHER,2024,University of Gothenburg
https://researchdata.se/en/catalogue/dataset/doi-10-23695-z3ty-ss22,OTHER,2024,University of Gothenburg
https://researchdata.se/en/catalogue/dataset/doi-10-23695-z6c1-gm36,OTHER,2024,University of Gothenburg
https://researchdata.se/en/catalogue/dataset/doi-10-23695-z7mr-2456,OTHER,2024,University of Gothenburg
https://researchdata.se/en/catalogue/dataset/doi-10-23695-z8sh-yy34,OTHER,2025,University of Gothenburg
https://researchdata.se/en/catalogue/dataset/doi-10-23695-z9cm-xc45,OTHER,2024,University of Gothenburg
https://researchdata.se/en/catalogue/dataset/doi-10-23695-z76x-na43,OTHER,2024,University of Gothenburg
https://researchdata.se/en/catalogue/dataset/doi-10-23695-zaey-1y82,OTHER,2024,University of Gothenburg
https://researchdata.se/en/catalogue/dataset/doi-10-23695-z6dn-rm59,OTHER,2024,University of Gothenburg
https://researchdata.se/en/catalogue/dataset/doi-10-23695-z9rv-0342,OTHER,2024,University of Gothenburg
https://researchdata.se/en/catalogue/dataset/doi-10-23695-z8wj-1r23,OTHER,2023,University of Gothenburg
https://researchdata.se/en/catalogue/dataset/doi-10-23695-zbd4-s747,OTHER,2024,University of Gothenburg
https://researchdata.se/en/catalogue/dataset/doi-10-23695-zbf0-wk91,OTHER,2025,University of Gothenburg
https://researchdata.se/en/catalogue/dataset/doi-10-23695-z8xv-mq96,OTHER,2024,University of Gothenburg
https://researchdata.se/en/catalogue/dataset/doi-10-23695-zbjf-y307,OTHER,2024,University of Gothenburg
https://researchdata.se/en/catalogue/dataset/doi-10-23695-zbx0-3r31,OTHER,2024,University of Gothenburg
https://researchdata.se/en/catalogue/dataset/doi-10-23695-zb87-4r92,OTHER,2024,University of Gothenburg
https://researchdata.se/en/catalogue/dataset/doi-10-23695-zc4n-9g44,OTHER,2024,University of Gothenburg
https://researchdata.se/en/catalogue/dataset/doi-10-23695-zdj9-7638,OTHER,2024,University of Gothenburg
https://researchdata.se/en/catalogue/dataset/doi-10-23695-zcjc-ty02,OTHER,2024,University of Gothenburg
https://researchdata.se/en/catalogue/dataset/doi-10-23695-zgkb-s720,OTHER,2024,University of Gothenburg
https://researchdata.se/en/catalogue/dataset/doi-10-23695-zcm1-0404,OTHER,2024,University of Gothenburg
https://researchdata.se/en/catalogue/dataset/doi-10-23695-zh0s-7x19,OTHER,2024,University of Gothenburg
https://researchdata.se/en/catalogue/dataset/doi-10-23695-zmn6-zb84,OTHER,2024,University of Gothenburg
https://researchdata.se/en/catalogue/dataset/doi-10-23695-zj0t-gf84,OTHER,2024,University of Gothenburg
https://researchdata.se/en/catalogue/dataset/doi-10-23695-zmem-cs93,OTHER,2024,University of Gothenburg
https://researchdata.se/en/catalogue/dataset/doi-10-23695-zn8t-bs39,OTHER,2024,University of Gothenburg
https://researchdata.se/en/catalogue/dataset/doi-10-23695-zkzz-bm37,OTHER,2024,University of Gothenburg
https://researchdata.se/en/catalogue/dataset/doi-10-23695-znf0-2q67,OTHER,2024,University of Gothenburg
https://researchdata.se/en/catalogue/dataset/doi-10-23695-zr87-6y36,OTHER,2024,University of Gothenburg
https://researchdata.se/en/catalogue/dataset/doi-10-23695-zs1n-4m19,OTHER,2024,University of Gothenburg
https://researchdata.se/en/catalogue/dataset/doi-10-23695-zph6-en76,OTHER,2024,University of Gothenburg
https://researchdata.se/en/catalogue/dataset/doi-10-23695-zskp-9v37,OTHER,2024,University of Gothenburg
https://researchdata.se/en/catalogue/dataset/doi-10-23695-zshv-4a38,OTHER,2024,University of Gothenburg
https://researchdata.se/en/catalogue/dataset/doi-10-23695-zty4-0q40,OTHER,2024,University of Gothenburg
https://researchdata.se/en/catalogue/dataset/doi-10-23695-zv8s-s764,OTHER,2024,University of Gothenburg
https://researchdata.se/en/catalogue/dataset/doi-10-23695-zt3s-z130,OTHER,2024,University of Gothenburg
https://researchdata.se/en/catalogue/dataset/doi-10-23695-zwfc-gk60,OTHER,2024,University of Gothenburg
https://researchdata.se/en/catalogue/dataset/doi-10-23695-zv9g-yn84,OTHER,2024,University of Gothenburg
https://researchdata.se/en/catalogue/dataset/doi-10-23695-zxhm-k854,OTHER,2024,University of Gothenburg
https://researchdata.se/en/catalogue/dataset/doi-10-23695-zxgz-qq20,OTHER,2024,University of Gothenburg
https://researchdata.se/en/catalogue/dataset/doi-10-23698-aida-anklefx,OTHER,2024,AIDA Data Hub
https://researchdata.se/en/catalogue/dataset/doi-10-23695-zxr5-7n95,OTHER,2024,University of Gothenburg
https://researchdata.se/en/catalogue/dataset/doi-10-23695-zxkz-eq76,OTHER,2024,University of Gothenburg
https://researchdata.se/en/catalogue/dataset/doi-10-23698-aida-bccc,OTHER,2023,AIDA Data Hub
https://researchdata.se/en/catalogue/dataset/doi-10-23698-aida-brln,OTHER,2019,AIDA Data Hub
https://researchdata.se/en/catalogue/dataset/doi-10-23698-aida-affai,OTHER,2021,AIDA Data Hub
https://researchdata.se/en/catalogue/dataset/doi-10-23698-aida-brmbr,OTHER,2023,AIDA Data Hub
https://researchdata.se/en/catalogue/dataset/doi-10-23698-aida-ctpa,OTHER,2019,AIDA Data Hub
https://researchdata.se/en/catalogue/dataset/doi-10-23698-aida-ctpel,OTHER,2019,AIDA Data Hub
https://researchdata.se/en/catalogue/dataset/doi-10-23698-aida-drli,OTHER,2019,AIDA Data Hub
https://researchdata.se/en/catalogue/dataset/doi-10-23698-aida-drco,OTHER,2019,AIDA Data Hub
https://researchdata.se/en/catalogue/dataset/doi-10-23698-aida-drske,OTHER,2019,AIDA Data Hub
https://researchdata.se/en/catalogue/dataset/doi-10-23698-aida-drbr,OTHER,2019,AIDA Data Hub
https://researchdata.se/en/catalogue/dataset/doi-10-23698-aida-ejr2023,OTHER,2023,AIDA Data Hub
https://researchdata.se/en/catalogue/dataset/doi-10-23698-aida-kf2020,OTHER,2021,AIDA Data Hub
https://researchdata.se/en/catalogue/dataset/doi-10-23698-aida-drsk,OTHER,2019,AIDA Data Hub
https://researchdata.se/en/catalogue/dataset/doi-10-23698-aida-drov,OTHER,2019,AIDA Data Hub
https://researchdata.se/en/catalogue/dataset/doi-10-23698-aida-lesser,OTHER,2023,AIDA Data Hub
https://researchdata.se/en/catalogue/dataset/doi-10-23698-aida-lnco2,OTHER,2020,AIDA Data Hub
https://researchdata.se/en/catalogue/dataset/doi-10-23698-aida-lnco,OTHER,2019,AIDA Data Hub
https://researchdata.se/en/catalogue/dataset/doi-10-23698-aida-lund-probe,OTHER,2025,AIDA Data Hub
https://researchdata.se/en/catalogue/dataset/doi-10-23698-aida-koa2021,OTHER,2021,AIDA Data Hub
https://researchdata.se/en/catalogue/dataset/doi-10-23698-aida-mbtst-dm,OTHER,2019,AIDA Data Hub
https://researchdata.se/en/catalogue/dataset/doi-10-23698-aida-micromen,OTHER,2023,AIDA Data Hub
https://researchdata.se/en/catalogue/dataset/doi-10-23698-aida-megre,OTHER,2020,AIDA Data Hub
https://researchdata.se/en/catalogue/dataset/doi-10-23698-aida-sr2023,OTHER,2023,AIDA Data Hub
https://researchdata.se/en/catalogue/dataset/doi-10-23698-aida-synthetic-brgandi,OTHER,2023,AIDA Data Hub
https://researchdata.se/en/catalogue/dataset/doi-10-48391-b0179486-47c5-4e5c-8301-cde7bfcb2ce1,OTHER,2022,Lund University
https://researchdata.se/en/catalogue/dataset/doi-10-48391-52813eb9-df48-4f4c-911b-f24f8d079419,OTHER,2023,Lund University
https://researchdata.se/en/catalogue/dataset/doi-10-48391-91a3a886-df6f-434a-9a1d-7304a0061e00,OTHER,2022,Lund University
https://researchdata.se/en/catalogue/dataset/doi-10-23698-aida-synthetic-shbamri,OTHER,2023,AIDA Data Hub
https://researchdata.se/en/catalogue/dataset/doi-10-48360-m803-yp37,OTHER,2023,Linköping University
https://researchdata.se/en/catalogue/dataset/doi-10-48391-b0c36bb8-a00c-4519-8dcc-08d5ca60a313,OTHER,2023,Lund University
https://researchdata.se/en/catalogue/dataset/doi-10-48391-cff474da-2b3f-4a3a-9226-9c4f1d62470e,OTHER,2024,Lund University
https://researchdata.se/en/catalogue/dataset/doi-10-5281-zenodo-10419469,OTHER,2023,Royal Institute of Technology
https://researchdata.se/en/catalogue/dataset/doi-10-48391-d7dcf27a-5f2f-4dad-b8f2-d7a54c105815,OTHER,2025,Lund University
https://researchdata.se/en/catalogue/dataset/doi-10-5281-zenodo-10257363,OTHER,2023,Chalmers University of Technology
https://researchdata.se/en/catalogue/dataset/doi-10-5281-zenodo-10013486,OTHER,2023,Chalmers University of Technology
https://researchdata.se/en/catalogue/dataset/doi-10-5281-zenodo-10014454,OTHER,2023,Chalmers University of Technology
https://researchdata.se/en/catalogue/dataset/doi-10-5281-zenodo-10078608,OTHER,2023,University of Gothenburg
https://researchdata.se/en/catalogue/dataset/doi-10-23698-aida-ctskull,OTHER,2021,AIDA Data Hub
https://researchdata.se/en/catalogue/dataset/doi-10-5281-zenodo-10149723,OTHER,2023,Chalmers University of Technology
https://researchdata.se/en/catalogue/dataset/doi-10-5281-zenodo-10556299,OTHER,2024,Swedish National Heritage Board
https://researchdata.se/en/catalogue/dataset/doi-10-5281-zenodo-10445868,OTHER,2023,Royal Institute of Technology
https://researchdata.se/en/catalogue/dataset/doi-10-5281-zenodo-10572676,OTHER,2024,Swedish National Heritage Board
https://researchdata.se/en/catalogue/dataset/doi-10-5281-zenodo-10846812,OTHER,2021,Chalmers University of Technology
https://researchdata.se/en/catalogue/dataset/doi-10-5281-zenodo-11120638,OTHER,2024,Chalmers University of Technology
https://researchdata.se/en/catalogue/dataset/doi-10-5281-zenodo-10658778,OTHER,2024,Chalmers University of Technology
https://researchdata.se/en/catalogue/dataset/doi-10-5281-zenodo-10996743,OTHER,2024,Royal Institute of Technology
https://researchdata.se/en/catalogue/dataset/doi-10-5281-zenodo-11216960,OTHER,2023,Blekinge Institute of Technology
https://researchdata.se/en/catalogue/dataset/doi-10-5281-zenodo-1226887,OTHER,2018,Karlstad University
https://researchdata.se/en/catalogue/dataset/doi-10-5281-zenodo-11951255,OTHER,2024,Swedish National Heritage Board
https://researchdata.se/en/catalogue/dataset/doi-10-5281-zenodo-1227085,OTHER,2018,Karlstad University
https://researchdata.se/en/catalogue/dataset/doi-10-5281-zenodo-12567153,OTHER,2024,Swedish National Heritage Board
https://researchdata.se/en/catalogue/dataset/doi-10-5281-zenodo-11048010,OTHER,2024,University of Gothenburg
https://researchdata.se/en/catalogue/dataset/doi-10-5281-zenodo-1227123,OTHER,2018,Karlstad University
https://researchdata.se/en/catalogue/dataset/doi-10-5281-zenodo-12605480,OTHER,2024,Royal Institute of Technology
https://researchdata.se/en/catalogue/dataset/doi-10-5281-zenodo-1227131,OTHER,2018,Karlstad University
https://researchdata.se/en/catalogue/dataset/doi-10-5281-zenodo-12750436,OTHER,2024,Royal Institute of Technology
https://researchdata.se/en/catalogue/dataset/doi-10-5281-zenodo-12633274,OTHER,2024,Swedish National Heritage Board
https://researchdata.se/en/catalogue/dataset/doi-10-5281-zenodo-13284739,OTHER,2024,Chalmers University of Technology
https://researchdata.se/en/catalogue/dataset/doi-10-5281-zenodo-13347851,OTHER,2024,Swedish National Heritage Board
https://researchdata.se/en/catalogue/dataset/doi-10-5281-zenodo-13357330,OTHER,2024,Chalmers University of Technology
https://researchdata.se/en/catalogue/dataset/doi-10-5281-zenodo-12647855,OTHER,2024,University of Gothenburg
https://researchdata.se/en/catalogue/dataset/doi-10-5281-zenodo-13342006,OTHER,2024,Mid Sweden University
https://researchdata.se/en/catalogue/dataset/doi-10-5281-zenodo-14046713,OTHER,2024,Swedish National Heritage Board
https://researchdata.se/en/catalogue/dataset/doi-10-5281-zenodo-14191104,OTHER,2024,Royal Institute of Technology
https://researchdata.se/en/catalogue/dataset/doi-10-5281-zenodo-13365877,OTHER,2025,Stockholm University
https://researchdata.se/en/catalogue/dataset/doi-10-5281-zenodo-14141222,OTHER,2024,Swedish National Heritage Board
https://researchdata.se/en/catalogue/dataset/doi-10-5281-zenodo-13752773,OTHER,2024,Swedish National Heritage Board
https://researchdata.se/en/catalogue/dataset/doi-10-5281-zenodo-14262280,OTHER,2024,Linköping University
https://researchdata.se/en/catalogue/dataset/doi-10-5281-zenodo-14832607,OTHER,2025,Chalmers University of Technology
https://researchdata.se/en/catalogue/dataset/doi-10-5281-zenodo-14770956,OTHER,2025,University of Gothenburg
https://researchdata.se/en/catalogue/dataset/doi-10-5281-zenodo-14444660,OTHER,2024,Swedish National Heritage Board
https://researchdata.se/en/catalogue/dataset/doi-10-5281-zenodo-15017715,OTHER,2025,Linköping University
https://researchdata.se/en/catalogue/dataset/doi-10-5281-zenodo-15037456,OTHER,2025,University of Borås
https://researchdata.se/en/catalogue/dataset/doi-10-5281-zenodo-15114005,OTHER,2025,Swedish National Heritage Board
https://researchdata.se/en/catalogue/dataset/doi-10-5281-zenodo-15573482,OTHER,2025,Chalmers University of Technology
https://researchdata.se/en/catalogue/dataset/doi-10-5281-zenodo-15285784,OTHER,2025,Lund University
https://researchdata.se/en/catalogue/dataset/doi-10-5281-zenodo-15809229,OTHER,2025,Chalmers University of Technology
https://researchdata.se/en/catalogue/dataset/doi-10-5281-zenodo-15972470,OTHER,2025,Royal Institute of Technology
https://researchdata.se/en/catalogue/dataset/doi-10-5281-zenodo-16778671,OTHER,2025,Mid Sweden University
https://researchdata.se/en/catalogue/dataset/doi-10-5281-zenodo-16976501,OTHER,2025,University of Gothenburg
https://researchdata.se/en/catalogue/dataset/doi-10-5281-zenodo-16887940,OTHER,2025,Chalmers University of Technology
https://researchdata.se/en/catalogue/dataset/doi-10-5281-zenodo-16094903,OTHER,2023,Lund University
https://researchdata.se/en/catalogue/dataset/doi-10-5281-zenodo-17104677,OTHER,2025,Blekinge Institute of Technology
https://researchdata.se/en/catalogue/dataset/doi-10-5281-zenodo-17065288,OTHER,2025,Linköping University
https://researchdata.se/en/catalogue/dataset/doi-10-5281-zenodo-17158220,OTHER,2025,Blekinge Institute of Technology
https://researchdata.se/en/catalogue/dataset/doi-10-5281-zenodo-2556784,OTHER,2019,Karlstad University
https://researchdata.se/en/catalogue/dataset/doi-10-5281-zenodo-17193077,OTHER,2025,Linköping University
https://researchdata.se/en/catalogue/dataset/doi-10-5281-zenodo-3822037,OTHER,2020,Chalmers University of Technology
https://researchdata.se/en/catalogue/dataset/doi-10-5281-zenodo-3927527,OTHER,2020,Chalmers University of Technology
https://researchdata.se/en/catalogue/dataset/doi-10-5281-zenodo-3997222,OTHER,2018,Stockholm University
https://researchdata.se/en/catalogue/dataset/doi-10-5281-zenodo-2276777,OTHER,2019,Stockholm University
https://researchdata.se/en/catalogue/dataset/doi-10-5281-zenodo-3242317,OTHER,2019,Chalmers University of Technology
https://researchdata.se/en/catalogue/dataset/doi-10-5281-zenodo-5006689,OTHER,2021,Swedish National Heritage Board
https://researchdata.se/en/catalogue/dataset/doi-10-5281-zenodo-5076169,OTHER,2021,Chalmers University of Technology
https://researchdata.se/en/catalogue/dataset/doi-10-5281-zenodo-4030660,OTHER,2020,Royal Institute of Technology
https://researchdata.se/en/catalogue/dataset/doi-10-5281-zenodo-4501057,OTHER,2021,Chalmers University of Technology
https://researchdata.se/en/catalogue/dataset/doi-10-5281-zenodo-5006507,OTHER,2018,Swedish National Heritage Board
https://researchdata.se/en/catalogue/dataset/doi-10-5281-zenodo-5085869,OTHER,2021,Royal Institute of Technology
https://researchdata.se/en/catalogue/dataset/doi-10-5281-zenodo-5084811,OTHER,2021,Royal Institute of Technology
https://researchdata.se/en/catalogue/dataset/doi-10-5281-zenodo-4287250,OTHER,2020,Chalmers University of Technology
https://researchdata.se/en/catalogue/dataset/doi-10-5281-zenodo-5831087,OTHER,2022,Chalmers University of Technology
https://researchdata.se/en/catalogue/dataset/doi-10-5281-zenodo-5643563,OTHER,2021,Royal Institute of Technology
https://researchdata.se/en/catalogue/dataset/doi-10-5281-zenodo-5113208,OTHER,2021,Royal Institute of Technology
https://researchdata.se/en/catalogue/dataset/doi-10-5281-zenodo-5496034,OTHER,2021,Royal Institute of Technology
https://researchdata.se/en/catalogue/dataset/doi-10-5281-zenodo-5833929,OTHER,2022,Chalmers University of Technology
https://researchdata.se/en/catalogue/dataset/doi-10-5281-zenodo-5896641,OTHER,2021,Royal Institute of Technology
https://researchdata.se/en/catalogue/dataset/doi-10-5281-zenodo-6524101,OTHER,2022,Chalmers University of Technology
https://researchdata.se/en/catalogue/dataset/doi-10-5281-zenodo-6760230,OTHER,2022,Royal Institute of Technology
https://researchdata.se/en/catalogue/dataset/doi-10-5281-zenodo-6556750,OTHER,2022,Royal Institute of Technology
https://researchdata.se/en/catalogue/dataset/doi-10-5281-zenodo-6778824,OTHER,2022,Royal Institute of Technology
https://researchdata.se/en/catalogue/dataset/doi-10-5281-zenodo-7057458,OTHER,2023,RISE Research Institutes of Sweden
https://researchdata.se/en/catalogue/dataset/doi-10-5281-zenodo-7313504,OTHER,2022,Chalmers University of Technology
https://researchdata.se/en/catalogue/dataset/doi-10-5281-zenodo-7326784,OTHER,2022,Chalmers University of Technology
https://researchdata.se/en/catalogue/dataset/doi-10-5281-zenodo-7404656,OTHER,2022,Lund University
https://researchdata.se/en/catalogue/dataset/doi-10-5281-zenodo-7355017,OTHER,2024,Swedish National Heritage Board
https://researchdata.se/en/catalogue/dataset/doi-10-5281-zenodo-7387416,OTHER,2022,Swedish National Heritage Board
https://researchdata.se/en/catalogue/dataset/doi-10-5281-zenodo-7451326,OTHER,2022,Stockholm University
https://researchdata.se/en/catalogue/dataset/doi-10-5281-zenodo-7437298,OTHER,2022,University of Borås
https://researchdata.se/en/catalogue/dataset/doi-10-5281-zenodo-7410114,OTHER,2022,Lund University
https://researchdata.se/en/catalogue/dataset/doi-10-5281-zenodo-6838483,OTHER,2022,RISE Research Institutes of Sweden
https://researchdata.se/en/catalogue/dataset/doi-10-5281-zenodo-7405074,OTHER,2022,Royal Institute of Technology
https://researchdata.se/en/catalogue/dataset/doi-10-5281-zenodo-7506220,OTHER,2023,Stockholm University
https://researchdata.se/en/catalogue/dataset/doi-10-5281-zenodo-7483487,OTHER,2023,Lund University
https://researchdata.se/en/catalogue/dataset/doi-10-5281-zenodo-7520618,OTHER,2023,Royal Institute of Technology
https://researchdata.se/en/catalogue/dataset/doi-10-5281-zenodo-7519859,OTHER,2023,Lund University
https://researchdata.se/en/catalogue/dataset/doi-10-5281-zenodo-7750658,OTHER,2023,Royal Institute of Technology
https://researchdata.se/en/catalogue/dataset/doi-10-5281-zenodo-7726192,OTHER,2023,Royal Institute of Technology
https://researchdata.se/en/catalogue/dataset/doi-10-5281-zenodo-7811021,OTHER,2023,Chalmers University of Technology
https://researchdata.se/en/catalogue/dataset/doi-10-5281-zenodo-7673985,OTHER,2023,Chalmers University of Technology
https://researchdata.se/en/catalogue/dataset/doi-10-5281-zenodo-7348563,OTHER,2021,Royal Institute of Technology
https://researchdata.se/en/catalogue/dataset/doi-10-5281-zenodo-7767090,OTHER,2022,Swedish National Heritage Board
https://researchdata.se/en/catalogue/dataset/doi-10-5281-zenodo-6480220,OTHER,2022,Royal Institute of Technology
https://researchdata.se/en/catalogue/dataset/doi-10-5281-zenodo-6090875,OTHER,2021,Royal Institute of Technology
https://researchdata.se/en/catalogue/dataset/doi-10-5281-zenodo-7839804,OTHER,2023,Swedish National Heritage Board
https://researchdata.se/en/catalogue/dataset/doi-10-5281-zenodo-7839842,OTHER,2023,Swedish National Heritage Board
https://researchdata.se/en/catalogue/dataset/doi-10-5281-zenodo-7915677,OTHER,2021,Chalmers University of Technology
https://researchdata.se/en/catalogue/dataset/doi-10-5281-zenodo-8006451,OTHER,2023,Royal Institute of Technology
https://researchdata.se/en/catalogue/dataset/doi-10-5281-zenodo-7839828,OTHER,2023,Swedish National Heritage Board
https://researchdata.se/en/catalogue/dataset/doi-10-5281-zenodo-7895952,OTHER,2023,Chalmers University of Technology
https://researchdata.se/en/catalogue/dataset/doi-10-5281-zenodo-7907474,OTHER,2023,Stockholm University
https://researchdata.se/en/catalogue/dataset/doi-10-5281-zenodo-8014365,OTHER,2023,Chalmers University of Technology
https://researchdata.se/en/catalogue/dataset/doi-10-5281-zenodo-8042256,OTHER,2023,Blekinge Institute of Technology
https://researchdata.se/en/catalogue/dataset/doi-10-5281-zenodo-8043878,OTHER,2023,Chalmers University of Technology
https://researchdata.se/en/catalogue/dataset/doi-10-5281-zenodo-8308137,OTHER,2023,Royal Institute of Technology
https://researchdata.se/en/catalogue/dataset/doi-10-5281-zenodo-7928614,OTHER,2023,Royal Institute of Technology
https://researchdata.se/en/catalogue/dataset/doi-10-5879-bils-ga00001,OTHER,2014,Uppsala University
https://researchdata.se/en/catalogue/dataset/doi-10-5281-zenodo-8390335,OTHER,2023,Swedish National Heritage Board
https://researchdata.se/en/catalogue/dataset/doi-10-5281-zenodo-8309963,OTHER,2023,Chalmers University of Technology
https://researchdata.se/en/catalogue/dataset/ecds0062-1,ECDS,2019,SMHI - Swedish Meteorological and Hydrological Institute
https://researchdata.se/en/catalogue/dataset/ecds0061-1,ECDS,2019,SMHI - Swedish Meteorological and Hydrological Institute
https://researchdata.se/en/catalogue/dataset/ecds0075-1,ECDS,2019,SMHI - Swedish Meteorological and Hydrological Institute
https://researchdata.se/en/catalogue/dataset/ecds0100-1,ECDS,2019,SMHI - Swedish Meteorological and Hydrological Institute
https://researchdata.se/en/catalogue/dataset/ecds0082-1,ECDS,2019,Swedish Institute of Space Physics
https://researchdata.se/en/catalogue/dataset/ecds0098-1,ECDS,2018,Stockholm University
https://researchdata.se/en/catalogue/dataset/ecds0144-1,ECDS,2021,Linnaeus University
https://researchdata.se/en/catalogue/dataset/ecds0141-1,ECDS,2019,Linnaeus University
https://researchdata.se/en/catalogue/dataset/ecds0145-1,ECDS,2021,Linnaeus University
https://researchdata.se/en/catalogue/dataset/ecds0150-1,ECDS,2019,Stockholm University
https://researchdata.se/en/catalogue/dataset/ecds0018-1,ECDS,2019,University of Gothenburg
https://researchdata.se/en/catalogue/dataset/ecds0156-1,ECDS,2019,SMHI - Swedish Meteorological and Hydrological Institute
https://researchdata.se/en/catalogue/dataset/ecds0148-1,ECDS,2018,Stockholm University
https://researchdata.se/en/catalogue/dataset/ecds0085-1,ECDS,2019,Danish Meteorological Institute
https://researchdata.se/en/catalogue/dataset/ecds0083-1,ECDS,2019,Danish Meteorological Institute
https://researchdata.se/en/catalogue/dataset/ecds0159-1,ECDS,2017,Uppsala University
https://researchdata.se/en/catalogue/dataset/ecds0158-1,ECDS,2018,University of Gothenburg
https://researchdata.se/en/catalogue/dataset/ecds0116-1,ECDS,2019,University of Gothenburg
https://researchdata.se/en/catalogue/dataset/ecds0156-2,ECDS,2019,SMHI - Swedish Meteorological and Hydrological Institute
https://researchdata.se/en/catalogue/dataset/ecds0113-1,ECDS,2021,University of Gothenburg
https://researchdata.se/en/catalogue/dataset/ecds0137-1,ECDS,2019,University of Gothenburg
https://researchdata.se/en/catalogue/dataset/ecds0182-1,ECDS,2019,Stockholm University
https://researchdata.se/en/catalogue/dataset/ecds0192-1,ECDS,2017,​SAMBAH – Static Acoustic Monitoring of the Baltic Sea Harbour Porpoise
https://researchdata.se/en/catalogue/dataset/ecds0192-3,ECDS,2017,​SAMBAH – Static Acoustic Monitoring of the Baltic Sea Harbour Porpoise
https://researchdata.se/en/catalogue/dataset/ecds0154-1,ECDS,2019,Swedish University of Agricultural Sciences
https://researchdata.se/en/catalogue/dataset/ecds0146-1,ECDS,2021,SMHI - Swedish Meteorological and Hydrological Institute
https://researchdata.se/en/catalogue/dataset/ecds0198-1,ECDS,2017,Swedish Polar Research Secretariat
https://researchdata.se/en/catalogue/dataset/ecds0192-2,ECDS,2017,​SAMBAH – Static Acoustic Monitoring of the Baltic Sea Harbour Porpoise
https://researchdata.se/en/catalogue/dataset/ecds0196-1,ECDS,2017,Swedish Polar Research Secretariat
https://researchdata.se/en/catalogue/dataset/ecds0200-1,ECDS,2017,Swedish Polar Research Secretariat
https://researchdata.se/en/catalogue/dataset/ecds0199-1,ECDS,2017,Swedish Polar Research Secretariat
https://researchdata.se/en/catalogue/dataset/ecds0153-1,ECDS,2019,Uppsala University
https://researchdata.se/en/catalogue/dataset/ecds0202-1,ECDS,2017,Swedish Polar Research Secretariat
https://researchdata.se/en/catalogue/dataset/ecds0202-2,ECDS,2017,Swedish Polar Research Secretariat
https://researchdata.se/en/catalogue/dataset/ecds0203-2,ECDS,2017,Swedish Polar Research Secretariat
https://researchdata.se/en/catalogue/dataset/ecds0201-1,ECDS,2017,Swedish Polar Research Secretariat
https://researchdata.se/en/catalogue/dataset/ecds0203-1,ECDS,2017,Swedish Polar Research Secretariat
https://researchdata.se/en/catalogue/dataset/ecds0206-1,ECDS,2017,Swedish Polar Research Secretariat
https://researchdata.se/en/catalogue/dataset/ecds0177-1,ECDS,2021,SMHI - Swedish Meteorological and Hydrological Institute
https://researchdata.se/en/catalogue/dataset/ecds0169-1,ECDS,2019,Swedish University of Agricultural Sciences
https://researchdata.se/en/catalogue/dataset/ecds0161-1,ECDS,2021,SMHI - Swedish Meteorological and Hydrological Institute
https://researchdata.se/en/catalogue/dataset/ecds0205-1,ECDS,2018,Uppsala University
https://researchdata.se/en/catalogue/dataset/ecds0214-1,ECDS,2018,Uppsala University
https://researchdata.se/en/catalogue/dataset/ecds0204-1,ECDS,2018,Swedish Polar Research Secretariat
https://researchdata.se/en/catalogue/dataset/ecds0214-2,ECDS,2018,Uppsala University
https://researchdata.se/en/catalogue/dataset/ecds0217-1,ECDS,2018,Uppsala University
https://researchdata.se/en/catalogue/dataset/ecds0207-1,ECDS,2017,Swedish Polar Research Secretariat
https://researchdata.se/en/catalogue/dataset/ecds0216-1,ECDS,2018,Uppsala University
https://researchdata.se/en/catalogue/dataset/ecds0208-1,ECDS,2017,Swedish Polar Research Secretariat
https://researchdata.se/en/catalogue/dataset/ecds0225-1,ECDS,2018,Swedish University of Agricultural Sciences
https://researchdata.se/en/catalogue/dataset/ecds0219-1,ECDS,2018,University of Gothenburg
https://researchdata.se/en/catalogue/dataset/ecds0221-1,ECDS,2018,Swedish Polar Research Secretariat
https://researchdata.se/en/catalogue/dataset/ecds0223-1,ECDS,2018,University of Gothenburg
https://researchdata.se/en/catalogue/dataset/ecds0232-1,ECDS,2018,Swedish Polar Research Secretariat
https://researchdata.se/en/catalogue/dataset/ecds0243-1,ECDS,2017,University of Gothenburg
https://researchdata.se/en/catalogue/dataset/ecds0244-1,ECDS,2017,Chalmers University of Technology
https://researchdata.se/en/catalogue/dataset/ecds0248-1,ECDS,2019,Swedish University of Agricultural Sciences
https://researchdata.se/en/catalogue/dataset/ecds0209-1,ECDS,2021,Uppsala University
https://researchdata.se/en/catalogue/dataset/ecds0246-1,ECDS,2018,Uppsala University
https://researchdata.se/en/catalogue/dataset/ecds0245-1,ECDS,2018,Uppsala University
https://researchdata.se/en/catalogue/dataset/ecds0233-1,ECDS,2023,Galway-Mayo Institute of Technology
https://researchdata.se/en/catalogue/dataset/ecds0220-1,ECDS,2022,Swedish Polar Research Secretariat
https://researchdata.se/en/catalogue/dataset/ecds0250-1,ECDS,2019,Uppsala University
https://researchdata.se/en/catalogue/dataset/ecds0249-1,ECDS,2019,Swedish University of Agricultural Sciences
https://researchdata.se/en/catalogue/dataset/ecds0251-1,ECDS,2019,Swedish University of Agricultural Sciences
https://researchdata.se/en/catalogue/dataset/ecds0236-1,ECDS,2023,Chalmers University of Technology
https://researchdata.se/en/catalogue/dataset/ecds0240-1,ECDS,2023,The Norwegian University of Science and Technology (NTNU)
https://researchdata.se/en/catalogue/dataset/ecds0252-1,ECDS,2019,Royal Institute of Technology
https://researchdata.se/en/catalogue/dataset/ecds0238-1,ECDS,2023,The Norwegian University of Science and Technology (NTNU)
https://researchdata.se/en/catalogue/dataset/ecds0237-1,ECDS,2023,The Norwegian University of Science and Technology (NTNU)
https://researchdata.se/en/catalogue/dataset/ecds0253-1,ECDS,2019,Finnish-Swedish Winter Navigation Research Board
https://researchdata.se/en/catalogue/dataset/ecds0235-1,ECDS,2023,Chalmers University of Technology
https://researchdata.se/en/catalogue/dataset/ecds0239-1,ECDS,2023,The Norwegian University of Science and Technology (NTNU)
https://researchdata.se/en/catalogue/dataset/ecds0234-1,ECDS,2023,Chalmers University of Technology
https://researchdata.se/en/catalogue/dataset/ecds0241-1,ECDS,2023,The Norwegian University of Science and Technology (NTNU)
https://researchdata.se/en/catalogue/dataset/ext0005-2,DORIS_EXTERNAL,2013,University of Gothenburg
https://researchdata.se/en/catalogue/dataset/ext0004-1,DORIS_EXTERNAL,2013,University of Gothenburg
https://researchdata.se/en/catalogue/dataset/ext0001-5,DORIS_EXTERNAL,2011,Statistics Sweden
https://researchdata.se/en/catalogue/dataset/ext0003-1,DORIS_EXTERNAL,2013,University of Gothenburg
https://researchdata.se/en/catalogue/dataset/ext0007-4,DORIS_EXTERNAL,1999,Stockholm University
https://researchdata.se/en/catalogue/dataset/ext0007-2,DORIS_EXTERNAL,1999,Stockholm University
https://researchdata.se/en/catalogue/dataset/ext0007-5,DORIS_EXTERNAL,1999,Stockholm University
https://researchdata.se/en/catalogue/dataset/ext0007-3,DORIS_EXTERNAL,1999,Stockholm University
https://researchdata.se/en/catalogue/dataset/ext0007-1,DORIS_EXTERNAL,1999,Stockholm University
https://researchdata.se/en/catalogue/dataset/ext0007-7,DORIS_EXTERNAL,1999,Stockholm University
https://researchdata.se/en/catalogue/dataset/ext0008-1,DORIS_EXTERNAL,2013,University of Gothenburg
https://researchdata.se/en/catalogue/dataset/ext0009-1,DORIS_EXTERNAL,2013,University of Gothenburg
https://researchdata.se/en/catalogue/dataset/ext0007-6,DORIS_EXTERNAL,1999,Stockholm University
https://researchdata.se/en/catalogue/dataset/ext0010-1,DORIS_EXTERNAL,2017,Stockholm University
https://researchdata.se/en/catalogue/dataset/ext0012-1,DORIS_EXTERNAL,2011,Lund University
https://researchdata.se/en/catalogue/dataset/ext0015-1,DORIS_EXTERNAL,2012,Uppsala University
https://researchdata.se/en/catalogue/dataset/ext0017-1,DORIS_EXTERNAL,2012,Umeå University
https://researchdata.se/en/catalogue/dataset/ext0020-1,DORIS_EXTERNAL,2021,"Information not available, contact SND for more information"
https://researchdata.se/en/catalogue/dataset/ext0022-1,DORIS_EXTERNAL,2015,Uppsala University
https://researchdata.se/en/catalogue/dataset/ext0019-1,DORIS_EXTERNAL,2011,Uppsala University
https://researchdata.se/en/catalogue/dataset/ext0013-1,DORIS_EXTERNAL,2011,Lund University
https://researchdata.se/en/catalogue/dataset/ext0031-1,DORIS_EXTERNAL,2015,Uppsala University
https://researchdata.se/en/catalogue/dataset/ext0029-1,DORIS_EXTERNAL,2015,Uppsala University
https://researchdata.se/en/catalogue/dataset/ext0034-1,DORIS_EXTERNAL,2015,Uppsala University
https://researchdata.se/en/catalogue/dataset/ext0021-1,DORIS_EXTERNAL,2011,Umeå University
https://researchdata.se/en/catalogue/dataset/ext0030-1,DORIS_EXTERNAL,2015,Uppsala University
https://researchdata.se/en/catalogue/dataset/ext0035-1,DORIS_EXTERNAL,2012,Riksteatern
https://researchdata.se/en/catalogue/dataset/ext0036-1,DORIS_EXTERNAL,2012,University of Gothenburg
https://researchdata.se/en/catalogue/dataset/ext0018-1,DORIS_EXTERNAL,2011,Uppsala University
https://researchdata.se/en/catalogue/dataset/ext0014-1,DORIS_EXTERNAL,2011,Region Uppsala
https://researchdata.se/en/catalogue/dataset/ext0038-1,DORIS_EXTERNAL,2012,Karolinska Institutet
https://researchdata.se/en/catalogue/dataset/ext0037-1,DORIS_EXTERNAL,2012,Karolinska Institutet
https://researchdata.se/en/catalogue/dataset/ext0040-1,DORIS_EXTERNAL,2012,Karolinska Institutet
https://researchdata.se/en/catalogue/dataset/ext0042-1,DORIS_EXTERNAL,2012,Umeå University
https://researchdata.se/en/catalogue/dataset/ext0043-1,DORIS_EXTERNAL,2015,Umeå University
https://researchdata.se/en/catalogue/dataset/ext0039-1,DORIS_EXTERNAL,2016,Karolinska Institutet
https://researchdata.se/en/catalogue/dataset/ext0041-1,DORIS_EXTERNAL,2012,University of Gothenburg
https://researchdata.se/en/catalogue/dataset/ext0045-1,DORIS_EXTERNAL,2012,Umeå University
https://researchdata.se/en/catalogue/dataset/ext0048-1,DORIS_EXTERNAL,2012,Uppsala University
https://researchdata.se/en/catalogue/dataset/ext0047-1,DORIS_EXTERNAL,2014,University of Gothenburg
https://researchdata.se/en/catalogue/dataset/ext0044-1,DORIS_EXTERNAL,2012,Karolinska Institutet
https://researchdata.se/en/catalogue/dataset/ext0050-1,DORIS_EXTERNAL,2012,University of Gothenburg
https://researchdata.se/en/catalogue/dataset/ext0049-1,DORIS_EXTERNAL,2012,University of Gothenburg
https://researchdata.se/en/catalogue/dataset/ext0056-1,DORIS_EXTERNAL,2020,Lund University
https://researchdata.se/en/catalogue/dataset/ext0054-1,DORIS_EXTERNAL,2014,University of Gothenburg
https://researchdata.se/en/catalogue/dataset/ext0058-1,DORIS_EXTERNAL,2013,Lund University
https://researchdata.se/en/catalogue/dataset/ext0051-1,DORIS_EXTERNAL,2015,Uppsala University
https://researchdata.se/en/catalogue/dataset/ext0061-1,DORIS_EXTERNAL,2013,Region Skåne
https://researchdata.se/en/catalogue/dataset/ext0057-1,DORIS_EXTERNAL,2013,Lund University
https://researchdata.se/en/catalogue/dataset/ext0060-1,DORIS_EXTERNAL,2013,Region Skåne
https://researchdata.se/en/catalogue/dataset/ext0059-1,DORIS_EXTERNAL,2013,Lund University
https://researchdata.se/en/catalogue/dataset/ext0064-1,DORIS_EXTERNAL,2013,Public Health Agency of Sweden
https://researchdata.se/en/catalogue/dataset/ext0065-1,DORIS_EXTERNAL,2013,Public Health Agency of Sweden
https://researchdata.se/en/catalogue/dataset/ext0062-1,DORIS_EXTERNAL,2013,Region Skåne
https://researchdata.se/en/catalogue/dataset/ext0071-1,DORIS_EXTERNAL,2020,University of Tromsø
https://researchdata.se/en/catalogue/dataset/ext0063-1,DORIS_EXTERNAL,2013,Region Skåne
https://researchdata.se/en/catalogue/dataset/ext0078-1,DORIS_EXTERNAL,2020,Uppsala University
https://researchdata.se/en/catalogue/dataset/ext0079-1,DORIS_EXTERNAL,2020,Uppsala University
https://researchdata.se/en/catalogue/dataset/ext0080-1,DORIS_EXTERNAL,2013,Lund University
https://researchdata.se/en/catalogue/dataset/ext0066-1,DORIS_EXTERNAL,2013,Public Health Agency of Sweden
https://researchdata.se/en/catalogue/dataset/ext0075-1,DORIS_EXTERNAL,2013,Lund University
https://researchdata.se/en/catalogue/dataset/ext0074-1,DORIS_EXTERNAL,2013,Lund University
https://researchdata.se/en/catalogue/dataset/ext0067-1,DORIS_EXTERNAL,2013,Region Skåne
https://researchdata.se/en/catalogue/dataset/ext0083-1,DORIS_EXTERNAL,2014,Umeå University
https://researchdata.se/en/catalogue/dataset/ext0084-1,DORIS_EXTERNAL,2014,Umeå University
https://researchdata.se/en/catalogue/dataset/ext0086-1,DORIS_EXTERNAL,2014,Umeå University
https://researchdata.se/en/catalogue/dataset/ext0081-1,DORIS_EXTERNAL,2013,Lund University
https://researchdata.se/en/catalogue/dataset/ext0085-1,DORIS_EXTERNAL,2014,Umeå University
https://researchdata.se/en/catalogue/dataset/ext0082-1,DORIS_EXTERNAL,2013,Umeå University
https://researchdata.se/en/catalogue/dataset/ext0090-1,DORIS_EXTERNAL,2014,Region Skåne
https://researchdata.se/en/catalogue/dataset/ext0093-1,DORIS_EXTERNAL,2016,National Food Agency
https://researchdata.se/en/catalogue/dataset/ext0088-1,DORIS_EXTERNAL,2014,Lund University
https://researchdata.se/en/catalogue/dataset/ext0092-1,DORIS_EXTERNAL,2014,Region Skåne
https://researchdata.se/en/catalogue/dataset/ext0087-1,DORIS_EXTERNAL,2013,Lund University
https://researchdata.se/en/catalogue/dataset/ext0099-1,DORIS_EXTERNAL,2014,Public Health Agency of Sweden
https://researchdata.se/en/catalogue/dataset/ext0094-1,DORIS_EXTERNAL,2021,National Food Agency
https://researchdata.se/en/catalogue/dataset/ext0102-1,DORIS_EXTERNAL,2014,Lund University
https://researchdata.se/en/catalogue/dataset/ext0101-1,DORIS_EXTERNAL,2014,Lund University
https://researchdata.se/en/catalogue/dataset/ext0098-1,DORIS_EXTERNAL,2015,Stockholm University
https://researchdata.se/en/catalogue/dataset/ext0096-1,DORIS_EXTERNAL,2016,National Food Agency
https://researchdata.se/en/catalogue/dataset/ext0104-1,DORIS_EXTERNAL,2014,Lund University
https://researchdata.se/en/catalogue/dataset/ext0103-1,DORIS_EXTERNAL,2014,Lund University
https://researchdata.se/en/catalogue/dataset/ext0105-1,DORIS_EXTERNAL,2014,Lund University
https://researchdata.se/en/catalogue/dataset/ext0077-1,DORIS_EXTERNAL,2013,Lund University
https://researchdata.se/en/catalogue/dataset/ext0108-1,DORIS_EXTERNAL,2012,Public Health Agency of Sweden
https://researchdata.se/en/catalogue/dataset/ext0107-1,DORIS_EXTERNAL,2014,Lund University
https://researchdata.se/en/catalogue/dataset/ext0111-1,DORIS_EXTERNAL,2014,Public Health Agency of Sweden
https://researchdata.se/en/catalogue/dataset/ext0106-1,DORIS_EXTERNAL,2014,Stockholm University
https://researchdata.se/en/catalogue/dataset/ext0113-1,DORIS_EXTERNAL,2014,Public Health Agency of Sweden
https://researchdata.se/en/catalogue/dataset/ext0112-1,DORIS_EXTERNAL,2014,Public Health Agency of Sweden
https://researchdata.se/en/catalogue/dataset/ext0110-1,DORIS_EXTERNAL,2014,Public Health Agency of Sweden
https://researchdata.se/en/catalogue/dataset/ext0109-1,DORIS_EXTERNAL,2014,Public Health Agency of Sweden
https://researchdata.se/en/catalogue/dataset/ext0116-1,DORIS_EXTERNAL,2014,Public Health Agency of Sweden
https://researchdata.se/en/catalogue/dataset/ext0117-1,DORIS_EXTERNAL,2014,Public Health Agency of Sweden
https://researchdata.se/en/catalogue/dataset/ext0119-1,DORIS_EXTERNAL,2014,Lund University
https://researchdata.se/en/catalogue/dataset/ext0120-1,DORIS_EXTERNAL,2014,Lund University
https://researchdata.se/en/catalogue/dataset/ext0114-1,DORIS_EXTERNAL,2014,Public Health Agency of Sweden
https://researchdata.se/en/catalogue/dataset/ext0115-1,DORIS_EXTERNAL,2014,Public Health Agency of Sweden
https://researchdata.se/en/catalogue/dataset/ext0121-1,DORIS_EXTERNAL,2014,University of Gothenburg
https://researchdata.se/en/catalogue/dataset/ext0123-1,DORIS_EXTERNAL,2014,Region Skåne
https://researchdata.se/en/catalogue/dataset/ext0124-1,DORIS_EXTERNAL,2015,Karolinska Institutet
https://researchdata.se/en/catalogue/dataset/ext0118-1,DORIS_EXTERNAL,2014,Public Health Agency of Sweden
https://researchdata.se/en/catalogue/dataset/ext0122-1,DORIS_EXTERNAL,2014,Region Skåne
https://researchdata.se/en/catalogue/dataset/ext0125-1,DORIS_EXTERNAL,2015,Stockholm Gerontology Research Center Foundation
https://researchdata.se/en/catalogue/dataset/ext0130-1,DORIS_EXTERNAL,2014,FoU Spenshult
https://researchdata.se/en/catalogue/dataset/ext0131-1,DORIS_EXTERNAL,2016,Umeå University
https://researchdata.se/en/catalogue/dataset/ext0126-1,DORIS_EXTERNAL,2022,Karolinska Institutet
https://researchdata.se/en/catalogue/dataset/ext0127-1,DORIS_EXTERNAL,2022,Blekinge Institute of Technology
https://researchdata.se/en/catalogue/dataset/ext0135-1,DORIS_EXTERNAL,2014,University of Gothenburg
https://researchdata.se/en/catalogue/dataset/ext0132-1,DORIS_EXTERNAL,2014,Lund University
https://researchdata.se/en/catalogue/dataset/ext0129-1,DORIS_EXTERNAL,2014,Region Skåne
https://researchdata.se/en/catalogue/dataset/ext0128-1,DORIS_EXTERNAL,2014,Lund University
https://researchdata.se/en/catalogue/dataset/ext0140-1,DORIS_EXTERNAL,2014,University of Gothenburg
https://researchdata.se/en/catalogue/dataset/ext0138-1,DORIS_EXTERNAL,2014,Lund University
https://researchdata.se/en/catalogue/dataset/ext0137-1,DORIS_EXTERNAL,2014,Lund University
https://researchdata.se/en/catalogue/dataset/ext0134-1,DORIS_EXTERNAL,2014,University of Gothenburg
https://researchdata.se/en/catalogue/dataset/ext0143-1,DORIS_EXTERNAL,2015,Lund University
https://researchdata.se/en/catalogue/dataset/ext0146-1,DORIS_EXTERNAL,2015,Umeå University
https://researchdata.se/en/catalogue/dataset/ext0141-1,DORIS_EXTERNAL,2014,University of Gothenburg
https://researchdata.se/en/catalogue/dataset/ext0147-1,DORIS_EXTERNAL,2021,SHARE ERIC
https://researchdata.se/en/catalogue/dataset/ext0142-1,DORIS_EXTERNAL,2015,Lund University
https://researchdata.se/en/catalogue/dataset/ext0145-1,DORIS_EXTERNAL,2014,"Information not available, contact SND for more information"
https://researchdata.se/en/catalogue/dataset/ext0139-1,DORIS_EXTERNAL,2020,Umeå University
https://researchdata.se/en/catalogue/dataset/ext0148-1,DORIS_EXTERNAL,2021,SHARE ERIC
https://researchdata.se/en/catalogue/dataset/ext0151-1,DORIS_EXTERNAL,2015,Region Skåne
https://researchdata.se/en/catalogue/dataset/ext0150-1,DORIS_EXTERNAL,2021,SHARE ERIC
https://researchdata.se/en/catalogue/dataset/ext0153-1,DORIS_EXTERNAL,2015,Karolinska Institutet
https://researchdata.se/en/catalogue/dataset/ext0149-1,DORIS_EXTERNAL,2021,SHARE ERIC
https://researchdata.se/en/catalogue/dataset/ext0158-1,DORIS_EXTERNAL,2015,Stockholm University
https://researchdata.se/en/catalogue/dataset/ext0156-1,DORIS_EXTERNAL,2021,Lund University
https://researchdata.se/en/catalogue/dataset/ext0160-1,DORIS_EXTERNAL,2015,Public Health Agency of Sweden
https://researchdata.se/en/catalogue/dataset/ext0155-1,DORIS_EXTERNAL,2015,Stockholm University
https://researchdata.se/en/catalogue/dataset/ext0157-1,DORIS_EXTERNAL,2015,Kristianstad University
https://researchdata.se/en/catalogue/dataset/ext0162-1,DORIS_EXTERNAL,2015,Uppsala University
https://researchdata.se/en/catalogue/dataset/ext0165-1,DORIS_EXTERNAL,2015,Uppsala University
https://researchdata.se/en/catalogue/dataset/ext0164-1,DORIS_EXTERNAL,2015,Uppsala University
https://researchdata.se/en/catalogue/dataset/ext0161-1,DORIS_EXTERNAL,2015,Public Health Agency of Sweden
https://researchdata.se/en/catalogue/dataset/ext0168-1,DORIS_EXTERNAL,2015,Karolinska Institutet
https://researchdata.se/en/catalogue/dataset/ext0167-1,DORIS_EXTERNAL,2015,Uppsala University
https://researchdata.se/en/catalogue/dataset/ext0166-1,DORIS_EXTERNAL,2015,Karolinska Institutet
https://researchdata.se/en/catalogue/dataset/ext0171-1,DORIS_EXTERNAL,2015,Stockholm County Council
https://researchdata.se/en/catalogue/dataset/ext0170-1,DORIS_EXTERNAL,2015,Uppsala University
https://researchdata.se/en/catalogue/dataset/ext0172-1,DORIS_EXTERNAL,2015,Karolinska Institutet
https://researchdata.se/en/catalogue/dataset/ext0169-1,DORIS_EXTERNAL,2015,Örebro University
https://researchdata.se/en/catalogue/dataset/ext0176-1,DORIS_EXTERNAL,2015,Umeå University
https://researchdata.se/en/catalogue/dataset/ext0175-1,DORIS_EXTERNAL,2015,Uppsala University
https://researchdata.se/en/catalogue/dataset/ext0174-1,DORIS_EXTERNAL,2015,Uppsala University
https://researchdata.se/en/catalogue/dataset/ext0182-1,DORIS_EXTERNAL,2016,Public Health Agency of Sweden
https://researchdata.se/en/catalogue/dataset/ext0173-1,DORIS_EXTERNAL,2015,Uppsala University
https://researchdata.se/en/catalogue/dataset/ext0181-1,DORIS_EXTERNAL,2016,Public Health Agency of Sweden
https://researchdata.se/en/catalogue/dataset/ext0177-1,DORIS_EXTERNAL,2016,Stockholm University
https://researchdata.se/en/catalogue/dataset/ext0183-1,DORIS_EXTERNAL,2016,Public Health Agency of Sweden
https://researchdata.se/en/catalogue/dataset/ext0179-1,DORIS_EXTERNAL,2016,Public Health Agency of Sweden
https://researchdata.se/en/catalogue/dataset/ext0184-1,DORIS_EXTERNAL,2015,Region Västra Götaland
https://researchdata.se/en/catalogue/dataset/ext0180-1,DORIS_EXTERNAL,2016,Public Health Agency of Sweden
https://researchdata.se/en/catalogue/dataset/ext0187-1,DORIS_EXTERNAL,2015,Region Västra Götaland
https://researchdata.se/en/catalogue/dataset/ext0185-1,DORIS_EXTERNAL,2015,Region Västra Götaland
https://researchdata.se/en/catalogue/dataset/ext0186-1,DORIS_EXTERNAL,2015,Region Västra Götaland
https://researchdata.se/en/catalogue/dataset/ext0189-1,DORIS_EXTERNAL,2015,City of Gothenburg
https://researchdata.se/en/catalogue/dataset/ext0188-1,DORIS_EXTERNAL,2015,Region Västra Götaland
https://researchdata.se/en/catalogue/dataset/ext0191-2,DORIS_EXTERNAL,2015,Region Västra Götaland
https://researchdata.se/en/catalogue/dataset/ext0192-1,DORIS_EXTERNAL,2015,City of Gothenburg
https://researchdata.se/en/catalogue/dataset/ext0193-1,DORIS_EXTERNAL,2015,City of Gothenburg
https://researchdata.se/en/catalogue/dataset/ext0190-1,DORIS_EXTERNAL,2015,City of Gothenburg
https://researchdata.se/en/catalogue/dataset/ext0191-1,DORIS_EXTERNAL,2015,Region Västra Götaland
https://researchdata.se/en/catalogue/dataset/ext0200-1,DORIS_EXTERNAL,2017,University of Gothenburg
https://researchdata.se/en/catalogue/dataset/ext0196-1,DORIS_EXTERNAL,2017,The Swedish Council for Information on Alcohol and Other Drugs
https://researchdata.se/en/catalogue/dataset/ext0201-1,DORIS_EXTERNAL,2021,SHARE ERIC
https://researchdata.se/en/catalogue/dataset/ext0195-2,DORIS_EXTERNAL,2015,Region Västra Götaland
https://researchdata.se/en/catalogue/dataset/ext0194-1,DORIS_EXTERNAL,2015,City of Gothenburg
https://researchdata.se/en/catalogue/dataset/ext0202-1,DORIS_EXTERNAL,2017,Lund University
https://researchdata.se/en/catalogue/dataset/ext0204-1,DORIS_EXTERNAL,2015,University of Gothenburg
https://researchdata.se/en/catalogue/dataset/ext0195-1,DORIS_EXTERNAL,2015,Region Västra Götaland
https://researchdata.se/en/catalogue/dataset/ext0206-1,DORIS_EXTERNAL,2016,Public Health Agency of Sweden
https://researchdata.se/en/catalogue/dataset/ext0210-1,DORIS_EXTERNAL,2016,University of Gothenburg
https://researchdata.se/en/catalogue/dataset/ext0207-1,DORIS_EXTERNAL,2016,Uppsala University
https://researchdata.se/en/catalogue/dataset/ext0208-1,DORIS_EXTERNAL,2020,University of Gothenburg
https://researchdata.se/en/catalogue/dataset/ext0211-1,DORIS_EXTERNAL,2017,University of Gothenburg
https://researchdata.se/en/catalogue/dataset/ext0209-1,DORIS_EXTERNAL,2016,Stockholm Gerontology Research Center Foundation
https://researchdata.se/en/catalogue/dataset/ext0203-1,DORIS_EXTERNAL,2013,University of Gothenburg
https://researchdata.se/en/catalogue/dataset/ext0214-1,DORIS_EXTERNAL,2018,Karolinska Institutet
https://researchdata.se/en/catalogue/dataset/ext0212-1,DORIS_EXTERNAL,2017,Jönköping University
https://researchdata.se/en/catalogue/dataset/ext0248-2,DORIS_EXTERNAL,2017,The Swedish Council for Information on Alcohol and Other Drugs
https://researchdata.se/en/catalogue/dataset/ext0256-1,DORIS_EXTERNAL,2017,Linköping University
https://researchdata.se/en/catalogue/dataset/ext0267-1,DORIS_EXTERNAL,2017,Lund University
https://researchdata.se/en/catalogue/dataset/ext0265-3,DORIS_EXTERNAL,2017,Uppsala University
https://researchdata.se/en/catalogue/dataset/ext0265-1,DORIS_EXTERNAL,2017,Uppsala University
https://researchdata.se/en/catalogue/dataset/ext0265-2,DORIS_EXTERNAL,2017,Uppsala University
https://researchdata.se/en/catalogue/dataset/ext0259-1,DORIS_EXTERNAL,2017,Stockholm County Council
https://researchdata.se/en/catalogue/dataset/ext0268-1,DORIS_EXTERNAL,2017,Umeå University
https://researchdata.se/en/catalogue/dataset/ext0270-1,DORIS_EXTERNAL,2017,Region Skåne
https://researchdata.se/en/catalogue/dataset/ext0272-1,DORIS_EXTERNAL,2017,Public Health Agency of Sweden
https://researchdata.se/en/catalogue/dataset/ext0266-1,DORIS_EXTERNAL,2017,Lund University
https://researchdata.se/en/catalogue/dataset/ext0269-1,DORIS_EXTERNAL,2017,Lund University
https://researchdata.se/en/catalogue/dataset/ext0275-1,DORIS_EXTERNAL,2018,Lund University
https://researchdata.se/en/catalogue/dataset/ext0271-1,DORIS_EXTERNAL,2017,University of Gothenburg
https://researchdata.se/en/catalogue/dataset/ext0276-1,DORIS_EXTERNAL,2018,Umeå University
https://researchdata.se/en/catalogue/dataset/ext0274-1,DORIS_EXTERNAL,2017,Norrbotten County Council
https://researchdata.se/en/catalogue/dataset/ext0279-1,DORIS_EXTERNAL,2019,Kristianstad University
https://researchdata.se/en/catalogue/dataset/ext0277-1,DORIS_EXTERNAL,2018,University of Gothenburg
https://researchdata.se/en/catalogue/dataset/ext0273-1,DORIS_EXTERNAL,2017,Public Health Agency of Sweden
https://researchdata.se/en/catalogue/dataset/ext0281-1,DORIS_EXTERNAL,2020,European Centre for Medium-Range Weather Forecasts (ECMWF)
https://researchdata.se/en/catalogue/dataset/ext0278-1,DORIS_EXTERNAL,2018,University of Gothenburg
https://researchdata.se/en/catalogue/dataset/ext0280-1,DORIS_EXTERNAL,2019,Swedish University of Agricultural Sciences
https://researchdata.se/en/catalogue/dataset/ext0213-1,DORIS_EXTERNAL,2017,Linköping University
https://researchdata.se/en/catalogue/dataset/ext0282-1,DORIS_EXTERNAL,2019,Umeå University
https://researchdata.se/en/catalogue/dataset/ext0287-1,DORIS_EXTERNAL,2020,Institute for Language and Folklore
https://researchdata.se/en/catalogue/dataset/ext0283-1,DORIS_EXTERNAL,2019,Linköping University
https://researchdata.se/en/catalogue/dataset/ext0284-1,DORIS_EXTERNAL,2020,Linköping University
https://researchdata.se/en/catalogue/dataset/ext0285-1,DORIS_EXTERNAL,2019,Uppsala University
https://researchdata.se/en/catalogue/dataset/ext0286-1,DORIS_EXTERNAL,2020,Institute for Language and Folklore
https://researchdata.se/en/catalogue/dataset/ext0288-1,DORIS_EXTERNAL,2020,Institute for Language and Folklore
https://researchdata.se/en/catalogue/dataset/ext0290-1,DORIS_EXTERNAL,2020,Institute for Language and Folklore
https://researchdata.se/en/catalogue/dataset/ext0289-1,DORIS_EXTERNAL,2020,Institute for Language and Folklore
https://researchdata.se/en/catalogue/dataset/ext0292-1,DORIS_EXTERNAL,2020,Institute for Language and Folklore
https://researchdata.se/en/catalogue/dataset/ext0294-1,DORIS_EXTERNAL,2020,Institute for Language and Folklore
https://researchdata.se/en/catalogue/dataset/ext0295-1,DORIS_EXTERNAL,2020,Institute for Language and Folklore
https://researchdata.se/en/catalogue/dataset/ext0291-1,DORIS_EXTERNAL,2020,Institute for Language and Folklore
https://researchdata.se/en/catalogue/dataset/ext0293-1,DORIS_EXTERNAL,2020,Institute for Language and Folklore
https://researchdata.se/en/catalogue/dataset/ext0298-1,DORIS_EXTERNAL,2020,Institute for Language and Folklore
https://researchdata.se/en/catalogue/dataset/ext0296-1,DORIS_EXTERNAL,2020,Institute for Language and Folklore
https://researchdata.se/en/catalogue/dataset/ext0299-1,DORIS_EXTERNAL,2020,Institute for Language and Folklore
https://researchdata.se/en/catalogue/dataset/ext0297-1,DORIS_EXTERNAL,2020,Institute for Language and Folklore
https://researchdata.se/en/catalogue/dataset/ext0302-1,DORIS_EXTERNAL,2020,Institute for Language and Folklore
https://researchdata.se/en/catalogue/dataset/ext0301-1,DORIS_EXTERNAL,2020,Institute for Language and Folklore
https://researchdata.se/en/catalogue/dataset/ext0300-1,DORIS_EXTERNAL,2020,Institute for Language and Folklore
https://researchdata.se/en/catalogue/dataset/ext0305-1,DORIS_EXTERNAL,2020,Institute for Language and Folklore
https://researchdata.se/en/catalogue/dataset/ext0304-1,DORIS_EXTERNAL,2020,Institute for Language and Folklore
https://researchdata.se/en/catalogue/dataset/ext0306-1,DORIS_EXTERNAL,2020,Institute for Language and Folklore
https://researchdata.se/en/catalogue/dataset/ext0310-1,DORIS_EXTERNAL,2020,Malmö University
https://researchdata.se/en/catalogue/dataset/ext0307-1,DORIS_EXTERNAL,2020,Institute for Language and Folklore
https://researchdata.se/en/catalogue/dataset/ext0308-1,DORIS_EXTERNAL,2020,Uppsala University
https://researchdata.se/en/catalogue/dataset/ext0303-1,DORIS_EXTERNAL,2020,Institute for Language and Folklore
https://researchdata.se/en/catalogue/dataset/ext0313-1,DORIS_EXTERNAL,2020,Institute for Language and Folklore
https://researchdata.se/en/catalogue/dataset/ext0317-1,DORIS_EXTERNAL,2020,Institute for Language and Folklore
https://researchdata.se/en/catalogue/dataset/ext0312-1,DORIS_EXTERNAL,2020,Institute for Language and Folklore
https://researchdata.se/en/catalogue/dataset/ext0309-1,DORIS_EXTERNAL,2020,University of Gothenburg
https://researchdata.se/en/catalogue/dataset/ext0318-1,DORIS_EXTERNAL,2020,Institute for Language and Folklore
https://researchdata.se/en/catalogue/dataset/ext0314-1,DORIS_EXTERNAL,2020,Institute for Language and Folklore
https://researchdata.se/en/catalogue/dataset/ext0319-1,DORIS_EXTERNAL,2020,Institute for Language and Folklore
https://researchdata.se/en/catalogue/dataset/ext0311-1,DORIS_EXTERNAL,2020,University of Gothenburg
https://researchdata.se/en/catalogue/dataset/ext0316-1,DORIS_EXTERNAL,2020,Institute for Language and Folklore
https://researchdata.se/en/catalogue/dataset/ext0315-1,DORIS_EXTERNAL,2020,Institute for Language and Folklore
https://researchdata.se/en/catalogue/dataset/ext0323-1,DORIS_EXTERNAL,2020,Institute for Language and Folklore
https://researchdata.se/en/catalogue/dataset/ext0322-2,DORIS_EXTERNAL,2020,Institute for Language and Folklore
https://researchdata.se/en/catalogue/dataset/ext0322-3,DORIS_EXTERNAL,2020,Institute for Language and Folklore
https://researchdata.se/en/catalogue/dataset/ext0320-1,DORIS_EXTERNAL,2020,Institute for Language and Folklore
https://researchdata.se/en/catalogue/dataset/ext0322-1,DORIS_EXTERNAL,2020,Institute for Language and Folklore
https://researchdata.se/en/catalogue/dataset/ext0324-1,DORIS_EXTERNAL,2020,Institute for Language and Folklore
https://researchdata.se/en/catalogue/dataset/ext0321-1,DORIS_EXTERNAL,2020,Institute for Language and Folklore
https://researchdata.se/en/catalogue/dataset/ext0325-1,DORIS_EXTERNAL,2020,Institute for Language and Folklore
https://researchdata.se/en/catalogue/dataset/ext0327-1,DORIS_EXTERNAL,2020,Institute for Language and Folklore
https://researchdata.se/en/catalogue/dataset/ext0326-1,DORIS_EXTERNAL,2020,Institute for Language and Folklore
https://researchdata.se/en/catalogue/dataset/ext0329-1,DORIS_EXTERNAL,2020,Institute for Language and Folklore
https://researchdata.se/en/catalogue/dataset/ext0331-1,DORIS_EXTERNAL,2020,Institute for Language and Folklore
https://researchdata.se/en/catalogue/dataset/ext0330-1,DORIS_EXTERNAL,2020,Institute for Language and Folklore
https://researchdata.se/en/catalogue/dataset/ext0328-1,DORIS_EXTERNAL,2020,Institute for Language and Folklore
https://researchdata.se/en/catalogue/dataset/ext0332-1,DORIS_EXTERNAL,2020,Institute for Language and Folklore
https://researchdata.se/en/catalogue/dataset/ext0333-1,DORIS_EXTERNAL,2020,Institute for Language and Folklore
https://researchdata.se/en/catalogue/dataset/ext0335-1,DORIS_EXTERNAL,2020,Institute for Language and Folklore
https://researchdata.se/en/catalogue/dataset/ext0334-1,DORIS_EXTERNAL,2020,Institute for Language and Folklore
https://researchdata.se/en/catalogue/dataset/ext0337-1,DORIS_EXTERNAL,2020,Institute for Language and Folklore
https://researchdata.se/en/catalogue/dataset/ext0336-1,DORIS_EXTERNAL,2020,Institute for Language and Folklore
https://researchdata.se/en/catalogue/dataset/ext0338-1,DORIS_EXTERNAL,2020,Institute for Language and Folklore
https://researchdata.se/en/catalogue/dataset/ext0344-1,DORIS_EXTERNAL,2020,Institute for Language and Folklore
https://researchdata.se/en/catalogue/dataset/ext0341-1,DORIS_EXTERNAL,2020,Institute for Language and Folklore
https://researchdata.se/en/catalogue/dataset/ext0340-1,DORIS_EXTERNAL,2020,Institute for Language and Folklore
https://researchdata.se/en/catalogue/dataset/ext0342-1,DORIS_EXTERNAL,2020,Institute for Language and Folklore
https://researchdata.se/en/catalogue/dataset/ext0343-1,DORIS_EXTERNAL,2020,Institute for Language and Folklore
https://researchdata.se/en/catalogue/dataset/ext0351-1,DORIS_EXTERNAL,2020,Institute for Language and Folklore
https://researchdata.se/en/catalogue/dataset/ext0347-1,DORIS_EXTERNAL,2020,Institute for Language and Folklore
https://researchdata.se/en/catalogue/dataset/ext0348-1,DORIS_EXTERNAL,2020,Institute for Language and Folklore
https://researchdata.se/en/catalogue/dataset/ext0346-1,DORIS_EXTERNAL,2020,Institute for Language and Folklore
https://researchdata.se/en/catalogue/dataset/ext0345-1,DORIS_EXTERNAL,2020,Institute for Language and Folklore
https://researchdata.se/en/catalogue/dataset/ext0354-1,DORIS_EXTERNAL,2020,Institute for Language and Folklore
https://researchdata.se/en/catalogue/dataset/ext0349-1,DORIS_EXTERNAL,2020,Institute for Language and Folklore
https://researchdata.se/en/catalogue/dataset/ext0350-1,DORIS_EXTERNAL,2020,Institute for Language and Folklore
https://researchdata.se/en/catalogue/dataset/ext0355-1,DORIS_EXTERNAL,2020,Institute for Language and Folklore
https://researchdata.se/en/catalogue/dataset/ext0352-1,DORIS_EXTERNAL,2020,Institute for Language and Folklore
https://researchdata.se/en/catalogue/dataset/ext0353-1,DORIS_EXTERNAL,2020,Institute for Language and Folklore
https://researchdata.se/en/catalogue/dataset/ext0356-1,DORIS_EXTERNAL,2020,Institute for Language and Folklore
https://researchdata.se/en/catalogue/dataset/ext0357-1,DORIS_EXTERNAL,2020,Institute for Language and Folklore
https://researchdata.se/en/catalogue/dataset/ext0359-1,DORIS_EXTERNAL,2020,Institute for Language and Folklore
https://researchdata.se/en/catalogue/dataset/ext0358-1,DORIS_EXTERNAL,2020,Institute for Language and Folklore
https://researchdata.se/en/catalogue/dataset/ext0362-1,DORIS_EXTERNAL,2020,Institute for Language and Folklore
https://researchdata.se/en/catalogue/dataset/ext0361-1,DORIS_EXTERNAL,2020,Institute for Language and Folklore
https://researchdata.se/en/catalogue/dataset/ext0363-1,DORIS_EXTERNAL,2020,University of Gothenburg
https://researchdata.se/en/catalogue/dataset/ext0360-1,DORIS_EXTERNAL,2020,Institute for Language and Folklore
https://researchdata.se/en/catalogue/dataset/ext0364-1,DORIS_EXTERNAL,2020,Institute for Language and Folklore
https://researchdata.se/en/catalogue/dataset/ext0368-1,DORIS_EXTERNAL,2020,Uppsala University
https://researchdata.se/en/catalogue/dataset/ext0366-1,DORIS_EXTERNAL,2020,Institute for Language and Folklore
https://researchdata.se/en/catalogue/dataset/ext0367-1,DORIS_EXTERNAL,2020,Institute for Language and Folklore
https://researchdata.se/en/catalogue/dataset/ext0374-1,DORIS_EXTERNAL,2020,Lund University
https://researchdata.se/en/catalogue/dataset/fega-sweden-egad50000000119-html,OTHER,2023,FEGA Sweden
https://researchdata.se/en/catalogue/dataset/fega-sweden-egad50000000298-html,OTHER,2024,FEGA Sweden
https://researchdata.se/en/catalogue/dataset/ext0408-1,DORIS_EXTERNAL,2021,Stockholm University
https://researchdata.se/en/catalogue/dataset/ext1130-1,DORIS_EXTERNAL,2019,Umeå University
https://researchdata.se/en/catalogue/dataset/fega-sweden-egad50000000299-html,OTHER,2024,FEGA Sweden
https://researchdata.se/en/catalogue/dataset/fega-sweden-egad50000001323-html,OTHER,2025,FEGA Sweden
https://researchdata.se/en/catalogue/dataset/fega-sweden-egad50000000300-html,OTHER,2024,FEGA Sweden
https://researchdata.se/en/catalogue/dataset/fega-sweden-egad50000001324-html,OTHER,2025,FEGA Sweden
https://researchdata.se/en/catalogue/dataset/ext0409-1,DORIS_EXTERNAL,2020,Stockholm University
https://researchdata.se/en/catalogue/dataset/fega-sweden-egad50000001573-html,OTHER,2025,FEGA Sweden
https://researchdata.se/en/catalogue/dataset/fega-sweden-egad50000001326-html,OTHER,2025,FEGA Sweden
https://researchdata.se/en/catalogue/dataset/fega-sweden-egad50000001574-html,OTHER,2025,FEGA Sweden
https://researchdata.se/en/catalogue/dataset/fega-sweden-egad50000001325-html,OTHER,2025,FEGA Sweden
https://researchdata.se/en/catalogue/dataset/fega-sweden-egad50000001575-html,OTHER,2025,FEGA Sweden
https://researchdata.se/en/catalogue/dataset/fega-sweden-egad50000001577-html,OTHER,2025,FEGA Sweden
https://researchdata.se/en/catalogue/dataset/fega-sweden-egad50000001576-html,OTHER,2025,FEGA Sweden
https://researchdata.se/en/catalogue/dataset/gbif-sweden-10-15468-2aajk9,OTHER,2020,Lund University
https://researchdata.se/en/catalogue/dataset/gbif-sweden-10-15468-1rofux,OTHER,2010,Uppsala University
https://researchdata.se/en/catalogue/dataset/gbif-sweden-10-15468-37b3pz,OTHER,2020,Station Linné
https://researchdata.se/en/catalogue/dataset/gbif-sweden-10-15468-2denvh,OTHER,2020,Station Linné
https://researchdata.se/en/catalogue/dataset/gbif-sweden-10-15468-37u448,OTHER,2020,Lund University
https://researchdata.se/en/catalogue/dataset/gbif-sweden-10-15468-4km26f,OTHER,2020,Station Linné
https://researchdata.se/en/catalogue/dataset/gbif-sweden-10-15468-3bqngy,OTHER,2010,GBIF Sweden
https://researchdata.se/en/catalogue/dataset/gbif-sweden-10-15468-3k4v3x,OTHER,2020,Station Linné
https://researchdata.se/en/catalogue/dataset/gbif-sweden-10-15468-2ng6hg,OTHER,2020,Station Linné
https://researchdata.se/en/catalogue/dataset/gbif-sweden-10-15468-3cg3nw,OTHER,2025,GBIF Sweden
https://researchdata.se/en/catalogue/dataset/gbif-sweden-10-15468-3n7h7p,OTHER,2020,Station Linné
https://researchdata.se/en/catalogue/dataset/gbif-sweden-10-15468-4smbc7,OTHER,2020,Station Linné
https://researchdata.se/en/catalogue/dataset/gbif-sweden-10-15468-5ag9hn,OTHER,2020,Station Linné
https://researchdata.se/en/catalogue/dataset/gbif-sweden-10-15468-55t2ay,OTHER,2020,Station Linné
https://researchdata.se/en/catalogue/dataset/gbif-sweden-10-15468-597vph,OTHER,2020,Gothenburg Natural History Museum
https://researchdata.se/en/catalogue/dataset/gbif-sweden-10-15468-5becml,OTHER,2015,Swedish Museum of Natural History
https://researchdata.se/en/catalogue/dataset/gbif-sweden-10-15468-5ebhr2,OTHER,2025,SMHI - Swedish Meteorological and Hydrological Institute
https://researchdata.se/en/catalogue/dataset/gbif-sweden-10-15468-5gtjxx,OTHER,2020,Station Linné
https://researchdata.se/en/catalogue/dataset/gbif-sweden-10-15468-5k9w88,OTHER,2022,Royal Institute of Technology
https://researchdata.se/en/catalogue/dataset/gbif-sweden-10-15468-5ft5ga,OTHER,2024,SMHI - Swedish Meteorological and Hydrological Institute
https://researchdata.se/en/catalogue/dataset/gbif-sweden-10-15468-5epjpb,OTHER,2020,Station Linné
https://researchdata.se/en/catalogue/dataset/gbif-sweden-10-15468-62qwjj,OTHER,2020,Station Linné
https://researchdata.se/en/catalogue/dataset/gbif-sweden-10-15468-633y44,OTHER,2020,Station Linné
https://researchdata.se/en/catalogue/dataset/gbif-sweden-10-15468-5zhs46,OTHER,2020,Station Linné
https://researchdata.se/en/catalogue/dataset/gbif-sweden-10-15468-68s836,OTHER,2020,Station Linné
https://researchdata.se/en/catalogue/dataset/gbif-sweden-10-15468-6d663p,OTHER,2020,Station Linné
https://researchdata.se/en/catalogue/dataset/gbif-sweden-10-15468-7sk8se,OTHER,2020,Swedish University of Agricultural Sciences
https://researchdata.se/en/catalogue/dataset/gbif-sweden-10-15468-7jc4xq,OTHER,2024,Swedish Museum of Natural History
https://researchdata.se/en/catalogue/dataset/gbif-sweden-10-15468-783jyb,OTHER,2024,Swedish Museum of Natural History
https://researchdata.se/en/catalogue/dataset/fega-sweden-egad50000001521-html,OTHER,2025,FEGA Sweden
https://researchdata.se/en/catalogue/dataset/gbif-sweden-10-15468-6u5rum,OTHER,2025,Swedish Museum of Natural History
https://researchdata.se/en/catalogue/dataset/gbif-sweden-10-15468-76cuj6,OTHER,2023,SMHI - Swedish Meteorological and Hydrological Institute
https://researchdata.se/en/catalogue/dataset/gbif-sweden-10-15468-7v7ybr,OTHER,2020,Station Linné
https://researchdata.se/en/catalogue/dataset/gbif-sweden-10-15468-896xyy,OTHER,2024,Swedish Museum of Natural History
https://researchdata.se/en/catalogue/dataset/gbif-sweden-10-15468-8pu4y5,OTHER,2020,Station Linné
https://researchdata.se/en/catalogue/dataset/gbif-sweden-10-15468-9meff0,OTHER,2010,Swedish University of Agricultural Sciences
https://researchdata.se/en/catalogue/dataset/gbif-sweden-10-15468-87hk5a,OTHER,2020,Station Linné
https://researchdata.se/en/catalogue/dataset/gbif-sweden-10-15468-8qm8rd,OTHER,2020,Station Linné
https://researchdata.se/en/catalogue/dataset/gbif-sweden-10-15468-8hsehm,OTHER,2020,Station Linné
https://researchdata.se/en/catalogue/dataset/gbif-sweden-10-15468-9sjvbp,OTHER,2020,Station Linné
https://researchdata.se/en/catalogue/dataset/gbif-sweden-10-15468-a6ugn5,OTHER,2020,Station Linné
https://researchdata.se/en/catalogue/dataset/gbif-sweden-10-15468-9s6ktn,OTHER,2020,Station Linné
https://researchdata.se/en/catalogue/dataset/gbif-sweden-10-15468-af5cwp,OTHER,2024,Swedish Museum of Natural History
https://researchdata.se/en/catalogue/dataset/gbif-sweden-10-15468-ajpx9r,OTHER,2020,Station Linné
https://researchdata.se/en/catalogue/dataset/gbif-sweden-10-15468-at6azc,OTHER,2020,Station Linné
https://researchdata.se/en/catalogue/dataset/gbif-sweden-10-15468-ao0ljg,OTHER,2010,Swedish Museum of Natural History
https://researchdata.se/en/catalogue/dataset/gbif-sweden-10-15468-ar7wwx,OTHER,2025,GBIF Sweden
https://researchdata.se/en/catalogue/dataset/gbif-sweden-10-15468-avttsr,OTHER,2023,SMHI - Swedish Meteorological and Hydrological Institute
https://researchdata.se/en/catalogue/dataset/gbif-sweden-10-15468-asgd85,OTHER,2021,University of Gothenburg
https://researchdata.se/en/catalogue/dataset/gbif-sweden-10-15468-awjycd,OTHER,2024,Swedish Museum of Natural History
https://researchdata.se/en/catalogue/dataset/gbif-sweden-10-15468-b48ufy,OTHER,2020,Station Linné
https://researchdata.se/en/catalogue/dataset/gbif-sweden-10-15468-b3yrfu,OTHER,2020,Station Linné
https://researchdata.se/en/catalogue/dataset/gbif-sweden-10-15468-b58jkn,OTHER,2024,SMHI - Swedish Meteorological and Hydrological Institute
https://researchdata.se/en/catalogue/dataset/gbif-sweden-10-15468-b9c3d7,OTHER,2024,Swedish University of Agricultural Sciences
https://researchdata.se/en/catalogue/dataset/gbif-sweden-10-15468-bkzpdj,OTHER,2021,SMHI - Swedish Meteorological and Hydrological Institute
https://researchdata.se/en/catalogue/dataset/gbif-sweden-10-15468-bt7w4p,OTHER,2020,Station Linné
https://researchdata.se/en/catalogue/dataset/gbif-sweden-10-15468-bdzv7j,OTHER,2020,Station Linné
https://researchdata.se/en/catalogue/dataset/gbif-sweden-10-15468-bp9w9y,OTHER,2010,Swedish University of Agricultural Sciences
https://researchdata.se/en/catalogue/dataset/gbif-sweden-10-15468-bwhfe6,OTHER,2020,Station Linné
https://researchdata.se/en/catalogue/dataset/gbif-sweden-10-15468-b9o7h4,OTHER,2010,Swedish Museum of Natural History
https://researchdata.se/en/catalogue/dataset/gbif-sweden-10-15468-byagn4,OTHER,2025,GBIF Sweden
https://researchdata.se/en/catalogue/dataset/gbif-sweden-10-15468-btczj6,OTHER,2020,Station Linné
https://researchdata.se/en/catalogue/dataset/gbif-sweden-10-15468-cchsv3,OTHER,2017,GBIF Sweden
https://researchdata.se/en/catalogue/dataset/gbif-sweden-10-15468-c4w4co,OTHER,2010,Lund University
https://researchdata.se/en/catalogue/dataset/gbif-sweden-10-15468-cesssx,OTHER,2021,SMHI - Swedish Meteorological and Hydrological Institute
https://researchdata.se/en/catalogue/dataset/gbif-sweden-10-15468-c5fqds,OTHER,2020,Station Linné
https://researchdata.se/en/catalogue/dataset/gbif-sweden-10-15468-cdw57a,OTHER,2020,Station Linné
https://researchdata.se/en/catalogue/dataset/gbif-sweden-10-15468-cvcqeb,OTHER,2020,Station Linné
https://researchdata.se/en/catalogue/dataset/gbif-sweden-10-15468-cghs8p,OTHER,2011,Swedish Museum of Natural History
https://researchdata.se/en/catalogue/dataset/gbif-sweden-10-15468-ckcffa,OTHER,2025,University of Gothenburg
https://researchdata.se/en/catalogue/dataset/gbif-sweden-10-15468-cw5jrv,OTHER,2023,University of Gothenburg
https://researchdata.se/en/catalogue/dataset/gbif-sweden-10-15468-d7eitf,OTHER,2012,Swedish Museum of Natural History
https://researchdata.se/en/catalogue/dataset/gbif-sweden-10-15468-d8xe2j,OTHER,2020,Station Linné
https://researchdata.se/en/catalogue/dataset/gbif-sweden-10-15468-cwjstg,OTHER,2023,Royal Institute of Technology
https://researchdata.se/en/catalogue/dataset/gbif-sweden-10-15468-dpa676,OTHER,2020,Station Linné
https://researchdata.se/en/catalogue/dataset/gbif-sweden-10-15468-dahk2a,OTHER,2011,Lund University
https://researchdata.se/en/catalogue/dataset/gbif-sweden-10-15468-edkb5r,OTHER,2021,SMHI - Swedish Meteorological and Hydrological Institute
https://researchdata.se/en/catalogue/dataset/gbif-sweden-10-15468-dytntx,OTHER,2024,Lund University
https://researchdata.se/en/catalogue/dataset/gbif-sweden-10-15468-e7t4xp,OTHER,2025,GBIF Sweden
https://researchdata.se/en/catalogue/dataset/gbif-sweden-10-15468-f46vf7,OTHER,2020,Station Linné
https://researchdata.se/en/catalogue/dataset/gbif-sweden-10-15468-eyda6l,OTHER,2010,Swedish Museum of Natural History
https://researchdata.se/en/catalogue/dataset/gbif-sweden-10-15468-f9u8kc,OTHER,2020,Station Linné
https://researchdata.se/en/catalogue/dataset/gbif-sweden-10-15468-eoika6,OTHER,2013,GBIF Sweden
https://researchdata.se/en/catalogue/dataset/gbif-sweden-10-15468-es2jyy,OTHER,2020,Station Linné
https://researchdata.se/en/catalogue/dataset/gbif-sweden-10-15468-gatdg4,OTHER,2010,Umeå University
https://researchdata.se/en/catalogue/dataset/gbif-sweden-10-15468-fggzdr,OTHER,2021,SMHI - Swedish Meteorological and Hydrological Institute
https://researchdata.se/en/catalogue/dataset/gbif-sweden-10-15468-g44yc3,OTHER,2020,Station Linné
https://researchdata.se/en/catalogue/dataset/gbif-sweden-10-15468-fag596,OTHER,2020,Station Linné
https://researchdata.se/en/catalogue/dataset/gbif-sweden-10-15468-gm4esc,OTHER,2020,Station Linné
https://researchdata.se/en/catalogue/dataset/gbif-sweden-10-15468-fpzyjx,OTHER,2015,Swedish Museum of Natural History
https://researchdata.se/en/catalogue/dataset/gbif-sweden-10-15468-h8ra7n,OTHER,2020,Station Linné
https://researchdata.se/en/catalogue/dataset/gbif-sweden-10-15468-h8jaj2,OTHER,2020,Station Linné
https://researchdata.se/en/catalogue/dataset/gbif-sweden-10-15468-hd6w0r,OTHER,2020,Lund University
https://researchdata.se/en/catalogue/dataset/gbif-sweden-10-15468-hxfuwr,OTHER,2024,Lund University
https://researchdata.se/en/catalogue/dataset/gbif-sweden-10-15468-hqpbmf,OTHER,2020,Station Linné
https://researchdata.se/en/catalogue/dataset/gbif-sweden-10-15468-hd5npb,OTHER,2020,Station Linné
https://researchdata.se/en/catalogue/dataset/gbif-sweden-10-15468-hrftcf,OTHER,2024,SMHI - Swedish Meteorological and Hydrological Institute
https://researchdata.se/en/catalogue/dataset/gbif-sweden-10-15468-j7qzfw,OTHER,2023,SMHI - Swedish Meteorological and Hydrological Institute
https://researchdata.se/en/catalogue/dataset/gbif-sweden-10-15468-ikisyu,OTHER,2010,Gothenburg Natural History Museum
https://researchdata.se/en/catalogue/dataset/gbif-sweden-10-15468-j43wfc,OTHER,2012,Swedish University of Agricultural Sciences
https://researchdata.se/en/catalogue/dataset/gbif-sweden-10-15468-jamhmk,OTHER,2010,GBIF Sweden
https://researchdata.se/en/catalogue/dataset/gbif-sweden-10-15468-jh6duy,OTHER,2020,Station Linné
https://researchdata.se/en/catalogue/dataset/gbif-sweden-10-15468-jmn2xn,OTHER,2020,Station Linné
https://researchdata.se/en/catalogue/dataset/gbif-sweden-10-15468-jhwkpq,OTHER,2020,Swedish University of Agricultural Sciences
https://researchdata.se/en/catalogue/dataset/gbif-sweden-10-15468-kcpxjw,OTHER,2025,Stockholm University
https://researchdata.se/en/catalogue/dataset/gbif-sweden-10-15468-kq78ja,OTHER,2020,Station Linné
https://researchdata.se/en/catalogue/dataset/gbif-sweden-10-15468-kllkyl,OTHER,2012,Swedish University of Agricultural Sciences
https://researchdata.se/en/catalogue/dataset/gbif-sweden-10-15468-jwbtsb,OTHER,2020,Swedish University of Agricultural Sciences
https://researchdata.se/en/catalogue/dataset/gbif-sweden-10-15468-lyyqmc,OTHER,2010,Swedish University of Agricultural Sciences
https://researchdata.se/en/catalogue/dataset/gbif-sweden-10-15468-mqwnmj,OTHER,2015,GBIF Sweden
https://researchdata.se/en/catalogue/dataset/gbif-sweden-10-15468-mw39rb,OTHER,2010,Lund University
https://researchdata.se/en/catalogue/dataset/gbif-sweden-10-15468-mer99q,OTHER,2020,Station Linné
https://researchdata.se/en/catalogue/dataset/gbif-sweden-10-15468-n7xfgz,OTHER,2016,GBIF Sweden
https://researchdata.se/en/catalogue/dataset/gbif-sweden-10-15468-n9qrv4,OTHER,2020,Station Linné
https://researchdata.se/en/catalogue/dataset/gbif-sweden-10-15468-n5nuuc,OTHER,2021,Lund University
https://researchdata.se/en/catalogue/dataset/gbif-sweden-10-15468-p3r2rb,OTHER,2020,Station Linné
https://researchdata.se/en/catalogue/dataset/gbif-sweden-10-15468-othndo,OTHER,2020,Lund University
https://researchdata.se/en/catalogue/dataset/gbif-sweden-10-15468-nw85cf,OTHER,2020,Station Linné
https://researchdata.se/en/catalogue/dataset/gbif-sweden-10-15468-o3vdvv,OTHER,2015,GBIF Sweden
https://researchdata.se/en/catalogue/dataset/gbif-sweden-10-15468-p8gzhs,OTHER,2025,Royal Institute of Technology
https://researchdata.se/en/catalogue/dataset/gbif-sweden-10-15468-pad7pc,OTHER,2025,Swedish Museum of Natural History
https://researchdata.se/en/catalogue/dataset/gbif-sweden-10-15468-nwjta7,OTHER,2024,Swedish University of Agricultural Sciences
https://researchdata.se/en/catalogue/dataset/gbif-sweden-10-15468-pheept,OTHER,2023,SMHI - Swedish Meteorological and Hydrological Institute
https://researchdata.se/en/catalogue/dataset/gbif-sweden-10-15468-pqxsbz,OTHER,2010,Swedish Museum of Natural History
https://researchdata.se/en/catalogue/dataset/gbif-sweden-10-15468-puqjx8,OTHER,2024,Lund University
https://researchdata.se/en/catalogue/dataset/gbif-sweden-10-15468-q6653a,OTHER,2020,Station Linné
https://researchdata.se/en/catalogue/dataset/gbif-sweden-10-15468-qck78f,OTHER,2020,Station Linné
https://researchdata.se/en/catalogue/dataset/gbif-sweden-10-15468-r8gu42,OTHER,2022,Uppsala University
https://researchdata.se/en/catalogue/dataset/gbif-sweden-10-15468-rs389z,OTHER,2020,Station Linné
https://researchdata.se/en/catalogue/dataset/gbif-sweden-10-15468-qfmb77,OTHER,2010,Swedish Museum of Natural History
https://researchdata.se/en/catalogue/dataset/gbif-sweden-10-15468-s3yg8z,OTHER,2021,SMHI - Swedish Meteorological and Hydrological Institute
https://researchdata.se/en/catalogue/dataset/gbif-sweden-10-15468-rhgn9a,OTHER,2010,GBIF Sweden
https://researchdata.se/en/catalogue/dataset/gbif-sweden-10-15468-kscfj6,OTHER,2025,Uppsala University
https://researchdata.se/en/catalogue/dataset/gbif-sweden-10-15468-s5y2mb,OTHER,2020,Station Linné
https://researchdata.se/en/catalogue/dataset/gbif-sweden-10-15468-sdgpvp,OTHER,2020,Station Linné
https://researchdata.se/en/catalogue/dataset/gbif-sweden-10-15468-saparq,OTHER,2020,Station Linné
https://researchdata.se/en/catalogue/dataset/gbif-sweden-10-15468-tbb5zr,OTHER,2024,Gothenburg Natural History Museum
https://researchdata.se/en/catalogue/dataset/gbif-sweden-10-15468-sb6fcq,OTHER,2010,Swedish Museum of Natural History
https://researchdata.se/en/catalogue/dataset/gbif-sweden-10-15468-t2nc3b,OTHER,2020,Station Linné
https://researchdata.se/en/catalogue/dataset/gbif-sweden-10-15468-stg5z9,OTHER,2020,Station Linné
https://researchdata.se/en/catalogue/dataset/gbif-sweden-10-15468-u5wjib,OTHER,2010,GBIF Sweden
https://researchdata.se/en/catalogue/dataset/gbif-sweden-10-15468-sg5spw,OTHER,2021,Lund University
https://researchdata.se/en/catalogue/dataset/gbif-sweden-10-15468-tx1kgz,OTHER,2019,Umeå University
https://researchdata.se/en/catalogue/dataset/gbif-sweden-10-15468-tfg6cf,OTHER,2025,Royal Institute of Technology
https://researchdata.se/en/catalogue/dataset/gbif-sweden-10-15468-u8bzai,OTHER,2010,GBIF Sweden
https://researchdata.se/en/catalogue/dataset/gbif-sweden-10-15468-thsjhr,OTHER,2021,Royal Institute of Technology
https://researchdata.se/en/catalogue/dataset/gbif-sweden-10-15468-u7dd6f,OTHER,2020,Station Linné
https://researchdata.se/en/catalogue/dataset/gbif-sweden-10-15468-uadgyw,OTHER,2015,Swedish Museum of Natural History
https://researchdata.se/en/catalogue/dataset/gbif-sweden-10-15468-vdavsc,OTHER,2023,Uppsala University
https://researchdata.se/en/catalogue/dataset/gbif-sweden-10-15468-ufmslw,OTHER,2010,Uppsala University
https://researchdata.se/en/catalogue/dataset/gbif-sweden-10-15468-v0gwot,OTHER,2012,Gothenburg Natural History Museum
https://researchdata.se/en/catalogue/dataset/gbif-sweden-10-15468-upxbwy,OTHER,2022,Uppsala University
https://researchdata.se/en/catalogue/dataset/gbif-sweden-10-15468-veahzb,OTHER,2024,Swedish Museum of Natural History
https://researchdata.se/en/catalogue/dataset/gbif-sweden-10-15468-vf8e7k,OTHER,2021,SMHI - Swedish Meteorological and Hydrological Institute
https://researchdata.se/en/catalogue/dataset/gbif-sweden-10-15468-wg5p5e,OTHER,2020,Station Linné
https://researchdata.se/en/catalogue/dataset/gbif-sweden-10-15468-w5xcbu,OTHER,2020,Station Linné
https://researchdata.se/en/catalogue/dataset/gbif-sweden-10-15468-vrxhxe,OTHER,2023,Royal Institute of Technology
https://researchdata.se/en/catalogue/dataset/gbif-sweden-10-15468-wchd9a,OTHER,2020,Station Linné
https://researchdata.se/en/catalogue/dataset/gbif-sweden-10-15468-wk3zk7,OTHER,2010,GBIF Sweden
https://researchdata.se/en/catalogue/dataset/gbif-sweden-10-15468-wxyx7e,OTHER,2020,Station Linné
https://researchdata.se/en/catalogue/dataset/gbif-sweden-10-15468-ws6uh3,OTHER,2020,Station Linné
https://researchdata.se/en/catalogue/dataset/gbif-sweden-10-15468-wkxgbq,OTHER,2020,Station Linné
https://researchdata.se/en/catalogue/dataset/gbif-sweden-10-15468-x656zx,OTHER,2020,Station Linné
https://researchdata.se/en/catalogue/dataset/gbif-sweden-10-15468-xknzj2,OTHER,2020,Station Linné
https://researchdata.se/en/catalogue/dataset/gbif-sweden-10-15468-xhmqsu,OTHER,2025,GBIF Sweden
https://researchdata.se/en/catalogue/dataset/gbif-sweden-10-15468-y3upe9,OTHER,2022,University of Gothenburg
https://researchdata.se/en/catalogue/dataset/gbif-sweden-10-15468-xmrfet,OTHER,2012,Gothenburg Natural History Museum
https://researchdata.se/en/catalogue/dataset/gbif-sweden-10-15468-xqyhd8,OTHER,2020,Station Linné
https://researchdata.se/en/catalogue/dataset/gbif-sweden-10-15468-y7ndas,OTHER,2020,Station Linné
https://researchdata.se/en/catalogue/dataset/gbif-sweden-10-15468-y6dzym,OTHER,2020,Station Linné
https://researchdata.se/en/catalogue/dataset/gbif-sweden-10-15468-y8mdvg,OTHER,2024,Swedish Museum of Natural History
https://researchdata.se/en/catalogue/dataset/gbif-sweden-10-15468-ygk52s,OTHER,2022,SMHI - Swedish Meteorological and Hydrological Institute
https://researchdata.se/en/catalogue/dataset/gbif-sweden-10-15468-yrayvw,OTHER,2020,Swedish University of Agricultural Sciences
https://researchdata.se/en/catalogue/dataset/gbif-sweden-10-15468-yq77dh,OTHER,2022,SMHI - Swedish Meteorological and Hydrological Institute
https://researchdata.se/en/catalogue/dataset/gbif-sweden-10-15468-yo3mmu,OTHER,2010,Swedish Museum of Natural History
https://researchdata.se/en/catalogue/dataset/gbif-sweden-10-15468-yvwnpu,OTHER,2020,Station Linné
https://researchdata.se/en/catalogue/dataset/gbif-sweden-10-15468-yhyc17,OTHER,2010,Swedish Museum of Natural History
https://researchdata.se/en/catalogue/dataset/gbif-sweden-10-15468-yi64qd,OTHER,2010,Swedish Museum of Natural History
https://researchdata.se/en/catalogue/dataset/gbif-sweden-10-15468-yomo68,OTHER,2010,GBIF Sweden
https://researchdata.se/en/catalogue/dataset/gbif-sweden-10-15468-z5l3wx,OTHER,2015,GBIF Sweden
https://researchdata.se/en/catalogue/dataset/gbif-sweden-10-15468-zffolj,OTHER,2015,Swedish Museum of Natural History
https://researchdata.se/en/catalogue/dataset/gbif-sweden-10-15468-z244v6,OTHER,2020,Station Linné
https://researchdata.se/en/catalogue/dataset/gbif-sweden-10-15468-yrxfxp,OTHER,2010,Swedish Museum of Natural History
https://researchdata.se/en/catalogue/dataset/gbif-sweden-10-15468-zhb2jn,OTHER,2020,Station Linné
https://researchdata.se/en/catalogue/dataset/gbif-sweden-10-15468-z8pm63,OTHER,2023,University of Gothenburg
https://researchdata.se/en/catalogue/dataset/gbif-sweden-10-15468-zx6dxp,OTHER,2020,Station Linné
https://researchdata.se/en/catalogue/dataset/icos-sweden--mm5-gi-xfojkarkpqe4u47x,OTHER,2025,Integrated Carbon Observation System
https://researchdata.se/en/catalogue/dataset/gbif-sweden-10-15468-zycqbx,OTHER,2020,Station Linné
https://researchdata.se/en/catalogue/dataset/gbif-sweden-10-15468-zme24v,OTHER,2025,Stockholm University
https://researchdata.se/en/catalogue/dataset/icos-sweden--sarjfajtsktxuaj12obmws,OTHER,2025,Integrated Carbon Observation System
https://researchdata.se/en/catalogue/dataset/icos-sweden--akqzgcneeb1rzuwprn7y7tx,OTHER,2025,Integrated Carbon Observation System
https://researchdata.se/en/catalogue/dataset/icos-sweden--5xpgavhhauqxsqcwh2dchqq,OTHER,2025,Integrated Carbon Observation System
https://researchdata.se/en/catalogue/dataset/icos-sweden--jfkm2ys0csj2k5mjwprstin,OTHER,2022,Integrated Carbon Observation System
https://researchdata.se/en/catalogue/dataset/icos-sweden--tmkytxdjsw7whdft0dfnj5s,OTHER,2025,Integrated Carbon Observation System
https://researchdata.se/en/catalogue/dataset/icos-sweden-0ixi2oebq72w3dswngjd-9sj,OTHER,2022,Integrated Carbon Observation System
https://researchdata.se/en/catalogue/dataset/icos-sweden-0-w9vafq3ihdpkr6mqvxxf7-,OTHER,2022,Integrated Carbon Observation System
https://researchdata.se/en/catalogue/dataset/icos-sweden--x44fwwl2s1ktvzytchv4fw0,OTHER,2025,Integrated Carbon Observation System
https://researchdata.se/en/catalogue/dataset/icos-sweden-0t0jcaofixlubcw8yjayq2t5,OTHER,2022,Integrated Carbon Observation System
https://researchdata.se/en/catalogue/dataset/icos-sweden-0brbrkxssjrgzqhtualjmokl,OTHER,2025,Integrated Carbon Observation System
https://researchdata.se/en/catalogue/dataset/icos-sweden-2fhjsuyjmk1vxlubxdadbgtb,OTHER,2025,Integrated Carbon Observation System
https://researchdata.se/en/catalogue/dataset/icos-sweden-1ohd6-mgtccrk-dcccdcvumi,OTHER,2025,Integrated Carbon Observation System
https://researchdata.se/en/catalogue/dataset/icos-sweden-3sxiqle7z5gnzerftxdg4wwr,OTHER,2025,Integrated Carbon Observation System
https://researchdata.se/en/catalogue/dataset/icos-sweden-1oozczlsa0plugqrikbcdzbd,OTHER,2025,Integrated Carbon Observation System
https://researchdata.se/en/catalogue/dataset/icos-sweden-3q2duq2zdtorbcr5beaqou4h,OTHER,2025,Integrated Carbon Observation System
https://researchdata.se/en/catalogue/dataset/icos-sweden-3udqcijfy9wa2t3jlzl20t8q,OTHER,2022,Integrated Carbon Observation System
https://researchdata.se/en/catalogue/dataset/icos-sweden-47nb1fodcndhaswrmhwiomsv,OTHER,2025,Integrated Carbon Observation System
https://researchdata.se/en/catalogue/dataset/icos-sweden-4mhgsgiuq2m6i0gn8zgju--g,OTHER,2025,Integrated Carbon Observation System
https://researchdata.se/en/catalogue/dataset/icos-sweden-4zgh8mixxxgdiooqfp7fkjmf,OTHER,2022,Integrated Carbon Observation System
https://researchdata.se/en/catalogue/dataset/icos-sweden-4a5p1skmlrltkiqboytsg1p3,OTHER,2025,Integrated Carbon Observation System
https://researchdata.se/en/catalogue/dataset/icos-sweden-71typ6wa6hgoz1-8yx8bydcw,OTHER,2025,Integrated Carbon Observation System
https://researchdata.se/en/catalogue/dataset/icos-sweden-6e8ikc2tqancfcu6pid7vcvi,OTHER,2025,Integrated Carbon Observation System
https://researchdata.se/en/catalogue/dataset/icos-sweden-6clloudjjf5taq3acgf6pgzv,OTHER,2025,Integrated Carbon Observation System
https://researchdata.se/en/catalogue/dataset/icos-sweden-5jtmabphmnx4apk5-mtyk628,OTHER,2025,Integrated Carbon Observation System
https://researchdata.se/en/catalogue/dataset/icos-sweden-5avykz9ihyo5uaktgs3eon6x,OTHER,2025,Integrated Carbon Observation System
https://researchdata.se/en/catalogue/dataset/icos-sweden-79xla79ga-mwu7dya7fnshtu,OTHER,2025,Integrated Carbon Observation System
https://researchdata.se/en/catalogue/dataset/icos-sweden-7953ltrfrnuh-48lqddgxyhy,OTHER,2025,Integrated Carbon Observation System
https://researchdata.se/en/catalogue/dataset/icos-sweden-7cnlesk2-cirevtsbhkxjpi1,OTHER,2022,Integrated Carbon Observation System
https://researchdata.se/en/catalogue/dataset/icos-sweden-9mjp6kpsr-i2-irq-aplvuss,OTHER,2022,Integrated Carbon Observation System
https://researchdata.se/en/catalogue/dataset/icos-sweden-5cstlzw6ueheavghgh1lees4,OTHER,2025,Integrated Carbon Observation System
https://researchdata.se/en/catalogue/dataset/icos-sweden-8scohykx8oitdvy7izxfdfjt,OTHER,2025,Integrated Carbon Observation System
https://researchdata.se/en/catalogue/dataset/icos-sweden-9bgugktswrhp8zcu3a2gtxyf,OTHER,2025,Integrated Carbon Observation System
https://researchdata.se/en/catalogue/dataset/icos-sweden-8icfe5-7bqy6atqcjgs5u1nd,OTHER,2025,Integrated Carbon Observation System
https://researchdata.se/en/catalogue/dataset/icos-sweden-9vopkacdinphmxcav4-v-c5u,OTHER,2022,Integrated Carbon Observation System
https://researchdata.se/en/catalogue/dataset/icos-sweden-9r8beqruuocdryo3vv7k0jxd,OTHER,2024,Integrated Carbon Observation System
https://researchdata.se/en/catalogue/dataset/icos-sweden-9xy9o4djozsqapzftqyoqonv,OTHER,2025,Integrated Carbon Observation System
https://researchdata.se/en/catalogue/dataset/icos-sweden-aeeaulbklsilz2v3pajppla6,OTHER,2025,Integrated Carbon Observation System
https://researchdata.se/en/catalogue/dataset/icos-sweden-acry3crcp0hcx-xlzr23bl8b,OTHER,2025,Integrated Carbon Observation System
https://researchdata.se/en/catalogue/dataset/icos-sweden-ajprylxnobx5qz4fquhegqk-,OTHER,2025,Integrated Carbon Observation System
https://researchdata.se/en/catalogue/dataset/icos-sweden-af-zqzexsdbmz-logcm-igy7,OTHER,2022,Integrated Carbon Observation System
https://researchdata.se/en/catalogue/dataset/icos-sweden-b8ztqh-xts8cynpcraluta2t,OTHER,2025,Integrated Carbon Observation System
https://researchdata.se/en/catalogue/dataset/icos-sweden-akoh0tkev8im-drbuzivebas,OTHER,2025,Integrated Carbon Observation System
https://researchdata.se/en/catalogue/dataset/icos-sweden-bbqgw7ik1bgri60ogbiblmgd,OTHER,2025,Integrated Carbon Observation System
https://researchdata.se/en/catalogue/dataset/icos-sweden-bcxdx4-dhxaeryr3budphfz7,OTHER,2025,Integrated Carbon Observation System
https://researchdata.se/en/catalogue/dataset/icos-sweden-apenuzko0ujywaxqcmcz3wv-,OTHER,2025,Integrated Carbon Observation System
https://researchdata.se/en/catalogue/dataset/icos-sweden-bubflqpgrngqrvsm7kzkgfca,OTHER,2025,Integrated Carbon Observation System
https://researchdata.se/en/catalogue/dataset/icos-sweden-c0pdm8bnr8hx3wifykc-i96a,OTHER,2022,Integrated Carbon Observation System
https://researchdata.se/en/catalogue/dataset/icos-sweden-bwibaqimqgbwuprxv-sbfic5,OTHER,2022,Integrated Carbon Observation System
https://researchdata.se/en/catalogue/dataset/icos-sweden-cky87fyo5ilwomipzucoakvk,OTHER,2025,Integrated Carbon Observation System
https://researchdata.se/en/catalogue/dataset/icos-sweden-cmb9gsus7c2fhf6-ftzxfiqf,OTHER,2025,Integrated Carbon Observation System
https://researchdata.se/en/catalogue/dataset/icos-sweden-cvw37krdzb7cyysrdazfaqkp,OTHER,2025,Integrated Carbon Observation System
https://researchdata.se/en/catalogue/dataset/icos-sweden-cbss2yvw53hrvf9zrsq2x-wy,OTHER,2022,Integrated Carbon Observation System
https://researchdata.se/en/catalogue/dataset/icos-sweden-ctjblyb-cancz21vk9c1mq0g,OTHER,2025,Integrated Carbon Observation System
https://researchdata.se/en/catalogue/dataset/icos-sweden-czur-dzy5e36asglpjht404e,OTHER,2025,Integrated Carbon Observation System
https://researchdata.se/en/catalogue/dataset/icos-sweden-dzmkuyntbcb3ce8erp-p56ad,OTHER,2025,Integrated Carbon Observation System
https://researchdata.se/en/catalogue/dataset/icos-sweden-dbbs8inajpgqmkglsgegbxx1,OTHER,2022,Integrated Carbon Observation System
https://researchdata.se/en/catalogue/dataset/icos-sweden-dllj-m63gjhsmiuipesyguld,OTHER,2025,Integrated Carbon Observation System
https://researchdata.se/en/catalogue/dataset/icos-sweden-eb7voogljshgm3srvdt-hszh,OTHER,2022,Integrated Carbon Observation System
https://researchdata.se/en/catalogue/dataset/icos-sweden-dlhu3hsjiifuwmggwbe1t7ut,OTHER,2025,Integrated Carbon Observation System
https://researchdata.se/en/catalogue/dataset/icos-sweden-dyszjkacq9zc-hnqdjjnf0nu,OTHER,2025,Integrated Carbon Observation System
https://researchdata.se/en/catalogue/dataset/icos-sweden-e-dl2d-s8sy72smzxdnasxse,OTHER,2025,Integrated Carbon Observation System
https://researchdata.se/en/catalogue/dataset/icos-sweden-edck-tghqgbo0jngdynlpenk,OTHER,2025,Integrated Carbon Observation System
https://researchdata.se/en/catalogue/dataset/icos-sweden-ekfpkkovmmx-gtakqnp0l6-k,OTHER,2025,Integrated Carbon Observation System
https://researchdata.se/en/catalogue/dataset/icos-sweden-en5ym1rntz60y-xzltafioz9,OTHER,2025,Integrated Carbon Observation System
https://researchdata.se/en/catalogue/dataset/icos-sweden-epwz7-h-gvtq5kb83rndf6bz,OTHER,2025,Integrated Carbon Observation System
https://researchdata.se/en/catalogue/dataset/icos-sweden-f22hgtcucugwfchvuwfrkrw0,OTHER,2022,Integrated Carbon Observation System
https://researchdata.se/en/catalogue/dataset/icos-sweden-f7wqhyutvcyvt3-6h5kgzk8y,OTHER,2025,Integrated Carbon Observation System
https://researchdata.se/en/catalogue/dataset/icos-sweden-flunns-qjrnd6d67d02u1u-m,OTHER,2022,Integrated Carbon Observation System
https://researchdata.se/en/catalogue/dataset/icos-sweden-cqiogq8ks8bknyiymniwkwk5,OTHER,2025,Integrated Carbon Observation System
https://researchdata.se/en/catalogue/dataset/icos-sweden-fzpqzjyuzn6fhvgd4kt-cvr-,OTHER,2025,Integrated Carbon Observation System
https://researchdata.se/en/catalogue/dataset/icos-sweden-fwluei90exz8ak7eii0kuwgm,OTHER,2025,Integrated Carbon Observation System
https://researchdata.se/en/catalogue/dataset/icos-sweden-f1tljai708ya5w37gx6unqby,OTHER,2022,Integrated Carbon Observation System
https://researchdata.se/en/catalogue/dataset/icos-sweden-fqqtgumjjwaxuomzglmaouzj,OTHER,2025,Integrated Carbon Observation System
https://researchdata.se/en/catalogue/dataset/icos-sweden-gki5tv2xfbhp-qgcslqsyxcf,OTHER,2025,Integrated Carbon Observation System
https://researchdata.se/en/catalogue/dataset/icos-sweden-fzb-ygt1-yggxc1h8a2tfatw,OTHER,2025,Integrated Carbon Observation System
https://researchdata.se/en/catalogue/dataset/icos-sweden-g5nh2dgps7zz9ulenzolx1gk,OTHER,2022,Integrated Carbon Observation System
https://researchdata.se/en/catalogue/dataset/icos-sweden-gnf-ihdgs8smaquvwh81rpc9,OTHER,2025,Integrated Carbon Observation System
https://researchdata.se/en/catalogue/dataset/icos-sweden-gttvmouqk3wqmcicbedapwrw,OTHER,2025,Integrated Carbon Observation System
https://researchdata.se/en/catalogue/dataset/icos-sweden-hpgegc7lwo2o8rmfanewltcw,OTHER,2025,Integrated Carbon Observation System
https://researchdata.se/en/catalogue/dataset/icos-sweden-ghwlxwriqkyhdkoltd-8ixdz,OTHER,2025,Integrated Carbon Observation System
https://researchdata.se/en/catalogue/dataset/icos-sweden-gjzz26yyrgltcwiqlb0wcm0i,OTHER,2025,Integrated Carbon Observation System
https://researchdata.se/en/catalogue/dataset/icos-sweden-gs9uxeabfjt2rzgihf8xvlwp,OTHER,2022,Integrated Carbon Observation System
https://researchdata.se/en/catalogue/dataset/icos-sweden-hivsfnzrt3yg5tk8mbo-asjj,OTHER,2022,Integrated Carbon Observation System
https://researchdata.se/en/catalogue/dataset/icos-sweden-hpjaabsq1zrzd3gtvl5eor4s,OTHER,2025,Integrated Carbon Observation System
https://researchdata.se/en/catalogue/dataset/icos-sweden-ijzqtisyl5h5qdvsh0n60rh3,OTHER,2025,Integrated Carbon Observation System
https://researchdata.se/en/catalogue/dataset/icos-sweden-huj6ih1tngdkkoaudnrr3tpg,OTHER,2025,Integrated Carbon Observation System
https://researchdata.se/en/catalogue/dataset/icos-sweden-i1uecbebjfapohbfptx8fo7b,OTHER,2025,Integrated Carbon Observation System
https://researchdata.se/en/catalogue/dataset/icos-sweden-ipyhsz4qa1zwzrxdmkn3eypc,OTHER,2025,Integrated Carbon Observation System
https://researchdata.se/en/catalogue/dataset/icos-sweden-hs2k7gu9zkanjgfvtemcngtj,OTHER,2025,Integrated Carbon Observation System
https://researchdata.se/en/catalogue/dataset/icos-sweden-icf3fhwh0vtr8-bqjcuuglhn,OTHER,2022,Integrated Carbon Observation System
https://researchdata.se/en/catalogue/dataset/icos-sweden-ikdv81m0p0lzx51axboj-57n,OTHER,2025,Integrated Carbon Observation System
https://researchdata.se/en/catalogue/dataset/icos-sweden-irjn203dfhuuw8ezfgb4kgck,OTHER,2022,Integrated Carbon Observation System
https://researchdata.se/en/catalogue/dataset/icos-sweden-j3ats1zf7rfq6q-pmdnpbqo3,OTHER,2022,Integrated Carbon Observation System
https://researchdata.se/en/catalogue/dataset/icos-sweden-j7ye3mjhbovs1fl6vsh7t7sp,OTHER,2025,Integrated Carbon Observation System
https://researchdata.se/en/catalogue/dataset/icos-sweden-j-dfcsm10dvoubac5ntppkts,OTHER,2025,Integrated Carbon Observation System
https://researchdata.se/en/catalogue/dataset/icos-sweden-jae0ooduqpx35q-r27nwzv3s,OTHER,2022,Integrated Carbon Observation System
https://researchdata.se/en/catalogue/dataset/icos-sweden-jtmfdimtxd48bnzfl13ycu4p,OTHER,2025,Integrated Carbon Observation System
https://researchdata.se/en/catalogue/dataset/icos-sweden-jfmm5n3-tfaeomyes12ztc0k,OTHER,2022,Integrated Carbon Observation System
https://researchdata.se/en/catalogue/dataset/icos-sweden-jqq4hb6dulopkgnyhjtc9rq7,OTHER,2025,Integrated Carbon Observation System
https://researchdata.se/en/catalogue/dataset/icos-sweden-jpgmbaiz1eykw2wasvgsrztu,OTHER,2025,Integrated Carbon Observation System
https://researchdata.se/en/catalogue/dataset/icos-sweden-k2gjgtz2elhe45tfeeelz-ix,OTHER,2025,Integrated Carbon Observation System
https://researchdata.se/en/catalogue/dataset/icos-sweden-k26g69zog4nycvv2bokbrwo7,OTHER,2025,Integrated Carbon Observation System
https://researchdata.se/en/catalogue/dataset/icos-sweden-kp4qkt1raimq5n-sn4x5gf5y,OTHER,2025,Integrated Carbon Observation System
https://researchdata.se/en/catalogue/dataset/icos-sweden-kg6dwqlmntqurj2z4cseg3s5,OTHER,2022,Integrated Carbon Observation System
https://researchdata.se/en/catalogue/dataset/icos-sweden-kfct59sxn6mxsvclgxvs2uog,OTHER,2025,Integrated Carbon Observation System
https://researchdata.se/en/catalogue/dataset/icos-sweden-l21fclbaem9q1f24pn0mepgi,OTHER,2025,Integrated Carbon Observation System
https://researchdata.se/en/catalogue/dataset/icos-sweden-l8qoi813i5hrvkhxz8wyng5j,OTHER,2025,Integrated Carbon Observation System
https://researchdata.se/en/catalogue/dataset/icos-sweden-lckxhwxcr4ajwgshwyzipy2e,OTHER,2025,Integrated Carbon Observation System
https://researchdata.se/en/catalogue/dataset/icos-sweden-ln8lpbvmo5cezux971idrffi,OTHER,2022,Integrated Carbon Observation System
https://researchdata.se/en/catalogue/dataset/icos-sweden-lzhxdsay6p-q9mscjc-1dfmx,OTHER,2025,Integrated Carbon Observation System
https://researchdata.se/en/catalogue/dataset/icos-sweden-mfo3j21xapuxpswozsvrehlb,OTHER,2025,Integrated Carbon Observation System
https://researchdata.se/en/catalogue/dataset/icos-sweden-m3wesicwcgmjsprpjmyglrhy,OTHER,2025,Integrated Carbon Observation System
https://researchdata.se/en/catalogue/dataset/icos-sweden-lu2rp64eaqok5hxxqmcu4yor,OTHER,2025,Integrated Carbon Observation System
https://researchdata.se/en/catalogue/dataset/icos-sweden-lb7g1utnvtg2b-oq4jwxg4gf,OTHER,2025,Integrated Carbon Observation System
https://researchdata.se/en/catalogue/dataset/icos-sweden-mr8qbi0o6u0cl2vsbdykfiq6,OTHER,2025,Integrated Carbon Observation System
https://researchdata.se/en/catalogue/dataset/icos-sweden-mke1xzgsntvrg1eazyzt1dxi,OTHER,2025,Integrated Carbon Observation System
https://researchdata.se/en/catalogue/dataset/icos-sweden-muzpx3ukk81osbnsp-9jeh4f,OTHER,2022,Integrated Carbon Observation System
https://researchdata.se/en/catalogue/dataset/icos-sweden-musd-klxymm1fxqsybk1m6h-,OTHER,2025,Integrated Carbon Observation System
https://researchdata.se/en/catalogue/dataset/icos-sweden-mytsm0idc8atwxgzh3-ucnbw,OTHER,2022,Integrated Carbon Observation System
https://researchdata.se/en/catalogue/dataset/icos-sweden-mudzxh4vx2dvmnnrhk127leo,OTHER,2025,Integrated Carbon Observation System
https://researchdata.se/en/catalogue/dataset/icos-sweden-n2bjqupbn5-yfjmxwf6kovsi,OTHER,2025,Integrated Carbon Observation System
https://researchdata.se/en/catalogue/dataset/icos-sweden-mgezz-jacxje9ok31fkuw-yi,OTHER,2025,Integrated Carbon Observation System
https://researchdata.se/en/catalogue/dataset/icos-sweden-n3ki7mqba7ojtttty-d6ydwp,OTHER,2022,Integrated Carbon Observation System
https://researchdata.se/en/catalogue/dataset/icos-sweden-n5q7xrpguvy95jytgphht6za,OTHER,2022,Integrated Carbon Observation System
https://researchdata.se/en/catalogue/dataset/icos-sweden-n-r3zulwqy7nmlmi86ty8-cr,OTHER,2025,Integrated Carbon Observation System
https://researchdata.se/en/catalogue/dataset/icos-sweden-nsf2hcjlgcjedn0tsfwul-c4,OTHER,2025,Integrated Carbon Observation System
https://researchdata.se/en/catalogue/dataset/icos-sweden-nbq28dgmicmdbzygmo8qjx3i,OTHER,2025,Integrated Carbon Observation System
https://researchdata.se/en/catalogue/dataset/icos-sweden-nmin-dsh0kwn6zsau1gc3fnj,OTHER,2025,Integrated Carbon Observation System
https://researchdata.se/en/catalogue/dataset/icos-sweden-nooar9twfz0rxcqiurtuzbaj,OTHER,2022,Integrated Carbon Observation System
https://researchdata.se/en/catalogue/dataset/icos-sweden-ntmc28sy6uzfxdxllvasonwe,OTHER,2025,Integrated Carbon Observation System
https://researchdata.se/en/catalogue/dataset/icos-sweden-nxqllcd-ielaek5anyizceik,OTHER,2022,Integrated Carbon Observation System
https://researchdata.se/en/catalogue/dataset/icos-sweden-o3ueprad3wrf1ducrm0btxvl,OTHER,2025,Integrated Carbon Observation System
https://researchdata.se/en/catalogue/dataset/icos-sweden-nutmqwtu6rn-gmeklsogfypv,OTHER,2025,Integrated Carbon Observation System
https://researchdata.se/en/catalogue/dataset/icos-sweden-o7-bnhad5-fnpzvphq7w4bth,OTHER,2025,Integrated Carbon Observation System
https://researchdata.se/en/catalogue/dataset/icos-sweden-ofyznffl7xh3euev5mtkoyqf,OTHER,2025,Integrated Carbon Observation System
https://researchdata.se/en/catalogue/dataset/icos-sweden-o5eh5ukv25pg9rkazmynoucl,OTHER,2025,Integrated Carbon Observation System
https://researchdata.se/en/catalogue/dataset/icos-sweden-oaqnkskzbjfosptuvkfdcbtq,OTHER,2025,Integrated Carbon Observation System
https://researchdata.se/en/catalogue/dataset/icos-sweden-odqaqamrdr34grpvu-txmfnr,OTHER,2022,Integrated Carbon Observation System
https://researchdata.se/en/catalogue/dataset/icos-sweden-opqcbwpziv5gng0ztw6v0ibn,OTHER,2020,Integrated Carbon Observation System
https://researchdata.se/en/catalogue/dataset/icos-sweden-oprrahk1mrvheejrokv4y0el,OTHER,2025,Integrated Carbon Observation System
https://researchdata.se/en/catalogue/dataset/icos-sweden-opuhmoel7cewa0ko-ki407a2,OTHER,2025,Integrated Carbon Observation System
https://researchdata.se/en/catalogue/dataset/icos-sweden-ow1tdfht7b3qehq8e--1cb2r,OTHER,2025,Integrated Carbon Observation System
https://researchdata.se/en/catalogue/dataset/icos-sweden-ornajzacbkw46ys8fzw-l-as,OTHER,2025,Integrated Carbon Observation System
https://researchdata.se/en/catalogue/dataset/icos-sweden-omru7qfkqcujpifngsyknxp0,OTHER,2025,Integrated Carbon Observation System
https://researchdata.se/en/catalogue/dataset/icos-sweden-oqwix5t0dbk36ll6nzm5g-gu,OTHER,2025,Integrated Carbon Observation System
https://researchdata.se/en/catalogue/dataset/icos-sweden-pnnf8r0m6i0mj0qjd9go34r2,OTHER,2022,Integrated Carbon Observation System
https://researchdata.se/en/catalogue/dataset/icos-sweden-pkb6esihczjbgqqwspvz7g3l,OTHER,2022,Integrated Carbon Observation System
https://researchdata.se/en/catalogue/dataset/icos-sweden-pkjldi6-ufexs5t3z7xy4xw9,OTHER,2025,Integrated Carbon Observation System
https://researchdata.se/en/catalogue/dataset/icos-sweden-py5ohx169nob3ldamyuffd-p,OTHER,2025,Integrated Carbon Observation System
https://researchdata.se/en/catalogue/dataset/icos-sweden-pcevktic8j3kjw8-n4ngd-xq,OTHER,2025,Integrated Carbon Observation System
https://researchdata.se/en/catalogue/dataset/icos-sweden-qwgarkeqnlg1x7muzlxseg2s,OTHER,2022,Integrated Carbon Observation System
https://researchdata.se/en/catalogue/dataset/icos-sweden-radut4-bwao4dt7mb--h61zk,OTHER,2025,Integrated Carbon Observation System
https://researchdata.se/en/catalogue/dataset/icos-sweden-pufy3rmy8eddb0mejxbnwtds,OTHER,2025,Integrated Carbon Observation System
https://researchdata.se/en/catalogue/dataset/icos-sweden-ra1ldtlsgt0zourrv2dvau3y,OTHER,2022,Integrated Carbon Observation System
https://researchdata.se/en/catalogue/dataset/icos-sweden-qcxsg3rmgit7re1skjayfnng,OTHER,2022,Integrated Carbon Observation System
https://researchdata.se/en/catalogue/dataset/icos-sweden-rcgmb4gndpswoizzrzqcfxbe,OTHER,2024,Integrated Carbon Observation System
https://researchdata.se/en/catalogue/dataset/icos-sweden-rsgwpm4v-5lcx9rsmxxd-y6d,OTHER,2022,Integrated Carbon Observation System
https://researchdata.se/en/catalogue/dataset/icos-sweden-rncmh1z5ggidxiq4kj6gdzob,OTHER,2025,Integrated Carbon Observation System
https://researchdata.se/en/catalogue/dataset/icos-sweden-s-nn5asoolqu8wublgfv8aoc,OTHER,2025,Integrated Carbon Observation System
https://researchdata.se/en/catalogue/dataset/icos-sweden-sceekyp-laa9pwtwblh0apcz,OTHER,2025,Integrated Carbon Observation System
https://researchdata.se/en/catalogue/dataset/icos-sweden-skclaldf-rk65gt-lauszju5,OTHER,2025,Integrated Carbon Observation System
https://researchdata.se/en/catalogue/dataset/icos-sweden-skhcnyljk5otty-jbdxbeohw,OTHER,2025,Integrated Carbon Observation System
https://researchdata.se/en/catalogue/dataset/icos-sweden-sfs6jc7azse2n-u1fsaz8npp,OTHER,2025,Integrated Carbon Observation System
https://researchdata.se/en/catalogue/dataset/icos-sweden-sfips-mz05flhajl2h3kxyxk,OTHER,2025,Integrated Carbon Observation System
https://researchdata.se/en/catalogue/dataset/icos-sweden-sorybi4qodk0ntkawilms-pt,OTHER,2025,Integrated Carbon Observation System
https://researchdata.se/en/catalogue/dataset/icos-sweden-smhpualxqbvuumi0rnu-c0rq,OTHER,2025,Integrated Carbon Observation System
https://researchdata.se/en/catalogue/dataset/icos-sweden-sqfpgexya5icubzy8gd2bn-m,OTHER,2022,Integrated Carbon Observation System
https://researchdata.se/en/catalogue/dataset/icos-sweden-sweqiinvtcwxkh8pi6von1g6,OTHER,2022,Integrated Carbon Observation System
https://researchdata.se/en/catalogue/dataset/icos-sweden-svhszuw1flaa8d46vn92nw-y,OTHER,2022,Integrated Carbon Observation System
https://researchdata.se/en/catalogue/dataset/icos-sweden-sweg9y4we-3sdvnneh6eyypa,OTHER,2022,Integrated Carbon Observation System
https://researchdata.se/en/catalogue/dataset/icos-sweden-swftdyd6r-s6fvqpcaqwr3mm,OTHER,2025,Integrated Carbon Observation System
https://researchdata.se/en/catalogue/dataset/icos-sweden-tcjf7fpjwlrr0dm3a0ttt0ko,OTHER,2022,Integrated Carbon Observation System
https://researchdata.se/en/catalogue/dataset/icos-sweden-tkw1trmaldnmhktozv2an2nz,OTHER,2022,Integrated Carbon Observation System
https://researchdata.se/en/catalogue/dataset/icos-sweden-tjukgbeht6iyrcrwnqp7vaof,OTHER,2025,Integrated Carbon Observation System
https://researchdata.se/en/catalogue/dataset/icos-sweden-tql1hgsd5ujkucnlqqrdiqaj,OTHER,2020,Integrated Carbon Observation System
https://researchdata.se/en/catalogue/dataset/icos-sweden-tu1ygdnesdipzruh-yjeuoyj,OTHER,2025,Integrated Carbon Observation System
https://researchdata.se/en/catalogue/dataset/icos-sweden-uahx6lv23-7nyxgfk64kby--,OTHER,2025,Integrated Carbon Observation System
https://researchdata.se/en/catalogue/dataset/icos-sweden-u-2qubgupojykujrmafqoa1e,OTHER,2025,Integrated Carbon Observation System
https://researchdata.se/en/catalogue/dataset/icos-sweden-trebcfed0c3xi5gvldgrocey,OTHER,2025,Integrated Carbon Observation System
https://researchdata.se/en/catalogue/dataset/icos-sweden-u3m7whm7mnug6zepgiulvfvw,OTHER,2022,Integrated Carbon Observation System
https://researchdata.se/en/catalogue/dataset/icos-sweden-u4sw-twbheaevyi-ngjc-7me,OTHER,2025,Integrated Carbon Observation System
https://researchdata.se/en/catalogue/dataset/icos-sweden-ucnwvcxbozkbzwn3xaaaagsc,OTHER,2025,Integrated Carbon Observation System
https://researchdata.se/en/catalogue/dataset/icos-sweden-u8bhsxerb7uvmqxu1lgb7a1f,OTHER,2025,Integrated Carbon Observation System
https://researchdata.se/en/catalogue/dataset/icos-sweden-ulymxnb36kyjkllukldzgcwc,OTHER,2025,Integrated Carbon Observation System
https://researchdata.se/en/catalogue/dataset/icos-sweden-ueygoxiokfaojc13mr4xcxbz,OTHER,2022,Integrated Carbon Observation System
https://researchdata.se/en/catalogue/dataset/icos-sweden-ukubgt7jezzn09audrxc-sn4,OTHER,2022,Integrated Carbon Observation System
https://researchdata.se/en/catalogue/dataset/icos-sweden-uqqqloydm5mf275oiixs-166,OTHER,2025,Integrated Carbon Observation System
https://researchdata.se/en/catalogue/dataset/icos-sweden-ujm7vxk12vkcoqulstolg18z,OTHER,2022,Integrated Carbon Observation System
https://researchdata.se/en/catalogue/dataset/icos-sweden-uzldcpvc2vicj7p-isd2hh6p,OTHER,2022,Integrated Carbon Observation System
https://researchdata.se/en/catalogue/dataset/icos-sweden-v6qkdklexuebvgcb6twtvudw,OTHER,2025,Integrated Carbon Observation System
https://researchdata.se/en/catalogue/dataset/icos-sweden-sgmkcp2mfrjp6i29h2yaw744,OTHER,2025,Integrated Carbon Observation System
https://researchdata.se/en/catalogue/dataset/icos-sweden-vx0shnnjf4r4yzaiiqtceah6,OTHER,2022,Integrated Carbon Observation System
https://researchdata.se/en/catalogue/dataset/icos-sweden-vjwbb7v0crxgljkxucpzbvvm,OTHER,2022,Integrated Carbon Observation System
https://researchdata.se/en/catalogue/dataset/icos-sweden-vaeyrxddqktbqgr2ugikbjx9,OTHER,2025,Integrated Carbon Observation System
https://researchdata.se/en/catalogue/dataset/icos-sweden-vakuqeshyno3s-grwp7luudr,OTHER,2025,Integrated Carbon Observation System
https://researchdata.se/en/catalogue/dataset/icos-sweden-v2xoazltgy3wqmaop-kfpn-e,OTHER,2022,Integrated Carbon Observation System
https://researchdata.se/en/catalogue/dataset/icos-sweden-vr84tizd7g2hexnquaeqrtlt,OTHER,2025,Integrated Carbon Observation System
https://researchdata.se/en/catalogue/dataset/icos-sweden-wb6zeleilrehhwtv5gizxda8,OTHER,2025,Integrated Carbon Observation System
https://researchdata.se/en/catalogue/dataset/icos-sweden-vypi2in-yvgnubpis7zvsosu,OTHER,2025,Integrated Carbon Observation System
https://researchdata.se/en/catalogue/dataset/icos-sweden-wjaoasb0eypssluvvnpvi8me,OTHER,2025,Integrated Carbon Observation System
https://researchdata.se/en/catalogue/dataset/icos-sweden-wetrsyxoh-x-qefgu21iam-w,OTHER,2025,Integrated Carbon Observation System
https://researchdata.se/en/catalogue/dataset/icos-sweden-w9rrwteijv7k7a-dl3x-uapi,OTHER,2025,Integrated Carbon Observation System
https://researchdata.se/en/catalogue/dataset/icos-sweden-wen3tzmd5btmciyqfqabnrnm,OTHER,2025,Integrated Carbon Observation System
https://researchdata.se/en/catalogue/dataset/icos-sweden-waaz86hg77lhukrjel0bru8y,OTHER,2025,Integrated Carbon Observation System
https://researchdata.se/en/catalogue/dataset/icos-sweden-wmpa4vxua4vjfyxnfynz8itv,OTHER,2022,Integrated Carbon Observation System
https://researchdata.se/en/catalogue/dataset/icos-sweden-wymu1z7k1g0pg7gss3aqabaw,OTHER,2022,Integrated Carbon Observation System
https://researchdata.se/en/catalogue/dataset/icos-sweden-x3iua-16wpib33wro8b7s6wv,OTHER,2025,Integrated Carbon Observation System
https://researchdata.se/en/catalogue/dataset/icos-sweden-wwt0wk07asoqsdmnta8p0iai,OTHER,2025,Integrated Carbon Observation System
https://researchdata.se/en/catalogue/dataset/icos-sweden-womgwstau6xpxkuihrinhs5x,OTHER,2022,Integrated Carbon Observation System
https://researchdata.se/en/catalogue/dataset/icos-sweden-y-ksejmfdij08ffa2yekdfvl,OTHER,2025,Integrated Carbon Observation System
https://researchdata.se/en/catalogue/dataset/icos-sweden-yjkrkwjx317ttxkmmk4xzrif,OTHER,2022,Integrated Carbon Observation System
https://researchdata.se/en/catalogue/dataset/icos-sweden-x4yxzgxiavrgjah1qagfvvsa,OTHER,2025,Integrated Carbon Observation System
https://researchdata.se/en/catalogue/dataset/icos-sweden-yjbddldf4irpxa6ceup2k9s-,OTHER,2025,Integrated Carbon Observation System
https://researchdata.se/en/catalogue/dataset/icos-sweden-xttx24u5egcjmzyq3dbbykjb,OTHER,2025,Integrated Carbon Observation System
https://researchdata.se/en/catalogue/dataset/icos-sweden-xe5rsdnjuapuo5694wdd-nxf,OTHER,2025,Integrated Carbon Observation System
https://researchdata.se/en/catalogue/dataset/icos-sweden-yrrankfmhzjasbxhl9el3juk,OTHER,2025,Integrated Carbon Observation System
https://researchdata.se/en/catalogue/dataset/icos-sweden-yteeg8hyjdisl6twvnry-cuh,OTHER,2025,Integrated Carbon Observation System
https://researchdata.se/en/catalogue/dataset/icos-sweden-z3tyrjlzlegusxmpkay4fzqr,OTHER,2022,Integrated Carbon Observation System
https://researchdata.se/en/catalogue/dataset/icos-sweden-yljnx846vti1zjzrveesihnx,OTHER,2022,Integrated Carbon Observation System
https://researchdata.se/en/catalogue/dataset/icos-sweden-ywvepqshevdassvjoor9xuto,OTHER,2025,Integrated Carbon Observation System
https://researchdata.se/en/catalogue/dataset/icos-sweden-z5k8o5irpszypnrphwdzahs-,OTHER,2022,Integrated Carbon Observation System
https://researchdata.se/en/catalogue/dataset/icos-sweden-zai33m0richpfrybxnjyatk4,OTHER,2025,Integrated Carbon Observation System
https://researchdata.se/en/catalogue/dataset/icos-sweden-zocj7wjlemikcmbm-y764oje,OTHER,2022,Integrated Carbon Observation System
https://researchdata.se/en/catalogue/dataset/icos-sweden-zwh1n7yzoy7otxdqqazubaft,OTHER,2025,Integrated Carbon Observation System
https://researchdata.se/en/catalogue/dataset/icos-sweden-zrn1h6yfbjlwemzcrsrlxl-j,OTHER,2022,Integrated Carbon Observation System
https://researchdata.se/en/catalogue/dataset/sites--0k14w4g5euxrdki0itjnkw0,OTHER,2021,Swedish University of Agricultural Sciences
https://researchdata.se/en/catalogue/dataset/sites--6-hdnvsk7-p7efmqpgkedbd,OTHER,2024,Swedish University of Agricultural Sciences
https://researchdata.se/en/catalogue/dataset/sites--2jq9tlzxkdlfmmaotby4v3x,OTHER,2025,Swedish University of Agricultural Sciences
https://researchdata.se/en/catalogue/dataset/icos-sweden-zs6w7imegoejmmk7vl3phjek,OTHER,2025,Integrated Carbon Observation System
https://researchdata.se/en/catalogue/dataset/sites--0udgnifutu4t9c38yeeslaj,OTHER,2025,Swedish University of Agricultural Sciences
https://researchdata.se/en/catalogue/dataset/sites--dpmezlm2tivwvd5m2j3rrhv,OTHER,2025,University of Gothenburg
https://researchdata.se/en/catalogue/dataset/sites--7adotz0krq-elv-wngjw889,OTHER,2023,Swedish University of Agricultural Sciences
https://researchdata.se/en/catalogue/dataset/sites--dzt-uwgbfvrt6qpqfpzf3ag,OTHER,2025,Swedish University of Agricultural Sciences
https://researchdata.se/en/catalogue/dataset/sites--ee2qksnw6lzuyi4-xwhrxsq,OTHER,2024,University of Gothenburg
https://researchdata.se/en/catalogue/dataset/sites--jahaewmlrjw0810vzscdnq3,OTHER,2025,Stockholm University
https://researchdata.se/en/catalogue/dataset/sites--mzv3qjbg4lkllgbx6-vaiou,OTHER,2025,Swedish University of Agricultural Sciences
https://researchdata.se/en/catalogue/dataset/sites--jlj98nnwfj9ebwwmlxv4v1w,OTHER,2025,Stockholm University
https://researchdata.se/en/catalogue/dataset/sites--kwiq5s2ouy4b9qlvi6hxd8e,OTHER,2022,Swedish Polar Research Secretariat
https://researchdata.se/en/catalogue/dataset/sites--moqqjhzrqpcrbv-va1j1lyd,OTHER,2021,Swedish University of Agricultural Sciences
https://researchdata.se/en/catalogue/dataset/sites--ld2wc44bl48y1vvoneynbsq,OTHER,2024,Swedish Polar Research Secretariat
https://researchdata.se/en/catalogue/dataset/sites--odjovdbrri2ql0ldltexu15,OTHER,2025,Swedish University of Agricultural Sciences
https://researchdata.se/en/catalogue/dataset/sites--ngggbvzbgkiekh1qr0jauz1,OTHER,2022,Swedish Polar Research Secretariat
https://researchdata.se/en/catalogue/dataset/sites--rbsxwdzm-ked-sgf4ytl3tm,OTHER,2025,Swedish University of Agricultural Sciences
https://researchdata.se/en/catalogue/dataset/sites--ubmqyln4wepb20kx8o5jfha,OTHER,2022,Swedish University of Agricultural Sciences
https://researchdata.se/en/catalogue/dataset/sites--tvl-mas6bfhpfiepjjyjvg5,OTHER,2022,University of Gothenburg
https://researchdata.se/en/catalogue/dataset/sites--zslgmikt-ubh8qd-0c22qhx,OTHER,2022,University of Gothenburg
https://researchdata.se/en/catalogue/dataset/sites-01w7oklvlp0wjd7a8sxilfin,OTHER,2025,Uppsala University
https://researchdata.se/en/catalogue/dataset/sites--zhhc4bcg8quvgpl7yo-5bex,OTHER,2022,Swedish University of Agricultural Sciences
https://researchdata.se/en/catalogue/dataset/sites--uuive249iaqkuzl5vqmri-x,OTHER,2025,University of Gothenburg
https://researchdata.se/en/catalogue/dataset/sites-05f4vuot9nu4n-0yzbmjbh3s,OTHER,2023,Stockholm University
https://researchdata.se/en/catalogue/dataset/sites-05pjcy4j5ioycdo8q6mofhx8,OTHER,2022,Swedish University of Agricultural Sciences
https://researchdata.se/en/catalogue/dataset/sites-0ahhcrfwyclqawavnjzdhujy,OTHER,2024,Uppsala University
https://researchdata.se/en/catalogue/dataset/sites-0dq2rp0xhgonmnoe8-dzmsqt,OTHER,2022,University of Gothenburg
https://researchdata.se/en/catalogue/dataset/sites-0af9pyvcwogpxvgehnfcf2ss,OTHER,2022,Swedish Polar Research Secretariat
https://researchdata.se/en/catalogue/dataset/sites-0lu5zxmojxg3y3vji78vbj02,OTHER,2022,Swedish University of Agricultural Sciences
https://researchdata.se/en/catalogue/dataset/sites-0ndrf6pbjlf26bsla5r6o16n,OTHER,2023,Swedish University of Agricultural Sciences
https://researchdata.se/en/catalogue/dataset/sites-0nkkishnbw6pls70hlhoqgcw,OTHER,2025,Swedish Polar Research Secretariat
https://researchdata.se/en/catalogue/dataset/sites-0jdr8tqzbupkabiisn0wrhcb,OTHER,2022,Swedish University of Agricultural Sciences
https://researchdata.se/en/catalogue/dataset/sites-0c1upfpuogdfr-tcic04cfuu,OTHER,2022,Swedish Polar Research Secretariat
https://researchdata.se/en/catalogue/dataset/sites-0vpijg900usobgvamoecddca,OTHER,2022,Uppsala University
https://researchdata.se/en/catalogue/dataset/sites-0shz2h-m0mce7rzyehekg5nd,OTHER,2025,Swedish University of Agricultural Sciences
https://researchdata.se/en/catalogue/dataset/sites-1aa08d599eda1fllvswsit27,OTHER,2019,Swedish University of Agricultural Sciences
https://researchdata.se/en/catalogue/dataset/sites-12lma5s3ad4vvnioehktbjyx,OTHER,2025,Stockholm University
https://researchdata.se/en/catalogue/dataset/sites-0xffi0vjupaxb2bl4tpfbwai,OTHER,2023,Swedish University of Agricultural Sciences
https://researchdata.se/en/catalogue/dataset/sites-0ypnkod3ne--feqhbpngttjl,OTHER,2022,Swedish University of Agricultural Sciences
https://researchdata.se/en/catalogue/dataset/sites--kg9vypinemyx1u0kd3fl-uu,OTHER,2019,University of Gothenburg
https://researchdata.se/en/catalogue/dataset/sites-0derafc3vbpmko-t-012gyud,OTHER,2021,Swedish University of Agricultural Sciences
https://researchdata.se/en/catalogue/dataset/sites-1kk0lckuyomiirk4kxhq72ct,OTHER,2023,Swedish University of Agricultural Sciences
https://researchdata.se/en/catalogue/dataset/sites-1b73abdpznggnicbywdfbub2,OTHER,2020,Uppsala University
https://researchdata.se/en/catalogue/dataset/sites-1n-n0uscw6mkxzwgluwqnhew,OTHER,2019,Sweden Water Research
https://researchdata.se/en/catalogue/dataset/sites-1may1eaumar-kl1x7a6ldb0j,OTHER,2024,Swedish University of Agricultural Sciences
https://researchdata.se/en/catalogue/dataset/sites-1gs81p-7yqkps8n8puggq7ep,OTHER,2024,Swedish Polar Research Secretariat
https://researchdata.se/en/catalogue/dataset/sites-1e76faidxt2wemklix4hzcoh,OTHER,2023,Swedish University of Agricultural Sciences
https://researchdata.se/en/catalogue/dataset/sites-1nplzd0otkcuyek6zdxa6zwo,OTHER,2025,Stockholm University
https://researchdata.se/en/catalogue/dataset/sites-1qdzf0igvpgygcu7kqe-czox,OTHER,2022,Swedish University of Agricultural Sciences
https://researchdata.se/en/catalogue/dataset/sites-1rlmhmb8ekjtstg-tq2jn3k4,OTHER,2025,Swedish University of Agricultural Sciences
https://researchdata.se/en/catalogue/dataset/sites-1sagad-qhwydlu-b-kf1ojzd,OTHER,2022,University of Gothenburg
https://researchdata.se/en/catalogue/dataset/sites-1urnspz59iohbjgdk0gzzwkb,OTHER,2025,Stockholm University
https://researchdata.se/en/catalogue/dataset/sites-1xmcqebs7aq-zi-6k-blsgwf,OTHER,2024,Swedish University of Agricultural Sciences
https://researchdata.se/en/catalogue/dataset/sites-1sidt3qv1q61xp2zbbnn94c8,OTHER,2020,Uppsala University
https://researchdata.se/en/catalogue/dataset/sites-1wohprbqgajggw7pmgd5bh1h,OTHER,2020,Uppsala University
https://researchdata.se/en/catalogue/dataset/sites-1vrge8youtkfohyti9awmhqh,OTHER,2022,Swedish University of Agricultural Sciences
https://researchdata.se/en/catalogue/dataset/sites-29y2voosblndvjx9ejcweyt1,OTHER,2023,Swedish Polar Research Secretariat
https://researchdata.se/en/catalogue/dataset/sites-23qww2k51wc5nmlnqhynyzg5,OTHER,2022,University of Gothenburg
https://researchdata.se/en/catalogue/dataset/sites-2jvbfrazisv44hwgrbslzy6z,OTHER,2020,Stockholm University
https://researchdata.se/en/catalogue/dataset/sites-2cfppoprziszj9noeokizczb,OTHER,2020,Uppsala University
https://researchdata.se/en/catalogue/dataset/sites-0ocxjyabjptuup19kkoolnhn,OTHER,2022,University of Gothenburg
https://researchdata.se/en/catalogue/dataset/sites-0ufbbwt9tlpqrbixzo8zaly-,OTHER,2022,Swedish University of Agricultural Sciences
https://researchdata.se/en/catalogue/dataset/sites-2ckorzgnmdzbzv-hneol8i0l,OTHER,2024,Sweden Water Research
https://researchdata.se/en/catalogue/dataset/sites-2yh4lwele3s9ltu3ncujnga-,OTHER,2024,Swedish University of Agricultural Sciences
https://researchdata.se/en/catalogue/dataset/sites-2ye91j-1zfyeb6czivyorvuo,OTHER,2022,Swedish University of Agricultural Sciences
https://researchdata.se/en/catalogue/dataset/sites-2qhpnoxeyunlkmpqy4fuqj2g,OTHER,2025,University of Gothenburg
https://researchdata.se/en/catalogue/dataset/sites-2uyepwc575v65xccyisvtnrm,OTHER,2024,Swedish University of Agricultural Sciences
https://researchdata.se/en/catalogue/dataset/sites-2p7p4zbtwvdy5gytulvfzmin,OTHER,2025,Swedish University of Agricultural Sciences
https://researchdata.se/en/catalogue/dataset/sites-39pbppqknsb6njwjs7t61jq9,OTHER,2024,Swedish University of Agricultural Sciences
https://researchdata.se/en/catalogue/dataset/sites-2u5vcvhv5cyrvbiuec1sg5ml,OTHER,2024,Swedish University of Agricultural Sciences
https://researchdata.se/en/catalogue/dataset/sites-33g2dxcff4og4h16ddhoowap,OTHER,2025,University of Gothenburg
https://researchdata.se/en/catalogue/dataset/sites-3anv-dd3bd9n2mykmc-jlv5o,OTHER,2022,Swedish Polar Research Secretariat
https://researchdata.se/en/catalogue/dataset/sites-3kcu3x2xfm-9r-eixqdz1-q4,OTHER,2022,University of Gothenburg
https://researchdata.se/en/catalogue/dataset/sites-3cl602gjrb70-jqpquho8ukh,OTHER,2023,Swedish Polar Research Secretariat
https://researchdata.se/en/catalogue/dataset/sites-3bmzs0zinwjqrwwlya55jw5x,OTHER,2025,Swedish University of Agricultural Sciences
https://researchdata.se/en/catalogue/dataset/sites-3deb4oiuqmklwnloeswse5qb,OTHER,2025,Stockholm University
https://researchdata.se/en/catalogue/dataset/sites-3ion5pl6x1pz-bc2brs917od,OTHER,2025,Stockholm University
https://researchdata.se/en/catalogue/dataset/sites-3f-tqd2hpreqrt-g3xi04sv-,OTHER,2022,University of Gothenburg
https://researchdata.se/en/catalogue/dataset/sites-2ymxm3dteczjpqkmnld30gil,OTHER,2025,Swedish University of Agricultural Sciences
https://researchdata.se/en/catalogue/dataset/sites-3s9ml9qnuwlqyqjdfvscbb-o,OTHER,2024,University of Gothenburg
https://researchdata.se/en/catalogue/dataset/sites-3n2wnbd4wvrqa-nfyfblbszr,OTHER,2022,Uppsala University
https://researchdata.se/en/catalogue/dataset/sites-407o2jo47l0hlglgynmco-5w,OTHER,2025,Swedish University of Agricultural Sciences
https://researchdata.se/en/catalogue/dataset/sites-3xqimoeskoo9m0d5gvvxkgux,OTHER,2020,Swedish University of Agricultural Sciences
https://researchdata.se/en/catalogue/dataset/sites-3vme7tfzmbj8fspqvh1qzlf0,OTHER,2022,Swedish University of Agricultural Sciences
https://researchdata.se/en/catalogue/dataset/sites-3yuvjtjbucjj7nna1t4vmnvz,OTHER,2022,Swedish University of Agricultural Sciences
https://researchdata.se/en/catalogue/dataset/sites-4lnlg70vkqxawai0so624jqd,OTHER,2024,Swedish University of Agricultural Sciences
https://researchdata.se/en/catalogue/dataset/sites-4-ecxwmp5sabvdm5h6ak7or0,OTHER,2024,Sweden Water Research
https://researchdata.se/en/catalogue/dataset/sites-4qqc9wwjdmztybjsualu5lb7,OTHER,2025,University of Gothenburg
https://researchdata.se/en/catalogue/dataset/sites-3wwnevpmdbqyya7li5kkc0bq,OTHER,2025,Swedish University of Agricultural Sciences
https://researchdata.se/en/catalogue/dataset/sites-4osqw2kgdkrokurt5fbm5ywg,OTHER,2022,University of Gothenburg
https://researchdata.se/en/catalogue/dataset/sites-4jqc5-shamtow5mkwceuimev,OTHER,2025,Uppsala University
https://researchdata.se/en/catalogue/dataset/sites-4un63ki3hkeutdn-bkui1gnb,OTHER,2025,University of Gothenburg
https://researchdata.se/en/catalogue/dataset/sites-4uo9ft-t-8hojlg7368rh0ur,OTHER,2025,Swedish Polar Research Secretariat
https://researchdata.se/en/catalogue/dataset/sites-5dvpxxrnzhrk82jbln4gm7p3,OTHER,2021,Stockholm University
https://researchdata.se/en/catalogue/dataset/sites-5167fjjogjjjii102iorvyx1,OTHER,2023,Swedish University of Agricultural Sciences
https://researchdata.se/en/catalogue/dataset/sites-4v1bftckxidja-nyuwhetznu,OTHER,2025,Stockholm University
https://researchdata.se/en/catalogue/dataset/sites-5d5gg474tkj1bt0djdwcvdr1,OTHER,2024,Swedish University of Agricultural Sciences
https://researchdata.se/en/catalogue/dataset/sites-5gxqr0yf2w21khfscygfj6bv,OTHER,2022,Swedish Polar Research Secretariat
https://researchdata.se/en/catalogue/dataset/sites-5h35pnx86ztfsrojdkvvilpu,OTHER,2021,Swedish University of Agricultural Sciences
https://researchdata.se/en/catalogue/dataset/sites-5hzgn9vrixbs0qn5ncrz7r95,OTHER,2025,Swedish University of Agricultural Sciences
https://researchdata.se/en/catalogue/dataset/sites-5iuzltkka7kwboyy4d3zaqmi,OTHER,2025,Stockholm University
https://researchdata.se/en/catalogue/dataset/sites-5xlhd53wqlvkzekvjit6zdx2,OTHER,2024,Swedish University of Agricultural Sciences
https://researchdata.se/en/catalogue/dataset/sites-5ljwxpgyv0jvzc--dk0zzhuy,OTHER,2020,Uppsala University
https://researchdata.se/en/catalogue/dataset/sites-5yppb3pbjhykxtok8oiyhzwf,OTHER,2023,Swedish University of Agricultural Sciences
https://researchdata.se/en/catalogue/dataset/sites-5unmlxdzobo3mofnk6picpu7,OTHER,2025,Stockholm University
https://researchdata.se/en/catalogue/dataset/sites-6b09jqjwpjypizad7vlwxkuj,OTHER,2022,Swedish University of Agricultural Sciences
https://researchdata.se/en/catalogue/dataset/sites-64f-3j8ytdi-dtfaqsdt-l3n,OTHER,2019,Swedish University of Agricultural Sciences
https://researchdata.se/en/catalogue/dataset/sites-5z7hygoun-ilkwqik4lzsvua,OTHER,2022,University of Gothenburg
https://researchdata.se/en/catalogue/dataset/sites-5zn3-9teqjvet7eum-jesdim,OTHER,2023,Uppsala University
https://researchdata.se/en/catalogue/dataset/sites-6fdd9r61iulhotfmjgaigo3y,OTHER,2025,Swedish University of Agricultural Sciences
https://researchdata.se/en/catalogue/dataset/sites-6ecuttpzjfpqbxlswh3qgll2,OTHER,2020,University of Gothenburg
https://researchdata.se/en/catalogue/dataset/sites-6f8arnvjrc-gusr7tmmii-ol,OTHER,2025,Stockholm University
https://researchdata.se/en/catalogue/dataset/sites-6ilvubiyckazhwmol9i16vzv,OTHER,2022,University of Gothenburg
https://researchdata.se/en/catalogue/dataset/sites-6nrv0jc8jsaariclam-tgzie,OTHER,2022,Uppsala University
https://researchdata.se/en/catalogue/dataset/sites-6t6-dajen4l6ordzs2qt3h5n,OTHER,2021,Swedish University of Agricultural Sciences
https://researchdata.se/en/catalogue/dataset/sites-6lzydmtyn5p6e2y3ntiga0mk,OTHER,2025,Swedish University of Agricultural Sciences
https://researchdata.se/en/catalogue/dataset/sites-6ke9mj85eeuahcrfcwq5eu6v,OTHER,2022,Swedish University of Agricultural Sciences
https://researchdata.se/en/catalogue/dataset/sites-6w-lshwue7hhikm3wn42zxvv,OTHER,2023,Swedish University of Agricultural Sciences
https://researchdata.se/en/catalogue/dataset/sites-6v0kq5fnc-jfapmwfqggqatx,OTHER,2022,Swedish University of Agricultural Sciences
https://researchdata.se/en/catalogue/dataset/sites-6xpbqcxcslqbufchlw-nen6p,OTHER,2025,Swedish University of Agricultural Sciences
https://researchdata.se/en/catalogue/dataset/sites-6ygabj-q78z--u5lpyryrqac,OTHER,2023,Uppsala University
https://researchdata.se/en/catalogue/dataset/sites-713zw2bcip1ccgmytnkxdlj9,OTHER,2024,Uppsala University
https://researchdata.se/en/catalogue/dataset/sites-6wdiplosxtcvy9xd-knvltnp,OTHER,2025,Uppsala University
https://researchdata.se/en/catalogue/dataset/sites-71ia-gmteolarum047dd83li,OTHER,2023,Stockholm University
https://researchdata.se/en/catalogue/dataset/sites-6xsyui1owyv8uu74d96sexqj,OTHER,2024,University of Gothenburg
https://researchdata.se/en/catalogue/dataset/sites-73hbcxdgdckewbvuheqyrlec,OTHER,2022,Swedish University of Agricultural Sciences
https://researchdata.se/en/catalogue/dataset/sites-7btw0fvjft50qdjoppfjxgmp,OTHER,2024,Uppsala University
https://researchdata.se/en/catalogue/dataset/sites-7cyh4rlssygqqpfoeuas6gab,OTHER,2025,Swedish University of Agricultural Sciences
https://researchdata.se/en/catalogue/dataset/sites-7j2qi1qg0krft0mzemkgrydj,OTHER,2022,Swedish University of Agricultural Sciences
https://researchdata.se/en/catalogue/dataset/sites-7ei0rqk1p9v4pv84m2vpmqj5,OTHER,2024,Swedish University of Agricultural Sciences
https://researchdata.se/en/catalogue/dataset/sites-77gubpk7q-bllnhu--ynkypx,OTHER,2022,Swedish Polar Research Secretariat
https://researchdata.se/en/catalogue/dataset/sites-7b5-bnfl5omkmaiywjaqgnp8,OTHER,2025,Sweden Water Research
https://researchdata.se/en/catalogue/dataset/sites-7lgajetjjzwwn1qgqev-meih,OTHER,2022,Swedish University of Agricultural Sciences
https://researchdata.se/en/catalogue/dataset/sites-7qsxgq-evis8bfudp0y2i-su,OTHER,2025,Swedish Polar Research Secretariat
https://researchdata.se/en/catalogue/dataset/sites-7rzou5v-z2twfzmb6dpbmg8,OTHER,2023,Swedish University of Agricultural Sciences
https://researchdata.se/en/catalogue/dataset/sites-7oed9i9x357pwl-hrptv-krz,OTHER,2022,Uppsala University
https://researchdata.se/en/catalogue/dataset/sites-7othpwza06-twhwlmo-ftunf,OTHER,2022,Swedish University of Agricultural Sciences
https://researchdata.se/en/catalogue/dataset/sites-7xiiahmo48mmgwnxc0s-hlzz,OTHER,2022,Swedish University of Agricultural Sciences
https://researchdata.se/en/catalogue/dataset/sites-82sbh01da0n6fferyhcxsyih,OTHER,2024,University of Gothenburg
https://researchdata.se/en/catalogue/dataset/sites-8ehachnfoordwgqeqmyls8wu,OTHER,2022,Swedish University of Agricultural Sciences
https://researchdata.se/en/catalogue/dataset/sites-7x6rar7zvsbkonzdgb51cktf,OTHER,2025,Uppsala University
https://researchdata.se/en/catalogue/dataset/sites-7xlub4mxyd1ivylq7c57mu5y,OTHER,2020,Uppsala University
https://researchdata.se/en/catalogue/dataset/sites-88wqhg58kbxnkfy-j84ew-gt,OTHER,2022,University of Gothenburg
https://researchdata.se/en/catalogue/dataset/sites-8awym8knfpwuuldxms17akcz,OTHER,2024,Swedish Polar Research Secretariat
https://researchdata.se/en/catalogue/dataset/sites-81gdmp2xbuxq7ezffu6mm2r0,OTHER,2023,Swedish University of Agricultural Sciences
https://researchdata.se/en/catalogue/dataset/sites-8gdkv8mhlbfkzerddpw6cfip,OTHER,2023,Swedish University of Agricultural Sciences
https://researchdata.se/en/catalogue/dataset/sites-8n-hydmnflclojfobq8xifqe,OTHER,2023,Uppsala University
https://researchdata.se/en/catalogue/dataset/sites-8hiuhghqso54oaock67zjvwc,OTHER,2025,University of Gothenburg
https://researchdata.se/en/catalogue/dataset/sites-8ufoftv7ynax-afntj1leukj,OTHER,2021,Swedish University of Agricultural Sciences
https://researchdata.se/en/catalogue/dataset/sites-8pscpie-4kejq1wrsnaa2wft,OTHER,2020,Uppsala University
https://researchdata.se/en/catalogue/dataset/sites-8zlld4xjjkfyqbbdgao7lq9e,OTHER,2022,Swedish Polar Research Secretariat
https://researchdata.se/en/catalogue/dataset/sites-8tgyofsvnd-022cfvt5btkbl,OTHER,2024,University of Gothenburg
https://researchdata.se/en/catalogue/dataset/sites-8vqiedc9wmyeyqrqxar0s2r5,OTHER,2023,Uppsala University
https://researchdata.se/en/catalogue/dataset/sites-9djx2f-x27-uyc28ku9ic2zt,OTHER,2022,Swedish University of Agricultural Sciences
https://researchdata.se/en/catalogue/dataset/sites-8z-jal6okafiejoguva-hhky,OTHER,2020,University of Gothenburg
https://researchdata.se/en/catalogue/dataset/sites-9g0arnanz0onf0bzofgcrddx,OTHER,2020,Uppsala University
https://researchdata.se/en/catalogue/dataset/sites-9j6q6r2yrs8l1yevocohresc,OTHER,2024,Uppsala University
https://researchdata.se/en/catalogue/dataset/sites-9dgfjezj5wuympsw4dsl4hfx,OTHER,2025,Swedish University of Agricultural Sciences
https://researchdata.se/en/catalogue/dataset/sites-9pdsvtepxlurflymt-ym4jpc,OTHER,2025,Stockholm University
https://researchdata.se/en/catalogue/dataset/sites-9ra-lb4dwxdnaofegdh-ejvw,OTHER,2021,Stockholm University
https://researchdata.se/en/catalogue/dataset/sites-9jznuq-lcuj96lbosmkm3xdt,OTHER,2022,Swedish University of Agricultural Sciences
https://researchdata.se/en/catalogue/dataset/sites-9lvmbfwdjz5qc195ovcpaabo,OTHER,2021,Stockholm University
https://researchdata.se/en/catalogue/dataset/sites-9rmlyegrtnfn27ntah-rsbja,OTHER,2024,University of Gothenburg
https://researchdata.se/en/catalogue/dataset/sites-9ughywyrpxmi197bcri4la9u,OTHER,2025,Stockholm University
https://researchdata.se/en/catalogue/dataset/sites-9ynfn-3fdknnlaxfdzlrqeux,OTHER,2025,Stockholm University
https://researchdata.se/en/catalogue/dataset/sites-9t-sne9wmuybu58kw6lbse4o,OTHER,2025,Swedish University of Agricultural Sciences
https://researchdata.se/en/catalogue/dataset/sites-9wysoik6gibsu2uaitshwjpu,OTHER,2024,Swedish University of Agricultural Sciences
https://researchdata.se/en/catalogue/dataset/sites-a3w5cxdbr5jau-oc-nfl7gbc,OTHER,2022,Swedish University of Agricultural Sciences
https://researchdata.se/en/catalogue/dataset/sites-a0tziqd4dbnd2iqgmhu-m4lu,OTHER,2025,Swedish University of Agricultural Sciences
https://researchdata.se/en/catalogue/dataset/sites-a9h4rsivpxbvwc7zzuy5r55v,OTHER,2025,Stockholm University
https://researchdata.se/en/catalogue/dataset/sites-a6tjsr6lurwhrxins950ptfm,OTHER,2022,Swedish University of Agricultural Sciences
https://researchdata.se/en/catalogue/dataset/sites-a47tskbkatvkopmdvyh6pop0,OTHER,2024,Swedish University of Agricultural Sciences
https://researchdata.se/en/catalogue/dataset/sites-a3t3sgnuwizuluqmaf04ts3b,OTHER,2025,Swedish University of Agricultural Sciences
https://researchdata.se/en/catalogue/dataset/sites-acdhco2c-egworsc0jma3lrg,OTHER,2020,University of Gothenburg
https://researchdata.se/en/catalogue/dataset/sites-adix-rfghmhntc8bcqreg5wc,OTHER,2022,University of Gothenburg
https://researchdata.se/en/catalogue/dataset/sites-aflyklwp5yvzgmyvhtvrs0wy,OTHER,2023,Swedish University of Agricultural Sciences
https://researchdata.se/en/catalogue/dataset/sites-aimpwhjpvytehdrnsjtk9x0o,OTHER,2025,Swedish University of Agricultural Sciences
https://researchdata.se/en/catalogue/dataset/sites-aeocd-dyshxq2wzbzrgs7q7j,OTHER,2020,Uppsala University
https://researchdata.se/en/catalogue/dataset/sites-aghjuagkxbexcdwxjzarwpj-,OTHER,2022,Swedish University of Agricultural Sciences
https://researchdata.se/en/catalogue/dataset/sites-af-zk5olvqvgu9xork2pwdd2,OTHER,2024,Swedish University of Agricultural Sciences
https://researchdata.se/en/catalogue/dataset/sites-ajs0gdo-gjequzxdlkqbzxtk,OTHER,2025,Uppsala University
https://researchdata.se/en/catalogue/dataset/sites-amwlp0f7p1zsqnsv63nq-cju,OTHER,2025,University of Gothenburg
https://researchdata.se/en/catalogue/dataset/sites-akzh2ibx5rxjfm7xjapkaajb,OTHER,2024,Swedish University of Agricultural Sciences
https://researchdata.se/en/catalogue/dataset/sites-anmutyiikju5oph1syy2srdq,OTHER,2024,Swedish University of Agricultural Sciences
https://researchdata.se/en/catalogue/dataset/sites-an7l3emg1xl9sp6nx0hqmaqk,OTHER,2023,Stockholm University
https://researchdata.se/en/catalogue/dataset/sites-asp5hc97v-7gygsoqubabzyq,OTHER,2021,Stockholm University
https://researchdata.se/en/catalogue/dataset/sites-aq-j5f9bp-fghjp6vcxpe32o,OTHER,2025,Swedish University of Agricultural Sciences
https://researchdata.se/en/catalogue/dataset/sites-aw-kw-sfkixjnfpg1ndt6u82,OTHER,2020,Uppsala University
https://researchdata.se/en/catalogue/dataset/sites-asd0smrenosiigramawjds95,OTHER,2024,Swedish University of Agricultural Sciences
https://researchdata.se/en/catalogue/dataset/sites-audocdlmgp1lf1vf2muigctg,OTHER,2022,University of Gothenburg
https://researchdata.se/en/catalogue/dataset/sites-aqcj3nrtrq6jcn35ej9q5b-6,OTHER,2025,Swedish University of Agricultural Sciences
https://researchdata.se/en/catalogue/dataset/sites-av-w7tmejzfjtz9ubyv-fepr,OTHER,2025,Stockholm University
https://researchdata.se/en/catalogue/dataset/sites-atznyfhpursdvmxt-eybdbuw,OTHER,2023,Swedish Polar Research Secretariat
https://researchdata.se/en/catalogue/dataset/sites-at1tcvrqbovkld5o5oxjcpmh,OTHER,2023,Swedish University of Agricultural Sciences
https://researchdata.se/en/catalogue/dataset/sites-b8v6po5krwafncglcvypr6xg,OTHER,2022,University of Gothenburg
https://researchdata.se/en/catalogue/dataset/sites-az5w-bk7fj-dpoigfakv3fbi,OTHER,2022,Swedish University of Agricultural Sciences
https://researchdata.se/en/catalogue/dataset/sites-awujhpvlb-w8w85tvvtdj552,OTHER,2020,University of Gothenburg
https://researchdata.se/en/catalogue/dataset/sites-b-1kwm51qef037ztxlnh6ztr,OTHER,2025,Swedish University of Agricultural Sciences
https://researchdata.se/en/catalogue/dataset/sites-b9qixmm4qopv6eqesscjryfo,OTHER,2022,Swedish University of Agricultural Sciences
https://researchdata.se/en/catalogue/dataset/sites-b68nkr8eh7vv1akgst8i-ja3,OTHER,2023,Swedish University of Agricultural Sciences
https://researchdata.se/en/catalogue/dataset/sites-b-qb1kl9ysqtck7lrdnfs-e9,OTHER,2025,Swedish University of Agricultural Sciences
https://researchdata.se/en/catalogue/dataset/sites-begplvvgzrwre5awl7eprilr,OTHER,2022,University of Gothenburg
https://researchdata.se/en/catalogue/dataset/sites-bbub8ovmacy7sqwhh6ich5ht,OTHER,2024,University of Gothenburg
https://researchdata.se/en/catalogue/dataset/sites-bepb5d24gfmgy3hnutolxpof,OTHER,2022,University of Gothenburg
https://researchdata.se/en/catalogue/dataset/sites-bekxudzutjtsjgr1lcojn7dl,OTHER,2022,Swedish Polar Research Secretariat
https://researchdata.se/en/catalogue/dataset/sites-bi-vut50hlud4cbslvt8cxmu,OTHER,2022,Swedish University of Agricultural Sciences
https://researchdata.se/en/catalogue/dataset/sites-bpydiuxcp9j63o4t-6e28vof,OTHER,2022,Swedish University of Agricultural Sciences
https://researchdata.se/en/catalogue/dataset/sites-bq-y4spoupf7qvvv0lmyrjdc,OTHER,2022,University of Gothenburg
https://researchdata.se/en/catalogue/dataset/sites-bikwmikfokpkm5kzpsi3gim-,OTHER,2025,Swedish University of Agricultural Sciences
https://researchdata.se/en/catalogue/dataset/sites-bqtfbjzgtluyzxt1mp1ujk9u,OTHER,2024,University of Gothenburg
https://researchdata.se/en/catalogue/dataset/sites-bpawlyik5zen7mufbjgu-z8c,OTHER,2020,Uppsala University
https://researchdata.se/en/catalogue/dataset/sites-brdd9jw7qkty2bhslhkzsfj-,OTHER,2022,University of Gothenburg
https://researchdata.se/en/catalogue/dataset/sites-bpgvkzds8rqf-xbunl7e9k5e,OTHER,2020,Uppsala University
https://researchdata.se/en/catalogue/dataset/sites-bvuhotjnesbjlxblp-actwce,OTHER,2025,Swedish Polar Research Secretariat
https://researchdata.se/en/catalogue/dataset/sites-btf85ce6wtuhwud8g6iucwz1,OTHER,2024,Swedish University of Agricultural Sciences
https://researchdata.se/en/catalogue/dataset/sites-bwdvdfqjzkb7a1qhhrckrgvw,OTHER,2025,Stockholm University
https://researchdata.se/en/catalogue/dataset/sites-byce2bzyehi4tuu3zyl7wgkn,OTHER,2023,Swedish University of Agricultural Sciences
https://researchdata.se/en/catalogue/dataset/sites-bzvblyktx4cnevaeumsfvqek,OTHER,2021,Stockholm University
https://researchdata.se/en/catalogue/dataset/sites-byqusm5lubdrkezhhcuhnsgk,OTHER,2024,Swedish University of Agricultural Sciences
https://researchdata.se/en/catalogue/dataset/sites-c4qlfczazykggoseyhks6uys,OTHER,2021,Swedish University of Agricultural Sciences
https://researchdata.se/en/catalogue/dataset/sites-c98rw9m0fdy7p1o3ujelp5pw,OTHER,2024,University of Gothenburg
https://researchdata.se/en/catalogue/dataset/sites-c8jyelobvprpbdhvphyqkf-c,OTHER,2023,Swedish University of Agricultural Sciences
https://researchdata.se/en/catalogue/dataset/sites-bzqfgpqa-kc0emnbhjgzxdgb,OTHER,2020,Uppsala University
https://researchdata.se/en/catalogue/dataset/sites-c8ly3newhzmsrowc9qmxeei9,OTHER,2022,Swedish Polar Research Secretariat
https://researchdata.se/en/catalogue/dataset/sites-cbuw6t-kg8qrqp--itxlztt8,OTHER,2020,Uppsala University
https://researchdata.se/en/catalogue/dataset/sites-cabartr6qgvjwitrdrnuxonp,OTHER,2020,Uppsala University
https://researchdata.se/en/catalogue/dataset/sites-cczjyiofmoxlxirlifjtfnwo,OTHER,2022,Swedish University of Agricultural Sciences
https://researchdata.se/en/catalogue/dataset/sites-cbwav7axgxqa6ibe-c6n7f7d,OTHER,2024,Swedish Polar Research Secretariat
https://researchdata.se/en/catalogue/dataset/sites-cjxrrgm4blhvk6rcwf8wi6mq,OTHER,2025,Stockholm University
https://researchdata.se/en/catalogue/dataset/sites-cqdd72dwrrtilwvteg2zmebb,OTHER,2022,University of Gothenburg
https://researchdata.se/en/catalogue/dataset/sites-cf-zez773hl7gb-mfxsz-lk-,OTHER,2022,University of Gothenburg
https://researchdata.se/en/catalogue/dataset/sites-cjxqlizdizesmxwyqiwutvy1,OTHER,2020,Uppsala University
https://researchdata.se/en/catalogue/dataset/sites-cw4xhugmikxkhtt-sciprot8,OTHER,2024,Swedish Polar Research Secretariat
https://researchdata.se/en/catalogue/dataset/sites-cwt5dhncpd00c8iwgaztcmrt,OTHER,2025,Swedish Polar Research Secretariat
https://researchdata.se/en/catalogue/dataset/sites-cshrmrfitijkrytdbsy0zhsy,OTHER,2022,University of Gothenburg
https://researchdata.se/en/catalogue/dataset/sites-cv5r-hdeto5arrbykdlb22ke,OTHER,2022,Swedish University of Agricultural Sciences
https://researchdata.se/en/catalogue/dataset/sites-cx-v-mj05r-qu1pnyzqekqt9,OTHER,2020,Uppsala University
https://researchdata.se/en/catalogue/dataset/sites-cx0anoroojjzlvjb1zqqe7es,OTHER,2022,Swedish University of Agricultural Sciences
https://researchdata.se/en/catalogue/dataset/sites-crpqwlqycn3kstt-qah9iird,OTHER,2025,Swedish University of Agricultural Sciences
https://researchdata.se/en/catalogue/dataset/sites-cxf5cg-mtbcd9fg2q-8pt6ht,OTHER,2022,Swedish University of Agricultural Sciences
https://researchdata.se/en/catalogue/dataset/sites-cyegxvjyrsz8rfm5wqxtgbrm,OTHER,2019,Uppsala University
https://researchdata.se/en/catalogue/dataset/sites-d2behjazdli0uo4psibbhc-s,OTHER,2024,Sweden Water Research
https://researchdata.se/en/catalogue/dataset/sites-d16fzbgosagmv1fkpiqmrl6b,OTHER,2025,Stockholm University
https://researchdata.se/en/catalogue/dataset/sites-d1oxoamiywrn9zgyjb3ix4wa,OTHER,2024,Swedish University of Agricultural Sciences
https://researchdata.se/en/catalogue/dataset/sites-dccjpnbr17qnztohbhslrvpr,OTHER,2024,University of Gothenburg
https://researchdata.se/en/catalogue/dataset/sites-d9-kpti8ohqpyn0tr0caeuzl,OTHER,2025,Swedish Polar Research Secretariat
https://researchdata.se/en/catalogue/dataset/sites-dbjcoxq-36miwevynyglwzbo,OTHER,2025,Stockholm University
https://researchdata.se/en/catalogue/dataset/sites-de4ynebxqljxfvwcvj82jfkr,OTHER,2022,University of Gothenburg
https://researchdata.se/en/catalogue/dataset/sites-db17ny9bqilwvzeblibfyybm,OTHER,2022,Swedish University of Agricultural Sciences
https://researchdata.se/en/catalogue/dataset/sites-dddpb679tkni9h5dbu6i-wy0,OTHER,2024,Swedish University of Agricultural Sciences
https://researchdata.se/en/catalogue/dataset/sites-dcq0mpwbwlv5xqc3wya43e3q,OTHER,2022,University of Gothenburg
https://researchdata.se/en/catalogue/dataset/sites-deawk17v02mxuihta4rr7fzh,OTHER,2020,Uppsala University
https://researchdata.se/en/catalogue/dataset/sites-denpnzkaxfmaxku14qm0mt5v,OTHER,2024,Swedish University of Agricultural Sciences
https://researchdata.se/en/catalogue/dataset/sites-detgxa4bu3mgz20dzabpkdiq,OTHER,2025,University of Gothenburg
https://researchdata.se/en/catalogue/dataset/sites-dhyk4jb05ke9tc7mzt2vszix,OTHER,2022,Swedish Polar Research Secretariat
https://researchdata.se/en/catalogue/dataset/sites-diilecqrlbh-atpy7x5e30ki,OTHER,2022,Swedish Polar Research Secretariat
https://researchdata.se/en/catalogue/dataset/sites-dfojpt-sbc-krnx6x3vrmtxj,OTHER,2025,Swedish Polar Research Secretariat
https://researchdata.se/en/catalogue/dataset/sites-djefxck9xz0mrepeiq7tb99a,OTHER,2024,Swedish University of Agricultural Sciences
https://researchdata.se/en/catalogue/dataset/sites-dlkaoxxk452re3p8l62ojjlp,OTHER,2022,University of Gothenburg
https://researchdata.se/en/catalogue/dataset/sites-dmmfvxxudltbavmikxxafkty,OTHER,2022,Stockholm University
https://researchdata.se/en/catalogue/dataset/sites-dkv1ad734tkrw5wba504buoc,OTHER,2023,Stockholm University
https://researchdata.se/en/catalogue/dataset/sites-dn4vuue3jjhfofa445-mze5z,OTHER,2025,Swedish University of Agricultural Sciences
https://researchdata.se/en/catalogue/dataset/sites-doncpphahyn5xp8tvsmcnlfr,OTHER,2025,Stockholm University
https://researchdata.se/en/catalogue/dataset/sites-drw-n1wmtb7zd8u6dbxb3gra,OTHER,2020,Uppsala University
https://researchdata.se/en/catalogue/dataset/sites-dscs-amdlkgfuk5hck-jtv-6,OTHER,2024,Swedish University of Agricultural Sciences
https://researchdata.se/en/catalogue/dataset/sites-dwxv-9dglvccif6r1c1b2ik0,OTHER,2019,Sweden Water Research
https://researchdata.se/en/catalogue/dataset/sites-dwkws9xkc8yquew-y83oohfn,OTHER,2022,Swedish Polar Research Secretariat
https://researchdata.se/en/catalogue/dataset/sites-dz6gxxf-netekqevxtdahkv,OTHER,2025,Swedish Polar Research Secretariat
https://researchdata.se/en/catalogue/dataset/sites-dwvfqfllll6ljz7bzfcnzmxe,OTHER,2020,Sweden Water Research
https://researchdata.se/en/catalogue/dataset/sites-e15behrp6t2l7ose-1ii4pmc,OTHER,2022,University of Gothenburg
https://researchdata.se/en/catalogue/dataset/sites-dt-hg-l-vvfantzih-suenvk,OTHER,2022,University of Gothenburg
https://researchdata.se/en/catalogue/dataset/sites-dxi-a-lgxl9um0vaw3d2fkgb,OTHER,2022,University of Gothenburg
https://researchdata.se/en/catalogue/dataset/sites-e3q-b3k-gsbe58aeiiaqzxfn,OTHER,2023,Uppsala University
https://researchdata.se/en/catalogue/dataset/sites-e1urnuk9idopo8pa8ger2mig,OTHER,2020,Uppsala University
https://researchdata.se/en/catalogue/dataset/sites-e3wera-dyw4loosdpxrn9xpt,OTHER,2023,Swedish University of Agricultural Sciences
https://researchdata.se/en/catalogue/dataset/sites-e3j-nwhvpsaz0lcznmd3plq6,OTHER,2023,University of Gothenburg
https://researchdata.se/en/catalogue/dataset/sites-e8p6tvn8jjbmyzlwhd4e6geh,OTHER,2019,Swedish University of Agricultural Sciences
https://researchdata.se/en/catalogue/dataset/sites-e3-e26wi2vdazaea2wqqtgvu,OTHER,2024,University of Gothenburg
https://researchdata.se/en/catalogue/dataset/sites-e8ti6xixvms3vxcmgh6z3pmb,OTHER,2021,Swedish University of Agricultural Sciences
https://researchdata.se/en/catalogue/dataset/sites-eavetod1c2cdbtq0iyn0xxqx,OTHER,2025,Stockholm University
https://researchdata.se/en/catalogue/dataset/sites-eircckw-ah31btpxv4vxmg6n,OTHER,2025,Stockholm University
https://researchdata.se/en/catalogue/dataset/sites-e8z8vctnzqepxx407lzuunn1,OTHER,2023,Swedish University of Agricultural Sciences
https://researchdata.se/en/catalogue/dataset/sites-ectgzqaeu3lih2oyy-1s04yz,OTHER,2025,University of Gothenburg
https://researchdata.se/en/catalogue/dataset/sites-eju8dmn-z-iprleq10praum-,OTHER,2023,Swedish University of Agricultural Sciences
https://researchdata.se/en/catalogue/dataset/sites-ejag4o2gq7aa401wxcx-eelp,OTHER,2022,Swedish University of Agricultural Sciences
https://researchdata.se/en/catalogue/dataset/sites-ekzaouthtcd8nrdjutl0bqjh,OTHER,2025,Stockholm University
https://researchdata.se/en/catalogue/dataset/sites-ekxbysmsescf-u3h79xq0yzo,OTHER,2022,Swedish Polar Research Secretariat
https://researchdata.se/en/catalogue/dataset/sites-em5qr3yesjiue73kxc4udqha,OTHER,2025,Swedish University of Agricultural Sciences
https://researchdata.se/en/catalogue/dataset/sites-elgtba-0whknfzdhr26ewxuf,OTHER,2020,Stockholm University
https://researchdata.se/en/catalogue/dataset/sites-ep1wwua-qrgekuatmle3ms8d,OTHER,2022,Swedish University of Agricultural Sciences
https://researchdata.se/en/catalogue/dataset/sites-eq-a-lzvmucm-uuq7lruwtlx,OTHER,2022,University of Gothenburg
https://researchdata.se/en/catalogue/dataset/sites-eppubckctlkexsgcviq2tgyi,OTHER,2025,Stockholm University
https://researchdata.se/en/catalogue/dataset/sites-eqelg4gwfeee-nioldunagvy,OTHER,2022,Swedish University of Agricultural Sciences
https://researchdata.se/en/catalogue/dataset/sites-erdw-ux85mhvjzro5yrdfuvu,OTHER,2022,University of Gothenburg
https://researchdata.se/en/catalogue/dataset/sites-eudl8wrc-osdd0rcga8or4s0,OTHER,2020,Uppsala University
https://researchdata.se/en/catalogue/dataset/sites-etyakn9phpqmn0erlxchgcra,OTHER,2025,Swedish University of Agricultural Sciences
https://researchdata.se/en/catalogue/dataset/sites-esmgsf7l7fi5tfkllhmivon4,OTHER,2022,Swedish Polar Research Secretariat
https://researchdata.se/en/catalogue/dataset/sites-evog3di5arubsrl1fokrn7u2,OTHER,2022,Swedish University of Agricultural Sciences
https://researchdata.se/en/catalogue/dataset/sites-ez-kt838oancy5w4rjahdvmw,OTHER,2020,Stockholm University
https://researchdata.se/en/catalogue/dataset/sites-exzegeoqbn9ofjjjrtx2fmhh,OTHER,2021,Stockholm University
https://researchdata.se/en/catalogue/dataset/sites-f81dukgygxpg2l5cpxliqf-g,OTHER,2024,University of Gothenburg
https://researchdata.se/en/catalogue/dataset/sites-f0ym5iw5dsc7hotos5mpnsxa,OTHER,2020,Stockholm University
https://researchdata.se/en/catalogue/dataset/sites-f90gabostmixrklpqzbzsri2,OTHER,2021,Swedish University of Agricultural Sciences
https://researchdata.se/en/catalogue/dataset/sites-f7-w1hbrecbo-16x5e8x0v8e,OTHER,2023,Swedish University of Agricultural Sciences
https://researchdata.se/en/catalogue/dataset/sites-fdmjftltfzpxbss8etodavqc,OTHER,2022,University of Gothenburg
https://researchdata.se/en/catalogue/dataset/sites-f8d-f6le8igdelfmtwuhofcb,OTHER,2022,University of Gothenburg
https://researchdata.se/en/catalogue/dataset/sites-fbwtyypm-7bm0vx9gk7vloh0,OTHER,2022,University of Gothenburg
https://researchdata.se/en/catalogue/dataset/sites-fb1e3ayet3527axqhwqvhoy9,OTHER,2021,Stockholm University
https://researchdata.se/en/catalogue/dataset/sites-ffhr9j-5xa-bm2bxm0gz1j2e,OTHER,2020,Sweden Water Research
https://researchdata.se/en/catalogue/dataset/sites-ffbd3l5xljqazcmgu-57rzqt,OTHER,2021,Stockholm University
https://researchdata.se/en/catalogue/dataset/sites-fpicrrobrxfqsozc6soddaio,OTHER,2025,Swedish University of Agricultural Sciences
https://researchdata.se/en/catalogue/dataset/sites-fakmeqkxhas9kwsfgixrjaeu,OTHER,2022,Swedish University of Agricultural Sciences
https://researchdata.se/en/catalogue/dataset/sites-fh7obejwytpr7v1bgjdetlhe,OTHER,2022,University of Gothenburg
https://researchdata.se/en/catalogue/dataset/sites-fh5rhssfga-9dhk44hylg7rc,OTHER,2022,Swedish University of Agricultural Sciences
https://researchdata.se/en/catalogue/dataset/sites-fjclwv43vrhiorti6gmgv2za,OTHER,2022,Swedish Polar Research Secretariat
https://researchdata.se/en/catalogue/dataset/sites-flrk0sxlybfzucrttbeinf-o,OTHER,2022,Swedish University of Agricultural Sciences
https://researchdata.se/en/catalogue/dataset/sites-fowuigduhrofbcde8vjcclbh,OTHER,2025,Stockholm University
https://researchdata.se/en/catalogue/dataset/sites-frm1wrmilcltmvfhheq-bhmp,OTHER,2025,Stockholm University
https://researchdata.se/en/catalogue/dataset/sites-ftkwptonvabwrg1g-iuyy65d,OTHER,2022,Swedish University of Agricultural Sciences
https://researchdata.se/en/catalogue/dataset/sites-frls8os2t1l1ur0nuvtyzuto,OTHER,2022,Swedish Polar Research Secretariat
https://researchdata.se/en/catalogue/dataset/sites-fxaxrcpi1eim97g2utufze27,OTHER,2022,Swedish University of Agricultural Sciences
https://researchdata.se/en/catalogue/dataset/sites-fv36faxbfognm-y8cpx9mixn,OTHER,2024,University of Gothenburg
https://researchdata.se/en/catalogue/dataset/sites-fxjpdbxxdcw-fwj9-mld3ihk,OTHER,2025,Stockholm University
https://researchdata.se/en/catalogue/dataset/sites-fuy4shnrlrkldbpp4cpxr48s,OTHER,2024,Swedish Polar Research Secretariat
https://researchdata.se/en/catalogue/dataset/sites-fywuk7f2l--cny08xfirdfz7,OTHER,2025,Swedish University of Agricultural Sciences
https://researchdata.se/en/catalogue/dataset/sites-fyomazw1xsb62jc-rvqy-zwg,OTHER,2024,Swedish University of Agricultural Sciences
https://researchdata.se/en/catalogue/dataset/sites-fxhdbj1v341uqdiea6sutdhd,OTHER,2022,University of Gothenburg
https://researchdata.se/en/catalogue/dataset/sites-fyzaifcla7bprt7atjy71nm9,OTHER,2020,Swedish Polar Research Secretariat
https://researchdata.se/en/catalogue/dataset/sites-fznqdejc-igooduilgcrsxyk,OTHER,2022,Stockholm University
https://researchdata.se/en/catalogue/dataset/sites-g6mwljnpiokzguklrxgyytqd,OTHER,2022,Swedish Polar Research Secretariat
https://researchdata.se/en/catalogue/dataset/sites-g-x7r5j-vil-xqtswu-t5tx4,OTHER,2022,Swedish University of Agricultural Sciences
https://researchdata.se/en/catalogue/dataset/sites-g4as1jjuaocazn3ibkwhfolw,OTHER,2024,Swedish University of Agricultural Sciences
https://researchdata.se/en/catalogue/dataset/sites-fzmnhqjm2qkaojbgf71exdff,OTHER,2024,Uppsala University
https://researchdata.se/en/catalogue/dataset/sites-fz0j-kiflon1j4nfprvgaf-l,OTHER,2021,Swedish University of Agricultural Sciences
https://researchdata.se/en/catalogue/dataset/sites-g0xgcoyuyawblapsgw60-rti,OTHER,2019,Uppsala University
https://researchdata.se/en/catalogue/dataset/sites-g6zkvfnxaed8vojgomqvbabn,OTHER,2024,Swedish University of Agricultural Sciences
https://researchdata.se/en/catalogue/dataset/sites-gakwpfxfkqlgjyj1tg2cpvyi,OTHER,2022,University of Gothenburg
https://researchdata.se/en/catalogue/dataset/sites-gfubx6b-dnt2fyyqrmu-6nlk,OTHER,2025,Stockholm University
https://researchdata.se/en/catalogue/dataset/sites-g9h8uq3uv2-1s7ut0zlbfv4e,OTHER,2020,Uppsala University
https://researchdata.se/en/catalogue/dataset/sites-gdussxtyp9cjdyhifajanadv,OTHER,2025,Swedish University of Agricultural Sciences
https://researchdata.se/en/catalogue/dataset/sites-ggo4lg76jcwphcdohsju1ro4,OTHER,2020,Uppsala University
https://researchdata.se/en/catalogue/dataset/sites-ggxeis8mr9dm0l-win9swhbt,OTHER,2025,University of Gothenburg
https://researchdata.se/en/catalogue/dataset/sites-gfpx2n80sqcpruzevpiuv0np,OTHER,2022,University of Gothenburg
https://researchdata.se/en/catalogue/dataset/sites-gktb7ibc4-smlwnwapsvjysu,OTHER,2025,Swedish University of Agricultural Sciences
https://researchdata.se/en/catalogue/dataset/sites-glcmykimx61x05s3rmg4o1qv,OTHER,2022,Stockholm University
https://researchdata.se/en/catalogue/dataset/sites-gkco3-gesy1fsxjqnq7syvep,OTHER,2024,Sweden Water Research
https://researchdata.se/en/catalogue/dataset/sites-glgvjaquhyubga5cr6-ikt4e,OTHER,2022,University of Gothenburg
https://researchdata.se/en/catalogue/dataset/sites-gkwjpmmvvcnxfgcwgb7bnmba,OTHER,2024,Swedish Polar Research Secretariat
https://researchdata.se/en/catalogue/dataset/sites-glmnn9cyscsoezzssihxsclv,OTHER,2025,University of Gothenburg
https://researchdata.se/en/catalogue/dataset/sites-gryy8---h8n9cfj5ysawxj3o,OTHER,2022,University of Gothenburg
https://researchdata.se/en/catalogue/dataset/sites-gnyflaz6tkag0pzhbutadm7o,OTHER,2025,Stockholm University
https://researchdata.se/en/catalogue/dataset/sites-gn4dr8fnyu8s7onf3s1wr3yi,OTHER,2025,Stockholm University
https://researchdata.se/en/catalogue/dataset/sites-gustdb-lgtgag85-d-rp-9nx,OTHER,2022,University of Gothenburg
https://researchdata.se/en/catalogue/dataset/sites-gozsc83jwoujtpybq96e5haa,OTHER,2021,Swedish University of Agricultural Sciences
https://researchdata.se/en/catalogue/dataset/sites-gpes4pcrxevdgzsrds0g30qd,OTHER,2025,Swedish University of Agricultural Sciences
https://researchdata.se/en/catalogue/dataset/sites-gpfjzah9qzm3hlndfpoiemtx,OTHER,2022,Swedish University of Agricultural Sciences
https://researchdata.se/en/catalogue/dataset/sites-gvi-d65x99xy-fakwuqac2oi,OTHER,2022,University of Gothenburg
https://researchdata.se/en/catalogue/dataset/sites-gvvxrql-a55i0dr5xyfmztgy,OTHER,2024,Swedish Polar Research Secretariat
https://researchdata.se/en/catalogue/dataset/sites-gx3nntqtwysndciefqmbwejg,OTHER,2025,Swedish University of Agricultural Sciences
https://researchdata.se/en/catalogue/dataset/sites-h5vqm-veeyvx24s8u8pjzlpv,OTHER,2025,Swedish University of Agricultural Sciences
https://researchdata.se/en/catalogue/dataset/sites-gyalzwdpxjfaiokfqad0rhio,OTHER,2024,University of Gothenburg
https://researchdata.se/en/catalogue/dataset/sites-gxp8kxa6eda-9dvx5spbpvdn,OTHER,2022,University of Gothenburg
https://researchdata.se/en/catalogue/dataset/sites-h5eztop1nygyzpzvif6j-nht,OTHER,2020,University of Gothenburg
https://researchdata.se/en/catalogue/dataset/sites-h76keblhmlgijlq9q0pniei3,OTHER,2022,Swedish University of Agricultural Sciences
https://researchdata.se/en/catalogue/dataset/sites-ha-vo4uu9ueirxek8pxknt1q,OTHER,2025,Stockholm University
https://researchdata.se/en/catalogue/dataset/sites-hd4bfudpavkwm5qatcliy6gf,OTHER,2024,Swedish University of Agricultural Sciences
https://researchdata.se/en/catalogue/dataset/sites-hcicgcmfkz3pqydi4ist1dgc,OTHER,2024,Swedish University of Agricultural Sciences
https://researchdata.se/en/catalogue/dataset/sites-hhfxrqpiglit-9lf0wckpux5,OTHER,2023,Swedish University of Agricultural Sciences
https://researchdata.se/en/catalogue/dataset/sites-hhub2xhrv9ssk1sk9-diswvq,OTHER,2024,Swedish University of Agricultural Sciences
https://researchdata.se/en/catalogue/dataset/sites-hfyk4jbwt573hcci6ticr240,OTHER,2022,University of Gothenburg
https://researchdata.se/en/catalogue/dataset/sites-heml4qbtp8uanc4qbicsegbq,OTHER,2024,Sweden Water Research
https://researchdata.se/en/catalogue/dataset/sites-hkh-cipauwktliztzteocu-b,OTHER,2025,Swedish University of Agricultural Sciences
https://researchdata.se/en/catalogue/dataset/sites-hkeg1m2yqptk-gxj6wgirjr-,OTHER,2022,Swedish Polar Research Secretariat
https://researchdata.se/en/catalogue/dataset/sites-hmmwqhwx0i0suocc-nb-eexr,OTHER,2025,Swedish Polar Research Secretariat
https://researchdata.se/en/catalogue/dataset/sites-hodigrjfc1xgfk0-cdweijow,OTHER,2022,University of Gothenburg
https://researchdata.se/en/catalogue/dataset/sites-hltfgssnh6jyvrjlldkqjhc3,OTHER,2023,Sweden Water Research
https://researchdata.se/en/catalogue/dataset/sites-hncyqvar2vudadujgsjvdec0,OTHER,2020,Stockholm University
https://researchdata.se/en/catalogue/dataset/sites-htrrpic4taszkri4f1hkhkdy,OTHER,2025,Uppsala University
https://researchdata.se/en/catalogue/dataset/sites-hrz6wv7ff7qjkwuus-q7euky,OTHER,2025,Stockholm University
https://researchdata.se/en/catalogue/dataset/sites-hwlcjdba8dz2vuoqzrtahqir,OTHER,2020,Uppsala University
https://researchdata.se/en/catalogue/dataset/sites-hwulmbcnhtrvlazeijdsvb0u,OTHER,2025,Swedish Polar Research Secretariat
https://researchdata.se/en/catalogue/dataset/sites-hpur7svslj1td9ndef1p9ksq,OTHER,2025,Swedish University of Agricultural Sciences
https://researchdata.se/en/catalogue/dataset/sites-hzkimi5bdxsftx2hpzc8qtjc,OTHER,2020,Swedish Polar Research Secretariat
https://researchdata.se/en/catalogue/dataset/sites-i-nzvptug0de70myhz2gkvpz,OTHER,2025,Swedish Polar Research Secretariat
https://researchdata.se/en/catalogue/dataset/sites-hwwhu3fpmj71ele0jka6xnob,OTHER,2024,Swedish University of Agricultural Sciences
https://researchdata.se/en/catalogue/dataset/sites-hxjafwymqn34n6uusurffgz5,OTHER,2025,Sweden Water Research
https://researchdata.se/en/catalogue/dataset/sites-i3lgsejxx3ewj51-np-teo7s,OTHER,2025,Swedish University of Agricultural Sciences
https://researchdata.se/en/catalogue/dataset/sites-i6k-ojhhos5qmf5n-t2d3dqj,OTHER,2025,Sweden Water Research
https://researchdata.se/en/catalogue/dataset/sites-i89z6n9t1js7ra7jeeqsnvsv,OTHER,2022,Swedish University of Agricultural Sciences
https://researchdata.se/en/catalogue/dataset/sites-ib-rzm-cz7nuixrofscgpdac,OTHER,2025,Swedish Polar Research Secretariat
https://researchdata.se/en/catalogue/dataset/sites-ib3ki9gpllbuwp-tk6rbwiej,OTHER,2021,Stockholm University
https://researchdata.se/en/catalogue/dataset/sites-i9j6hz49zq9xga1-n-9bnses,OTHER,2021,Swedish University of Agricultural Sciences
https://researchdata.se/en/catalogue/dataset/sites-ierbutvan12v9g4ezq3hl-ec,OTHER,2025,Swedish Polar Research Secretariat
https://researchdata.se/en/catalogue/dataset/sites-ieqyyyfsvwlomcucfvbd5ght,OTHER,2021,Swedish University of Agricultural Sciences
https://researchdata.se/en/catalogue/dataset/sites-ibx7gam6hqvpwuanzlzbyobp,OTHER,2020,Uppsala University
https://researchdata.se/en/catalogue/dataset/sites-ihhs6dba5xfhrcoqtezhrfpc,OTHER,2024,Sweden Water Research
https://researchdata.se/en/catalogue/dataset/sites-igwnckt-9kjyzkvaugksrudq,OTHER,2022,Swedish University of Agricultural Sciences
https://researchdata.se/en/catalogue/dataset/sites-igpfyvtwtqzca7iqpyeqb9kp,OTHER,2019,University of Gothenburg
https://researchdata.se/en/catalogue/dataset/sites-ihsmt3slan6ahim-do5tv1h6,OTHER,2022,University of Gothenburg
https://researchdata.se/en/catalogue/dataset/sites-ierzvonhfrc9kjlkozn7uzpe,OTHER,2025,Swedish Polar Research Secretariat
https://researchdata.se/en/catalogue/dataset/sites-iih4q6-zctysnzroface4kmq,OTHER,2021,Stockholm University
https://researchdata.se/en/catalogue/dataset/sites-imaro0kwhmqc5ncwxvp-adhm,OTHER,2022,Swedish University of Agricultural Sciences
https://researchdata.se/en/catalogue/dataset/sites-ipomtv4suoevxtlcwarq9dd9,OTHER,2025,Swedish Polar Research Secretariat
https://researchdata.se/en/catalogue/dataset/sites-im4yfdohzafkcxnjognx7der,OTHER,2020,Uppsala University
https://researchdata.se/en/catalogue/dataset/sites-ip7o4nanrd6bgft-864jsqvu,OTHER,2021,Swedish University of Agricultural Sciences
https://researchdata.se/en/catalogue/dataset/sites-iiegmbnsvdzxjtmvjgf9xm1k,OTHER,2024,University of Gothenburg
https://researchdata.se/en/catalogue/dataset/sites-imxtx4q8hbspwbp-grvfvil-,OTHER,2022,Uppsala University
https://researchdata.se/en/catalogue/dataset/sites-isj5-6kkeyss1gtswenj2cdm,OTHER,2023,Stockholm University
https://researchdata.se/en/catalogue/dataset/sites-irdrex1jgvg6jo7huszpqr-f,OTHER,2025,Stockholm University
https://researchdata.se/en/catalogue/dataset/sites-iqak9cd0g12xz-maqsrfsafd,OTHER,2024,University of Gothenburg
https://researchdata.se/en/catalogue/dataset/sites-iugopxtjes80hffzlgo1wzhf,OTHER,2025,Swedish University of Agricultural Sciences
https://researchdata.se/en/catalogue/dataset/sites-is-aiugn6ieawi-ebgebtijh,OTHER,2024,Swedish University of Agricultural Sciences
https://researchdata.se/en/catalogue/dataset/sites-it-hvhfnle4puxylwd7che5t,OTHER,2019,Swedish University of Agricultural Sciences
https://researchdata.se/en/catalogue/dataset/sites-isqjzrdef-fn9vjzsax6tmxs,OTHER,2025,Stockholm University
https://researchdata.se/en/catalogue/dataset/sites-iuvzlbbtyjz6osrcn8-dd9qc,OTHER,2021,Swedish University of Agricultural Sciences
https://researchdata.se/en/catalogue/dataset/sites-iwh9t3fnqru75um3vlsq76rk,OTHER,2022,Uppsala University
https://researchdata.se/en/catalogue/dataset/sites-ixc5n2bbsenbphlhw1-tkjel,OTHER,2024,Uppsala University
https://researchdata.se/en/catalogue/dataset/sites-ixsmylmasekwilh4ojgi9-an,OTHER,2023,Swedish University of Agricultural Sciences
https://researchdata.se/en/catalogue/dataset/sites-iynhhvtacimwz1admxq-xmdp,OTHER,2019,Sweden Water Research
https://researchdata.se/en/catalogue/dataset/sites-j-3i61yarglzzvf2otvnqpo1,OTHER,2021,Swedish University of Agricultural Sciences
https://researchdata.se/en/catalogue/dataset/sites-j0bfl2ziki1yolaehudryt26,OTHER,2024,Swedish University of Agricultural Sciences
https://researchdata.se/en/catalogue/dataset/sites-j-xhmjfizx4p9dfhue3wayb1,OTHER,2024,Swedish University of Agricultural Sciences
https://researchdata.se/en/catalogue/dataset/sites-jczu-4z1rjrsblzau9e1exls,OTHER,2025,Swedish University of Agricultural Sciences
https://researchdata.se/en/catalogue/dataset/sites-j-4hffb9-rj7oj2foin8ptsq,OTHER,2025,Stockholm University
https://researchdata.se/en/catalogue/dataset/sites-j34bzsi5r9smr-uhesj-nzxf,OTHER,2019,Uppsala University
https://researchdata.se/en/catalogue/dataset/sites-j1jiiuwcjewjsg56te3eroim,OTHER,2022,University of Gothenburg
https://researchdata.se/en/catalogue/dataset/sites-jdkvyftsnyojj1eijb4npuud,OTHER,2022,University of Gothenburg
https://researchdata.se/en/catalogue/dataset/sites-jboqx-ffmmee70wr22kaj6wi,OTHER,2025,Stockholm University
https://researchdata.se/en/catalogue/dataset/sites-jglm0gznfggk-r1-xhjmvrdp,OTHER,2022,Swedish Polar Research Secretariat
https://researchdata.se/en/catalogue/dataset/sites-jh-1jn64x-ppvatwnrozdpvq,OTHER,2024,Sweden Water Research
https://researchdata.se/en/catalogue/dataset/sites-j7aygyb6diycygyusdvzlcoj,OTHER,2019,Swedish University of Agricultural Sciences
https://researchdata.se/en/catalogue/dataset/sites-jex-np4hxlt88c0x3xt4-xow,OTHER,2023,Swedish University of Agricultural Sciences
https://researchdata.se/en/catalogue/dataset/sites-jj0ige2trdfdgmodom-errbw,OTHER,2025,Stockholm University
https://researchdata.se/en/catalogue/dataset/sites-jmqqrgmdgvhcykzdmntpgxqa,OTHER,2022,Swedish University of Agricultural Sciences
https://researchdata.se/en/catalogue/dataset/sites-jjflkyxa3m8ttghd9nf1fog0,OTHER,2024,Swedish University of Agricultural Sciences
https://researchdata.se/en/catalogue/dataset/sites-jirouvlmv0rl4vxtsfdnfe-z,OTHER,2020,Uppsala University
https://researchdata.se/en/catalogue/dataset/sites-jkyed2a7-vzoboue5hiib-xl,OTHER,2022,Swedish University of Agricultural Sciences
https://researchdata.se/en/catalogue/dataset/sites-jn2za8hs7ixsjag-i9forqyu,OTHER,2025,Swedish University of Agricultural Sciences
https://researchdata.se/en/catalogue/dataset/sites-jp5z6ihzqugclloi-bsearnf,OTHER,2022,Stockholm University
https://researchdata.se/en/catalogue/dataset/sites-jngwfq5ro9t0zeahz1fgy1ci,OTHER,2022,Swedish University of Agricultural Sciences
https://researchdata.se/en/catalogue/dataset/sites-jqnnn2m6ipheswnzb26e6j-s,OTHER,2025,Swedish University of Agricultural Sciences
https://researchdata.se/en/catalogue/dataset/sites-jq8kkkwtc5lpxfqm-vdrlmrw,OTHER,2024,Swedish University of Agricultural Sciences
https://researchdata.se/en/catalogue/dataset/sites-jqizuonovvmfknknoekc5e-e,OTHER,2025,Swedish University of Agricultural Sciences
https://researchdata.se/en/catalogue/dataset/sites-jqqr1b6cpx1ufi3czvwjjneu,OTHER,2025,Stockholm University
https://researchdata.se/en/catalogue/dataset/sites-jrhmj7yeoic1q0wtxl7gzen3,OTHER,2025,Swedish University of Agricultural Sciences
https://researchdata.se/en/catalogue/dataset/sites-jtidvmf9q1dg6lnron9kuc6n,OTHER,2023,Swedish University of Agricultural Sciences
https://researchdata.se/en/catalogue/dataset/sites-js-2nsjfbq0yvkykfw-hs5jw,OTHER,2020,Uppsala University
https://researchdata.se/en/catalogue/dataset/sites-jrqgc5lkly4x9yv7ct-o1pzo,OTHER,2022,Swedish University of Agricultural Sciences
https://researchdata.se/en/catalogue/dataset/sites-jsesexw4nzv-y6m7gukddzjp,OTHER,2025,University of Gothenburg
https://researchdata.se/en/catalogue/dataset/sites-k0c96zsobbzlbxlcmula-zg-,OTHER,2023,Swedish University of Agricultural Sciences
https://researchdata.se/en/catalogue/dataset/sites-k064ik3iow6bikskhofm8dil,OTHER,2025,Stockholm University
https://researchdata.se/en/catalogue/dataset/sites-k4qynoaon5evx36mnacm9kfz,OTHER,2022,Swedish University of Agricultural Sciences
https://researchdata.se/en/catalogue/dataset/sites-jvcfxoeltdodbpj9f1kbcpq7,OTHER,2022,Uppsala University
https://researchdata.se/en/catalogue/dataset/sites-juqowzajquvf77y7rethjech,OTHER,2022,University of Gothenburg
https://researchdata.se/en/catalogue/dataset/sites-jvyjugtlowu5cfkqnxiztajw,OTHER,2022,Swedish University of Agricultural Sciences
https://researchdata.se/en/catalogue/dataset/sites-k76bft1pvrr7kfx1mo4u3gwl,OTHER,2022,University of Gothenburg
https://researchdata.se/en/catalogue/dataset/sites-k5jz2-3-n-6ilj0nmgbunjyu,OTHER,2025,Swedish University of Agricultural Sciences
https://researchdata.se/en/catalogue/dataset/sites-jw9pirxtdhgnjnjalw2gx54g,OTHER,2023,Uppsala University
https://researchdata.se/en/catalogue/dataset/sites-k3l6ztb5iaprtilozvpae8--,OTHER,2021,Swedish University of Agricultural Sciences
https://researchdata.se/en/catalogue/dataset/sites-k8arp5awtexxuhg-zu2v6cv2,OTHER,2022,Swedish University of Agricultural Sciences
https://researchdata.se/en/catalogue/dataset/sites-ka20qomucsf3m3ipnj-u6d2,OTHER,2022,Swedish University of Agricultural Sciences
https://researchdata.se/en/catalogue/dataset/sites-k5-3agjjmcsonwypddrnmas2,OTHER,2023,Swedish University of Agricultural Sciences
https://researchdata.se/en/catalogue/dataset/sites-kdt0wy19u-t2-eurtyhq5ylr,OTHER,2022,Swedish University of Agricultural Sciences
https://researchdata.se/en/catalogue/dataset/sites-kegmouxxc00f78kzjxf7g3k4,OTHER,2022,Swedish University of Agricultural Sciences
https://researchdata.se/en/catalogue/dataset/sites-kb0beoo1fzf8ahmjc4qlbjbz,OTHER,2025,Swedish University of Agricultural Sciences
https://researchdata.se/en/catalogue/dataset/sites-kev8hdvdsqtrjuucra7jjb2q,OTHER,2020,Uppsala University
https://researchdata.se/en/catalogue/dataset/sites-kga6bymr3n6cois5-yphc1uc,OTHER,2022,Swedish Polar Research Secretariat
https://researchdata.se/en/catalogue/dataset/sites-kdv2xljecpmtivprenbs-isn,OTHER,2024,Uppsala University
https://researchdata.se/en/catalogue/dataset/sites-kkevvteufmtfsdkb-fvcgvec,OTHER,2022,Stockholm University
https://researchdata.se/en/catalogue/dataset/sites-ki-zhxomwh8arxnunehzvqvu,OTHER,2022,Swedish University of Agricultural Sciences
https://researchdata.se/en/catalogue/dataset/sites-kkfxtibyt0q3tczakpfouiic,OTHER,2023,Swedish University of Agricultural Sciences
https://researchdata.se/en/catalogue/dataset/sites-kkpfx6uccv0m093rb8bkqrdb,OTHER,2025,Stockholm University
https://researchdata.se/en/catalogue/dataset/sites-kpdkfjvsywyfmjavu1xurqrx,OTHER,2025,Swedish University of Agricultural Sciences
https://researchdata.se/en/catalogue/dataset/sites-klmnumhjdsj0vavejma3oupc,OTHER,2022,Swedish Polar Research Secretariat
https://researchdata.se/en/catalogue/dataset/sites-kl06flds-yuzlbvq2gmvktng,OTHER,2021,Stockholm University
https://researchdata.se/en/catalogue/dataset/sites-krhr5ucastfyvfss88pzfwtx,OTHER,2022,University of Gothenburg
https://researchdata.se/en/catalogue/dataset/sites-krqeccrpawhmto71gnrbhin3,OTHER,2020,Stockholm University
https://researchdata.se/en/catalogue/dataset/sites-kq6e7t69zykjejmcanjqvohp,OTHER,2024,Uppsala University
https://researchdata.se/en/catalogue/dataset/sites-kqkdp9byolrspistvdvqrgtn,OTHER,2025,Stockholm University
https://researchdata.se/en/catalogue/dataset/sites-ksflczjdffak9epf2ifnyugq,OTHER,2023,Stockholm University
https://researchdata.se/en/catalogue/dataset/sites-ksofs0fz3eldwd-6sfjdj3as,OTHER,2022,Swedish University of Agricultural Sciences
https://researchdata.se/en/catalogue/dataset/sites-l1buhtasrogzededlflqo-1,OTHER,2022,Stockholm University
https://researchdata.se/en/catalogue/dataset/sites-ky2yre81gsh-ejsabsurfd3k,OTHER,2022,University of Gothenburg
https://researchdata.se/en/catalogue/dataset/sites-kuflqrxsovgehqeolevzbamh,OTHER,2024,University of Gothenburg
https://researchdata.se/en/catalogue/dataset/sites-l1dd2-dcawspu-ehxtceyhs7,OTHER,2025,Stockholm University
https://researchdata.se/en/catalogue/dataset/sites-l8rjccdhlwwdn1vq-mphvsfw,OTHER,2025,Swedish University of Agricultural Sciences
https://researchdata.se/en/catalogue/dataset/sites-leodht0mdvybtuyewmkye1vf,OTHER,2019,Sweden Water Research
https://researchdata.se/en/catalogue/dataset/sites-lb-6yjdkpqo5h9klyemjiqmi,OTHER,2023,Swedish University of Agricultural Sciences
https://researchdata.se/en/catalogue/dataset/sites-l1qnqi-hdlm7z2cy7zmoefuk,OTHER,2022,University of Gothenburg
https://researchdata.se/en/catalogue/dataset/sites-ldve--uwigzpzui-uyttn5am,OTHER,2021,Swedish University of Agricultural Sciences
https://researchdata.se/en/catalogue/dataset/sites-lczy1ppgrxickd62i3qshbdq,OTHER,2025,Swedish University of Agricultural Sciences
https://researchdata.se/en/catalogue/dataset/sites-lfpal8gttbjaxzvfr6mup1m3,OTHER,2025,Stockholm University
https://researchdata.se/en/catalogue/dataset/sites-lktpkijzbq3lzjqz-x0-7cii,OTHER,2022,University of Gothenburg
https://researchdata.se/en/catalogue/dataset/sites-lirnk6aszsd-5eqwymionlqv,OTHER,2022,Swedish University of Agricultural Sciences
https://researchdata.se/en/catalogue/dataset/sites-ljagfcn9usitu3hx1e-wzg1d,OTHER,2025,Swedish University of Agricultural Sciences
https://researchdata.se/en/catalogue/dataset/sites-lkvjt8xhudwidzgrghnuamka,OTHER,2022,Swedish University of Agricultural Sciences
https://researchdata.se/en/catalogue/dataset/sites-ljskqiwgohbj5kcoc4znzm7z,OTHER,2022,Swedish University of Agricultural Sciences
https://researchdata.se/en/catalogue/dataset/sites-lo7jhl00ojok3jv2girqvuf1,OTHER,2024,Swedish Polar Research Secretariat
https://researchdata.se/en/catalogue/dataset/sites-lmgctgi7tneveeqay-ph3lue,OTHER,2022,University of Gothenburg
https://researchdata.se/en/catalogue/dataset/sites-lqsuzgzfl30--jufdm1k6uow,OTHER,2025,Swedish University of Agricultural Sciences
https://researchdata.se/en/catalogue/dataset/sites-lnaabhw4jnj1rx2bg6izybj6,OTHER,2025,Swedish Polar Research Secretariat
https://researchdata.se/en/catalogue/dataset/sites-lrlwvbqoaa5ymees-bpdzz7w,OTHER,2024,Swedish University of Agricultural Sciences
https://researchdata.se/en/catalogue/dataset/sites-ltbamansh2spapy4vzgev0sd,OTHER,2025,Swedish University of Agricultural Sciences
https://researchdata.se/en/catalogue/dataset/sites-m0d6a9okwupavgjrcjaulgb6,OTHER,2022,University of Gothenburg
https://researchdata.se/en/catalogue/dataset/sites-m4i1odguqq9impme-dw55i6d,OTHER,2022,Swedish University of Agricultural Sciences
https://researchdata.se/en/catalogue/dataset/sites-lysqtmhpn7pzyjmnu03r8zar,OTHER,2022,University of Gothenburg
https://researchdata.se/en/catalogue/dataset/sites-m7hq75ndmctsbdcrgngzchbc,OTHER,2023,Swedish Polar Research Secretariat
https://researchdata.se/en/catalogue/dataset/sites-m7iakeyb81msvne8ouohx6q4,OTHER,2022,University of Gothenburg
https://researchdata.se/en/catalogue/dataset/sites-m8jn1emdarvuktnxqhnmcp64,OTHER,2019,University of Gothenburg
https://researchdata.se/en/catalogue/dataset/sites-m94y8jz2nkkwk56kbmlihf02,OTHER,2022,Swedish University of Agricultural Sciences
https://researchdata.se/en/catalogue/dataset/sites-mbvcktipa0zcu9w-kfwaxoo-,OTHER,2025,Stockholm University
https://researchdata.se/en/catalogue/dataset/sites-mb01qsj7srkjziqsfzaujgvs,OTHER,2025,Swedish Polar Research Secretariat
https://researchdata.se/en/catalogue/dataset/sites-m9duqghkhpqo4tmz7neau0wv,OTHER,2025,Swedish University of Agricultural Sciences
https://researchdata.se/en/catalogue/dataset/sites-mak922dr0izqjnbdgtu7b8dd,OTHER,2022,University of Gothenburg
https://researchdata.se/en/catalogue/dataset/sites-mdaelfbn5jgi03ege6sinklo,OTHER,2021,Stockholm University
https://researchdata.se/en/catalogue/dataset/sites-mi66rnsi3u1dgsnd-rjwq9mh,OTHER,2024,Swedish University of Agricultural Sciences
https://researchdata.se/en/catalogue/dataset/sites-mfenbvwskjuypbpgkaiax1bb,OTHER,2024,Swedish Polar Research Secretariat
https://researchdata.se/en/catalogue/dataset/sites-mfqmmk4gwxi3-tkhmhnenxjo,OTHER,2023,Swedish University of Agricultural Sciences
https://researchdata.se/en/catalogue/dataset/sites-mdfpalvqcxblidn0keewq2ak,OTHER,2022,Swedish University of Agricultural Sciences
https://researchdata.se/en/catalogue/dataset/sites-mnsnginyo9qqq3hfhnyqyhzg,OTHER,2024,Swedish University of Agricultural Sciences
https://researchdata.se/en/catalogue/dataset/sites-msyiyocvdmobxf3y--jt3-2o,OTHER,2020,Swedish University of Agricultural Sciences
https://researchdata.se/en/catalogue/dataset/sites-mj1xo71wblg3scr0ivc7hffr,OTHER,2025,Swedish Polar Research Secretariat
https://researchdata.se/en/catalogue/dataset/sites-mrqdh3tun4eg4e9ysxetrj-g,OTHER,2020,University of Gothenburg
https://researchdata.se/en/catalogue/dataset/sites-mubug-qniscbl-kqn92dixxg,OTHER,2020,Uppsala University
https://researchdata.se/en/catalogue/dataset/sites-mtfjj6wa2fhd-eug633bejfz,OTHER,2025,Stockholm University
https://researchdata.se/en/catalogue/dataset/sites-mrs0ovhs9thcimqjwyojuh7h,OTHER,2025,Swedish Polar Research Secretariat
https://researchdata.se/en/catalogue/dataset/sites-muchtxpsi9auojz6wzudjlaq,OTHER,2022,Swedish University of Agricultural Sciences
https://researchdata.se/en/catalogue/dataset/sites-mqcdpe7fcsa1oqwhikrhcgr9,OTHER,2023,Stockholm University
https://researchdata.se/en/catalogue/dataset/sites-mwdvf9jhbquywc2dhxnd5iiq,OTHER,2024,Uppsala University
https://researchdata.se/en/catalogue/dataset/sites-myfqopddbj-cyudt-6yt2g7y,OTHER,2025,Swedish University of Agricultural Sciences
https://researchdata.se/en/catalogue/dataset/sites-myep-g-x3rcxjpuku-kyhs6h,OTHER,2024,Swedish University of Agricultural Sciences
https://researchdata.se/en/catalogue/dataset/sites-n8rlvt7fcvjioml57u2faoyn,OTHER,2022,Swedish University of Agricultural Sciences
https://researchdata.se/en/catalogue/dataset/sites-n3jmvk3ifnnzzpasbkb4l6vt,OTHER,2022,University of Gothenburg
https://researchdata.se/en/catalogue/dataset/sites-myie6rexhhykorzabtercw7-,OTHER,2021,Swedish University of Agricultural Sciences
https://researchdata.se/en/catalogue/dataset/sites-nbuxkviy8j1gyv2k0jaar6qs,OTHER,2025,Swedish University of Agricultural Sciences
https://researchdata.se/en/catalogue/dataset/sites-na8l21a6-9bo7wr3kfnpd6ob,OTHER,2020,Swedish Polar Research Secretariat
https://researchdata.se/en/catalogue/dataset/sites-nbnbj33f-k47ndmcc-0lw9wp,OTHER,2024,Swedish University of Agricultural Sciences
https://researchdata.se/en/catalogue/dataset/sites-n9f64ihbq1uqebdsa3vsejib,OTHER,2022,Stockholm University
https://researchdata.se/en/catalogue/dataset/sites-ncoi4qipdoksfxtmgmbaoqwv,OTHER,2022,Swedish University of Agricultural Sciences
https://researchdata.se/en/catalogue/dataset/sites-nd-esqjku3tdi9ghvc7i-msh,OTHER,2025,Swedish University of Agricultural Sciences
https://researchdata.se/en/catalogue/dataset/sites-nj1rzgs62ffh5d0xpxev-mf1,OTHER,2021,Stockholm University
https://researchdata.se/en/catalogue/dataset/sites-nhs-xekyxuic8p-fnjivweba,OTHER,2024,Swedish University of Agricultural Sciences
https://researchdata.se/en/catalogue/dataset/sites-ncemcjpvcluop4xextst7rff,OTHER,2024,Swedish University of Agricultural Sciences
https://researchdata.se/en/catalogue/dataset/sites-nee-0uk7ro948y8aopofprqh,OTHER,2024,Swedish University of Agricultural Sciences
https://researchdata.se/en/catalogue/dataset/sites-ndr5jkzm7fsfvorhduy7zxzm,OTHER,2022,Swedish University of Agricultural Sciences
https://researchdata.se/en/catalogue/dataset/sites-ndfh-oxnm8b4uzycjyyd9zn-,OTHER,2023,Swedish University of Agricultural Sciences
https://researchdata.se/en/catalogue/dataset/sites-nq2-p1nd5mcbhvaxqvcqovws,OTHER,2025,Swedish University of Agricultural Sciences
https://researchdata.se/en/catalogue/dataset/sites-nmjf5h-ycwy8bbz048nbwp5s,OTHER,2020,Uppsala University
https://researchdata.se/en/catalogue/dataset/sites-nmcj4in9h1vl-yyukhk3dlij,OTHER,2025,Swedish University of Agricultural Sciences
https://researchdata.se/en/catalogue/dataset/sites-nwzjauhrwydyfjhhuljgvnyx,OTHER,2022,Swedish University of Agricultural Sciences
https://researchdata.se/en/catalogue/dataset/sites-nvelomh8r0jqol6-cmeduohf,OTHER,2020,Stockholm University
https://researchdata.se/en/catalogue/dataset/sites-nmug6dxrcqmztag5ihfepukc,OTHER,2024,Uppsala University
https://researchdata.se/en/catalogue/dataset/sites-nt1iegbizpqkxtset78fm8rc,OTHER,2022,Swedish University of Agricultural Sciences
https://researchdata.se/en/catalogue/dataset/sites-nuwbh8hk9-pqasxqrwbmwmwb,OTHER,2023,Swedish University of Agricultural Sciences
https://researchdata.se/en/catalogue/dataset/sites-nxyl4wx8-yfdt9fsadihqh25,OTHER,2022,Swedish University of Agricultural Sciences
https://researchdata.se/en/catalogue/dataset/sites-o4ravg16aw04vxciwuq5cejz,OTHER,2022,University of Gothenburg
https://researchdata.se/en/catalogue/dataset/sites-o-uvftverwn2gay3mgeqs8-d,OTHER,2022,University of Gothenburg
https://researchdata.se/en/catalogue/dataset/sites-o103sjzkcb4eb-4dmumj-9ly,OTHER,2025,University of Gothenburg
https://researchdata.se/en/catalogue/dataset/sites-o25q-busufzgbkyp4ysbg9nf,OTHER,2024,Swedish University of Agricultural Sciences
https://researchdata.se/en/catalogue/dataset/sites-o32wlozsbizxm3vzfmtrx3zd,OTHER,2022,University of Gothenburg
https://researchdata.se/en/catalogue/dataset/sites-o8dmlhrmikutq-jt0dctz2bw,OTHER,2022,Stockholm University
https://researchdata.se/en/catalogue/dataset/sites-o8-uz-jbi7ko-w2ldkqntfvw,OTHER,2022,Swedish University of Agricultural Sciences
https://researchdata.se/en/catalogue/dataset/sites-o8lw7zbmhj-qahxi-l60piqq,OTHER,2024,Swedish University of Agricultural Sciences
https://researchdata.se/en/catalogue/dataset/sites-odssak4faj9t3zrsjwfowz3z,OTHER,2024,University of Gothenburg
https://researchdata.se/en/catalogue/dataset/sites-oe11igp0lsiipdbqaeppz-os,OTHER,2025,Swedish University of Agricultural Sciences
https://researchdata.se/en/catalogue/dataset/sites-o9natafbaj59a-pokqiaodac,OTHER,2025,University of Gothenburg
https://researchdata.se/en/catalogue/dataset/sites-onspsuwvk1u4vtgoansowsac,OTHER,2024,Uppsala University
https://researchdata.se/en/catalogue/dataset/sites-onpa1vqc8j0ysmyxntnsbeen,OTHER,2025,Swedish Polar Research Secretariat
https://researchdata.se/en/catalogue/dataset/sites-oo-xjetuzi3czxi0hgvyf07d,OTHER,2022,Swedish University of Agricultural Sciences
https://researchdata.se/en/catalogue/dataset/sites-ol7g8xud95cnwm5zfeuouwnh,OTHER,2025,Swedish Polar Research Secretariat
https://researchdata.se/en/catalogue/dataset/sites-oqounpxrxa8u8o7kaxwibrbl,OTHER,2025,Uppsala University
https://researchdata.se/en/catalogue/dataset/sites-orlzqapj71ad6hfp1tyihv0s,OTHER,2022,Swedish University of Agricultural Sciences
https://researchdata.se/en/catalogue/dataset/sites-orh-pnidm87ua6tdggfh6s1-,OTHER,2024,University of Gothenburg
https://researchdata.se/en/catalogue/dataset/sites-oqtuvccxlodlba9m8ntsqil9,OTHER,2022,Swedish Polar Research Secretariat
https://researchdata.se/en/catalogue/dataset/sites-osbjfpqivpvscidg-4-zy9oy,OTHER,2022,University of Gothenburg
https://researchdata.se/en/catalogue/dataset/sites-os4jgewp6oqps8ql9uwkxljj,OTHER,2025,Swedish University of Agricultural Sciences
https://researchdata.se/en/catalogue/dataset/sites-ou3aljey5hoepl4u2c7-eyse,OTHER,2025,University of Gothenburg
https://researchdata.se/en/catalogue/dataset/sites-otrdjd3eacr524ophmnjt-fp,OTHER,2022,University of Gothenburg
https://researchdata.se/en/catalogue/dataset/sites-ot4js86yq47vwmzu-4coctwb,OTHER,2020,Uppsala University
https://researchdata.se/en/catalogue/dataset/sites-oti0lto5zopavq3sagr0-opj,OTHER,2020,Uppsala University
https://researchdata.se/en/catalogue/dataset/sites-p-veqerdh7pzx-kym-atjj5a,OTHER,2025,Swedish University of Agricultural Sciences
https://researchdata.se/en/catalogue/dataset/sites-ov8l9gfmjjtskpkejit7btsc,OTHER,2022,University of Gothenburg
https://researchdata.se/en/catalogue/dataset/sites-owc0eqehda7q3nfruu8-9zd8,OTHER,2023,Swedish University of Agricultural Sciences
https://researchdata.se/en/catalogue/dataset/sites-ouog-q4tjz8yxiqlcemro3oy,OTHER,2020,Uppsala University
https://researchdata.se/en/catalogue/dataset/sites-p4-x7jvwiiu82xh4udwycqbn,OTHER,2025,Stockholm University
https://researchdata.se/en/catalogue/dataset/sites-p7dqyn9mv0qvb7wgineskeli,OTHER,2025,Sweden Water Research
https://researchdata.se/en/catalogue/dataset/sites-padgrzevbfb8-evqv6e0xd4j,OTHER,2025,Swedish University of Agricultural Sciences
https://researchdata.se/en/catalogue/dataset/sites-pbtaxpft-rsmnitsc2telm1z,OTHER,2022,Swedish University of Agricultural Sciences
https://researchdata.se/en/catalogue/dataset/sites-pf-injp6fwku0bzi6jiqxeje,OTHER,2024,Swedish University of Agricultural Sciences
https://researchdata.se/en/catalogue/dataset/sites-pcnuacqa3xqnfvl38dqol5-b,OTHER,2019,University of Gothenburg
https://researchdata.se/en/catalogue/dataset/sites-pcktfwoohb-3daivpiixwoiu,OTHER,2022,Swedish University of Agricultural Sciences
https://researchdata.se/en/catalogue/dataset/sites-pdyzyqfuxuw1e9gpdhlzj-xe,OTHER,2021,Swedish Polar Research Secretariat
https://researchdata.se/en/catalogue/dataset/sites-pdrz9kgcdnpzgy6ecfjxpuuy,OTHER,2019,Swedish University of Agricultural Sciences
https://researchdata.se/en/catalogue/dataset/sites-pftudbs90g9o60w0z7ux6fkz,OTHER,2025,Stockholm University
https://researchdata.se/en/catalogue/dataset/sites-pf8-u-nf3rvlrd5gpopaeal6,OTHER,2024,Swedish University of Agricultural Sciences
https://researchdata.se/en/catalogue/dataset/sites-pffpfw9ox-7txumyvrj9eqd6,OTHER,2025,Stockholm University
https://researchdata.se/en/catalogue/dataset/sites-pk15cb5g-zq9xqazam5-iuuc,OTHER,2020,Uppsala University
https://researchdata.se/en/catalogue/dataset/sites-phgvb3qk903rn6n3xs9ao-va,OTHER,2025,Swedish University of Agricultural Sciences
https://researchdata.se/en/catalogue/dataset/sites-pg3jj6fnrx9dj46-hcmegk-4,OTHER,2022,Swedish Polar Research Secretariat
https://researchdata.se/en/catalogue/dataset/sites-pnglwxsw7aawiqxnzgjsxwc9,OTHER,2025,Sweden Water Research
https://researchdata.se/en/catalogue/dataset/sites-pl1yhzyewu0shtrtimfp0wah,OTHER,2023,Swedish University of Agricultural Sciences
https://researchdata.se/en/catalogue/dataset/sites-pmg7jhy3vyeeopln-5yhf4mu,OTHER,2024,Swedish University of Agricultural Sciences
https://researchdata.se/en/catalogue/dataset/sites-pi3hj2pm9ekyhpgar66-zxis,OTHER,2022,Uppsala University
https://researchdata.se/en/catalogue/dataset/sites-po4yzohuhe5gi8wq8n-e--5p,OTHER,2025,University of Gothenburg
https://researchdata.se/en/catalogue/dataset/sites-pncmdjgcazphb3jsed0ebrtz,OTHER,2025,Uppsala University
https://researchdata.se/en/catalogue/dataset/sites-prln9n6tbfitsfmgmzgqxsst,OTHER,2025,Swedish University of Agricultural Sciences
https://researchdata.se/en/catalogue/dataset/sites-pquigq71o1huoxff-vssvrax,OTHER,2020,University of Gothenburg
https://researchdata.se/en/catalogue/dataset/sites-ptxcnab03oeriopfoswgb1z0,OTHER,2025,University of Gothenburg
https://researchdata.se/en/catalogue/dataset/sites-psu6wekucq5u6jau55oy4hxy,OTHER,2025,Stockholm University
https://researchdata.se/en/catalogue/dataset/sites-pu2tskr-dm2kvevs-ucuv3-g,OTHER,2022,Swedish University of Agricultural Sciences
https://researchdata.se/en/catalogue/dataset/sites-pu7qk3ngqdjlr7-xkufg9spe,OTHER,2025,University of Gothenburg
https://researchdata.se/en/catalogue/dataset/sites-pza-hgz8jqddhgbn-ptexie4,OTHER,2022,Swedish Polar Research Secretariat
https://researchdata.se/en/catalogue/dataset/sites-pwsqjqoznfofkemzu5wgwa4o,OTHER,2025,Swedish University of Agricultural Sciences
https://researchdata.se/en/catalogue/dataset/sites-q0viccmtfwwuuxtff2fvd3bm,OTHER,2025,Stockholm University
https://researchdata.se/en/catalogue/dataset/sites-pv0vaolghipqpwlusg22429m,OTHER,2019,Swedish University of Agricultural Sciences
https://researchdata.se/en/catalogue/dataset/sites-q53rapwnsu3k5--eyo4p9qub,OTHER,2022,University of Gothenburg
https://researchdata.se/en/catalogue/dataset/sites-q2oud2-0b8sj-go45kgg9pnv,OTHER,2023,Swedish University of Agricultural Sciences
https://researchdata.se/en/catalogue/dataset/sites-q1gwv-bhbtsjgm03wu1rtgwx,OTHER,2025,Swedish Polar Research Secretariat
https://researchdata.se/en/catalogue/dataset/sites-q1nnfrw8eb8gwhva40kez84b,OTHER,2024,Swedish University of Agricultural Sciences
https://researchdata.se/en/catalogue/dataset/sites-q3bcqvg0smph7vkuuwonorus,OTHER,2022,University of Gothenburg
https://researchdata.se/en/catalogue/dataset/sites-q13iodebfqugbnkbxgcegunl,OTHER,2022,Swedish University of Agricultural Sciences
https://researchdata.se/en/catalogue/dataset/sites-q90zxfpizso2lqswl0qx83z2,OTHER,2021,Swedish University of Agricultural Sciences
https://researchdata.se/en/catalogue/dataset/sites-qaphc9ujheufwk4tizddrmdw,OTHER,2023,Swedish University of Agricultural Sciences
https://researchdata.se/en/catalogue/dataset/sites-qdbohasmjrmn--zbfxul17da,OTHER,2022,University of Gothenburg
https://researchdata.se/en/catalogue/dataset/sites-qcgbar0r4dxpgwzoovlfsn1b,OTHER,2024,Swedish University of Agricultural Sciences
https://researchdata.se/en/catalogue/dataset/sites-qbfh-ug4msgp2t-jxcjmreoz,OTHER,2025,Swedish University of Agricultural Sciences
https://researchdata.se/en/catalogue/dataset/sites-qdsxgjhjkc8xpzzem7lrv1qk,OTHER,2023,Swedish University of Agricultural Sciences
https://researchdata.se/en/catalogue/dataset/sites-qg0ixifi3w1rantxiymg9nu8,OTHER,2025,Swedish University of Agricultural Sciences
https://researchdata.se/en/catalogue/dataset/sites-qi9malhowrtlrgrfxsxljlu2,OTHER,2022,Swedish Polar Research Secretariat
https://researchdata.se/en/catalogue/dataset/sites-qggycyhpvr7vinx1vyyrpzt3,OTHER,2025,Swedish University of Agricultural Sciences
https://researchdata.se/en/catalogue/dataset/sites-qgzt7vi2u4l2ys4whci1s32m,OTHER,2022,University of Gothenburg
https://researchdata.se/en/catalogue/dataset/sites-qin-uh06tjaofilpj5ymgr73,OTHER,2022,University of Gothenburg
https://researchdata.se/en/catalogue/dataset/sites-qj6scxo-m4fxircpadcx729u,OTHER,2023,Swedish Polar Research Secretariat
https://researchdata.se/en/catalogue/dataset/sites-qj8dm5f00lscmzhwhp9f0dh5,OTHER,2021,Swedish Polar Research Secretariat
https://researchdata.se/en/catalogue/dataset/sites-qjbdxee1hj-7bl13pokms5yq,OTHER,2022,Stockholm University
https://researchdata.se/en/catalogue/dataset/sites-qo-ii85ounh5iznxbtp3mqtx,OTHER,2025,Swedish University of Agricultural Sciences
https://researchdata.se/en/catalogue/dataset/sites-qkgmgzt-f27m6fglf7f4syhh,OTHER,2025,Stockholm University
https://researchdata.se/en/catalogue/dataset/sites-qjvjqkjt68ckf5nktjdjkub3,OTHER,2022,Swedish Polar Research Secretariat
https://researchdata.se/en/catalogue/dataset/sites-qn1xtczxdrn0scrohtf5rvfs,OTHER,2025,Swedish University of Agricultural Sciences
https://researchdata.se/en/catalogue/dataset/sites-qq6lgjqbmfutjum1942p9aww,OTHER,2022,Swedish University of Agricultural Sciences
https://researchdata.se/en/catalogue/dataset/sites-qoajnnstjqaezvpopzfrhc1o,OTHER,2024,Swedish University of Agricultural Sciences
https://researchdata.se/en/catalogue/dataset/sites-qlgbxsqch6uyruyt6tsf37-0,OTHER,2022,University of Gothenburg
https://researchdata.se/en/catalogue/dataset/sites-qtqsqr6-z4iaphh4wxvqjyyl,OTHER,2023,Swedish University of Agricultural Sciences
https://researchdata.se/en/catalogue/dataset/sites-qthu8b5arn13kzcei0pgjvof,OTHER,2021,Swedish University of Agricultural Sciences
https://researchdata.se/en/catalogue/dataset/sites-qrtw6wb-n5bbgtbxupwjldqt,OTHER,2025,Stockholm University
https://researchdata.se/en/catalogue/dataset/sites-qwvrzwrh7kdqzhqpqref62wb,OTHER,2022,Swedish University of Agricultural Sciences
https://researchdata.se/en/catalogue/dataset/sites-qvlqjafpdn2xc-c10qe-i15c,OTHER,2025,Swedish University of Agricultural Sciences
https://researchdata.se/en/catalogue/dataset/sites-qvp6ag61f-ewm3i0vn5qlwu7,OTHER,2020,Uppsala University
https://researchdata.se/en/catalogue/dataset/sites-qyvgg7f-739-w71vr-fw-9il,OTHER,2020,Uppsala University
https://researchdata.se/en/catalogue/dataset/sites-r46mnd20v4rwukaznstfzriz,OTHER,2025,Swedish University of Agricultural Sciences
https://researchdata.se/en/catalogue/dataset/sites-r3gd4ymar5lbxqbtn833px9k,OTHER,2021,Swedish University of Agricultural Sciences
https://researchdata.se/en/catalogue/dataset/sites-r9itp-sfr7yn-pbedsjaazog,OTHER,2024,Swedish Polar Research Secretariat
https://researchdata.se/en/catalogue/dataset/sites-r8fhs3mvw-jypk6mlvu0osex,OTHER,2025,Swedish University of Agricultural Sciences
https://researchdata.se/en/catalogue/dataset/sites-razpa6wdntgd7fncu1wlwa0l,OTHER,2025,Swedish Polar Research Secretariat
https://researchdata.se/en/catalogue/dataset/sites-r6lbpla47iuwvhdxtuj2v2v5,OTHER,2025,Swedish University of Agricultural Sciences
https://researchdata.se/en/catalogue/dataset/sites-rbm-x9jdwcea1vst0gq6csi5,OTHER,2022,University of Gothenburg
https://researchdata.se/en/catalogue/dataset/sites-rctjvtnkwxizxg39evbwcdlr,OTHER,2025,University of Gothenburg
https://researchdata.se/en/catalogue/dataset/sites-rdavjltd58myscohjankakg0,OTHER,2025,Stockholm University
https://researchdata.se/en/catalogue/dataset/sites-rf42tlo548byoaqn2luokce4,OTHER,2025,Swedish University of Agricultural Sciences
https://researchdata.se/en/catalogue/dataset/sites-rbrfekawd-d8d-ot8-6xytst,OTHER,2025,Uppsala University
https://researchdata.se/en/catalogue/dataset/sites-rfakq6zonc5mx-uqe2z8oslz,OTHER,2024,Uppsala University
https://researchdata.se/en/catalogue/dataset/sites-rjtsioc1wfpvdst-puevtxxh,OTHER,2022,Swedish Polar Research Secretariat
https://researchdata.se/en/catalogue/dataset/sites-rilakvcfwjte1801c7sl0ynm,OTHER,2023,Swedish University of Agricultural Sciences
https://researchdata.se/en/catalogue/dataset/sites-ritt1tw7qi9ljoppqiifwsfg,OTHER,2025,Stockholm University
https://researchdata.se/en/catalogue/dataset/sites-rlma2tqwdsmqfvrvwtldmgy0,OTHER,2023,Swedish University of Agricultural Sciences
https://researchdata.se/en/catalogue/dataset/sites-rmrvmrzew3itdn-ss8dyxfza,OTHER,2022,Swedish Polar Research Secretariat
https://researchdata.se/en/catalogue/dataset/sites-rmvtnnzro-v23cnwbbnfyedi,OTHER,2024,University of Gothenburg
https://researchdata.se/en/catalogue/dataset/sites-robm7auk9-tz8poja4csuf5v,OTHER,2025,Stockholm University
https://researchdata.se/en/catalogue/dataset/sites-rlmhkp9vkqqm4ylzstekjdr5,OTHER,2023,University of Gothenburg
https://researchdata.se/en/catalogue/dataset/sites-roruajazz1qvoi-zr235g7mt,OTHER,2023,Swedish University of Agricultural Sciences
https://researchdata.se/en/catalogue/dataset/sites-rrm9c842fowvfcw7gklrtavq,OTHER,2025,Swedish University of Agricultural Sciences
https://researchdata.se/en/catalogue/dataset/sites-rp0fxqmtf3wdp954ybcehub9,OTHER,2025,Swedish University of Agricultural Sciences
https://researchdata.se/en/catalogue/dataset/sites-rpfnvr4qobtvk7-m0ie1q67a,OTHER,2023,Uppsala University
https://researchdata.se/en/catalogue/dataset/sites-rthtspxucnanc3vzzcfajkxi,OTHER,2023,Stockholm University
https://researchdata.se/en/catalogue/dataset/sites-rokbtgpztli3i8u929lrdapn,OTHER,2021,Swedish Polar Research Secretariat
https://researchdata.se/en/catalogue/dataset/sites-rs6ehfg8im-7ra2vwaeqru9d,OTHER,2023,Swedish University of Agricultural Sciences
https://researchdata.se/en/catalogue/dataset/sites-rthv-ozf1uot0wemxczvnr4p,OTHER,2022,University of Gothenburg
https://researchdata.se/en/catalogue/dataset/sites-ruxfnr2oiwhpdxkl5eiloswk,OTHER,2025,Swedish University of Agricultural Sciences
https://researchdata.se/en/catalogue/dataset/sites-rxag8xegn4ggny0jkefq-nbq,OTHER,2025,Stockholm University
https://researchdata.se/en/catalogue/dataset/sites-s-exu2062xddjmkgmas1klgy,OTHER,2025,Swedish Polar Research Secretariat
https://researchdata.se/en/catalogue/dataset/sites-rxf5jiospo1mv-pjhwzkqtc,OTHER,2020,Stockholm University
https://researchdata.se/en/catalogue/dataset/sites-ruovzl3bflxrh3dfdwm31w8a,OTHER,2022,University of Gothenburg
https://researchdata.se/en/catalogue/dataset/sites-ru9wjsljnr7smymglqhhfdhe,OTHER,2025,Stockholm University
https://researchdata.se/en/catalogue/dataset/sites-s2pkgta-9bycuzgcktovkdov,OTHER,2023,Swedish University of Agricultural Sciences
https://researchdata.se/en/catalogue/dataset/sites-s4nje6vxpmjw3bgysq-sql1m,OTHER,2024,University of Gothenburg
https://researchdata.se/en/catalogue/dataset/sites-s-cjcwulrjra2tfh-7dupfum,OTHER,2022,Swedish University of Agricultural Sciences
https://researchdata.se/en/catalogue/dataset/sites-s9ua4u5kaujrtaa9wm5az5md,OTHER,2023,Uppsala University
https://researchdata.se/en/catalogue/dataset/sites-skmiv1izvkw5jkw-pfoxoydp,OTHER,2022,University of Gothenburg
https://researchdata.se/en/catalogue/dataset/sites-sc-66ztxchejudq92pih9vee,OTHER,2024,Swedish University of Agricultural Sciences
https://researchdata.se/en/catalogue/dataset/sites-siaaygtmdtfpz9aq0bxnrmde,OTHER,2023,Swedish University of Agricultural Sciences
https://researchdata.se/en/catalogue/dataset/sites-slxdqo-0ewpa64bxa6zw3vwg,OTHER,2025,Stockholm University
https://researchdata.se/en/catalogue/dataset/sites-spwycvbggflbthbr-peesvgb,OTHER,2022,Swedish Polar Research Secretariat
https://researchdata.se/en/catalogue/dataset/sites-srhco45jjwgv4aoy33sma1y4,OTHER,2023,Swedish University of Agricultural Sciences
https://researchdata.se/en/catalogue/dataset/sites-snx0oyk9thmh9o-nsvvt0xt2,OTHER,2024,Uppsala University
https://researchdata.se/en/catalogue/dataset/sites-srx-mf-rt6jwmszr14ouicdb,OTHER,2024,Swedish Polar Research Secretariat
https://researchdata.se/en/catalogue/dataset/sites-sova1cvtwdlyngj3mnfcshxx,OTHER,2024,Swedish University of Agricultural Sciences
https://researchdata.se/en/catalogue/dataset/sites-sstlrsk9oqyi88u-08bzy7eu,OTHER,2022,University of Gothenburg
https://researchdata.se/en/catalogue/dataset/sites-suvbzsaw-tt1ji8im6p-dqjv,OTHER,2023,Stockholm University
https://researchdata.se/en/catalogue/dataset/sites-srgvudsriojpjknlrgxygvyr,OTHER,2025,Swedish University of Agricultural Sciences
https://researchdata.se/en/catalogue/dataset/sites-svnnoh0-nkp-ezoo-ytrcwgx,OTHER,2025,University of Gothenburg
https://researchdata.se/en/catalogue/dataset/sites-ssmjvpk-dj5gzq7an2y2zzjp,OTHER,2025,Swedish University of Agricultural Sciences
https://researchdata.se/en/catalogue/dataset/sites-sstwkjajrjeltsenu1vocmmj,OTHER,2025,Uppsala University
https://researchdata.se/en/catalogue/dataset/sites-sxyajwphk-r-fx-y2jyupwfv,OTHER,2023,Uppsala University
https://researchdata.se/en/catalogue/dataset/sites-t-jy5dl9wctm0jytqrig3o8g,OTHER,2025,Stockholm University
https://researchdata.se/en/catalogue/dataset/sites-szox6jnr3pq4hocsn8psii6c,OTHER,2025,Swedish University of Agricultural Sciences
https://researchdata.se/en/catalogue/dataset/sites-sywgw9sejwixibwpfkcg41c-,OTHER,2023,Uppsala University
https://researchdata.se/en/catalogue/dataset/sites-t0aejcjn3ruxzcvdy6x8kwi5,OTHER,2025,Swedish Polar Research Secretariat
https://researchdata.se/en/catalogue/dataset/sites-t4z1lnxtvocnxg4-0ix01khw,OTHER,2022,Swedish Polar Research Secretariat
https://researchdata.se/en/catalogue/dataset/sites-t1ydghgthuq8xadv8usvbaql,OTHER,2025,Stockholm University
https://researchdata.se/en/catalogue/dataset/sites-t4tn5vq1satwgtcr9smkezpl,OTHER,2025,University of Gothenburg
https://researchdata.se/en/catalogue/dataset/sites-td7qzxdplp-vtaq-9ph3cngx,OTHER,2025,Swedish University of Agricultural Sciences
https://researchdata.se/en/catalogue/dataset/sites-tdpt13jynruduqmcth2yisg3,OTHER,2022,Swedish Polar Research Secretariat
https://researchdata.se/en/catalogue/dataset/sites-tl5vgfbhk2ioh4r0i97f1qu6,OTHER,2022,Uppsala University
https://researchdata.se/en/catalogue/dataset/sites-t97iy9fvic6oqbfto-x7qyio,OTHER,2024,Swedish University of Agricultural Sciences
https://researchdata.se/en/catalogue/dataset/sites-tl-vu-8nbktloaqgh9qiiams,OTHER,2022,Swedish University of Agricultural Sciences
https://researchdata.se/en/catalogue/dataset/sites-tkq3-lranwajodd6lyc3nkzf,OTHER,2022,University of Gothenburg
https://researchdata.se/en/catalogue/dataset/sites-tirzt7ss3ncpyghuowix0rdj,OTHER,2025,Swedish Polar Research Secretariat
https://researchdata.se/en/catalogue/dataset/sites-tdscuvqs9liiidaobcs70pld,OTHER,2024,Swedish University of Agricultural Sciences
https://researchdata.se/en/catalogue/dataset/sites-tnce0auhp-6mzlfloztbs-a,OTHER,2023,Swedish Polar Research Secretariat
https://researchdata.se/en/catalogue/dataset/sites-to-nfrx5ndziw0lrlqz-qjlu,OTHER,2025,Swedish Polar Research Secretariat
https://researchdata.se/en/catalogue/dataset/sites-tr3sby17ln9pktloeszpdz-p,OTHER,2024,University of Gothenburg
https://researchdata.se/en/catalogue/dataset/sites-tlwlfurkan9wrqoaaxsbrsd4,OTHER,2021,Swedish University of Agricultural Sciences
https://researchdata.se/en/catalogue/dataset/sites-trhwfijlhwelk-22pmhuqbnf,OTHER,2022,Uppsala University
https://researchdata.se/en/catalogue/dataset/sites-twuoqw7vyvs3gqgvxipakrbk,OTHER,2024,Swedish University of Agricultural Sciences
https://researchdata.se/en/catalogue/dataset/sites-txz10sftzcx6f2ifq3zbjz-r,OTHER,2025,University of Gothenburg
https://researchdata.se/en/catalogue/dataset/sites-tuhorwiorc1lfhsgo5pj70yz,OTHER,2022,Swedish University of Agricultural Sciences
https://researchdata.se/en/catalogue/dataset/sites-u4o8krpkeikw5rsficjzeegx,OTHER,2020,Swedish Polar Research Secretariat
https://researchdata.se/en/catalogue/dataset/sites-tykoe43qfdjuqfn1x7mx2k6z,OTHER,2022,Swedish University of Agricultural Sciences
https://researchdata.se/en/catalogue/dataset/sites-u6mcbuui4e7rdel39lb94fn7,OTHER,2022,Swedish University of Agricultural Sciences
https://researchdata.se/en/catalogue/dataset/sites-u7wwt831lr2ocqr24hsxfyut,OTHER,2024,University of Gothenburg
https://researchdata.se/en/catalogue/dataset/sites-u-u-kjhzt97tm95-oqqlhbth,OTHER,2022,Swedish University of Agricultural Sciences
https://researchdata.se/en/catalogue/dataset/sites-uakhsegsdnvkduz-qombqx-h,OTHER,2023,Swedish University of Agricultural Sciences
https://researchdata.se/en/catalogue/dataset/sites-ubi9kslqohpoo22-oz5tqdfy,OTHER,2025,Stockholm University
https://researchdata.se/en/catalogue/dataset/sites-u8tlsls5ehtjblpeldr3kmem,OTHER,2022,Swedish Polar Research Secretariat
https://researchdata.se/en/catalogue/dataset/sites-ub3pkprsg61ltpg83cax58pi,OTHER,2025,Stockholm University
https://researchdata.se/en/catalogue/dataset/sites-uilbviovusnbizgcph5yziwk,OTHER,2025,University of Gothenburg
https://researchdata.se/en/catalogue/dataset/sites-uiru3hliv6t-7fxt6xes8w0i,OTHER,2025,Stockholm University
https://researchdata.se/en/catalogue/dataset/sites-uibfcxhc9zhfg5xrijzfjmhu,OTHER,2025,University of Gothenburg
https://researchdata.se/en/catalogue/dataset/sites-ubxics7pxu0bkq5s543mydbh,OTHER,2022,Stockholm University
https://researchdata.se/en/catalogue/dataset/sites-uklhcf4paaqgfqfv5zjf7zhu,OTHER,2024,Swedish University of Agricultural Sciences
https://researchdata.se/en/catalogue/dataset/sites-umhxihupqceoa9dnqvp53u0z,OTHER,2023,Swedish University of Agricultural Sciences
https://researchdata.se/en/catalogue/dataset/sites-ujkbwqgisotskbzqw1rezwpz,OTHER,2025,Swedish University of Agricultural Sciences
https://researchdata.se/en/catalogue/dataset/sites-ujlsa5jjt9uwpm-ng10qasia,OTHER,2024,Swedish University of Agricultural Sciences
https://researchdata.se/en/catalogue/dataset/sites-ujrwasdx2v0uguuopmmgfobx,OTHER,2022,Swedish Polar Research Secretariat
https://researchdata.se/en/catalogue/dataset/sites-ulca45mcsbfhtlafluapaty6,OTHER,2022,Swedish University of Agricultural Sciences
https://researchdata.se/en/catalogue/dataset/sites-ul6seqgb6thugyncrpbcdssn,OTHER,2025,Stockholm University
https://researchdata.se/en/catalogue/dataset/sites-unppep48dqqo-xmr2z2nulfa,OTHER,2024,Swedish University of Agricultural Sciences
https://researchdata.se/en/catalogue/dataset/sites-uo246mebyjqkxjkei9yciudc,OTHER,2025,University of Gothenburg
https://researchdata.se/en/catalogue/dataset/sites-un4xqicttoqc8cpdiny3s0tg,OTHER,2022,Swedish Polar Research Secretariat
https://researchdata.se/en/catalogue/dataset/sites-upb0brg0qvzc4g5xfxgnjt3p,OTHER,2022,Uppsala University
https://researchdata.se/en/catalogue/dataset/sites-uojryb6tbqj7pp3njtc7ie0h,OTHER,2022,Uppsala University
https://researchdata.se/en/catalogue/dataset/sites-ur5dj21dvpume2d2-ioi8ug8,OTHER,2022,Swedish University of Agricultural Sciences
https://researchdata.se/en/catalogue/dataset/sites-uptuxwlnasguhzf2qm54ixny,OTHER,2022,Stockholm University
https://researchdata.se/en/catalogue/dataset/sites-upuz1gr4zgbz5kejgxuddtte,OTHER,2024,Swedish University of Agricultural Sciences
https://researchdata.se/en/catalogue/dataset/sites-uskpulrpihvxxswouv7qleal,OTHER,2025,Swedish Polar Research Secretariat
https://researchdata.se/en/catalogue/dataset/sites-utuheaws0-frfpv6v6ohyhht,OTHER,2022,University of Gothenburg
https://researchdata.se/en/catalogue/dataset/sites-uuv45e-unv6vvyet9h6pyq3a,OTHER,2020,Uppsala University
https://researchdata.se/en/catalogue/dataset/sites-utetna8wfnawqxje8xzlqwrn,OTHER,2021,Swedish University of Agricultural Sciences
https://researchdata.se/en/catalogue/dataset/sites-uttrnctrl9-62d71uksyxhtg,OTHER,2024,University of Gothenburg
https://researchdata.se/en/catalogue/dataset/sites-uzqwbldmtcu2mogxruejhb0h,OTHER,2021,Swedish University of Agricultural Sciences
https://researchdata.se/en/catalogue/dataset/sites-uxjrqop6dp-tunlvfgoioeih,OTHER,2025,Stockholm University
https://researchdata.se/en/catalogue/dataset/sites-v5xyn6w5q9swxdwcesewgewh,OTHER,2025,University of Gothenburg
https://researchdata.se/en/catalogue/dataset/sites-v4qdzj6ftm34fx0k6dpjanqs,OTHER,2025,Stockholm University
https://researchdata.se/en/catalogue/dataset/sites-v92v6py3jktmrcksvpnmvxzj,OTHER,2022,University of Gothenburg
https://researchdata.se/en/catalogue/dataset/sites-v-gf-0cfk9wyj2qxfcubqcvr,OTHER,2025,Swedish University of Agricultural Sciences
https://researchdata.se/en/catalogue/dataset/sites-vanpx4a8n5cwu5cxaqi0pmfk,OTHER,2020,Swedish University of Agricultural Sciences
https://researchdata.se/en/catalogue/dataset/sites-v8bmjoe4t0q0fl-jsrkdoazs,OTHER,2025,University of Gothenburg
https://researchdata.se/en/catalogue/dataset/sites-v9pg-afxf2heuq1n6iluezh3,OTHER,2023,Swedish University of Agricultural Sciences
https://researchdata.se/en/catalogue/dataset/sites-vi3vfbxchntiflpskwilhvk7,OTHER,2025,Stockholm University
https://researchdata.se/en/catalogue/dataset/sites-vcwzh8cc3s3xr0-bdxjp-hau,OTHER,2025,Swedish University of Agricultural Sciences
https://researchdata.se/en/catalogue/dataset/sites-vbiai9cszs5jaalhhlmvk4bt,OTHER,2025,Swedish Polar Research Secretariat
https://researchdata.se/en/catalogue/dataset/sites-vgdvm4izy4isko1wbjchjt-b,OTHER,2025,University of Gothenburg
https://researchdata.se/en/catalogue/dataset/sites-vflkdvj4bksm0kc6htofkpxg,OTHER,2025,Stockholm University
https://researchdata.se/en/catalogue/dataset/sites-vmcedfdmup9xlzrjrvzfgv1g,OTHER,2020,Stockholm University
https://researchdata.se/en/catalogue/dataset/sites-vfyacvs6qqcfrusf23etjr4r,OTHER,2022,University of Gothenburg
https://researchdata.se/en/catalogue/dataset/sites-vecsxm08won6hvkq9tgk2ngh,OTHER,2024,University of Gothenburg
https://researchdata.se/en/catalogue/dataset/sites-vkezenpstvqv6846qqgvr0lo,OTHER,2022,University of Gothenburg
https://researchdata.se/en/catalogue/dataset/sites-vunv6w9jy8cbludvrcfhjpp8,OTHER,2024,Uppsala University
https://researchdata.se/en/catalogue/dataset/sites-vswfa-qmcyecskrpqifm8cb,OTHER,2022,University of Gothenburg
https://researchdata.se/en/catalogue/dataset/sites-vqdox-l6yt8iq5mmf3opfhdl,OTHER,2022,University of Gothenburg
https://researchdata.se/en/catalogue/dataset/sites-vvvtqih2ul8u92rjps0zlbbf,OTHER,2024,University of Gothenburg
https://researchdata.se/en/catalogue/dataset/sites-vurwpyj-u-v2mtyep65tnxgy,OTHER,2024,Swedish Polar Research Secretariat
https://researchdata.se/en/catalogue/dataset/sites-vwyl-9fv0sammamd2qljovrb,OTHER,2022,Swedish University of Agricultural Sciences
https://researchdata.se/en/catalogue/dataset/sites-vv0m3vbm2tg-ib40gegs4vc0,OTHER,2022,Swedish University of Agricultural Sciences
https://researchdata.se/en/catalogue/dataset/sites-w-vyjnvkxhbbhu9mutrig9mj,OTHER,2020,Uppsala University
https://researchdata.se/en/catalogue/dataset/sites-vzzmmwyjs23ksyu5gm3wg-qm,OTHER,2025,Swedish University of Agricultural Sciences
https://researchdata.se/en/catalogue/dataset/sites-vzehf7dakak2gyf33t2fu0hq,OTHER,2023,Swedish University of Agricultural Sciences
https://researchdata.se/en/catalogue/dataset/sites-vz0cfjzbbfdvmyartl5qlmgy,OTHER,2024,Sweden Water Research
https://researchdata.se/en/catalogue/dataset/sites-w1di9z4rhvxirqr7fxm02trb,OTHER,2025,Uppsala University
https://researchdata.se/en/catalogue/dataset/sites-w08ctw9sqsz2cqgqigg45tdd,OTHER,2025,Swedish University of Agricultural Sciences
https://researchdata.se/en/catalogue/dataset/sites-w0nboaheancjskhnpd3vtbx2,OTHER,2022,Swedish Polar Research Secretariat
https://researchdata.se/en/catalogue/dataset/sites-w3rrqrg-edbqlu89ln1yznob,OTHER,2022,University of Gothenburg
https://researchdata.se/en/catalogue/dataset/sites-w2lndmrvxnol32ldjx4cfzlo,OTHER,2025,University of Gothenburg
https://researchdata.se/en/catalogue/dataset/sites-w2tyvp-vat-uu0okdrskpjyx,OTHER,2023,Swedish Polar Research Secretariat
https://researchdata.se/en/catalogue/dataset/sites-w6qhzyiehgamljdske9l8thb,OTHER,2022,Uppsala University
https://researchdata.se/en/catalogue/dataset/sites-wbmqmqv3f1prykjnwydrmeg5,OTHER,2024,Swedish University of Agricultural Sciences
https://researchdata.se/en/catalogue/dataset/sites-w9ty-e3snm7dhmpqzqdaapmc,OTHER,2024,Swedish University of Agricultural Sciences
https://researchdata.se/en/catalogue/dataset/sites-waosbu9qovnnufup50fnj-l6,OTHER,2022,University of Gothenburg
https://researchdata.se/en/catalogue/dataset/sites-wavgjantxbr3x056lewzp7b9,OTHER,2020,Swedish Polar Research Secretariat
https://researchdata.se/en/catalogue/dataset/sites-wbwhlgdqpf8hrzfdmsotmvcz,OTHER,2024,University of Gothenburg
https://researchdata.se/en/catalogue/dataset/sites-whzapm51nx4o-ro7p9elkvbw,OTHER,2020,Stockholm University
https://researchdata.se/en/catalogue/dataset/sites-wbvlf0bwapz89s3pwdilr-hi,OTHER,2020,Uppsala University
https://researchdata.se/en/catalogue/dataset/sites-wetwx2gavntswpjhp3jqko3n,OTHER,2025,Swedish University of Agricultural Sciences
https://researchdata.se/en/catalogue/dataset/sites-wdjwsh0joqsphribqsc5w5ks,OTHER,2025,Swedish University of Agricultural Sciences
https://researchdata.se/en/catalogue/dataset/sites-whcdm-jhydmzhoumfvpt2t7s,OTHER,2022,Uppsala University
https://researchdata.se/en/catalogue/dataset/sites-wj4l8ccxnkxettz75hzne9vq,OTHER,2020,Uppsala University
https://researchdata.se/en/catalogue/dataset/sites-wmcfipnpiv5wyyeq5zyig34n,OTHER,2022,Swedish University of Agricultural Sciences
https://researchdata.se/en/catalogue/dataset/sites-wilpananlufahmmlkz0t3hxz,OTHER,2022,Swedish University of Agricultural Sciences
https://researchdata.se/en/catalogue/dataset/sites-wkuffiyqiqx1afggxb2-kfe7,OTHER,2023,Stockholm University
https://researchdata.se/en/catalogue/dataset/sites-woeniu9jyui0l3ryokuezuiy,OTHER,2024,Swedish Polar Research Secretariat
https://researchdata.se/en/catalogue/dataset/sites-woqu0t8yb0a1p-wuefzj6r1e,OTHER,2022,Swedish University of Agricultural Sciences
https://researchdata.se/en/catalogue/dataset/sites-wmo7oimrh9zt0e-cgugn-riq,OTHER,2020,Uppsala University
https://researchdata.se/en/catalogue/dataset/sites-wuzjedvt8i9b8m1-t9kxs1ly,OTHER,2024,Swedish University of Agricultural Sciences
https://researchdata.se/en/catalogue/dataset/sites-wtf5sioaxmtcu61bch6syuz-,OTHER,2025,University of Gothenburg
https://researchdata.se/en/catalogue/dataset/sites-wogsgceywc7mcedkmydbhji4,OTHER,2025,Swedish Polar Research Secretariat
https://researchdata.se/en/catalogue/dataset/sites-wvfiol026fovwdpzhkmujbef,OTHER,2023,Swedish University of Agricultural Sciences
https://researchdata.se/en/catalogue/dataset/sites-wspzoac-3hb19ezogxg5d52q,OTHER,2020,Swedish University of Agricultural Sciences
https://researchdata.se/en/catalogue/dataset/sites-wzdy2surlgee7-zqmuig4lqs,OTHER,2023,Swedish University of Agricultural Sciences
https://researchdata.se/en/catalogue/dataset/sites-x1ixesclrfkymtenizjft0ft,OTHER,2023,Swedish University of Agricultural Sciences
https://researchdata.se/en/catalogue/dataset/sites-x8-mobjq6jsa0ebhggbrbnvz,OTHER,2025,Swedish University of Agricultural Sciences
https://researchdata.se/en/catalogue/dataset/sites-wxeo-yyna4yergpn557xxw-d,OTHER,2024,Uppsala University
https://researchdata.se/en/catalogue/dataset/sites-x3chfbctotqsyjz5fvqs-vwv,OTHER,2025,Stockholm University
https://researchdata.se/en/catalogue/dataset/sites-xczhfjbnufekjpbmvex1l2ih,OTHER,2024,Uppsala University
https://researchdata.se/en/catalogue/dataset/sites-x9dqkbhzg-mew6t6vue-gudl,OTHER,2022,Swedish Polar Research Secretariat
https://researchdata.se/en/catalogue/dataset/sites-xb2dnb4ntjqplsiliomkuno1,OTHER,2025,Uppsala University
https://researchdata.se/en/catalogue/dataset/sites-xds6amwwdudh-69lnjlyplgz,OTHER,2022,University of Gothenburg
https://researchdata.se/en/catalogue/dataset/sites-xautpcb0keh8morf-fn66xlf,OTHER,2022,Swedish University of Agricultural Sciences
https://researchdata.se/en/catalogue/dataset/sites-xcf8te7-gp-6nq7n4garawnr,OTHER,2024,University of Gothenburg
https://researchdata.se/en/catalogue/dataset/sites-xgozlqfkcgb2c63lisnnmf7v,OTHER,2021,Swedish University of Agricultural Sciences
https://researchdata.se/en/catalogue/dataset/sites-xdeqbdjkjwib52xtbldnaubh,OTHER,2020,Swedish Polar Research Secretariat
https://researchdata.se/en/catalogue/dataset/sites-xjakz8mawyx68z5ru0-sapzn,OTHER,2025,Swedish University of Agricultural Sciences
https://researchdata.se/en/catalogue/dataset/sites-xhgnv5bjcrhjtal9-brsrhlq,OTHER,2020,Swedish Polar Research Secretariat
https://researchdata.se/en/catalogue/dataset/sites-xkzhzesqk-kw-d6zgjjik-o-,OTHER,2023,Swedish University of Agricultural Sciences
https://researchdata.se/en/catalogue/dataset/sites-xhuhhynszqfeq7gt6nad0i-k,OTHER,2022,University of Gothenburg
https://researchdata.se/en/catalogue/dataset/sites-xlm-kmxacclsgsyym7chr9e-,OTHER,2024,Swedish University of Agricultural Sciences
https://researchdata.se/en/catalogue/dataset/sites-xjrrv7rdhnjozp3ta2qcz0yx,OTHER,2020,Stockholm University
https://researchdata.se/en/catalogue/dataset/sites-xjhvro-d2nqjv2g9aaj64dse,OTHER,2020,Uppsala University
https://researchdata.se/en/catalogue/dataset/sites-xne2hd1fbxbq5vl5o1bm120s,OTHER,2025,Swedish University of Agricultural Sciences
https://researchdata.se/en/catalogue/dataset/sites-xlzzpsolozvlb58hkookm5jm,OTHER,2020,Uppsala University
https://researchdata.se/en/catalogue/dataset/sites-xnlmdzycwmlrqcna7-d8zm-w,OTHER,2024,Swedish University of Agricultural Sciences
https://researchdata.se/en/catalogue/dataset/sites-xo6t9amkxzyplztuswlbbeop,OTHER,2022,Swedish University of Agricultural Sciences
https://researchdata.se/en/catalogue/dataset/sites-xpf0akol79alshy2-vo6aehh,OTHER,2022,University of Gothenburg
https://researchdata.se/en/catalogue/dataset/sites-xo8mlttuymsgq1z623i3gqtb,OTHER,2025,Stockholm University
https://researchdata.se/en/catalogue/dataset/sites-xoyrao05y2ztim8pbja4kdts,OTHER,2025,Swedish University of Agricultural Sciences
https://researchdata.se/en/catalogue/dataset/sites-xnt7zp15xa0u42mmosquew-g,OTHER,2022,University of Gothenburg
https://researchdata.se/en/catalogue/dataset/sites-xvpzlqhxkkzdmz6bvd9lrff-,OTHER,2025,Swedish University of Agricultural Sciences
https://researchdata.se/en/catalogue/dataset/sites-xpi8n2hqlz1z6ccy6um0jlgm,OTHER,2025,Stockholm University
https://researchdata.se/en/catalogue/dataset/sites-xthwlnp2xjfvaa4g9moigqx1,OTHER,2025,University of Gothenburg
https://researchdata.se/en/catalogue/dataset/sites-xugmviqqyu9jbg9paaf-a0nq,OTHER,2020,University of Gothenburg
https://researchdata.se/en/catalogue/dataset/sites-xwtfea8hvidol-tehbcyfkt9,OTHER,2024,Uppsala University
https://researchdata.se/en/catalogue/dataset/sites-xvxfwr8q-wtzzu9a8lrp9393,OTHER,2025,Swedish University of Agricultural Sciences
https://researchdata.se/en/catalogue/dataset/sites-y-c9tr96diyeb20vxz0ixabi,OTHER,2022,Swedish University of Agricultural Sciences
https://researchdata.se/en/catalogue/dataset/sites-xur-amlnn6x7-yikuuy1s9sq,OTHER,2020,Stockholm University
https://researchdata.se/en/catalogue/dataset/sites-xzcy1v7wyiyhbuuwnpzlyotk,OTHER,2022,Swedish University of Agricultural Sciences
https://researchdata.se/en/catalogue/dataset/sites-xxknxlitj93c4wxbp4y-vuax,OTHER,2021,Swedish University of Agricultural Sciences
https://researchdata.se/en/catalogue/dataset/sites-y0ecdejmfz2z2u0vxwbpk0sj,OTHER,2022,Swedish Polar Research Secretariat
https://researchdata.se/en/catalogue/dataset/sites-y-wbvabjvziispgkvog-yvtc,OTHER,2025,University of Gothenburg
https://researchdata.se/en/catalogue/dataset/sites-y-ckcevi8l7wlncdjgeadav4,OTHER,2024,University of Gothenburg
https://researchdata.se/en/catalogue/dataset/sites-y1so8csb8zvhwh4hrjtnlg5m,OTHER,2022,Stockholm University
https://researchdata.se/en/catalogue/dataset/sites-y0u-12sqjzx8ayohwmmvkpah,OTHER,2022,University of Gothenburg
https://researchdata.se/en/catalogue/dataset/sites-y7ovsrmgcp33g-p11u8-vgf-,OTHER,2023,Swedish University of Agricultural Sciences
https://researchdata.se/en/catalogue/dataset/sites-y9xznlogddzkn0mreihexb1l,OTHER,2024,University of Gothenburg
https://researchdata.se/en/catalogue/dataset/sites-y3ct4envkd7gozftdywib4wk,OTHER,2025,University of Gothenburg
https://researchdata.se/en/catalogue/dataset/sites-ybb1qrmh-deqzbvgtr3wc1mg,OTHER,2025,Stockholm University
https://researchdata.se/en/catalogue/dataset/sites-y958zfs2hcxwllr733twnumw,OTHER,2024,University of Gothenburg
https://researchdata.se/en/catalogue/dataset/sites-y7i-37b0nl9qtnu3muxwsst8,OTHER,2025,Stockholm University
https://researchdata.se/en/catalogue/dataset/sites-yen4o0phk21insztcya91z8i,OTHER,2022,Swedish University of Agricultural Sciences
https://researchdata.se/en/catalogue/dataset/sites-yckfbm22ewysoi4xreit-ca9,OTHER,2025,Swedish University of Agricultural Sciences
https://researchdata.se/en/catalogue/dataset/sites-yepnauodaufv1rb0psyxwyju,OTHER,2025,Swedish Polar Research Secretariat
https://researchdata.se/en/catalogue/dataset/sites-yfun7-by6bcw1pum88iwfvfr,OTHER,2025,Stockholm University
https://researchdata.se/en/catalogue/dataset/sites-yfvuzumvv82t-sqks8n6-mb2,OTHER,2023,Swedish University of Agricultural Sciences
https://researchdata.se/en/catalogue/dataset/sites-yg4gbsxmapauh9r3negi7azw,OTHER,2022,Swedish University of Agricultural Sciences
https://researchdata.se/en/catalogue/dataset/sites-yc9b8rdy9vb2yfoniru-qdp2,OTHER,2024,Uppsala University
https://researchdata.se/en/catalogue/dataset/sites-ybhpjrddyxok828s257178wu,OTHER,2020,University of Gothenburg
https://researchdata.se/en/catalogue/dataset/sites-ymxkziv3q-irdntiylw500em,OTHER,2022,University of Gothenburg
https://researchdata.se/en/catalogue/dataset/sites-yq54xrxdl1kroywqlbamss2-,OTHER,2025,Swedish University of Agricultural Sciences
https://researchdata.se/en/catalogue/dataset/sites-yjvsnsatw2-62pvy97cz2lxe,OTHER,2023,Swedish University of Agricultural Sciences
https://researchdata.se/en/catalogue/dataset/sites-yputupjcem4j599hzqfgzpbf,OTHER,2022,Swedish University of Agricultural Sciences
https://researchdata.se/en/catalogue/dataset/sites-ytbpe8t6xtdrdgjoko9vrmwk,OTHER,2025,Swedish University of Agricultural Sciences
https://researchdata.se/en/catalogue/dataset/sites-ylsrxzteutvr24zmc--ndv5t,OTHER,2025,Swedish University of Agricultural Sciences
https://researchdata.se/en/catalogue/dataset/sites-yu3lfa2fhctnth3wr6cyj1lo,OTHER,2025,University of Gothenburg
https://researchdata.se/en/catalogue/dataset/sites-yrkgx-98dhzwfufryvtj-ryi,OTHER,2021,Swedish Polar Research Secretariat
https://researchdata.se/en/catalogue/dataset/sites-ys2ti7x1mlaf-1p-syvscj88,OTHER,2024,University of Gothenburg
https://researchdata.se/en/catalogue/dataset/sites-yxleb8sqn4ulzthrmgbcceh4,OTHER,2019,Uppsala University
https://researchdata.se/en/catalogue/dataset/sites-yxi6wc3zzpbzvvccl2m6lkgq,OTHER,2022,University of Gothenburg
https://researchdata.se/en/catalogue/dataset/sites-yuafxg-b2-t40fmavzsfb3ma,OTHER,2020,Uppsala University
https://researchdata.se/en/catalogue/dataset/sites-yukruy8a5xbwtjyk8r60ndpk,OTHER,2025,Swedish University of Agricultural Sciences
https://researchdata.se/en/catalogue/dataset/sites-yy13bavmwxarzmedav58qitn,OTHER,2025,Swedish University of Agricultural Sciences
https://researchdata.se/en/catalogue/dataset/sites-z-lukg6pvdt510len81qyozv,OTHER,2024,Swedish Polar Research Secretariat
https://researchdata.se/en/catalogue/dataset/sites-z2lgx-um6aeanyb-finwatuy,OTHER,2023,Swedish University of Agricultural Sciences
https://researchdata.se/en/catalogue/dataset/sites-zca7kfobke8ar1g9wxtjijiw,OTHER,2022,University of Gothenburg
https://researchdata.se/en/catalogue/dataset/sites-z5x2ddvdb96cnv5vqkehtcvk,OTHER,2020,Uppsala University
https://researchdata.se/en/catalogue/dataset/sites-z6ey7o0l0iqsnwlxwvpafw01,OTHER,2022,Stockholm University
https://researchdata.se/en/catalogue/dataset/sites-zdd2jwmutrordoprd0i4wyhj,OTHER,2023,Swedish University of Agricultural Sciences
https://researchdata.se/en/catalogue/dataset/sites-zcvcqntzejyj6dbbe0tq6if1,OTHER,2021,Swedish University of Agricultural Sciences
https://researchdata.se/en/catalogue/dataset/sites-zfvpellcqt0jopeb-qhkdgm,OTHER,2025,Stockholm University
https://researchdata.se/en/catalogue/dataset/sites-zb2bbbgtadf6v0xftqa2-m7h,OTHER,2020,Uppsala University
https://researchdata.se/en/catalogue/dataset/sites-zlff0gagmjffgapwimmzpboq,OTHER,2022,Stockholm University
https://researchdata.se/en/catalogue/dataset/sites-zcl6fy2n0ozurqv7w-srgzkl,OTHER,2021,University of Gothenburg
https://researchdata.se/en/catalogue/dataset/sites-zo-okq8gte28v4dkainhy1m-,OTHER,2021,Swedish University of Agricultural Sciences
https://researchdata.se/en/catalogue/dataset/sites-zmx0tgesglnrpqp3jof9whgq,OTHER,2024,Swedish University of Agricultural Sciences
https://researchdata.se/en/catalogue/dataset/sites-zl-mra0lnmjiucua7zhofi9w,OTHER,2022,Swedish University of Agricultural Sciences
https://researchdata.se/en/catalogue/dataset/sites-zrx1o3xnoqagsqquer9zy4xy,OTHER,2022,University of Gothenburg
https://researchdata.se/en/catalogue/dataset/sites-zsq3alx9zzojpvo-bf3zkbb9,OTHER,2022,Swedish University of Agricultural Sciences
https://researchdata.se/en/catalogue/dataset/sites-zoh-pfhmrewbwlej048bo4k3,OTHER,2019,Swedish University of Agricultural Sciences
https://researchdata.se/en/catalogue/dataset/sites-zstw16bwmvppqrjxox6wwe8b,OTHER,2024,Swedish University of Agricultural Sciences
https://researchdata.se/en/catalogue/dataset/sites-zqps5iatlvgbcni1-4j2qj0,OTHER,2022,Swedish University of Agricultural Sciences
https://researchdata.se/en/catalogue/dataset/sites-zuitw1nxr6wplznxdly5ehex,OTHER,2025,Stockholm University
https://researchdata.se/en/catalogue/dataset/sites-zveytjtzdyqjr2y0olnjisy1,OTHER,2022,University of Gothenburg
https://researchdata.se/en/catalogue/dataset/sites-zpixwusbb5xrqsujga8boear,OTHER,2022,Swedish Polar Research Secretariat
https://researchdata.se/en/catalogue/dataset/sites-zwzkiflh6rf-u73l6rtqdm-w,OTHER,2024,Uppsala University
https://researchdata.se/en/catalogue/dataset/sites-zw6sdj5e8lvcoomna2lzvij5,OTHER,2025,Stockholm University
https://researchdata.se/en/catalogue/dataset/snd0001-1,DORIS,1982,University of Gothenburg
https://researchdata.se/en/catalogue/dataset/sites-zx0nqxjhccy6btyw46jconfx,OTHER,2022,University of Gothenburg
https://researchdata.se/en/catalogue/dataset/sites-zxczun92eu6eo9ntl3r3y-qb,OTHER,2020,Uppsala University
https://researchdata.se/en/catalogue/dataset/snd0004-1,DORIS,1992,University of Gothenburg
https://researchdata.se/en/catalogue/dataset/snd0003-1,DORIS,1992,University of Gothenburg
https://researchdata.se/en/catalogue/dataset/snd0005-1,DORIS,1982,University of Gothenburg
https://researchdata.se/en/catalogue/dataset/snd0007-1,DORIS,1982,University of Gothenburg
https://researchdata.se/en/catalogue/dataset/snd0002-1,DORIS,1992,University of Gothenburg
https://researchdata.se/en/catalogue/dataset/snd0020-1,DORIS,1982,University of Gothenburg
https://researchdata.se/en/catalogue/dataset/snd0008-1,DORIS,1982,University of Gothenburg
https://researchdata.se/en/catalogue/dataset/snd0019-1,DORIS,1983,IMU-Testologen AB
https://researchdata.se/en/catalogue/dataset/snd0031-1,DORIS,1984,IMU-Testologen AB
https://researchdata.se/en/catalogue/dataset/snd0021-1,DORIS,1982,University of Gothenburg
https://researchdata.se/en/catalogue/dataset/snd0033-1,DORIS,1983,IMU-Testologen AB
https://researchdata.se/en/catalogue/dataset/snd0032-1,DORIS,1984,IMU-Testologen AB
https://researchdata.se/en/catalogue/dataset/snd0030-1,DORIS,1984,Radio Sweden
https://researchdata.se/en/catalogue/dataset/snd0035-1,DORIS,1983,IMU-Testologen AB
https://researchdata.se/en/catalogue/dataset/snd0034-1,DORIS,1983,IMU-Testologen AB
https://researchdata.se/en/catalogue/dataset/snd0036-1,DORIS,1983,IMU-Testologen AB
https://researchdata.se/en/catalogue/dataset/snd0037-1,DORIS,1983,University of Gothenburg
https://researchdata.se/en/catalogue/dataset/snd0038-1,DORIS,1983,Nordic Institute for Studies in Urban and Regional Planning
https://researchdata.se/en/catalogue/dataset/snd0010-1,DORIS,2011,University of Gothenburg
https://researchdata.se/en/catalogue/dataset/snd0011-1,DORIS,2011,University of Gothenburg
https://researchdata.se/en/catalogue/dataset/snd0013-1,DORIS,2011,University of Gothenburg
https://researchdata.se/en/catalogue/dataset/snd0040-1,DORIS,1982,University of Gothenburg
https://researchdata.se/en/catalogue/dataset/snd0039-1,DORIS,1982,University of Gothenburg
https://researchdata.se/en/catalogue/dataset/snd0014-1,DORIS,2011,University of Gothenburg
https://researchdata.se/en/catalogue/dataset/snd0015-1,DORIS,2011,University of Gothenburg
https://researchdata.se/en/catalogue/dataset/snd0009-1,DORIS,2012,University of Gothenburg
https://researchdata.se/en/catalogue/dataset/snd0041-3,DORIS,1984,University of Gothenburg
https://researchdata.se/en/catalogue/dataset/snd0041-1,DORIS,1984,University of Gothenburg
https://researchdata.se/en/catalogue/dataset/snd0041-4,DORIS,1984,University of Gothenburg
https://researchdata.se/en/catalogue/dataset/snd0041-2,DORIS,1984,University of Gothenburg
https://researchdata.se/en/catalogue/dataset/snd0046-1,DORIS,1983,IMU-Testologen AB
https://researchdata.se/en/catalogue/dataset/snd0055-1,DORIS,1984,IMU-Testologen AB
https://researchdata.se/en/catalogue/dataset/snd0057-1,DORIS,1983,IMU-Testologen AB
https://researchdata.se/en/catalogue/dataset/snd0058-1,DORIS,1982,University of Gothenburg
https://researchdata.se/en/catalogue/dataset/snd0045-1,DORIS,1983,IMU-Testologen AB
https://researchdata.se/en/catalogue/dataset/snd0056-1,DORIS,1983,IMU-Testologen AB
https://researchdata.se/en/catalogue/dataset/snd0063-1,DORIS,1984,IMU-Testologen AB
https://researchdata.se/en/catalogue/dataset/snd0047-1,DORIS,1983,University of Gothenburg
https://researchdata.se/en/catalogue/dataset/snd0066-1,DORIS,1983,IMU-Testologen AB
https://researchdata.se/en/catalogue/dataset/snd0067-1,DORIS,1983,IMU-Testologen AB
https://researchdata.se/en/catalogue/dataset/snd0077-1,DORIS,1983,IMU-Testologen AB
https://researchdata.se/en/catalogue/dataset/snd0076-1,DORIS,1984,IMU-Testologen AB
https://researchdata.se/en/catalogue/dataset/snd0087-1,DORIS,1983,IMU-Testologen AB
https://researchdata.se/en/catalogue/dataset/snd0012-1,DORIS,2011,University of Gothenburg
https://researchdata.se/en/catalogue/dataset/snd0079-1,DORIS,1984,University of Gothenburg
https://researchdata.se/en/catalogue/dataset/snd0078-1,DORIS,1983,IMU-Testologen AB
https://researchdata.se/en/catalogue/dataset/snd0088-1,DORIS,1984,Stiftelsen för opinionsanalyser
https://researchdata.se/en/catalogue/dataset/snd0083-1,DORIS,1983,IMU-Testologen AB
https://researchdata.se/en/catalogue/dataset/snd0090-1,DORIS,1982,Stockholm University
https://researchdata.se/en/catalogue/dataset/snd0091-4,DORIS,1984,Uppsala University
https://researchdata.se/en/catalogue/dataset/snd0091-2,DORIS,1984,Uppsala University
https://researchdata.se/en/catalogue/dataset/snd0091-1,DORIS,1984,Uppsala University
https://researchdata.se/en/catalogue/dataset/snd0091-5,DORIS,1984,Uppsala University
https://researchdata.se/en/catalogue/dataset/snd0089-1,DORIS,1984,University of Gothenburg
https://researchdata.se/en/catalogue/dataset/snd0092-1,DORIS,1984,Stiftelsen för opinionsanalyser
https://researchdata.se/en/catalogue/dataset/snd0094-2,DORIS,1984,Uppsala University
https://researchdata.se/en/catalogue/dataset/snd0094-1,DORIS,1984,Uppsala University
https://researchdata.se/en/catalogue/dataset/snd0093-1,DORIS,1984,Stiftelsen för opinionsanalyser
https://researchdata.se/en/catalogue/dataset/snd0095-1,DORIS,1984,Uppsala University
https://researchdata.se/en/catalogue/dataset/snd0091-3,DORIS,1984,Uppsala University
https://researchdata.se/en/catalogue/dataset/snd0098-1,DORIS,1985,Stiftelsen för opinionsanalyser
https://researchdata.se/en/catalogue/dataset/snd0097-1,DORIS,1984,Stiftelsen för opinionsanalyser
https://researchdata.se/en/catalogue/dataset/snd0096-1,DORIS,1984,Stiftelsen för opinionsanalyser
https://researchdata.se/en/catalogue/dataset/snd0101-1,DORIS,1983,Stockholm University
https://researchdata.se/en/catalogue/dataset/snd0099-1,DORIS,1985,Stiftelsen för opinionsanalyser
https://researchdata.se/en/catalogue/dataset/snd0101-4,DORIS,1983,Stockholm University
https://researchdata.se/en/catalogue/dataset/snd0101-2,DORIS,1983,Stockholm University
https://researchdata.se/en/catalogue/dataset/snd0100-2,DORIS,1982,University of Gothenburg
https://researchdata.se/en/catalogue/dataset/snd0102-1,DORIS,1983,Uppsala University
https://researchdata.se/en/catalogue/dataset/snd0100-1,DORIS,1982,University of Gothenburg
https://researchdata.se/en/catalogue/dataset/snd0101-3,DORIS,1983,Stockholm University
https://researchdata.se/en/catalogue/dataset/snd0103-1,DORIS,1982,University of Gothenburg
https://researchdata.se/en/catalogue/dataset/snd0107-2,DORIS,1984,Uppsala University
https://researchdata.se/en/catalogue/dataset/snd0105-1,DORIS,1984,Uppsala University
https://researchdata.se/en/catalogue/dataset/snd0106-1,DORIS,1982,University of Gothenburg
https://researchdata.se/en/catalogue/dataset/snd0104-1,DORIS,1991,University of Gothenburg
https://researchdata.se/en/catalogue/dataset/snd0108-1,DORIS,1983,University of Gothenburg
https://researchdata.se/en/catalogue/dataset/snd0111-1,DORIS,1982,University of Gothenburg
https://researchdata.se/en/catalogue/dataset/snd0107-1,DORIS,1984,Uppsala University
https://researchdata.se/en/catalogue/dataset/snd0114-1,DORIS,1982,University of Gothenburg
https://researchdata.se/en/catalogue/dataset/snd0112-1,DORIS,1982,University of Gothenburg
https://researchdata.se/en/catalogue/dataset/snd0110-1,DORIS,1983,University of Gothenburg
https://researchdata.se/en/catalogue/dataset/snd0113-1,DORIS,1982,University of Gothenburg
https://researchdata.se/en/catalogue/dataset/snd0114-2,DORIS,1982,University of Gothenburg
https://researchdata.se/en/catalogue/dataset/snd0115-1,DORIS,1982,University of Gothenburg
https://researchdata.se/en/catalogue/dataset/snd0116-1,DORIS,1982,University of Gothenburg
https://researchdata.se/en/catalogue/dataset/snd0119-1,DORIS,1984,Radio Sweden
https://researchdata.se/en/catalogue/dataset/snd0118-1,DORIS,1984,Radio Sweden
https://researchdata.se/en/catalogue/dataset/snd0121-1,DORIS,1984,Radio Sweden
https://researchdata.se/en/catalogue/dataset/snd0125-2,DORIS,1984,Uppsala University
https://researchdata.se/en/catalogue/dataset/snd0120-1,DORIS,1984,Radio Sweden
https://researchdata.se/en/catalogue/dataset/snd0122-1,DORIS,1982,Uppsala University
https://researchdata.se/en/catalogue/dataset/snd0123-1,DORIS,1982,University of Gothenburg
https://researchdata.se/en/catalogue/dataset/snd0124-1,DORIS,1984,Uppsala University
https://researchdata.se/en/catalogue/dataset/snd0125-1,DORIS,1984,Uppsala University
https://researchdata.se/en/catalogue/dataset/snd0126-1,DORIS,1984,Uppsala University
https://researchdata.se/en/catalogue/dataset/snd0129-1,DORIS,1992,University of Gothenburg
https://researchdata.se/en/catalogue/dataset/snd0131-2,DORIS,1982,University of Gothenburg
https://researchdata.se/en/catalogue/dataset/snd0131-5,DORIS,1982,University of Gothenburg
https://researchdata.se/en/catalogue/dataset/snd0131-1,DORIS,1982,University of Gothenburg
https://researchdata.se/en/catalogue/dataset/snd0131-4,DORIS,1982,University of Gothenburg
https://researchdata.se/en/catalogue/dataset/snd0132-1,DORIS,1982,University of Gothenburg
https://researchdata.se/en/catalogue/dataset/snd0131-3,DORIS,1982,University of Gothenburg
https://researchdata.se/en/catalogue/dataset/snd0130-1,DORIS,1986,University of Gothenburg
https://researchdata.se/en/catalogue/dataset/snd0131-9,DORIS,1982,University of Gothenburg
https://researchdata.se/en/catalogue/dataset/snd0132-2,DORIS,1982,University of Gothenburg
https://researchdata.se/en/catalogue/dataset/snd0135-1,DORIS,1982,University of Gothenburg
https://researchdata.se/en/catalogue/dataset/snd0132-3,DORIS,1982,University of Gothenburg
https://researchdata.se/en/catalogue/dataset/snd0133-1,DORIS,1982,Handelshögskolan i Stockholm
https://researchdata.se/en/catalogue/dataset/snd0137-1,DORIS,1992,University of Gothenburg
https://researchdata.se/en/catalogue/dataset/snd0138-1,DORIS,1982,University of Gothenburg
https://researchdata.se/en/catalogue/dataset/snd0139-1,DORIS,1983,Uppsala University
https://researchdata.se/en/catalogue/dataset/snd0135-2,DORIS,1982,University of Gothenburg
https://researchdata.se/en/catalogue/dataset/snd0135-3,DORIS,1982,University of Gothenburg
https://researchdata.se/en/catalogue/dataset/snd0141-1,DORIS,1986,Karolinska Institutet
https://researchdata.se/en/catalogue/dataset/snd0143-1,DORIS,1985,Uppsala University
https://researchdata.se/en/catalogue/dataset/snd0142-1,DORIS,1984,Swedish telecom
https://researchdata.se/en/catalogue/dataset/snd0140-1,DORIS,1991,Uppsala University
https://researchdata.se/en/catalogue/dataset/snd0144-1,DORIS,1982,University of Gothenburg
https://researchdata.se/en/catalogue/dataset/snd0147-1,DORIS,1982,University of Gothenburg
https://researchdata.se/en/catalogue/dataset/snd0146-1,DORIS,1984,Uppsala University
https://researchdata.se/en/catalogue/dataset/snd0145-1,DORIS,1982,Stockholm city
https://researchdata.se/en/catalogue/dataset/snd0150-1,DORIS,1986,Uppsala University
https://researchdata.se/en/catalogue/dataset/snd0148-1,DORIS,1982,Lund University
https://researchdata.se/en/catalogue/dataset/snd0149-1,DORIS,1992,Stockholm University
https://researchdata.se/en/catalogue/dataset/snd0153-1,DORIS,1992,University of Gothenburg
https://researchdata.se/en/catalogue/dataset/snd0152-1,DORIS,1991,University of Gothenburg
https://researchdata.se/en/catalogue/dataset/snd0156-1,DORIS,1991,Uppsala University
https://researchdata.se/en/catalogue/dataset/snd0154-1,DORIS,1992,University of Gothenburg
https://researchdata.se/en/catalogue/dataset/snd0151-1,DORIS,1986,Uppsala University
https://researchdata.se/en/catalogue/dataset/snd0155-1,DORIS,1992,Uppsala University
https://researchdata.se/en/catalogue/dataset/snd0158-1,DORIS,1988,Stockholm University
https://researchdata.se/en/catalogue/dataset/snd0157-1,DORIS,1986,University of Gothenburg
https://researchdata.se/en/catalogue/dataset/snd0165-1,DORIS,1986,IMU-Testologen AB
https://researchdata.se/en/catalogue/dataset/snd0169-1,DORIS,1986,Uppsala University
https://researchdata.se/en/catalogue/dataset/snd0159-1,DORIS,1986,IMU-Testologen AB
https://researchdata.se/en/catalogue/dataset/snd0160-1,DORIS,1986,Forskningsgruppen för samhälls- och informationsstudier
https://researchdata.se/en/catalogue/dataset/snd0177-1,DORIS,1985,IMU-Testologen AB
https://researchdata.se/en/catalogue/dataset/snd0172-1,DORIS,1985,IMU-Testologen AB
https://researchdata.se/en/catalogue/dataset/snd0170-1,DORIS,1983,Uppsala University
https://researchdata.se/en/catalogue/dataset/snd0198-1,DORIS,2007,University of Gothenburg
https://researchdata.se/en/catalogue/dataset/snd0186-1,DORIS,1985,IMU-Testologen AB
https://researchdata.se/en/catalogue/dataset/snd0201-1,DORIS,2007,University of Gothenburg
https://researchdata.se/en/catalogue/dataset/snd0200-1,DORIS,2007,University of Gothenburg
https://researchdata.se/en/catalogue/dataset/snd0202-1,DORIS,1986,IMU-Testologen AB
https://researchdata.se/en/catalogue/dataset/snd0181-1,DORIS,1985,IMU-Testologen AB
https://researchdata.se/en/catalogue/dataset/snd0199-1,DORIS,1986,University of Gothenburg
https://researchdata.se/en/catalogue/dataset/snd0206-2,DORIS,1988,Statistics Sweden
https://researchdata.se/en/catalogue/dataset/snd0206-1,DORIS,1988,Statistics Sweden
https://researchdata.se/en/catalogue/dataset/snd0205-1,DORIS,1987,Statistics Sweden
https://researchdata.se/en/catalogue/dataset/snd0203-1,DORIS,1986,University of Gothenburg
https://researchdata.se/en/catalogue/dataset/snd0206-3,DORIS,1988,Statistics Sweden
https://researchdata.se/en/catalogue/dataset/snd0204-1,DORIS,1986,Umeå University
https://researchdata.se/en/catalogue/dataset/snd0207-1,DORIS,1986,Svenska Gallupinstitutet AB
https://researchdata.se/en/catalogue/dataset/snd0206-4,DORIS,1988,Statistics Sweden
https://researchdata.se/en/catalogue/dataset/snd0207-2,DORIS,1986,Svenska Gallupinstitutet AB
https://researchdata.se/en/catalogue/dataset/snd0207-3,DORIS,1986,Svenska Gallupinstitutet AB
https://researchdata.se/en/catalogue/dataset/snd0207-4,DORIS,1986,Svenska Gallupinstitutet AB
https://researchdata.se/en/catalogue/dataset/snd0208-1,DORIS,1987,University of Gothenburg
https://researchdata.se/en/catalogue/dataset/snd0209-12,DORIS,1993,Uppsala University
https://researchdata.se/en/catalogue/dataset/snd0209-1,DORIS,1987,Uppsala University
https://researchdata.se/en/catalogue/dataset/snd0209-10,DORIS,1992,Uppsala University
https://researchdata.se/en/catalogue/dataset/snd0209-11,DORIS,1993,Uppsala University
https://researchdata.se/en/catalogue/dataset/snd0209-14,DORIS,1993,Uppsala University
https://researchdata.se/en/catalogue/dataset/snd0209-16,DORIS,1993,Uppsala University
https://researchdata.se/en/catalogue/dataset/snd0209-13,DORIS,1993,Uppsala University
https://researchdata.se/en/catalogue/dataset/snd0209-15,DORIS,1993,Uppsala University
https://researchdata.se/en/catalogue/dataset/snd0209-18,DORIS,1993,Uppsala University
https://researchdata.se/en/catalogue/dataset/snd0209-17,DORIS,1993,Uppsala University
https://researchdata.se/en/catalogue/dataset/snd0209-21,DORIS,1993,Uppsala University
https://researchdata.se/en/catalogue/dataset/snd0209-2,DORIS,1993,Uppsala University
https://researchdata.se/en/catalogue/dataset/snd0209-19,DORIS,1993,Uppsala University
https://researchdata.se/en/catalogue/dataset/snd0209-20,DORIS,1993,Uppsala University
https://researchdata.se/en/catalogue/dataset/snd0209-24,DORIS,1993,Uppsala University
https://researchdata.se/en/catalogue/dataset/snd0209-23,DORIS,1993,Uppsala University
https://researchdata.se/en/catalogue/dataset/snd0209-22,DORIS,1993,Uppsala University
https://researchdata.se/en/catalogue/dataset/snd0209-27,DORIS,1993,Uppsala University
https://researchdata.se/en/catalogue/dataset/snd0209-28,DORIS,1993,Uppsala University
https://researchdata.se/en/catalogue/dataset/snd0209-25,DORIS,1993,Uppsala University
https://researchdata.se/en/catalogue/dataset/snd0209-26,DORIS,1993,Uppsala University
https://researchdata.se/en/catalogue/dataset/snd0209-33,DORIS,1992,Uppsala University
https://researchdata.se/en/catalogue/dataset/snd0209-30,DORIS,1993,Uppsala University
https://researchdata.se/en/catalogue/dataset/snd0209-29,DORIS,1993,Uppsala University
https://researchdata.se/en/catalogue/dataset/snd0209-3,DORIS,1993,Uppsala University
https://researchdata.se/en/catalogue/dataset/snd0209-36,DORIS,1993,Uppsala University
https://researchdata.se/en/catalogue/dataset/snd0209-35,DORIS,1993,Uppsala University
https://researchdata.se/en/catalogue/dataset/snd0209-34,DORIS,1993,Uppsala University
https://researchdata.se/en/catalogue/dataset/snd0209-31,DORIS,1993,Uppsala University
https://researchdata.se/en/catalogue/dataset/snd0209-38,DORIS,1993,Uppsala University
https://researchdata.se/en/catalogue/dataset/snd0209-32,DORIS,1993,Uppsala University
https://researchdata.se/en/catalogue/dataset/snd0209-4,DORIS,1993,Uppsala University
https://researchdata.se/en/catalogue/dataset/snd0209-40,DORIS,1993,Uppsala University
https://researchdata.se/en/catalogue/dataset/snd0209-39,DORIS,1993,Uppsala University
https://researchdata.se/en/catalogue/dataset/snd0209-37,DORIS,1993,Uppsala University
https://researchdata.se/en/catalogue/dataset/snd0209-44,DORIS,1993,Uppsala University
https://researchdata.se/en/catalogue/dataset/snd0209-41,DORIS,1992,Uppsala University
https://researchdata.se/en/catalogue/dataset/snd0209-42,DORIS,1992,Uppsala University
https://researchdata.se/en/catalogue/dataset/snd0209-43,DORIS,1992,Uppsala University
https://researchdata.se/en/catalogue/dataset/snd0209-47,DORIS,1992,Uppsala University
https://researchdata.se/en/catalogue/dataset/snd0209-5,DORIS,1993,Uppsala University
https://researchdata.se/en/catalogue/dataset/snd0209-49,DORIS,1993,Uppsala University
https://researchdata.se/en/catalogue/dataset/snd0209-46,DORIS,1992,Uppsala University
https://researchdata.se/en/catalogue/dataset/snd0209-45,DORIS,1993,Uppsala University
https://researchdata.se/en/catalogue/dataset/snd0209-52,DORIS,1993,Uppsala University
https://researchdata.se/en/catalogue/dataset/snd0209-50,DORIS,1993,Uppsala University
https://researchdata.se/en/catalogue/dataset/snd0209-48,DORIS,1993,Uppsala University
https://researchdata.se/en/catalogue/dataset/snd0209-53,DORIS,1992,Uppsala University
https://researchdata.se/en/catalogue/dataset/snd0209-51,DORIS,1993,Uppsala University
https://researchdata.se/en/catalogue/dataset/snd0209-54,DORIS,1993,Uppsala University
https://researchdata.se/en/catalogue/dataset/snd0209-56,DORIS,1993,Uppsala University
https://researchdata.se/en/catalogue/dataset/snd0209-55,DORIS,1993,Uppsala University
https://researchdata.se/en/catalogue/dataset/snd0209-57,DORIS,1993,Uppsala University
https://researchdata.se/en/catalogue/dataset/snd0209-60,DORIS,1993,Uppsala University
https://researchdata.se/en/catalogue/dataset/snd0209-58,DORIS,1993,Uppsala University
https://researchdata.se/en/catalogue/dataset/snd0209-6,DORIS,1993,Uppsala University
https://researchdata.se/en/catalogue/dataset/snd0209-59,DORIS,1993,Uppsala University
https://researchdata.se/en/catalogue/dataset/snd0209-65,DORIS,1993,Uppsala University
https://researchdata.se/en/catalogue/dataset/snd0209-62,DORIS,1993,Uppsala University
https://researchdata.se/en/catalogue/dataset/snd0209-61,DORIS,1993,Uppsala University
https://researchdata.se/en/catalogue/dataset/snd0209-68,DORIS,1993,Uppsala University
https://researchdata.se/en/catalogue/dataset/snd0209-63,DORIS,1993,Uppsala University
https://researchdata.se/en/catalogue/dataset/snd0209-64,DORIS,1993,Uppsala University
https://researchdata.se/en/catalogue/dataset/snd0209-7,DORIS,1993,Uppsala University
https://researchdata.se/en/catalogue/dataset/snd0209-66,DORIS,1993,Uppsala University
https://researchdata.se/en/catalogue/dataset/snd0209-71,DORIS,1993,Uppsala University
https://researchdata.se/en/catalogue/dataset/snd0209-67,DORIS,1993,Uppsala University
https://researchdata.se/en/catalogue/dataset/snd0209-69,DORIS,1993,Uppsala University
https://researchdata.se/en/catalogue/dataset/snd0209-75,DORIS,1993,Uppsala University
https://researchdata.se/en/catalogue/dataset/snd0209-72,DORIS,1993,Uppsala University
https://researchdata.se/en/catalogue/dataset/snd0209-70,DORIS,1993,Uppsala University
https://researchdata.se/en/catalogue/dataset/snd0209-73,DORIS,1993,Uppsala University
https://researchdata.se/en/catalogue/dataset/snd0209-74,DORIS,1993,Uppsala University
https://researchdata.se/en/catalogue/dataset/snd0209-9,DORIS,1993,Uppsala University
https://researchdata.se/en/catalogue/dataset/snd0211-1,DORIS,1987,Stockholm University
https://researchdata.se/en/catalogue/dataset/snd0209-8,DORIS,1993,Uppsala University
https://researchdata.se/en/catalogue/dataset/snd0210-1,DORIS,1987,Stockholm University
https://researchdata.se/en/catalogue/dataset/snd0213-1,DORIS,1988,Lund University
https://researchdata.se/en/catalogue/dataset/snd0210-2,DORIS,1987,Stockholm University
https://researchdata.se/en/catalogue/dataset/snd0211-2,DORIS,1987,Stockholm University
https://researchdata.se/en/catalogue/dataset/snd0214-1,DORIS,1987,Umeå University
https://researchdata.se/en/catalogue/dataset/snd0212-1,DORIS,1991,Stockholm University
https://researchdata.se/en/catalogue/dataset/snd0215-1,DORIS,1988,Uppsala University
https://researchdata.se/en/catalogue/dataset/snd0217-1,DORIS,1988,University of Gothenburg
https://researchdata.se/en/catalogue/dataset/snd0219-1,DORIS,1987,Religionssociologiska institutet
https://researchdata.se/en/catalogue/dataset/snd0216-1,DORIS,1987,University of Gothenburg
https://researchdata.se/en/catalogue/dataset/snd0220-1,DORIS,1987,Religionssociologiska institutet
https://researchdata.se/en/catalogue/dataset/snd0220-2,DORIS,1987,Religionssociologiska institutet
https://researchdata.se/en/catalogue/dataset/snd0225-1,DORIS,1988,Umeå University
https://researchdata.se/en/catalogue/dataset/snd0220-3,DORIS,1987,Religionssociologiska institutet
https://researchdata.se/en/catalogue/dataset/snd0221-1,DORIS,1988,Lund University
https://researchdata.se/en/catalogue/dataset/snd0224-1,DORIS,1988,Lund University
https://researchdata.se/en/catalogue/dataset/snd0221-2,DORIS,1988,Lund University
https://researchdata.se/en/catalogue/dataset/snd0227-1,DORIS,1991,University of Gothenburg
https://researchdata.se/en/catalogue/dataset/snd0229-1,DORIS,1988,Stockholm University
https://researchdata.se/en/catalogue/dataset/snd0228-1,DORIS,1989,University of Gothenburg
https://researchdata.se/en/catalogue/dataset/snd0233-1,DORIS,1989,Stockholm University
https://researchdata.se/en/catalogue/dataset/snd0221-3,DORIS,1988,Lund University
https://researchdata.se/en/catalogue/dataset/snd0233-2,DORIS,1989,Stockholm University
https://researchdata.se/en/catalogue/dataset/snd0234-1,DORIS,2009,University of Gothenburg
https://researchdata.se/en/catalogue/dataset/snd0231-1,DORIS,1987,Lund University
https://researchdata.se/en/catalogue/dataset/snd0237-10,DORIS,2008,Statistics Sweden
https://researchdata.se/en/catalogue/dataset/snd0237-11,DORIS,2008,Statistics Sweden
https://researchdata.se/en/catalogue/dataset/snd0237-2,DORIS,1989,Statistics Sweden
https://researchdata.se/en/catalogue/dataset/snd0237-1,DORIS,1994,Statistics Sweden
https://researchdata.se/en/catalogue/dataset/snd0237-3,DORIS,1989,Statistics Sweden
https://researchdata.se/en/catalogue/dataset/snd0237-4,DORIS,1989,Statistics Sweden
https://researchdata.se/en/catalogue/dataset/snd0237-5,DORIS,1989,Statistics Sweden
https://researchdata.se/en/catalogue/dataset/snd0237-6,DORIS,1989,Statistics Sweden
https://researchdata.se/en/catalogue/dataset/snd0237-8,DORIS,1996,Statistics Sweden
https://researchdata.se/en/catalogue/dataset/snd0238-1,DORIS,1989,Statistics Sweden
https://researchdata.se/en/catalogue/dataset/snd0238-3,DORIS,1989,Statistics Sweden
https://researchdata.se/en/catalogue/dataset/snd0237-7,DORIS,1992,Statistics Sweden
https://researchdata.se/en/catalogue/dataset/snd0237-9,DORIS,1999,Statistics Sweden
https://researchdata.se/en/catalogue/dataset/snd0238-5,DORIS,1989,Statistics Sweden
https://researchdata.se/en/catalogue/dataset/snd0238-4,DORIS,1989,Statistics Sweden
https://researchdata.se/en/catalogue/dataset/snd0238-10,DORIS,2008,Statistics Sweden
https://researchdata.se/en/catalogue/dataset/snd0238-2,DORIS,1989,Statistics Sweden
https://researchdata.se/en/catalogue/dataset/snd0238-7,DORIS,1994,Statistics Sweden
https://researchdata.se/en/catalogue/dataset/snd0238-6,DORIS,1992,Statistics Sweden
https://researchdata.se/en/catalogue/dataset/snd0239-2,DORIS,1989,Statistics Sweden
https://researchdata.se/en/catalogue/dataset/snd0238-8,DORIS,1999,Statistics Sweden
https://researchdata.se/en/catalogue/dataset/snd0239-10,DORIS,2008,Statistics Sweden
https://researchdata.se/en/catalogue/dataset/snd0239-4,DORIS,1989,Statistics Sweden
https://researchdata.se/en/catalogue/dataset/snd0239-1,DORIS,1989,Statistics Sweden
https://researchdata.se/en/catalogue/dataset/snd0238-9,DORIS,2008,Statistics Sweden
https://researchdata.se/en/catalogue/dataset/snd0239-5,DORIS,1989,Statistics Sweden
https://researchdata.se/en/catalogue/dataset/snd0239-3,DORIS,1989,Statistics Sweden
https://researchdata.se/en/catalogue/dataset/snd0239-6,DORIS,1993,Statistics Sweden
https://researchdata.se/en/catalogue/dataset/snd0240-3,DORIS,2008,Statistics Sweden
https://researchdata.se/en/catalogue/dataset/snd0239-8,DORIS,1999,Statistics Sweden
https://researchdata.se/en/catalogue/dataset/snd0240-2,DORIS,1996,Statistics Sweden
https://researchdata.se/en/catalogue/dataset/snd0239-9,DORIS,2008,Statistics Sweden
https://researchdata.se/en/catalogue/dataset/snd0241-1,DORIS,1999,Statistics Sweden
https://researchdata.se/en/catalogue/dataset/snd0239-7,DORIS,1996,Statistics Sweden
https://researchdata.se/en/catalogue/dataset/snd0241-2,DORIS,1999,Statistics Sweden
https://researchdata.se/en/catalogue/dataset/snd0240-1,DORIS,1999,Statistics Sweden
https://researchdata.se/en/catalogue/dataset/snd0258-3,DORIS,1991,Umeå University
https://researchdata.se/en/catalogue/dataset/snd0258-2,DORIS,1991,Umeå University
https://researchdata.se/en/catalogue/dataset/snd0241-3,DORIS,2008,Statistics Sweden
https://researchdata.se/en/catalogue/dataset/snd0258-1,DORIS,1991,Umeå University
https://researchdata.se/en/catalogue/dataset/snd0258-5,DORIS,1991,Umeå University
https://researchdata.se/en/catalogue/dataset/snd0258-4,DORIS,1991,Umeå University
https://researchdata.se/en/catalogue/dataset/snd0258-7,DORIS,1991,Umeå University
https://researchdata.se/en/catalogue/dataset/snd0258-6,DORIS,1991,Umeå University
https://researchdata.se/en/catalogue/dataset/snd0258-8,DORIS,1991,Umeå University
https://researchdata.se/en/catalogue/dataset/snd0260-1,DORIS,1991,University of Gothenburg
https://researchdata.se/en/catalogue/dataset/snd0258-9,DORIS,1991,Umeå University
https://researchdata.se/en/catalogue/dataset/snd0259-1,DORIS,1991,University of Gothenburg
https://researchdata.se/en/catalogue/dataset/snd0262-1,DORIS,1994,University of Gothenburg
https://researchdata.se/en/catalogue/dataset/snd0260-4,DORIS,1991,University of Gothenburg
https://researchdata.se/en/catalogue/dataset/snd0260-3,DORIS,1991,University of Gothenburg
https://researchdata.se/en/catalogue/dataset/snd0260-2,DORIS,1991,University of Gothenburg
https://researchdata.se/en/catalogue/dataset/snd0260-6,DORIS,1991,University of Gothenburg
https://researchdata.se/en/catalogue/dataset/snd0260-5,DORIS,1991,University of Gothenburg
https://researchdata.se/en/catalogue/dataset/snd0263-1,DORIS,1991,University of Gothenburg
https://researchdata.se/en/catalogue/dataset/snd0264-1,DORIS,1991,University of Gothenburg
https://researchdata.se/en/catalogue/dataset/snd0265-1,DORIS,1991,Uppsala University
https://researchdata.se/en/catalogue/dataset/snd0273-1,DORIS,1991,University of Gothenburg
https://researchdata.se/en/catalogue/dataset/snd0266-2,DORIS,1991,Uppsala University
https://researchdata.se/en/catalogue/dataset/snd0274-1,DORIS,1991,University of Gothenburg
https://researchdata.se/en/catalogue/dataset/snd0266-1,DORIS,1990,Uppsala University
https://researchdata.se/en/catalogue/dataset/snd0275-1,DORIS,1991,University of Gothenburg
https://researchdata.se/en/catalogue/dataset/snd0276-1,DORIS,1991,University of Gothenburg
https://researchdata.se/en/catalogue/dataset/snd0277-10,DORIS,1996,University of Gothenburg
https://researchdata.se/en/catalogue/dataset/snd0277-11,DORIS,1996,University of Gothenburg
https://researchdata.se/en/catalogue/dataset/snd0277-1,DORIS,1991,University of Gothenburg
https://researchdata.se/en/catalogue/dataset/snd0277-18,DORIS,1996,University of Gothenburg
https://researchdata.se/en/catalogue/dataset/snd0277-14,DORIS,1996,University of Gothenburg
https://researchdata.se/en/catalogue/dataset/snd0277-12,DORIS,1996,University of Gothenburg
https://researchdata.se/en/catalogue/dataset/snd0277-16,DORIS,1996,University of Gothenburg
https://researchdata.se/en/catalogue/dataset/snd0277-15,DORIS,1996,University of Gothenburg
https://researchdata.se/en/catalogue/dataset/snd0277-13,DORIS,1996,University of Gothenburg
https://researchdata.se/en/catalogue/dataset/snd0277-17,DORIS,1996,University of Gothenburg
https://researchdata.se/en/catalogue/dataset/snd0277-22,DORIS,1996,University of Gothenburg
https://researchdata.se/en/catalogue/dataset/snd0277-2,DORIS,1991,University of Gothenburg
https://researchdata.se/en/catalogue/dataset/snd0277-19,DORIS,1996,University of Gothenburg
https://researchdata.se/en/catalogue/dataset/snd0277-20,DORIS,1996,University of Gothenburg
https://researchdata.se/en/catalogue/dataset/snd0277-27,DORIS,1996,University of Gothenburg
https://researchdata.se/en/catalogue/dataset/snd0277-23,DORIS,1996,University of Gothenburg
https://researchdata.se/en/catalogue/dataset/snd0277-24,DORIS,1996,University of Gothenburg
https://researchdata.se/en/catalogue/dataset/snd0277-26,DORIS,1996,University of Gothenburg
https://researchdata.se/en/catalogue/dataset/snd0277-21,DORIS,1996,University of Gothenburg
https://researchdata.se/en/catalogue/dataset/snd0277-25,DORIS,1996,University of Gothenburg
https://researchdata.se/en/catalogue/dataset/snd0277-3,DORIS,1991,University of Gothenburg
https://researchdata.se/en/catalogue/dataset/snd0277-28,DORIS,1996,University of Gothenburg
https://researchdata.se/en/catalogue/dataset/snd0277-29,DORIS,1996,University of Gothenburg
https://researchdata.se/en/catalogue/dataset/snd0277-31,DORIS,1996,University of Gothenburg
https://researchdata.se/en/catalogue/dataset/snd0277-32,DORIS,1996,University of Gothenburg
https://researchdata.se/en/catalogue/dataset/snd0277-33,DORIS,1999,University of Gothenburg
https://researchdata.se/en/catalogue/dataset/snd0277-35,DORIS,1999,University of Gothenburg
https://researchdata.se/en/catalogue/dataset/snd0277-30,DORIS,1996,University of Gothenburg
https://researchdata.se/en/catalogue/dataset/snd0277-36,DORIS,1999,University of Gothenburg
https://researchdata.se/en/catalogue/dataset/snd0277-34,DORIS,1999,University of Gothenburg
https://researchdata.se/en/catalogue/dataset/snd0277-37,DORIS,1999,University of Gothenburg
https://researchdata.se/en/catalogue/dataset/snd0277-39,DORIS,1999,University of Gothenburg
https://researchdata.se/en/catalogue/dataset/snd0277-38,DORIS,1999,University of Gothenburg
https://researchdata.se/en/catalogue/dataset/snd0277-4,DORIS,1991,University of Gothenburg
https://researchdata.se/en/catalogue/dataset/snd0277-42,DORIS,1999,University of Gothenburg
https://researchdata.se/en/catalogue/dataset/snd0277-41,DORIS,1999,University of Gothenburg
https://researchdata.se/en/catalogue/dataset/snd0277-40,DORIS,1999,University of Gothenburg
https://researchdata.se/en/catalogue/dataset/snd0277-43,DORIS,1999,University of Gothenburg
https://researchdata.se/en/catalogue/dataset/snd0277-45,DORIS,1999,University of Gothenburg
https://researchdata.se/en/catalogue/dataset/snd0277-44,DORIS,1999,University of Gothenburg
https://researchdata.se/en/catalogue/dataset/snd0277-8,DORIS,1993,University of Gothenburg
https://researchdata.se/en/catalogue/dataset/snd0277-9,DORIS,1996,University of Gothenburg
https://researchdata.se/en/catalogue/dataset/snd0277-6,DORIS,1993,University of Gothenburg
https://researchdata.se/en/catalogue/dataset/snd0277-5,DORIS,1993,University of Gothenburg
https://researchdata.se/en/catalogue/dataset/snd0280-1,DORIS,1992,Statistics Sweden
https://researchdata.se/en/catalogue/dataset/snd0277-7,DORIS,1993,University of Gothenburg
https://researchdata.se/en/catalogue/dataset/snd0291-1,DORIS,1991,University of Gothenburg
https://researchdata.se/en/catalogue/dataset/snd0288-1,DORIS,1992,University of Gothenburg
https://researchdata.se/en/catalogue/dataset/snd0289-1,DORIS,1992,University of Gothenburg
https://researchdata.se/en/catalogue/dataset/snd0290-1,DORIS,1991,University of Gothenburg
https://researchdata.se/en/catalogue/dataset/snd0279-1,DORIS,1990,University of Gothenburg
https://researchdata.se/en/catalogue/dataset/snd0278-1,DORIS,1991,Sveriges Television
https://researchdata.se/en/catalogue/dataset/snd0294-1,DORIS,1991,University of Gothenburg
https://researchdata.se/en/catalogue/dataset/snd0292-1,DORIS,1992,Stockholm University
https://researchdata.se/en/catalogue/dataset/snd0293-1,DORIS,1991,University of Gothenburg
https://researchdata.se/en/catalogue/dataset/snd0295-1,DORIS,1992,University of Gothenburg
https://researchdata.se/en/catalogue/dataset/snd0299-1,DORIS,1993,University of Gothenburg
https://researchdata.se/en/catalogue/dataset/snd0296-1,DORIS,1992,University of Gothenburg
https://researchdata.se/en/catalogue/dataset/snd0298-1,DORIS,1993,University of Gothenburg
https://researchdata.se/en/catalogue/dataset/snd0297-1,DORIS,1992,Umeå University
https://researchdata.se/en/catalogue/dataset/snd0303-1,DORIS,1992,University of Gothenburg
https://researchdata.se/en/catalogue/dataset/snd0304-1,DORIS,1992,Umeå University
https://researchdata.se/en/catalogue/dataset/snd0301-1,DORIS,1993,University of Gothenburg
https://researchdata.se/en/catalogue/dataset/snd0300-1,DORIS,1993,University of Gothenburg
https://researchdata.se/en/catalogue/dataset/snd0302-1,DORIS,1993,University of Gothenburg
https://researchdata.se/en/catalogue/dataset/snd0303-2,DORIS,1992,University of Gothenburg
https://researchdata.se/en/catalogue/dataset/snd0305-1,DORIS,1992,University of Gothenburg
https://researchdata.se/en/catalogue/dataset/snd0308-1,DORIS,1993,University of Gothenburg
https://researchdata.se/en/catalogue/dataset/snd0307-1,DORIS,1992,Riksarkivet
https://researchdata.se/en/catalogue/dataset/snd0309-1,DORIS,1993,University of Gothenburg
https://researchdata.se/en/catalogue/dataset/snd0306-1,DORIS,1992,University of Gothenburg
https://researchdata.se/en/catalogue/dataset/snd0311-1,DORIS,1993,University of Gothenburg
https://researchdata.se/en/catalogue/dataset/snd0306-2,DORIS,1992,University of Gothenburg
https://researchdata.se/en/catalogue/dataset/snd0313-1,DORIS,1993,University of Gothenburg
https://researchdata.se/en/catalogue/dataset/snd0314-1,DORIS,1993,University of Gothenburg
https://researchdata.se/en/catalogue/dataset/snd0310-1,DORIS,1993,University of Gothenburg
https://researchdata.se/en/catalogue/dataset/snd0312-1,DORIS,1993,University of Gothenburg
https://researchdata.se/en/catalogue/dataset/snd0334-1,DORIS,1993,Swedish Institute of Public Opinion Research
https://researchdata.se/en/catalogue/dataset/snd0335-1,DORIS,1993,Swedish Institute of Public Opinion Research
https://researchdata.se/en/catalogue/dataset/snd0337-1,DORIS,1993,Swedish Institute of Public Opinion Research
https://researchdata.se/en/catalogue/dataset/snd0339-1,DORIS,1993,Swedish Institute of Public Opinion Research
https://researchdata.se/en/catalogue/dataset/snd0341-1,DORIS,1993,Swedish Institute of Public Opinion Research
https://researchdata.se/en/catalogue/dataset/snd0336-1,DORIS,1993,Swedish Institute of Public Opinion Research
https://researchdata.se/en/catalogue/dataset/snd0343-1,DORIS,1993,Swedish Institute of Public Opinion Research
https://researchdata.se/en/catalogue/dataset/snd0344-1,DORIS,1993,Swedish Institute of Public Opinion Research
https://researchdata.se/en/catalogue/dataset/snd0340-1,DORIS,1993,Swedish Institute of Public Opinion Research
https://researchdata.se/en/catalogue/dataset/snd0346-1,DORIS,1993,Swedish Institute of Public Opinion Research
https://researchdata.se/en/catalogue/dataset/snd0342-1,DORIS,1993,Swedish Institute of Public Opinion Research
https://researchdata.se/en/catalogue/dataset/snd0345-1,DORIS,1993,Swedish Institute of Public Opinion Research
https://researchdata.se/en/catalogue/dataset/snd0352-1,DORIS,1993,Swedish Institute of Public Opinion Research
https://researchdata.se/en/catalogue/dataset/snd0347-1,DORIS,1993,Swedish Institute of Public Opinion Research
https://researchdata.se/en/catalogue/dataset/snd0393-1,DORIS,1992,Jung-Ang Daily News
https://researchdata.se/en/catalogue/dataset/snd0392-1,DORIS,1992,Korea Research Gallup Polls Ltd.
https://researchdata.se/en/catalogue/dataset/snd0350-1,DORIS,1993,Swedish Institute of Public Opinion Research
https://researchdata.se/en/catalogue/dataset/snd0391-1,DORIS,1993,University of Gothenburg
https://researchdata.se/en/catalogue/dataset/snd0394-1,DORIS,1992,Institute for Korean Election Studies
https://researchdata.se/en/catalogue/dataset/snd0395-1,DORIS,1993,University of Gothenburg
https://researchdata.se/en/catalogue/dataset/snd0419-1,DORIS,1994,IMU-Testologen AB
https://researchdata.se/en/catalogue/dataset/snd0418-1,DORIS,1994,IMU-Testologen AB
https://researchdata.se/en/catalogue/dataset/snd0417-1,DORIS,1994,IMU-Testologen AB
https://researchdata.se/en/catalogue/dataset/snd0421-1,DORIS,1994,IMU-Testologen AB
https://researchdata.se/en/catalogue/dataset/snd0416-1,DORIS,1993,Gallup Europe
https://researchdata.se/en/catalogue/dataset/snd0422-1,DORIS,1994,IMU-Testologen AB
https://researchdata.se/en/catalogue/dataset/snd0420-1,DORIS,1994,IMU-Testologen AB
https://researchdata.se/en/catalogue/dataset/snd0424-1,DORIS,1994,IMU-Testologen AB
https://researchdata.se/en/catalogue/dataset/snd0425-1,DORIS,1994,IMU-Testologen AB
https://researchdata.se/en/catalogue/dataset/snd0423-1,DORIS,1994,IMU-Testologen AB
https://researchdata.se/en/catalogue/dataset/snd0428-1,DORIS,1994,IMU-Testologen AB
https://researchdata.se/en/catalogue/dataset/snd0429-1,DORIS,1994,IMU-Testologen AB
https://researchdata.se/en/catalogue/dataset/snd0426-1,DORIS,1994,IMU-Testologen AB
https://researchdata.se/en/catalogue/dataset/snd0432-1,DORIS,1994,IMU-Testologen AB
https://researchdata.se/en/catalogue/dataset/snd0430-1,DORIS,1994,IMU-Testologen AB
https://researchdata.se/en/catalogue/dataset/snd0427-1,DORIS,1994,IMU-Testologen AB
https://researchdata.se/en/catalogue/dataset/snd0431-1,DORIS,1994,IMU-Testologen AB
https://researchdata.se/en/catalogue/dataset/snd0435-1,DORIS,1995,University of Gothenburg
https://researchdata.se/en/catalogue/dataset/snd0436-1,DORIS,1994,University of Gothenburg
https://researchdata.se/en/catalogue/dataset/snd0433-1,DORIS,1994,IMU-Testologen AB
https://researchdata.se/en/catalogue/dataset/snd0434-1,DORIS,1994,IMU-Testologen AB
https://researchdata.se/en/catalogue/dataset/snd0443-1,DORIS,1994,Swedish Institute of Public Opinion Research
https://researchdata.se/en/catalogue/dataset/snd0445-1,DORIS,1994,Swedish Institute of Public Opinion Research
https://researchdata.se/en/catalogue/dataset/snd0440-1,DORIS,1993,Umeå University
https://researchdata.se/en/catalogue/dataset/snd0442-1,DORIS,1994,Institute for Korean Election Studies
https://researchdata.se/en/catalogue/dataset/snd0446-1,DORIS,1994,Swedish Institute of Public Opinion Research
https://researchdata.se/en/catalogue/dataset/snd0448-1,DORIS,1994,University of Gothenburg
https://researchdata.se/en/catalogue/dataset/snd0444-1,DORIS,1994,Swedish Institute of Public Opinion Research
https://researchdata.se/en/catalogue/dataset/snd0447-1,DORIS,1994,Swedish Institute of Public Opinion Research
https://researchdata.se/en/catalogue/dataset/snd0452-1,DORIS,1995,Statistics Sweden
https://researchdata.se/en/catalogue/dataset/snd0459-4,DORIS,1994,Stockholm University
https://researchdata.se/en/catalogue/dataset/snd0459-5,DORIS,1994,Stockholm University
https://researchdata.se/en/catalogue/dataset/snd0459-1,DORIS,1994,Stockholm University
https://researchdata.se/en/catalogue/dataset/snd0459-2,DORIS,1994,Stockholm University
https://researchdata.se/en/catalogue/dataset/snd0459-3,DORIS,1994,Stockholm University
https://researchdata.se/en/catalogue/dataset/snd0466-1,DORIS,1994,University of Gothenburg
https://researchdata.se/en/catalogue/dataset/snd0463-1,DORIS,1994,University of Gothenburg
https://researchdata.se/en/catalogue/dataset/snd0471-1,DORIS,1994,University of Gothenburg
https://researchdata.se/en/catalogue/dataset/snd0460-1,DORIS,1994,University of Gothenburg
https://researchdata.se/en/catalogue/dataset/snd0465-1,DORIS,1994,University of Gothenburg
https://researchdata.se/en/catalogue/dataset/snd0472-1,DORIS,1994,University of Gothenburg
https://researchdata.se/en/catalogue/dataset/snd0473-1,DORIS,1997,Sveriges Television
https://researchdata.se/en/catalogue/dataset/snd0475-1,DORIS,1995,University of Gothenburg
https://researchdata.se/en/catalogue/dataset/snd0477-1,DORIS,1994,University of Gothenburg
https://researchdata.se/en/catalogue/dataset/snd0476-1,DORIS,1995,University of Gothenburg
https://researchdata.se/en/catalogue/dataset/snd0474-1,DORIS,1995,Uppsala University
https://researchdata.se/en/catalogue/dataset/snd0474-2,DORIS,1995,Uppsala University
https://researchdata.se/en/catalogue/dataset/snd0482-1,DORIS,1995,Stockholm University
https://researchdata.se/en/catalogue/dataset/snd0484-1,DORIS,1996,University of Gothenburg
https://researchdata.se/en/catalogue/dataset/snd0481-1,DORIS,1995,Umeå University
https://researchdata.se/en/catalogue/dataset/snd0469-1,DORIS,2020,Lund University
https://researchdata.se/en/catalogue/dataset/snd0482-2,DORIS,1995,Stockholm University
https://researchdata.se/en/catalogue/dataset/snd0467-1,DORIS,2020,Statistics Sweden
https://researchdata.se/en/catalogue/dataset/snd0470-1,DORIS,2020,Lund University
https://researchdata.se/en/catalogue/dataset/snd0485-1,DORIS,1995,University of Gothenburg
https://researchdata.se/en/catalogue/dataset/snd0489-1,DORIS,1995,Umeå University
https://researchdata.se/en/catalogue/dataset/snd0486-1,DORIS,1995,University of Gothenburg
https://researchdata.se/en/catalogue/dataset/snd0492-1,DORIS,1995,Umeå University
https://researchdata.se/en/catalogue/dataset/snd0487-1,DORIS,1995,University of Gothenburg
https://researchdata.se/en/catalogue/dataset/snd0495-10,DORIS,1996,Swedish Working Life Fund 
https://researchdata.se/en/catalogue/dataset/snd0491-1,DORIS,1995,Uppsala University
https://researchdata.se/en/catalogue/dataset/snd0494-1,DORIS,1995,Swedish Working Life Fund 
https://researchdata.se/en/catalogue/dataset/snd0495-1,DORIS,1996,Swedish Working Life Fund 
https://researchdata.se/en/catalogue/dataset/snd0495-11,DORIS,1996,Swedish Working Life Fund 
https://researchdata.se/en/catalogue/dataset/snd0495-13,DORIS,1996,Swedish Working Life Fund 
https://researchdata.se/en/catalogue/dataset/snd0493-1,DORIS,1995,University of Gothenburg
https://researchdata.se/en/catalogue/dataset/snd0495-12,DORIS,1996,Swedish Working Life Fund 
https://researchdata.se/en/catalogue/dataset/snd0480-1,DORIS,1995,University of Gothenburg
https://researchdata.se/en/catalogue/dataset/snd0495-15,DORIS,1996,Swedish Working Life Fund 
https://researchdata.se/en/catalogue/dataset/snd0495-16,DORIS,1996,Swedish Working Life Fund 
https://researchdata.se/en/catalogue/dataset/snd0495-17,DORIS,1996,Swedish Working Life Fund 
https://researchdata.se/en/catalogue/dataset/snd0495-18,DORIS,1996,Swedish Working Life Fund 
https://researchdata.se/en/catalogue/dataset/snd0495-14,DORIS,1996,Swedish Working Life Fund 
https://researchdata.se/en/catalogue/dataset/snd0495-2,DORIS,1996,Swedish Working Life Fund 
https://researchdata.se/en/catalogue/dataset/snd0495-19,DORIS,1996,Swedish Working Life Fund 
https://researchdata.se/en/catalogue/dataset/snd0495-20,DORIS,1996,Swedish Working Life Fund 
https://researchdata.se/en/catalogue/dataset/snd0495-21,DORIS,1996,Swedish Working Life Fund 
https://researchdata.se/en/catalogue/dataset/snd0495-24,DORIS,1996,Swedish Working Life Fund 
https://researchdata.se/en/catalogue/dataset/snd0495-23,DORIS,1996,Swedish Working Life Fund 
https://researchdata.se/en/catalogue/dataset/snd0495-25,DORIS,1996,Swedish Working Life Fund 
https://researchdata.se/en/catalogue/dataset/snd0495-4,DORIS,1996,Swedish Working Life Fund 
https://researchdata.se/en/catalogue/dataset/snd0495-26,DORIS,1996,Swedish Working Life Fund 
https://researchdata.se/en/catalogue/dataset/snd0495-5,DORIS,1996,Swedish Working Life Fund 
https://researchdata.se/en/catalogue/dataset/snd0495-3,DORIS,1996,Swedish Working Life Fund 
https://researchdata.se/en/catalogue/dataset/snd0495-6,DORIS,1996,Swedish Working Life Fund 
https://researchdata.se/en/catalogue/dataset/snd0497-1,DORIS,1996,City of Gothenburg
https://researchdata.se/en/catalogue/dataset/snd0495-7,DORIS,1996,Swedish Working Life Fund 
https://researchdata.se/en/catalogue/dataset/snd0495-8,DORIS,1996,Swedish Working Life Fund 
https://researchdata.se/en/catalogue/dataset/snd0495-9,DORIS,1996,Swedish Working Life Fund 
https://researchdata.se/en/catalogue/dataset/snd0497-3,DORIS,1996,City of Gothenburg
https://researchdata.se/en/catalogue/dataset/snd0497-2,DORIS,1996,City of Gothenburg
https://researchdata.se/en/catalogue/dataset/snd0496-1,DORIS,1997,University of Gothenburg
https://researchdata.se/en/catalogue/dataset/snd0500-10,DORIS,2001,University of Gothenburg
https://researchdata.se/en/catalogue/dataset/snd0500-1,DORIS,2001,University of Gothenburg
https://researchdata.se/en/catalogue/dataset/snd0500-11,DORIS,2001,University of Gothenburg
https://researchdata.se/en/catalogue/dataset/snd0500-13,DORIS,2001,University of Gothenburg
https://researchdata.se/en/catalogue/dataset/snd0500-12,DORIS,2001,University of Gothenburg
https://researchdata.se/en/catalogue/dataset/snd0500-15,DORIS,2001,University of Gothenburg
https://researchdata.se/en/catalogue/dataset/snd0500-14,DORIS,2001,University of Gothenburg
https://researchdata.se/en/catalogue/dataset/snd0500-19,DORIS,2001,University of Gothenburg
https://researchdata.se/en/catalogue/dataset/snd0500-17,DORIS,2001,University of Gothenburg
https://researchdata.se/en/catalogue/dataset/snd0500-21,DORIS,2001,University of Gothenburg
https://researchdata.se/en/catalogue/dataset/snd0500-20,DORIS,2001,University of Gothenburg
https://researchdata.se/en/catalogue/dataset/snd0500-16,DORIS,2001,University of Gothenburg
https://researchdata.se/en/catalogue/dataset/snd0500-23,DORIS,2001,University of Gothenburg
https://researchdata.se/en/catalogue/dataset/snd0500-24,DORIS,2001,University of Gothenburg
https://researchdata.se/en/catalogue/dataset/snd0500-2,DORIS,2001,University of Gothenburg
https://researchdata.se/en/catalogue/dataset/snd0495-22,DORIS,1996,Swedish Working Life Fund 
https://researchdata.se/en/catalogue/dataset/snd0500-22,DORIS,2001,University of Gothenburg
https://researchdata.se/en/catalogue/dataset/snd0500-18,DORIS,2001,University of Gothenburg
https://researchdata.se/en/catalogue/dataset/snd0500-27,DORIS,2001,University of Gothenburg
https://researchdata.se/en/catalogue/dataset/snd0500-26,DORIS,2001,University of Gothenburg
https://researchdata.se/en/catalogue/dataset/snd0500-25,DORIS,2001,University of Gothenburg
https://researchdata.se/en/catalogue/dataset/snd0500-29,DORIS,2001,University of Gothenburg
https://researchdata.se/en/catalogue/dataset/snd0500-28,DORIS,2001,University of Gothenburg
https://researchdata.se/en/catalogue/dataset/snd0500-30,DORIS,2001,University of Gothenburg
https://researchdata.se/en/catalogue/dataset/snd0500-32,DORIS,2001,University of Gothenburg
https://researchdata.se/en/catalogue/dataset/snd0500-3,DORIS,2001,University of Gothenburg
https://researchdata.se/en/catalogue/dataset/snd0500-33,DORIS,2001,University of Gothenburg
https://researchdata.se/en/catalogue/dataset/snd0500-31,DORIS,2001,University of Gothenburg
https://researchdata.se/en/catalogue/dataset/snd0500-37,DORIS,2005,University of Gothenburg
https://researchdata.se/en/catalogue/dataset/snd0500-35,DORIS,2005,University of Gothenburg
https://researchdata.se/en/catalogue/dataset/snd0500-36,DORIS,2005,University of Gothenburg
https://researchdata.se/en/catalogue/dataset/snd0500-39,DORIS,2007,University of Gothenburg
https://researchdata.se/en/catalogue/dataset/snd0500-34,DORIS,2001,University of Gothenburg
https://researchdata.se/en/catalogue/dataset/snd0500-4,DORIS,2001,University of Gothenburg
https://researchdata.se/en/catalogue/dataset/snd0500-41,DORIS,2007,University of Gothenburg
https://researchdata.se/en/catalogue/dataset/snd0500-38,DORIS,2005,University of Gothenburg
https://researchdata.se/en/catalogue/dataset/snd0500-40,DORIS,2007,University of Gothenburg
https://researchdata.se/en/catalogue/dataset/snd0500-42,DORIS,2007,University of Gothenburg
https://researchdata.se/en/catalogue/dataset/snd0500-44,DORIS,2002,University of Gothenburg
https://researchdata.se/en/catalogue/dataset/snd0500-43,DORIS,2001,University of Gothenburg
https://researchdata.se/en/catalogue/dataset/snd0500-52,DORIS,2002,University of Gothenburg
https://researchdata.se/en/catalogue/dataset/snd0500-54,DORIS,2002,University of Gothenburg
https://researchdata.se/en/catalogue/dataset/snd0500-56,DORIS,2002,University of Gothenburg
https://researchdata.se/en/catalogue/dataset/snd0500-55,DORIS,2002,University of Gothenburg
https://researchdata.se/en/catalogue/dataset/snd0500-5,DORIS,2001,University of Gothenburg
https://researchdata.se/en/catalogue/dataset/snd0500-50,DORIS,2001,University of Gothenburg
https://researchdata.se/en/catalogue/dataset/snd0500-51,DORIS,2001,University of Gothenburg
https://researchdata.se/en/catalogue/dataset/snd0500-53,DORIS,2002,University of Gothenburg
https://researchdata.se/en/catalogue/dataset/snd0500-58,DORIS,2002,University of Gothenburg
https://researchdata.se/en/catalogue/dataset/snd0500-6,DORIS,2001,University of Gothenburg
https://researchdata.se/en/catalogue/dataset/snd0500-62,DORIS,2002,University of Gothenburg
https://researchdata.se/en/catalogue/dataset/snd0500-57,DORIS,2002,University of Gothenburg
https://researchdata.se/en/catalogue/dataset/snd0500-59,DORIS,2002,University of Gothenburg
https://researchdata.se/en/catalogue/dataset/snd0500-64,DORIS,2002,University of Gothenburg
https://researchdata.se/en/catalogue/dataset/snd0500-65,DORIS,2002,University of Gothenburg
https://researchdata.se/en/catalogue/dataset/snd0500-60,DORIS,2002,University of Gothenburg
https://researchdata.se/en/catalogue/dataset/snd0500-66,DORIS,2002,University of Gothenburg
https://researchdata.se/en/catalogue/dataset/snd0500-8,DORIS,2001,University of Gothenburg
https://researchdata.se/en/catalogue/dataset/snd0500-61,DORIS,2002,University of Gothenburg
https://researchdata.se/en/catalogue/dataset/snd0500-7,DORIS,2001,University of Gothenburg
https://researchdata.se/en/catalogue/dataset/snd0500-9,DORIS,2001,University of Gothenburg
https://researchdata.se/en/catalogue/dataset/snd0502-1,DORIS,1995,Umeå University
https://researchdata.se/en/catalogue/dataset/snd0510-1,DORIS,1997,Commission of the European Communities
https://researchdata.se/en/catalogue/dataset/snd0508-1,DORIS,1997,Commission of the European Communities
https://researchdata.se/en/catalogue/dataset/snd0509-1,DORIS,1997,Commission of the European Communities
https://researchdata.se/en/catalogue/dataset/snd0507-1,DORIS,1997,Commission of the European Communities
https://researchdata.se/en/catalogue/dataset/snd0512-1,DORIS,1997,University of Gothenburg
https://researchdata.se/en/catalogue/dataset/snd0514-1,DORIS,1996,University of Gothenburg
https://researchdata.se/en/catalogue/dataset/snd0513-1,DORIS,1996,University of Gothenburg
https://researchdata.se/en/catalogue/dataset/snd0518-1,DORIS,1996,University of Gothenburg
https://researchdata.se/en/catalogue/dataset/snd0511-1,DORIS,1997,University of Gothenburg
https://researchdata.se/en/catalogue/dataset/snd0551-1,DORIS,1996,Swedish Transport Administration
https://researchdata.se/en/catalogue/dataset/snd0555-1,DORIS,1996,Swedish Transport Administration
https://researchdata.se/en/catalogue/dataset/snd0554-1,DORIS,1996,Swedish Transport Administration
https://researchdata.se/en/catalogue/dataset/snd0552-1,DORIS,1996,Swedish Transport Administration
https://researchdata.se/en/catalogue/dataset/snd0515-1,DORIS,2007,University of Gothenburg
https://researchdata.se/en/catalogue/dataset/snd0553-1,DORIS,1996,Swedish Transport Administration
https://researchdata.se/en/catalogue/dataset/snd0558-1,DORIS,1996,Swedish Transport Administration
https://researchdata.se/en/catalogue/dataset/snd0556-1,DORIS,1996,Swedish Transport Administration
https://researchdata.se/en/catalogue/dataset/snd0559-1,DORIS,1996,Swedish Transport Administration
https://researchdata.se/en/catalogue/dataset/snd0560-1,DORIS,1996,Swedish Transport Administration
https://researchdata.se/en/catalogue/dataset/snd0561-1,DORIS,1996,Swedish Transport Administration
https://researchdata.se/en/catalogue/dataset/snd0557-1,DORIS,1996,Swedish Transport Administration
https://researchdata.se/en/catalogue/dataset/snd0565-1,DORIS,1996,Swedish Transport Administration
https://researchdata.se/en/catalogue/dataset/snd0563-1,DORIS,1996,Swedish Transport Administration
https://researchdata.se/en/catalogue/dataset/snd0562-1,DORIS,1996,Swedish Transport Administration
https://researchdata.se/en/catalogue/dataset/snd0566-1,DORIS,1997,Lund University
https://researchdata.se/en/catalogue/dataset/snd0564-1,DORIS,1996,Swedish Transport Administration
https://researchdata.se/en/catalogue/dataset/snd0570-1,DORIS,1997,University of Gothenburg
https://researchdata.se/en/catalogue/dataset/snd0573-1,DORIS,1997,Swedish Transport Administration
https://researchdata.se/en/catalogue/dataset/snd0574-1,DORIS,1997,Swedish Transport Administration
https://researchdata.se/en/catalogue/dataset/snd0572-1,DORIS,1997,Swedish Transport Administration
https://researchdata.se/en/catalogue/dataset/snd0571-1,DORIS,1997,Swedish Transport Administration
https://researchdata.se/en/catalogue/dataset/snd0567-1,DORIS,1997,Sveriges Television
https://researchdata.se/en/catalogue/dataset/snd0576-1,DORIS,1997,Swedish Transport Administration
https://researchdata.se/en/catalogue/dataset/snd0568-1,DORIS,1997,Sveriges Television
https://researchdata.se/en/catalogue/dataset/snd0569-1,DORIS,1997,Lund University
https://researchdata.se/en/catalogue/dataset/snd0575-1,DORIS,1997,Swedish Transport Administration
https://researchdata.se/en/catalogue/dataset/snd0577-3,DORIS,1999,Lund University
https://researchdata.se/en/catalogue/dataset/snd0577-2,DORIS,1997,Lund University
https://researchdata.se/en/catalogue/dataset/snd0577-4,DORIS,1999,Lund University
https://researchdata.se/en/catalogue/dataset/snd0577-1,DORIS,1999,Lund University
https://researchdata.se/en/catalogue/dataset/snd0582-1,DORIS,2001,Commission of the European Communities
https://researchdata.se/en/catalogue/dataset/snd0577-7,DORIS,2012,Lund University
https://researchdata.se/en/catalogue/dataset/snd0577-6,DORIS,1999,Lund University
https://researchdata.se/en/catalogue/dataset/snd0577-8,DORIS,2012,Lund University
https://researchdata.se/en/catalogue/dataset/snd0577-5,DORIS,1999,Lund University
https://researchdata.se/en/catalogue/dataset/snd0586-1,DORIS,1997,University of Gothenburg
https://researchdata.se/en/catalogue/dataset/snd0583-1,DORIS,1997,University of Tampere
https://researchdata.se/en/catalogue/dataset/snd0588-1,DORIS,1997,University of Gothenburg
https://researchdata.se/en/catalogue/dataset/snd0590-1,DORIS,1998,University of Gothenburg
https://researchdata.se/en/catalogue/dataset/snd0587-1,DORIS,1997,Umeå University
https://researchdata.se/en/catalogue/dataset/snd0593-1,DORIS,1997,University of Gothenburg
https://researchdata.se/en/catalogue/dataset/snd0592-1,DORIS,1997,University of Gothenburg
https://researchdata.se/en/catalogue/dataset/snd0589-1,DORIS,1998,University of Gothenburg
https://researchdata.se/en/catalogue/dataset/snd0596-1,DORIS,2010,University of Gothenburg
https://researchdata.se/en/catalogue/dataset/snd0591-1,DORIS,1998,University of Gothenburg
https://researchdata.se/en/catalogue/dataset/snd0601-2,DORIS,1998,Umeå University
https://researchdata.se/en/catalogue/dataset/snd0599-1,DORIS,1998,University of Gothenburg
https://researchdata.se/en/catalogue/dataset/snd0600-1,DORIS,1998,Lund University
https://researchdata.se/en/catalogue/dataset/snd0598-1,DORIS,1998,University of Gothenburg
https://researchdata.se/en/catalogue/dataset/snd0601-3,DORIS,1998,Umeå University
https://researchdata.se/en/catalogue/dataset/snd0601-1,DORIS,1998,Umeå University
https://researchdata.se/en/catalogue/dataset/snd0601-6,DORIS,1998,Umeå University
https://researchdata.se/en/catalogue/dataset/snd0601-5,DORIS,1998,Umeå University
https://researchdata.se/en/catalogue/dataset/snd0614-1,DORIS,1998,Radio Sweden
https://researchdata.se/en/catalogue/dataset/snd0601-4,DORIS,1998,Umeå University
https://researchdata.se/en/catalogue/dataset/snd0609-1,DORIS,1998,Radio Sweden
https://researchdata.se/en/catalogue/dataset/snd0612-1,DORIS,1998,Radio Sweden
https://researchdata.se/en/catalogue/dataset/snd0617-1,DORIS,1998,Radio Sweden
https://researchdata.se/en/catalogue/dataset/snd0616-1,DORIS,1998,Radio Sweden
https://researchdata.se/en/catalogue/dataset/snd0611-1,DORIS,1998,Radio Sweden
https://researchdata.se/en/catalogue/dataset/snd0610-1,DORIS,1998,Radio Sweden
https://researchdata.se/en/catalogue/dataset/snd0618-1,DORIS,1998,Radio Sweden
https://researchdata.se/en/catalogue/dataset/snd0613-1,DORIS,1998,Radio Sweden
https://researchdata.se/en/catalogue/dataset/snd0619-1,DORIS,1998,Radio Sweden
https://researchdata.se/en/catalogue/dataset/snd0621-1,DORIS,1998,University of Gothenburg
https://researchdata.se/en/catalogue/dataset/snd0615-1,DORIS,1998,Radio Sweden
https://researchdata.se/en/catalogue/dataset/snd0623-1,DORIS,2002,Swedish Transport Administration
https://researchdata.se/en/catalogue/dataset/snd0624-1,DORIS,2002,Swedish Transport Administration
https://researchdata.se/en/catalogue/dataset/snd0620-1,DORIS,1998,University of Gothenburg
https://researchdata.se/en/catalogue/dataset/snd0622-1,DORIS,1998,University of Gothenburg
https://researchdata.se/en/catalogue/dataset/snd0629-1,DORIS,1998,University of Gothenburg
https://researchdata.se/en/catalogue/dataset/snd0630-1,DORIS,1999,Sveriges Television
https://researchdata.se/en/catalogue/dataset/snd0628-1,DORIS,2010,University of Gothenburg
https://researchdata.se/en/catalogue/dataset/snd0635-1,DORIS,1999,University of Gothenburg
https://researchdata.se/en/catalogue/dataset/snd0633-1,DORIS,1999,University of Gothenburg
https://researchdata.se/en/catalogue/dataset/snd0634-1,DORIS,1999,University of Gothenburg
https://researchdata.se/en/catalogue/dataset/snd0637-1,DORIS,1999,University of Gothenburg
https://researchdata.se/en/catalogue/dataset/snd0638-1,DORIS,1999,Uppsala University
https://researchdata.se/en/catalogue/dataset/snd0636-1,DORIS,1999,University of Gothenburg
https://researchdata.se/en/catalogue/dataset/snd0632-1,DORIS,1999,University of Gothenburg
https://researchdata.se/en/catalogue/dataset/snd0700-1,DORIS,1992,Linnaeus University
https://researchdata.se/en/catalogue/dataset/snd0700-10,DORIS,1999,Linnaeus University
https://researchdata.se/en/catalogue/dataset/snd0643-1,DORIS,2002,Swedish Transport Administration
https://researchdata.se/en/catalogue/dataset/snd0639-1,DORIS,1999,Demoskop
https://researchdata.se/en/catalogue/dataset/snd0644-1,DORIS,1999,University of Gothenburg
https://researchdata.se/en/catalogue/dataset/snd0700-13,DORIS,1999,Linnaeus University
https://researchdata.se/en/catalogue/dataset/snd0700-12,DORIS,1999,Linnaeus University
https://researchdata.se/en/catalogue/dataset/snd0700-14,DORIS,1999,Linnaeus University
https://researchdata.se/en/catalogue/dataset/snd0700-17,DORIS,1999,Linnaeus University
https://researchdata.se/en/catalogue/dataset/snd0700-11,DORIS,1999,Linnaeus University
https://researchdata.se/en/catalogue/dataset/snd0700-18,DORIS,1999,Linnaeus University
https://researchdata.se/en/catalogue/dataset/snd0700-19,DORIS,1999,Linnaeus University
https://researchdata.se/en/catalogue/dataset/snd0700-16,DORIS,1999,Linnaeus University
https://researchdata.se/en/catalogue/dataset/snd0700-15,DORIS,1999,Linnaeus University
https://researchdata.se/en/catalogue/dataset/snd0700-20,DORIS,1999,Linnaeus University
https://researchdata.se/en/catalogue/dataset/snd0700-22,DORIS,1999,Linnaeus University
https://researchdata.se/en/catalogue/dataset/snd0700-21,DORIS,1999,Linnaeus University
https://researchdata.se/en/catalogue/dataset/snd0700-23,DORIS,1999,Linnaeus University
https://researchdata.se/en/catalogue/dataset/snd0700-2,DORIS,1992,Linnaeus University
https://researchdata.se/en/catalogue/dataset/snd0700-24,DORIS,1999,Linnaeus University
https://researchdata.se/en/catalogue/dataset/snd0700-27,DORIS,1999,Linnaeus University
https://researchdata.se/en/catalogue/dataset/snd0700-29,DORIS,1999,Linnaeus University
https://researchdata.se/en/catalogue/dataset/snd0700-26,DORIS,1999,Linnaeus University
https://researchdata.se/en/catalogue/dataset/snd0700-25,DORIS,1999,Linnaeus University
https://researchdata.se/en/catalogue/dataset/snd0700-31,DORIS,1999,Linnaeus University
https://researchdata.se/en/catalogue/dataset/snd0700-30,DORIS,1999,Linnaeus University
https://researchdata.se/en/catalogue/dataset/snd0700-3,DORIS,1992,Linnaeus University
https://researchdata.se/en/catalogue/dataset/snd0700-28,DORIS,1999,Linnaeus University
https://researchdata.se/en/catalogue/dataset/snd0700-33,DORIS,1999,Linnaeus University
https://researchdata.se/en/catalogue/dataset/snd0700-32,DORIS,1999,Linnaeus University
https://researchdata.se/en/catalogue/dataset/snd0700-36,DORIS,1999,Linnaeus University
https://researchdata.se/en/catalogue/dataset/snd0700-39,DORIS,1999,Linnaeus University
https://researchdata.se/en/catalogue/dataset/snd0700-37,DORIS,1999,Linnaeus University
https://researchdata.se/en/catalogue/dataset/snd0700-34,DORIS,1999,Linnaeus University
https://researchdata.se/en/catalogue/dataset/snd0700-4,DORIS,1992,Linnaeus University
https://researchdata.se/en/catalogue/dataset/snd0700-35,DORIS,1999,Linnaeus University
https://researchdata.se/en/catalogue/dataset/snd0700-38,DORIS,1999,Linnaeus University
https://researchdata.se/en/catalogue/dataset/snd0700-40,DORIS,1999,Linnaeus University
https://researchdata.se/en/catalogue/dataset/snd0700-8,DORIS,1999,Linnaeus University
https://researchdata.se/en/catalogue/dataset/snd0700-7,DORIS,1992,Linnaeus University
https://researchdata.se/en/catalogue/dataset/snd0700-5,DORIS,1992,Linnaeus University
https://researchdata.se/en/catalogue/dataset/snd0700-6,DORIS,1992,Linnaeus University
https://researchdata.se/en/catalogue/dataset/snd0716-1,DORIS,1999,Umeå University
https://researchdata.se/en/catalogue/dataset/snd0700-9,DORIS,1999,Linnaeus University
https://researchdata.se/en/catalogue/dataset/snd0722-1,DORIS,1999,Umeå University
https://researchdata.se/en/catalogue/dataset/snd0725-1,DORIS,2000,University of Gothenburg
https://researchdata.se/en/catalogue/dataset/snd0726-1,DORIS,2000,University of Gothenburg
https://researchdata.se/en/catalogue/dataset/snd0740-1,DORIS,2001,University of Gothenburg
https://researchdata.se/en/catalogue/dataset/snd0723-1,DORIS,1999,Sveriges Television
https://researchdata.se/en/catalogue/dataset/snd0727-1,DORIS,2000,Umeå University
https://researchdata.se/en/catalogue/dataset/snd0739-1,DORIS,2001,University of Gothenburg
https://researchdata.se/en/catalogue/dataset/snd0741-1,DORIS,2001,University of Gothenburg
https://researchdata.se/en/catalogue/dataset/snd0742-1,DORIS,2001,University of Gothenburg
https://researchdata.se/en/catalogue/dataset/snd0742-4,DORIS,2001,University of Gothenburg
https://researchdata.se/en/catalogue/dataset/snd0743-1,DORIS,2001,University of Gothenburg
https://researchdata.se/en/catalogue/dataset/snd0743-2,DORIS,2001,University of Gothenburg
https://researchdata.se/en/catalogue/dataset/snd0743-3,DORIS,2001,University of Gothenburg
https://researchdata.se/en/catalogue/dataset/snd0744-1,DORIS,2001,University of Gothenburg
https://researchdata.se/en/catalogue/dataset/snd0742-3,DORIS,2001,University of Gothenburg
https://researchdata.se/en/catalogue/dataset/snd0742-2,DORIS,2001,University of Gothenburg
https://researchdata.se/en/catalogue/dataset/snd0745-1,DORIS,2001,University of Gothenburg
https://researchdata.se/en/catalogue/dataset/snd0747-1,DORIS,2001,University of Gothenburg
https://researchdata.se/en/catalogue/dataset/snd0744-2,DORIS,2001,University of Gothenburg
https://researchdata.se/en/catalogue/dataset/snd0749-1,DORIS,2001,Swedish Transport Administration
https://researchdata.se/en/catalogue/dataset/snd0748-1,DORIS,2001,Swedish Transport Administration
https://researchdata.se/en/catalogue/dataset/snd0746-1,DORIS,2001,University of Gothenburg
https://researchdata.se/en/catalogue/dataset/snd0750-1,DORIS,2001,University of Gothenburg
https://researchdata.se/en/catalogue/dataset/snd0759-1,DORIS,2002,University of Gothenburg
https://researchdata.se/en/catalogue/dataset/snd0760-1,DORIS,2002,Södertörns högskola
https://researchdata.se/en/catalogue/dataset/snd0760-2,DORIS,2002,Södertörns högskola
https://researchdata.se/en/catalogue/dataset/snd0753-1,DORIS,2001,Umeå University
https://researchdata.se/en/catalogue/dataset/snd0760-5,DORIS,2011,Södertörns högskola
https://researchdata.se/en/catalogue/dataset/snd0760-6,DORIS,2011,Södertörns högskola
https://researchdata.se/en/catalogue/dataset/snd0760-3,DORIS,2002,Södertörns högskola
https://researchdata.se/en/catalogue/dataset/snd0760-4,DORIS,2011,Södertörns högskola
https://researchdata.se/en/catalogue/dataset/snd0760-7,DORIS,2011,Södertörns högskola
https://researchdata.se/en/catalogue/dataset/snd0762-1,DORIS,2002,University of Gothenburg
https://researchdata.se/en/catalogue/dataset/snd0763-1,DORIS,2002,Swedish Transport Administration
https://researchdata.se/en/catalogue/dataset/snd0778-1,DORIS,1995,Luleå University of Technology
https://researchdata.se/en/catalogue/dataset/snd0781-1,DORIS,2002,University of Gothenburg
https://researchdata.se/en/catalogue/dataset/snd0777-1,DORIS,2002,University of Gothenburg
https://researchdata.se/en/catalogue/dataset/snd0761-1,DORIS,2002,University of Gothenburg
https://researchdata.se/en/catalogue/dataset/snd0783-1,DORIS,2002,University of Gothenburg
https://researchdata.se/en/catalogue/dataset/snd0779-1,DORIS,2002,Umeå University
https://researchdata.se/en/catalogue/dataset/snd0785-1,DORIS,2005,Institute for Future Studies
https://researchdata.se/en/catalogue/dataset/snd0782-1,DORIS,2002,University of Gothenburg
https://researchdata.se/en/catalogue/dataset/snd0788-1,DORIS,2003,University of Gothenburg
https://researchdata.se/en/catalogue/dataset/snd0789-1,DORIS,2003,University of Gothenburg
https://researchdata.se/en/catalogue/dataset/snd0791-1,DORIS,2004,University of Gothenburg
https://researchdata.se/en/catalogue/dataset/snd0790-1,DORIS,2003,University of Gothenburg
https://researchdata.se/en/catalogue/dataset/snd0793-1,DORIS,2003,Umeå University
https://researchdata.se/en/catalogue/dataset/snd0787-1,DORIS,2002,Sveriges Television
https://researchdata.se/en/catalogue/dataset/snd0794-1,DORIS,2003,Stockholm University
https://researchdata.se/en/catalogue/dataset/snd0794-2,DORIS,2010,Stockholm University
https://researchdata.se/en/catalogue/dataset/snd0792-1,DORIS,2003,Umeå University
https://researchdata.se/en/catalogue/dataset/snd0794-3,DORIS,2008,Stockholm University
https://researchdata.se/en/catalogue/dataset/snd0795-3,DORIS,2003,University of Gothenburg
https://researchdata.se/en/catalogue/dataset/snd0796-1,DORIS,2003,Uppsala University
https://researchdata.se/en/catalogue/dataset/snd0795-1,DORIS,2003,University of Gothenburg
https://researchdata.se/en/catalogue/dataset/snd0798-1,DORIS,2003,University of Gothenburg
https://researchdata.se/en/catalogue/dataset/snd0795-2,DORIS,2003,University of Gothenburg
https://researchdata.se/en/catalogue/dataset/snd0786-1,DORIS,2007,Stockholm University
https://researchdata.se/en/catalogue/dataset/snd0801-1,DORIS,2004,University of Gothenburg
https://researchdata.se/en/catalogue/dataset/snd0799-1,DORIS,2007,University of Gothenburg
https://researchdata.se/en/catalogue/dataset/snd0803-1,DORIS,2004,University of Gothenburg
https://researchdata.se/en/catalogue/dataset/snd0797-1,DORIS,2003,University of Gothenburg
https://researchdata.se/en/catalogue/dataset/snd0802-1,DORIS,2004,University of Gothenburg
https://researchdata.se/en/catalogue/dataset/snd0805-1,DORIS,2004,Umeå University
https://researchdata.se/en/catalogue/dataset/snd0784-1,DORIS,2012,Karolinska Institutet
https://researchdata.se/en/catalogue/dataset/snd0807-1,DORIS,2007,University of Gothenburg
https://researchdata.se/en/catalogue/dataset/snd0804-1,DORIS,2004,University of Gothenburg
https://researchdata.se/en/catalogue/dataset/snd0806-1,DORIS,2004,Sveriges Television
https://researchdata.se/en/catalogue/dataset/snd0808-1,DORIS,2007,University of Gothenburg
https://researchdata.se/en/catalogue/dataset/snd0814-1,DORIS,2005,University of Gothenburg
https://researchdata.se/en/catalogue/dataset/snd0811-1,DORIS,2004,Sveriges Television
https://researchdata.se/en/catalogue/dataset/snd0816-1,DORIS,2005,Umeå University
https://researchdata.se/en/catalogue/dataset/snd0812-1,DORIS,2004,University of Gothenburg
https://researchdata.se/en/catalogue/dataset/snd0813-1,DORIS,2005,University of Gothenburg
https://researchdata.se/en/catalogue/dataset/snd0814-2,DORIS,2006,University of Gothenburg
https://researchdata.se/en/catalogue/dataset/snd0821-1,DORIS,2007,University of Gothenburg
https://researchdata.se/en/catalogue/dataset/snd0820-1,DORIS,2007,Arbetslivsinstitutet
https://researchdata.se/en/catalogue/dataset/snd0824-1,DORIS,2006,University of Gothenburg
https://researchdata.se/en/catalogue/dataset/snd0815-1,DORIS,2005,Umeå University
https://researchdata.se/en/catalogue/dataset/snd0823-1,DORIS,2006,University of Gothenburg
https://researchdata.se/en/catalogue/dataset/snd0819-1,DORIS,2005,Uppsala University
https://researchdata.se/en/catalogue/dataset/snd0817-1,DORIS,2005,Uppsala University
https://researchdata.se/en/catalogue/dataset/snd0818-1,DORIS,2005,Uppsala University
https://researchdata.se/en/catalogue/dataset/snd0822-1,DORIS,2007,University of Gothenburg
https://researchdata.se/en/catalogue/dataset/snd0826-1,DORIS,2006,University of Gothenburg
https://researchdata.se/en/catalogue/dataset/snd0828-1,DORIS,2006,University of Gothenburg
https://researchdata.se/en/catalogue/dataset/snd0810-1,DORIS,2021,University of Gothenburg
https://researchdata.se/en/catalogue/dataset/snd0825-1,DORIS,2006,University of Gothenburg
https://researchdata.se/en/catalogue/dataset/snd0830-1,DORIS,2006,University of Gothenburg
https://researchdata.se/en/catalogue/dataset/snd0827-1,DORIS,2006,University of Gothenburg
https://researchdata.se/en/catalogue/dataset/snd0829-1,DORIS,2006,Lund University
https://researchdata.se/en/catalogue/dataset/snd0837-3,DORIS,2014,Arbetslivsinstitutet
https://researchdata.se/en/catalogue/dataset/snd0831-1,DORIS,2006,Arbetslivsinstitutet
https://researchdata.se/en/catalogue/dataset/snd0834-1,DORIS,2006,Karolinska Institutet
https://researchdata.se/en/catalogue/dataset/snd0837-2,DORIS,2007,Arbetslivsinstitutet
https://researchdata.se/en/catalogue/dataset/snd0833-1,DORIS,2006,Arbetslivsinstitutet
https://researchdata.se/en/catalogue/dataset/snd0832-1,DORIS,2006,Arbetslivsinstitutet
https://researchdata.se/en/catalogue/dataset/snd0837-4,DORIS,2014,Arbetslivsinstitutet
https://researchdata.se/en/catalogue/dataset/snd0838-1,DORIS,2006,Arbetslivsinstitutet
https://researchdata.se/en/catalogue/dataset/snd0835-1,DORIS,2006,University of Gothenburg
https://researchdata.se/en/catalogue/dataset/snd0837-1,DORIS,2014,Arbetslivsinstitutet
https://researchdata.se/en/catalogue/dataset/snd0842-1,DORIS,2006,University of Gothenburg
https://researchdata.se/en/catalogue/dataset/snd0837-5,DORIS,2014,Arbetslivsinstitutet
https://researchdata.se/en/catalogue/dataset/snd0836-1,DORIS,2007,Karolinska Institutet
https://researchdata.se/en/catalogue/dataset/snd0843-1,DORIS,2006,University of Gothenburg
https://researchdata.se/en/catalogue/dataset/snd0840-1,DORIS,2007,Arbetslivsinstitutet
https://researchdata.se/en/catalogue/dataset/snd0839-1,DORIS,2007,Arbetslivsinstitutet
https://researchdata.se/en/catalogue/dataset/snd0848-1,DORIS,2006,Arbetslivsinstitutet
https://researchdata.se/en/catalogue/dataset/snd0841-1,DORIS,2006,University of Gothenburg
https://researchdata.se/en/catalogue/dataset/snd0845-1,DORIS,2007,Arbetslivsinstitutet
https://researchdata.se/en/catalogue/dataset/snd0844-1,DORIS,2007,Sveriges Television
https://researchdata.se/en/catalogue/dataset/snd0848-2,DORIS,2006,Arbetslivsinstitutet
https://researchdata.se/en/catalogue/dataset/snd0846-1,DORIS,2007,Arbetslivsinstitutet
https://researchdata.se/en/catalogue/dataset/snd0848-3,DORIS,2006,Arbetslivsinstitutet
https://researchdata.se/en/catalogue/dataset/snd0850-1,DORIS,2007,University of Gothenburg
https://researchdata.se/en/catalogue/dataset/snd0851-1,DORIS,2007,University of Gothenburg
https://researchdata.se/en/catalogue/dataset/snd0849-1,DORIS,2007,Umeå University
https://researchdata.se/en/catalogue/dataset/snd0852-1,DORIS,2007,University of Gothenburg
https://researchdata.se/en/catalogue/dataset/snd0854-1,DORIS,2008,University of Gothenburg
https://researchdata.se/en/catalogue/dataset/snd0848-4,DORIS,2006,Arbetslivsinstitutet
https://researchdata.se/en/catalogue/dataset/snd0855-1,DORIS,2008,University of Gothenburg
https://researchdata.se/en/catalogue/dataset/snd0856-1,DORIS,2008,University of Gothenburg
https://researchdata.se/en/catalogue/dataset/snd0860-1,DORIS,2008,University of Gothenburg
https://researchdata.se/en/catalogue/dataset/snd0859-1,DORIS,2008,University of Gothenburg
https://researchdata.se/en/catalogue/dataset/snd0853-1,DORIS,2008,University of Gothenburg
https://researchdata.se/en/catalogue/dataset/snd0861-1,DORIS,2008,University of Gothenburg
https://researchdata.se/en/catalogue/dataset/snd0863-1,DORIS,2008,Swedish Transport Administration
https://researchdata.se/en/catalogue/dataset/snd0862-1,DORIS,2008,Umeå University
https://researchdata.se/en/catalogue/dataset/snd0858-1,DORIS,2008,University of Gothenburg
https://researchdata.se/en/catalogue/dataset/snd0865-1,DORIS,2008,Swedish Transport Administration
https://researchdata.se/en/catalogue/dataset/snd0864-1,DORIS,2008,Swedish Transport Administration
https://researchdata.se/en/catalogue/dataset/snd0866-1,DORIS,2008,Swedish Transport Administration
https://researchdata.se/en/catalogue/dataset/snd0868-1,DORIS,2009,University of Gothenburg
https://researchdata.se/en/catalogue/dataset/snd0847-1,DORIS,2007,Stockholm University
https://researchdata.se/en/catalogue/dataset/snd0867-1,DORIS,2009,Umeå University
https://researchdata.se/en/catalogue/dataset/snd0857-1,DORIS,2008,University of Gothenburg
https://researchdata.se/en/catalogue/dataset/snd0869-1,DORIS,2009,University of Gothenburg
https://researchdata.se/en/catalogue/dataset/snd0857-2,DORIS,2008,University of Gothenburg
https://researchdata.se/en/catalogue/dataset/snd0857-3,DORIS,2008,University of Gothenburg
https://researchdata.se/en/catalogue/dataset/snd0870-1,DORIS,2008,University of Gothenburg
https://researchdata.se/en/catalogue/dataset/snd0874-1,DORIS,2009,Sveriges Television
https://researchdata.se/en/catalogue/dataset/snd0870-2,DORIS,2009,University of Gothenburg
https://researchdata.se/en/catalogue/dataset/snd0871-1,DORIS,2009,University of Gothenburg
https://researchdata.se/en/catalogue/dataset/snd0881-1,DORIS,2010,University of Gothenburg
https://researchdata.se/en/catalogue/dataset/snd0877-1,DORIS,2010,University of Gothenburg
https://researchdata.se/en/catalogue/dataset/snd0872-1,DORIS,2009,Linnaeus University
https://researchdata.se/en/catalogue/dataset/snd0875-1,DORIS,2009,Umeå University
https://researchdata.se/en/catalogue/dataset/snd0873-1,DORIS,2009,University of Gothenburg
https://researchdata.se/en/catalogue/dataset/snd0876-1,DORIS,2017,University of Gothenburg
https://researchdata.se/en/catalogue/dataset/snd0879-1,DORIS,2009,University of Gothenburg
https://researchdata.se/en/catalogue/dataset/snd0884-1,DORIS,2010,Umeå University
https://researchdata.se/en/catalogue/dataset/snd0880-1,DORIS,2010,University of Gothenburg
https://researchdata.se/en/catalogue/dataset/snd0886-1,DORIS,2010,University of Gothenburg
https://researchdata.se/en/catalogue/dataset/snd0887-1,DORIS,2011,Umeå University
https://researchdata.se/en/catalogue/dataset/snd0885-1,DORIS,2010,Sveriges Television
https://researchdata.se/en/catalogue/dataset/snd0878-1,DORIS,2010,University of Gothenburg
https://researchdata.se/en/catalogue/dataset/snd0889-1,DORIS,2011,Umeå University
https://researchdata.se/en/catalogue/dataset/snd0891-1,DORIS,2011,Umeå University
https://researchdata.se/en/catalogue/dataset/snd0894-1,DORIS,2011,University of Gothenburg
https://researchdata.se/en/catalogue/dataset/snd0890-1,DORIS,2011,Umeå University
https://researchdata.se/en/catalogue/dataset/snd0892-1,DORIS,2011,Umeå University
https://researchdata.se/en/catalogue/dataset/snd0893-1,DORIS,2011,University of Gothenburg
https://researchdata.se/en/catalogue/dataset/snd0888-1,DORIS,2011,University of Gothenburg
https://researchdata.se/en/catalogue/dataset/snd0896-1,DORIS,2016,University of Gothenburg
https://researchdata.se/en/catalogue/dataset/snd0899-1,DORIS,2012,University of Gothenburg
https://researchdata.se/en/catalogue/dataset/snd0901-1,DORIS,2011,University of Gothenburg
https://researchdata.se/en/catalogue/dataset/snd0895-1,DORIS,2011,Södertörns högskola
https://researchdata.se/en/catalogue/dataset/snd0902-2,DORIS,2012,University of Gothenburg
https://researchdata.se/en/catalogue/dataset/snd0900-1,DORIS,2012,University of Gothenburg
https://researchdata.se/en/catalogue/dataset/snd0882-1,DORIS,2012,University of Gothenburg
https://researchdata.se/en/catalogue/dataset/snd0902-1,DORIS,2012,University of Gothenburg
https://researchdata.se/en/catalogue/dataset/snd0898-1,DORIS,2012,University of Gothenburg
https://researchdata.se/en/catalogue/dataset/snd0906-2,DORIS,2012,Uppsala University
https://researchdata.se/en/catalogue/dataset/snd0908-1,DORIS,2014,University of Gothenburg
https://researchdata.se/en/catalogue/dataset/snd0904-1,DORIS,2012,Umeå University
https://researchdata.se/en/catalogue/dataset/snd0906-1,DORIS,2012,Uppsala University
https://researchdata.se/en/catalogue/dataset/snd0907-1,DORIS,2014,University of Gothenburg
https://researchdata.se/en/catalogue/dataset/snd0910-1,DORIS,2013,University of Gothenburg
https://researchdata.se/en/catalogue/dataset/snd0905-1,DORIS,2013,University of Gothenburg
https://researchdata.se/en/catalogue/dataset/snd0909-1,DORIS,2012,University of Gothenburg
https://researchdata.se/en/catalogue/dataset/snd0912-1,DORIS,2013,University of Gothenburg
https://researchdata.se/en/catalogue/dataset/snd0911-1,DORIS,2013,Stockholm University
https://researchdata.se/en/catalogue/dataset/snd0921-1,DORIS,2013,Umeå University
https://researchdata.se/en/catalogue/dataset/snd0913-1,DORIS,2013,University of Gothenburg
https://researchdata.se/en/catalogue/dataset/snd0916-1,DORIS,2013,University of Gothenburg
https://researchdata.se/en/catalogue/dataset/snd0920-1,DORIS,2012,Swedish Institute in Rome
https://researchdata.se/en/catalogue/dataset/snd0917-1,DORIS,2013,Umeå University
https://researchdata.se/en/catalogue/dataset/snd0914-1,DORIS,2012,University of Gothenburg
https://researchdata.se/en/catalogue/dataset/snd0923-1,DORIS,2014,Lund University
https://researchdata.se/en/catalogue/dataset/snd0915-1,DORIS,2015,Uppsala University
https://researchdata.se/en/catalogue/dataset/snd0924-1,DORIS,2014,Umeå University
https://researchdata.se/en/catalogue/dataset/snd0918-1,DORIS,2013,"Information not available, contact SND for more information"
https://researchdata.se/en/catalogue/dataset/snd0930-1,DORIS,2013,Swedish Transport Administration
https://researchdata.se/en/catalogue/dataset/snd0929-1,DORIS,2013,Swedish Transport Administration
https://researchdata.se/en/catalogue/dataset/snd0926-1,DORIS,2013,University of Gothenburg
https://researchdata.se/en/catalogue/dataset/snd0919-1,DORIS,2013,Lund University
https://researchdata.se/en/catalogue/dataset/snd0927-1,DORIS,2014,University of Gothenburg
https://researchdata.se/en/catalogue/dataset/snd0931-1,DORIS,2013,Swedish Transport Administration
https://researchdata.se/en/catalogue/dataset/snd0932-1,DORIS,2014,Swedish Transport Administration
https://researchdata.se/en/catalogue/dataset/snd0936-1,DORIS,2014,University of Gothenburg
https://researchdata.se/en/catalogue/dataset/snd0933-1,DORIS,2014,Swedish Transport Administration
https://researchdata.se/en/catalogue/dataset/snd0934-1,DORIS,2014,Swedish Transport Administration
https://researchdata.se/en/catalogue/dataset/snd0939-1,DORIS,2014,University of Gothenburg
https://researchdata.se/en/catalogue/dataset/snd0937-1,DORIS,2014,University of Gothenburg
https://researchdata.se/en/catalogue/dataset/snd0936-2,DORIS,2014,University of Gothenburg
https://researchdata.se/en/catalogue/dataset/snd0944-1,DORIS,2014,Uppsala University
https://researchdata.se/en/catalogue/dataset/snd0935-1,DORIS,2014,Linköping University
https://researchdata.se/en/catalogue/dataset/snd0940-1,DORIS,2014,University of Gothenburg
https://researchdata.se/en/catalogue/dataset/snd0943-1,DORIS,2014,University of Gothenburg
https://researchdata.se/en/catalogue/dataset/snd0941-1,DORIS,2014,Lund University
https://researchdata.se/en/catalogue/dataset/snd0945-1,DORIS,2014,Lund University
https://researchdata.se/en/catalogue/dataset/snd0946-1,DORIS,2014,University of Gothenburg
https://researchdata.se/en/catalogue/dataset/snd0948-1,DORIS,2016,University of Gothenburg
https://researchdata.se/en/catalogue/dataset/snd0947-1,DORIS,2014,Sveriges Television
https://researchdata.se/en/catalogue/dataset/snd0950-1,DORIS,2014,University of Gothenburg
https://researchdata.se/en/catalogue/dataset/snd0949-1,DORIS,2015,Lund University
https://researchdata.se/en/catalogue/dataset/snd0953-1,DORIS,2014,University of Gothenburg
https://researchdata.se/en/catalogue/dataset/snd0951-1,DORIS,2014,University of Gothenburg
https://researchdata.se/en/catalogue/dataset/snd0955-1,DORIS,2014,University of Gothenburg
https://researchdata.se/en/catalogue/dataset/snd0954-1,DORIS,2014,University of Gothenburg
https://researchdata.se/en/catalogue/dataset/snd0952-1,DORIS,2014,University of Gothenburg
https://researchdata.se/en/catalogue/dataset/snd0957-1,DORIS,2014,University of Gothenburg
https://researchdata.se/en/catalogue/dataset/snd0956-1,DORIS,2014,University of Gothenburg
https://researchdata.se/en/catalogue/dataset/snd0959-1,DORIS,2014,University of Gothenburg
https://researchdata.se/en/catalogue/dataset/snd0960-1,DORIS,2014,University of Gothenburg
https://researchdata.se/en/catalogue/dataset/snd0958-1,DORIS,2014,University of Gothenburg
https://researchdata.se/en/catalogue/dataset/snd0965-2,DORIS,2015,Lund University
https://researchdata.se/en/catalogue/dataset/snd0961-1,DORIS,2014,University of Gothenburg
https://researchdata.se/en/catalogue/dataset/snd0964-1,DORIS,2014,Swedish Transport Administration
https://researchdata.se/en/catalogue/dataset/snd0966-1,DORIS,2015,"Faculty of Engineering, Lund University"
https://researchdata.se/en/catalogue/dataset/snd0962-1,DORIS,2014,University of Gothenburg
https://researchdata.se/en/catalogue/dataset/snd0963-1,DORIS,2014,University of Gothenburg
https://researchdata.se/en/catalogue/dataset/snd0965-1,DORIS,2015,Lund University
https://researchdata.se/en/catalogue/dataset/snd0968-1,DORIS,2014,"Information not available, contact SND for more information"
https://researchdata.se/en/catalogue/dataset/snd0967-1,DORIS,2014,University of Gothenburg
https://researchdata.se/en/catalogue/dataset/snd0970-1,DORIS,2014,University of Gothenburg
https://researchdata.se/en/catalogue/dataset/snd0969-1,DORIS,2014,Sveriges Television
https://researchdata.se/en/catalogue/dataset/snd0971-1,DORIS,2015,Umeå University
https://researchdata.se/en/catalogue/dataset/snd0977-1,DORIS,2017,Umeå University
https://researchdata.se/en/catalogue/dataset/snd0970-2,DORIS,2014,University of Gothenburg
https://researchdata.se/en/catalogue/dataset/snd0972-1,DORIS,2015,University of Gothenburg
https://researchdata.se/en/catalogue/dataset/snd0979-1,DORIS,2015,University of Gothenburg
https://researchdata.se/en/catalogue/dataset/snd0974-1,DORIS,2014,Linköping University
https://researchdata.se/en/catalogue/dataset/snd0981-1,DORIS,2015,University of Gothenburg
https://researchdata.se/en/catalogue/dataset/snd0976-1,DORIS,2015,Umeå University
https://researchdata.se/en/catalogue/dataset/snd0973-1,DORIS,2015,University of Gothenburg
https://researchdata.se/en/catalogue/dataset/snd0980-1,DORIS,2015,Swedish Transport Administration
https://researchdata.se/en/catalogue/dataset/snd0983-1,DORIS,2015,University of Gothenburg
https://researchdata.se/en/catalogue/dataset/snd0975-1,DORIS,2015,University of Gothenburg
https://researchdata.se/en/catalogue/dataset/snd0990-1,DORIS,2016,University of Gothenburg
https://researchdata.se/en/catalogue/dataset/snd0991-1,DORIS,2016,University of Gothenburg
https://researchdata.se/en/catalogue/dataset/snd0984-1,DORIS,2015,University of Gothenburg
https://researchdata.se/en/catalogue/dataset/snd0987-1,DORIS,2015,University of Gothenburg
https://researchdata.se/en/catalogue/dataset/snd0985-1,DORIS,2015,"Information not available, contact SND for more information"
https://researchdata.se/en/catalogue/dataset/snd0992-1,DORIS,2016,University of Gothenburg
https://researchdata.se/en/catalogue/dataset/snd0993-1,DORIS,2016,Lund University
https://researchdata.se/en/catalogue/dataset/snd0988-1,DORIS,2015,Umeå University
https://researchdata.se/en/catalogue/dataset/snd0996-1,DORIS,2017,University of Gothenburg
https://researchdata.se/en/catalogue/dataset/snd0998-1,DORIS,2016,Umeå University
https://researchdata.se/en/catalogue/dataset/snd1001-1,DORIS,2018,University of Gothenburg
https://researchdata.se/en/catalogue/dataset/snd0999-1,DORIS,2016,Umeå University
https://researchdata.se/en/catalogue/dataset/snd1000-1,DORIS,2016,Lund University
https://researchdata.se/en/catalogue/dataset/snd0994-1,DORIS,2016,Lund University
https://researchdata.se/en/catalogue/dataset/snd0995-1,DORIS,2016,University of Gothenburg
https://researchdata.se/en/catalogue/dataset/snd1004-1,DORIS,2017,University of Gothenburg
https://researchdata.se/en/catalogue/dataset/snd1008-1,DORIS,2018,University of Gothenburg
https://researchdata.se/en/catalogue/dataset/snd0997-1,DORIS,2016,University of Gothenburg
https://researchdata.se/en/catalogue/dataset/snd1002-1,DORIS,2017,Umeå University
https://researchdata.se/en/catalogue/dataset/snd1006-1,DORIS,2018,University of Gothenburg
https://researchdata.se/en/catalogue/dataset/snd1007-1,DORIS,2018,University of Gothenburg
https://researchdata.se/en/catalogue/dataset/snd1005-1,DORIS,2018,University of Gothenburg
https://researchdata.se/en/catalogue/dataset/snd1009-1,DORIS,2018,University of Gothenburg
https://researchdata.se/en/catalogue/dataset/snd1012-1,DORIS,2018,University of Gothenburg
https://researchdata.se/en/catalogue/dataset/snd1011-1,DORIS,2018,University of Gothenburg
https://researchdata.se/en/catalogue/dataset/snd1016-1,DORIS,2018,University of Gothenburg
https://researchdata.se/en/catalogue/dataset/snd1013-1,DORIS,2018,University of Gothenburg
https://researchdata.se/en/catalogue/dataset/snd1014-1,DORIS,2018,University of Gothenburg
https://researchdata.se/en/catalogue/dataset/snd1010-1,DORIS,2018,University of Gothenburg
https://researchdata.se/en/catalogue/dataset/snd1015-1,DORIS,2018,University of Gothenburg
https://researchdata.se/en/catalogue/dataset/snd1017-1,DORIS,2018,University of Gothenburg
https://researchdata.se/en/catalogue/dataset/snd1023-1,DORIS,2017,University of Gothenburg
https://researchdata.se/en/catalogue/dataset/snd1019-1,DORIS,2017,University of Gothenburg
https://researchdata.se/en/catalogue/dataset/snd1020-1,DORIS,2017,University of Gothenburg
https://researchdata.se/en/catalogue/dataset/snd1021-1,DORIS,2017,Stockholm University
https://researchdata.se/en/catalogue/dataset/snd1018-1,DORIS,2017,University of Gothenburg
https://researchdata.se/en/catalogue/dataset/snd1025-1,DORIS,2018,University of Gothenburg
https://researchdata.se/en/catalogue/dataset/snd1027-1,DORIS,2017,University of Gothenburg
https://researchdata.se/en/catalogue/dataset/snd1026-1,DORIS,2018,University of Gothenburg
https://researchdata.se/en/catalogue/dataset/snd1024-1,DORIS,2017,Lund University
https://researchdata.se/en/catalogue/dataset/snd1028-1,DORIS,2017,Karolinska Institutet
https://researchdata.se/en/catalogue/dataset/snd1030-1,DORIS,2017,Stockholm University
https://researchdata.se/en/catalogue/dataset/snd1031-1,DORIS,2018,"Faculty of Engineering, Lund University"
https://researchdata.se/en/catalogue/dataset/snd1029-1,DORIS,2017,Tokyo Metropolitan University
https://researchdata.se/en/catalogue/dataset/snd1035-1,DORIS,2018,Umeå University
https://researchdata.se/en/catalogue/dataset/snd1032-1,DORIS,2017,Stockholm University
https://researchdata.se/en/catalogue/dataset/snd1036-1,DORIS,2017,Linnaeus University
https://researchdata.se/en/catalogue/dataset/snd1033-1,DORIS,2017,Lund University
https://researchdata.se/en/catalogue/dataset/snd1038-3,DORIS,2017,Lund University
https://researchdata.se/en/catalogue/dataset/snd1038-1,DORIS,2017,Lund University
https://researchdata.se/en/catalogue/dataset/snd1040-1,DORIS,2018,University of Gothenburg
https://researchdata.se/en/catalogue/dataset/snd1037-1,DORIS,2017,Linnaeus University
https://researchdata.se/en/catalogue/dataset/snd1042-1,DORIS,2018,Uppsala University
https://researchdata.se/en/catalogue/dataset/snd1041-1,DORIS,2018,Uppsala University
https://researchdata.se/en/catalogue/dataset/snd1038-2,DORIS,2017,Lund University
https://researchdata.se/en/catalogue/dataset/snd1042-3,DORIS,2018,Uppsala University
https://researchdata.se/en/catalogue/dataset/snd1043-1,DORIS,2018,University of Gothenburg
https://researchdata.se/en/catalogue/dataset/snd1042-2,DORIS,2018,Uppsala University
https://researchdata.se/en/catalogue/dataset/snd1044-1,DORIS,2018,University of Gothenburg
https://researchdata.se/en/catalogue/dataset/snd1045-1,DORIS,2018,University of Gothenburg
https://researchdata.se/en/catalogue/dataset/snd1042-4,DORIS,2018,Uppsala University
https://researchdata.se/en/catalogue/dataset/snd1042-5,DORIS,2018,Uppsala University
https://researchdata.se/en/catalogue/dataset/snd1046-1,DORIS,2018,University of Gothenburg
https://researchdata.se/en/catalogue/dataset/snd1047-1,DORIS,2018,University of Gothenburg
https://researchdata.se/en/catalogue/dataset/snd1049-1,DORIS,2018,University of Gothenburg
https://researchdata.se/en/catalogue/dataset/snd1039-1,DORIS,2021,University of Gothenburg
https://researchdata.se/en/catalogue/dataset/snd1050-4,DORIS,2018,Uppsala University
https://researchdata.se/en/catalogue/dataset/snd1048-1,DORIS,2018,Stockholm University
https://researchdata.se/en/catalogue/dataset/snd1050-1,DORIS,2018,Uppsala University
https://researchdata.se/en/catalogue/dataset/snd1050-2,DORIS,2018,Uppsala University
https://researchdata.se/en/catalogue/dataset/snd1053-1,DORIS,2020,Handelshögskolan i Stockholm
https://researchdata.se/en/catalogue/dataset/snd1050-5,DORIS,2018,Uppsala University
https://researchdata.se/en/catalogue/dataset/snd1054-1,DORIS,2018,Handelshögskolan i Stockholm
https://researchdata.se/en/catalogue/dataset/snd1050-3,DORIS,2018,Uppsala University
https://researchdata.se/en/catalogue/dataset/snd1056-1,DORIS,2018,University of Gothenburg
https://researchdata.se/en/catalogue/dataset/snd1052-1,DORIS,2018,Lund University
https://researchdata.se/en/catalogue/dataset/snd1051-1,DORIS,2018,University of Gothenburg
https://researchdata.se/en/catalogue/dataset/snd1057-1,DORIS,2018,University of Gothenburg
https://researchdata.se/en/catalogue/dataset/snd1060-1,DORIS,2018,University of Gothenburg
https://researchdata.se/en/catalogue/dataset/snd1056-2,DORIS,2018,University of Gothenburg
https://researchdata.se/en/catalogue/dataset/snd1061-1,DORIS,2020,Stockholm University
https://researchdata.se/en/catalogue/dataset/snd1058-1,DORIS,2018,Karolinska Institutet
https://researchdata.se/en/catalogue/dataset/snd1063-1,DORIS,2018,Umeå University
https://researchdata.se/en/catalogue/dataset/snd1066-1,DORIS,2018,Royal Institute of Technology
https://researchdata.se/en/catalogue/dataset/snd1067-1,DORIS,2018,Sveriges Television
https://researchdata.se/en/catalogue/dataset/snd1064-1,DORIS,2019,Karolinska Institutet
https://researchdata.se/en/catalogue/dataset/snd1068-1,DORIS,2018,Uppsala University
https://researchdata.se/en/catalogue/dataset/snd1064-2,DORIS,2019,Karolinska Institutet
https://researchdata.se/en/catalogue/dataset/snd1065-1,DORIS,2019,"Uganda Ministry of Health, AIDS Control Program"
https://researchdata.se/en/catalogue/dataset/snd1070-1,DORIS,2019,University of Gothenburg
https://researchdata.se/en/catalogue/dataset/snd1077-1,DORIS,2018,Umeå University
https://researchdata.se/en/catalogue/dataset/snd1072-1,DORIS,2018,University of Gothenburg
https://researchdata.se/en/catalogue/dataset/snd1073-1,DORIS,2018,Swedish University of Agricultural Sciences
https://researchdata.se/en/catalogue/dataset/snd1080-1,DORIS,2019,Lund University
https://researchdata.se/en/catalogue/dataset/snd1081-1,DORIS,2019,Lund University
https://researchdata.se/en/catalogue/dataset/snd1078-1,DORIS,2019,University of Gothenburg
https://researchdata.se/en/catalogue/dataset/snd1082-1,DORIS,2019,University of Gothenburg
https://researchdata.se/en/catalogue/dataset/snd1076-1,DORIS,2018,Stockholm University
https://researchdata.se/en/catalogue/dataset/snd1085-1,DORIS,2019,Stockholm University
https://researchdata.se/en/catalogue/dataset/snd1084-1,DORIS,2019,Lund University
https://researchdata.se/en/catalogue/dataset/snd1083-1,DORIS,2019,University of Gothenburg
https://researchdata.se/en/catalogue/dataset/snd1079-1,DORIS,2019,Uppsala University
https://researchdata.se/en/catalogue/dataset/snd1089-1,DORIS,2019,University of Gothenburg
https://researchdata.se/en/catalogue/dataset/snd1091-1,DORIS,2019,University of Gothenburg
https://researchdata.se/en/catalogue/dataset/snd1088-1,DORIS,2019,Lund University
https://researchdata.se/en/catalogue/dataset/snd1087-1,DORIS,2019,Stockholm University
https://researchdata.se/en/catalogue/dataset/snd1090-1,DORIS,2019,Chalmers University of Technology
https://researchdata.se/en/catalogue/dataset/snd1096-1,DORIS,2019,Halmstad University
https://researchdata.se/en/catalogue/dataset/snd1092-1,DORIS,2019,Swedish University of Agricultural Sciences
https://researchdata.se/en/catalogue/dataset/snd1098-1,DORIS,2019,Lund University
https://researchdata.se/en/catalogue/dataset/snd1094-1,DORIS,2019,University of Gothenburg
https://researchdata.se/en/catalogue/dataset/snd1099-4,DORIS,2019,Uppsala University
https://researchdata.se/en/catalogue/dataset/snd1095-1,DORIS,2019,University of Gothenburg
https://researchdata.se/en/catalogue/dataset/snd1093-1,DORIS,2019,University of Gothenburg
https://researchdata.se/en/catalogue/dataset/snd1099-1,DORIS,2019,Uppsala University
https://researchdata.se/en/catalogue/dataset/snd1099-2,DORIS,2019,Uppsala University
https://researchdata.se/en/catalogue/dataset/snd1099-3,DORIS,2019,Uppsala University
https://researchdata.se/en/catalogue/dataset/snd1100-1,DORIS,2019,University of Gothenburg
https://researchdata.se/en/catalogue/dataset/snd1106-1,DORIS,2019,Swedish University of Agricultural Sciences
https://researchdata.se/en/catalogue/dataset/snd1103-2,DORIS,2020,Royal Institute of Technology
https://researchdata.se/en/catalogue/dataset/snd1103-1,DORIS,2020,Royal Institute of Technology
https://researchdata.se/en/catalogue/dataset/snd1107-1,DORIS,2019,Swedish University of Agricultural Sciences
https://researchdata.se/en/catalogue/dataset/snd1104-1,DORIS,2019,Swedish University of Agricultural Sciences
https://researchdata.se/en/catalogue/dataset/snd1109-1,DORIS,2019,University of Gothenburg
https://researchdata.se/en/catalogue/dataset/snd1117-1,DORIS,2019,University of Borås
https://researchdata.se/en/catalogue/dataset/snd1105-1,DORIS,2019,Swedish University of Agricultural Sciences
https://researchdata.se/en/catalogue/dataset/snd1110-1,DORIS,2019,University of Gothenburg
https://researchdata.se/en/catalogue/dataset/snd1116-1,DORIS,2019,Swedish University of Agricultural Sciences
https://researchdata.se/en/catalogue/dataset/snd1111-1,DORIS,2019,University of Gothenburg
https://researchdata.se/en/catalogue/dataset/snd1113-1,DORIS,2019,Region Västra Götaland
https://researchdata.se/en/catalogue/dataset/snd1115-1,DORIS,2019,Sveriges Television
https://researchdata.se/en/catalogue/dataset/snd1112-1,DORIS,2019,University of Gothenburg
https://researchdata.se/en/catalogue/dataset/snd1120-1,DORIS,2019,Stockholm University
https://researchdata.se/en/catalogue/dataset/snd1119-1,DORIS,2019,University of Gothenburg
https://researchdata.se/en/catalogue/dataset/snd1102-1,DORIS,2021,University of Gothenburg
https://researchdata.se/en/catalogue/dataset/snd1122-1,DORIS,2019,Stockholm University
https://researchdata.se/en/catalogue/dataset/snd1118-1,DORIS,2019,University of Gothenburg
https://researchdata.se/en/catalogue/dataset/snd1123-1,DORIS,2019,Luleå University of Technology
https://researchdata.se/en/catalogue/dataset/snd1124-1,DORIS,2019,Swedish University of Agricultural Sciences
https://researchdata.se/en/catalogue/dataset/snd1125-1,DORIS,2020,Swedish University of Agricultural Sciences
https://researchdata.se/en/catalogue/dataset/snd1126-1,DORIS,2019,Luleå University of Technology
https://researchdata.se/en/catalogue/dataset/snd1102-2,DORIS,2021,University of Gothenburg
https://researchdata.se/en/catalogue/dataset/snd1127-1,DORIS,2019,Lund University
https://researchdata.se/en/catalogue/dataset/snd1130-1,DORIS,2019,University of Gothenburg
https://researchdata.se/en/catalogue/dataset/snd1129-1,DORIS,2019,Luleå University of Technology
https://researchdata.se/en/catalogue/dataset/snd1132-1,DORIS,2019,University of Gothenburg
https://researchdata.se/en/catalogue/dataset/snd1131-1,DORIS,2019,Stockholm University
https://researchdata.se/en/catalogue/dataset/snd1135-1,DORIS,2020,Kristianstad University
https://researchdata.se/en/catalogue/dataset/snd1133-1,DORIS,2019,Swedish University of Agricultural Sciences
https://researchdata.se/en/catalogue/dataset/snd1143-1,DORIS,2020,University of Gothenburg
https://researchdata.se/en/catalogue/dataset/snd1144-1,DORIS,2020,Jönköping University
https://researchdata.se/en/catalogue/dataset/snd1137-1,DORIS,2020,Umeå University
https://researchdata.se/en/catalogue/dataset/snd1146-1,DORIS,2020,Karolinska Institutet
https://researchdata.se/en/catalogue/dataset/snd1145-1,DORIS,2020,Luleå University of Technology
https://researchdata.se/en/catalogue/dataset/snd1149-1,DORIS,2020,University of Borås
https://researchdata.se/en/catalogue/dataset/snd1142-1,DORIS,2020,University of Gothenburg
https://researchdata.se/en/catalogue/dataset/snd1151-1,DORIS,2020,Swedish University of Agricultural Sciences
https://researchdata.se/en/catalogue/dataset/snd1148-1,DORIS,2020,Lund University
https://researchdata.se/en/catalogue/dataset/snd1150-1,DORIS,2021,Karolinska Institutet
https://researchdata.se/en/catalogue/dataset/snd1153-3,DORIS,2020,Chalmers University of Technology
https://researchdata.se/en/catalogue/dataset/snd1134-1,DORIS,2020,University of Gothenburg
https://researchdata.se/en/catalogue/dataset/snd1153-2,DORIS,2020,Chalmers University of Technology
https://researchdata.se/en/catalogue/dataset/snd1153-5,DORIS,2020,Chalmers University of Technology
https://researchdata.se/en/catalogue/dataset/snd1153-1,DORIS,2020,Chalmers University of Technology
https://researchdata.se/en/catalogue/dataset/snd1154-1,DORIS,2020,Chalmers University of Technology
https://researchdata.se/en/catalogue/dataset/snd1153-7,DORIS,2020,Chalmers University of Technology
https://researchdata.se/en/catalogue/dataset/snd1153-6,DORIS,2020,Chalmers University of Technology
https://researchdata.se/en/catalogue/dataset/snd1147-1,DORIS,2020,Stockholm University
https://researchdata.se/en/catalogue/dataset/snd1153-4,DORIS,2020,Chalmers University of Technology
https://researchdata.se/en/catalogue/dataset/snd1155-1,DORIS,2020,Swedish University of Agricultural Sciences
https://researchdata.se/en/catalogue/dataset/snd1157-1,DORIS,2020,Uppsala University
https://researchdata.se/en/catalogue/dataset/snd1159-1,DORIS,2020,Lund University
https://researchdata.se/en/catalogue/dataset/snd1158-1,DORIS,2020,"Faculty of Engineering, Lund University"
https://researchdata.se/en/catalogue/dataset/snd1152-2,DORIS,2020,University of Gothenburg
https://researchdata.se/en/catalogue/dataset/snd1152-1,DORIS,2020,University of Gothenburg
https://researchdata.se/en/catalogue/dataset/snd1156-1,DORIS,2020,University of Skövde
https://researchdata.se/en/catalogue/dataset/snd1216-1,DORIS,2021,Stockholm University
https://researchdata.se/en/catalogue/dataset/snd1163-1,DORIS,2020,Swedish Institute of Space Physics
https://researchdata.se/en/catalogue/dataset/snd1262-2,DORIS,2020,University of Gothenburg
https://researchdata.se/en/catalogue/dataset/snd2000-1,DORIS,2012,Uppsala University
https://researchdata.se/en/catalogue/dataset/snd1265-1,DORIS,2021,University of Gothenburg
https://researchdata.se/en/catalogue/dataset/snd1227-1,DORIS,2024,Umeå University
https://researchdata.se/en/catalogue/dataset/snd1288-1,DORIS,2020,Environment for Development Initiative
https://researchdata.se/en/catalogue/dataset/snd1265-2,DORIS,2021,University of Gothenburg
https://researchdata.se/en/catalogue/dataset/snd1256-1,DORIS,2021,University of Gothenburg
https://researchdata.se/en/catalogue/dataset/snd1269-1,DORIS,2021,University of Gothenburg
https://researchdata.se/en/catalogue/dataset/snd1272-1,DORIS,2021,University of Gothenburg
https://researchdata.se/en/catalogue/dataset/snd2001-1,DORIS,2012,Uppsala University
https://researchdata.se/en/catalogue/dataset/snd1262-1,DORIS,2020,University of Gothenburg
https://researchdata.se/en/catalogue/dataset/snd1260-1,DORIS,2020,Karolinska Institutet
https://researchdata.se/en/catalogue/dataset/snd1270-1,DORIS,2021,University of Gothenburg
https://researchdata.se/en/catalogue/dataset/snd1289-1,DORIS,2020,University of Gothenburg
https://researchdata.se/en/catalogue/dataset/snd1296-1,DORIS,2020,Swedish University of Agricultural Sciences
https://researchdata.se/en/catalogue/dataset/snd1294-1,DORIS,2022,University of Gothenburg
https://researchdata.se/en/catalogue/dataset/snd1295-1,DORIS,2020,Swedish University of Agricultural Sciences
https://researchdata.se/en/catalogue/dataset/snd2003-1,DORIS,2012,Uppsala University
https://researchdata.se/en/catalogue/dataset/snd2002-1,DORIS,2012,Uppsala University
https://researchdata.se/en/catalogue/dataset/snd2004-1,DORIS,2012,Uppsala University
https://researchdata.se/en/catalogue/dataset/snd2006-1,DORIS,2012,Arkeologikonsult
https://researchdata.se/en/catalogue/dataset/snd1294-2,DORIS,2022,University of Gothenburg
https://researchdata.se/en/catalogue/dataset/snd2009-1,DORIS,2012,Arkeologikonsult
https://researchdata.se/en/catalogue/dataset/snd2005-1,DORIS,2012,Uppsala University
https://researchdata.se/en/catalogue/dataset/snd2011-1,DORIS,2012,Uppsala University
https://researchdata.se/en/catalogue/dataset/snd2007-1,DORIS,2012,Uppsala University
https://researchdata.se/en/catalogue/dataset/snd2014-1,DORIS,2012,Uppsala University
https://researchdata.se/en/catalogue/dataset/snd2013-1,DORIS,2012,Uppsala University
https://researchdata.se/en/catalogue/dataset/snd2008-1,DORIS,2012,Uppsala University
https://researchdata.se/en/catalogue/dataset/snd2010-1,DORIS,2012,Arkeologikonsult
https://researchdata.se/en/catalogue/dataset/snd2012-1,DORIS,2012,Uppsala University
https://researchdata.se/en/catalogue/dataset/snd2019-1,DORIS,2014,Uppsala University
https://researchdata.se/en/catalogue/dataset/snd2021-1,DORIS,2012,Uppsala University
https://researchdata.se/en/catalogue/dataset/snd2015-1,DORIS,2012,Uppsala University
https://researchdata.se/en/catalogue/dataset/snd2016-1,DORIS,2012,Uppsala University
https://researchdata.se/en/catalogue/dataset/snd2020-1,DORIS,2012,Uppsala University
https://researchdata.se/en/catalogue/dataset/snd2023-1,DORIS,2012,Uppsala University
https://researchdata.se/en/catalogue/dataset/snd2022-1,DORIS,2012,Uppsala University
https://researchdata.se/en/catalogue/dataset/snd2024-1,DORIS,2012,Uppsala University
https://researchdata.se/en/catalogue/dataset/snd2026-1,DORIS,2012,Uppsala University
https://researchdata.se/en/catalogue/dataset/snd2028-1,DORIS,2012,Uppsala University
https://researchdata.se/en/catalogue/dataset/snd2025-1,DORIS,2012,Uppsala University
https://researchdata.se/en/catalogue/dataset/snd2027-1,DORIS,2012,Uppsala University
https://researchdata.se/en/catalogue/dataset/snd2029-1,DORIS,2012,Uppsala University
https://researchdata.se/en/catalogue/dataset/snd2031-1,DORIS,2012,Uppsala University
https://researchdata.se/en/catalogue/dataset/snd2034-1,DORIS,2012,Uppsala University
https://researchdata.se/en/catalogue/dataset/snd2033-1,DORIS,2012,Uppsala University
https://researchdata.se/en/catalogue/dataset/snd2030-1,DORIS,2012,Uppsala University
https://researchdata.se/en/catalogue/dataset/snd2036-1,DORIS,2012,Uppsala University
https://researchdata.se/en/catalogue/dataset/snd2032-1,DORIS,2012,Uppsala University
https://researchdata.se/en/catalogue/dataset/snd2035-1,DORIS,2012,Uppsala University
https://researchdata.se/en/catalogue/dataset/snd2039-1,DORIS,2012,Uppsala University
https://researchdata.se/en/catalogue/dataset/snd2040-1,DORIS,2012,Uppsala University
https://researchdata.se/en/catalogue/dataset/snd2038-1,DORIS,2012,Uppsala University
https://researchdata.se/en/catalogue/dataset/snd2037-1,DORIS,2012,Uppsala University
https://researchdata.se/en/catalogue/dataset/snd2041-1,DORIS,2012,Uppsala University
https://researchdata.se/en/catalogue/dataset/snd2044-1,DORIS,2012,Uppsala University
https://researchdata.se/en/catalogue/dataset/snd2043-1,DORIS,2012,Uppsala University
https://researchdata.se/en/catalogue/dataset/snd2042-1,DORIS,2012,Uppsala University
https://researchdata.se/en/catalogue/dataset/snd2045-1,DORIS,2012,Uppsala University
https://researchdata.se/en/catalogue/dataset/snd2046-1,DORIS,2012,Uppsala University
https://researchdata.se/en/catalogue/dataset/snd2049-1,DORIS,2012,Uppsala University
https://researchdata.se/en/catalogue/dataset/snd2047-1,DORIS,2012,Uppsala University
https://researchdata.se/en/catalogue/dataset/snd2048-1,DORIS,2012,Uppsala University
https://researchdata.se/en/catalogue/dataset/snd2050-1,DORIS,2012,Uppsala University
https://researchdata.se/en/catalogue/dataset/snd2054-1,DORIS,2012,Uppsala University
https://researchdata.se/en/catalogue/dataset/snd2055-1,DORIS,2012,Uppsala University
https://researchdata.se/en/catalogue/dataset/snd2051-1,DORIS,2012,Uppsala University
https://researchdata.se/en/catalogue/dataset/snd2056-1,DORIS,2012,Uppsala University
https://researchdata.se/en/catalogue/dataset/snd2052-1,DORIS,2012,Uppsala University
https://researchdata.se/en/catalogue/dataset/snd2053-1,DORIS,2012,Uppsala University
https://researchdata.se/en/catalogue/dataset/snd2057-1,DORIS,2012,Uppsala University
https://researchdata.se/en/catalogue/dataset/snd2058-1,DORIS,2012,Uppsala University
https://researchdata.se/en/catalogue/dataset/snd2060-1,DORIS,2012,Uppsala University
https://researchdata.se/en/catalogue/dataset/snd2059-1,DORIS,2012,Uppsala University
https://researchdata.se/en/catalogue/dataset/snd2063-1,DORIS,2012,Uppsala University
https://researchdata.se/en/catalogue/dataset/snd2064-1,DORIS,2012,Uppsala University
https://researchdata.se/en/catalogue/dataset/snd2061-1,DORIS,2012,Uppsala University
https://researchdata.se/en/catalogue/dataset/snd2062-1,DORIS,2012,Uppsala University
https://researchdata.se/en/catalogue/dataset/snd2065-1,DORIS,2012,Uppsala University
https://researchdata.se/en/catalogue/dataset/snd2068-1,DORIS,2012,Uppsala University
https://researchdata.se/en/catalogue/dataset/snd2069-1,DORIS,2012,Uppsala University
https://researchdata.se/en/catalogue/dataset/snd2067-1,DORIS,2012,Uppsala University
https://researchdata.se/en/catalogue/dataset/snd2066-1,DORIS,2012,Uppsala University
https://researchdata.se/en/catalogue/dataset/snd2070-1,DORIS,2012,Uppsala University
https://researchdata.se/en/catalogue/dataset/snd2076-1,DORIS,2012,Uppsala University
https://researchdata.se/en/catalogue/dataset/snd2075-1,DORIS,2012,Uppsala University
https://researchdata.se/en/catalogue/dataset/snd2077-1,DORIS,2012,Uppsala University
https://researchdata.se/en/catalogue/dataset/snd2071-1,DORIS,2012,Uppsala University
https://researchdata.se/en/catalogue/dataset/snd2073-1,DORIS,2012,Uppsala University
https://researchdata.se/en/catalogue/dataset/snd2072-1,DORIS,2012,Uppsala University
https://researchdata.se/en/catalogue/dataset/snd2080-1,DORIS,2012,Uppsala University
https://researchdata.se/en/catalogue/dataset/snd2078-1,DORIS,2012,Uppsala University
https://researchdata.se/en/catalogue/dataset/snd2074-1,DORIS,2012,Uppsala University
https://researchdata.se/en/catalogue/dataset/snd2084-1,DORIS,2012,Uppsala University
https://researchdata.se/en/catalogue/dataset/snd2079-1,DORIS,2012,Uppsala University
https://researchdata.se/en/catalogue/dataset/snd2081-1,DORIS,2012,Uppsala University
https://researchdata.se/en/catalogue/dataset/snd2082-1,DORIS,2012,Uppsala University
https://researchdata.se/en/catalogue/dataset/snd2087-1,DORIS,2012,Uppsala University
https://researchdata.se/en/catalogue/dataset/snd2083-1,DORIS,2012,Uppsala University
https://researchdata.se/en/catalogue/dataset/snd2085-1,DORIS,2012,Uppsala University
https://researchdata.se/en/catalogue/dataset/snd2088-1,DORIS,2012,Uppsala University
https://researchdata.se/en/catalogue/dataset/snd2086-1,DORIS,2012,Uppsala University
https://researchdata.se/en/catalogue/dataset/snd2090-1,DORIS,2012,Uppsala University
https://researchdata.se/en/catalogue/dataset/snd2092-1,DORIS,2012,Uppsala University
https://researchdata.se/en/catalogue/dataset/snd2089-1,DORIS,2012,Uppsala University
https://researchdata.se/en/catalogue/dataset/snd2096-1,DORIS,2012,Uppsala University
https://researchdata.se/en/catalogue/dataset/snd2093-1,DORIS,2012,Uppsala University
https://researchdata.se/en/catalogue/dataset/snd2091-1,DORIS,2012,Uppsala University
https://researchdata.se/en/catalogue/dataset/snd2097-1,DORIS,2012,Uppsala University
https://researchdata.se/en/catalogue/dataset/snd2094-1,DORIS,2012,Uppsala University
https://researchdata.se/en/catalogue/dataset/snd2099-1,DORIS,2012,Uppsala University
https://researchdata.se/en/catalogue/dataset/snd2100-1,DORIS,2012,Uppsala University
https://researchdata.se/en/catalogue/dataset/snd2098-1,DORIS,2012,Uppsala University
https://researchdata.se/en/catalogue/dataset/snd2102-1,DORIS,2012,Uppsala University
https://researchdata.se/en/catalogue/dataset/snd2095-1,DORIS,2012,Uppsala University
https://researchdata.se/en/catalogue/dataset/snd2101-1,DORIS,2012,Uppsala University
https://researchdata.se/en/catalogue/dataset/snd2103-1,DORIS,2012,Uppsala University
https://researchdata.se/en/catalogue/dataset/snd2104-1,DORIS,2012,Uppsala University
https://researchdata.se/en/catalogue/dataset/snd2106-1,DORIS,2012,Uppsala University
https://researchdata.se/en/catalogue/dataset/snd2108-1,DORIS,2012,Uppsala University
https://researchdata.se/en/catalogue/dataset/snd2107-1,DORIS,2012,Uppsala University
https://researchdata.se/en/catalogue/dataset/snd2110-1,DORIS,2012,Uppsala University
https://researchdata.se/en/catalogue/dataset/snd2105-1,DORIS,2012,Uppsala University
https://researchdata.se/en/catalogue/dataset/snd2112-1,DORIS,2012,Uppsala University
https://researchdata.se/en/catalogue/dataset/snd2109-1,DORIS,2012,Uppsala University
https://researchdata.se/en/catalogue/dataset/snd2111-1,DORIS,2012,Uppsala University
https://researchdata.se/en/catalogue/dataset/snd2117-1,DORIS,2012,Uppsala University
https://researchdata.se/en/catalogue/dataset/snd2115-1,DORIS,2012,Uppsala University
https://researchdata.se/en/catalogue/dataset/snd2114-1,DORIS,2012,Uppsala University
https://researchdata.se/en/catalogue/dataset/snd2116-1,DORIS,2012,Uppsala University
https://researchdata.se/en/catalogue/dataset/snd2113-1,DORIS,2012,Uppsala University
https://researchdata.se/en/catalogue/dataset/snd2123-1,DORIS,2012,Uppsala University
https://researchdata.se/en/catalogue/dataset/snd2120-1,DORIS,2012,Uppsala University
https://researchdata.se/en/catalogue/dataset/snd2121-1,DORIS,2012,Uppsala University
https://researchdata.se/en/catalogue/dataset/snd2119-1,DORIS,2012,Uppsala University
https://researchdata.se/en/catalogue/dataset/snd2124-1,DORIS,2012,Uppsala University
https://researchdata.se/en/catalogue/dataset/snd2118-1,DORIS,2012,Uppsala University
https://researchdata.se/en/catalogue/dataset/snd2122-1,DORIS,2012,Uppsala University
https://researchdata.se/en/catalogue/dataset/snd2125-1,DORIS,2012,Uppsala University
https://researchdata.se/en/catalogue/dataset/snd2126-1,DORIS,2012,Uppsala University
https://researchdata.se/en/catalogue/dataset/snd2127-1,DORIS,2012,Uppsala University
https://researchdata.se/en/catalogue/dataset/snd2128-1,DORIS,2012,Uppsala University
https://researchdata.se/en/catalogue/dataset/snd2130-1,DORIS,2012,Uppsala University
https://researchdata.se/en/catalogue/dataset/snd2129-1,DORIS,2012,Uppsala University
https://researchdata.se/en/catalogue/dataset/snd2131-1,DORIS,2012,Uppsala University
https://researchdata.se/en/catalogue/dataset/snd2133-1,DORIS,2012,Uppsala University
https://researchdata.se/en/catalogue/dataset/snd2136-1,DORIS,2012,Uppsala University
https://researchdata.se/en/catalogue/dataset/snd2134-1,DORIS,2012,Uppsala University
https://researchdata.se/en/catalogue/dataset/snd2139-1,DORIS,2012,Uppsala University
https://researchdata.se/en/catalogue/dataset/snd2135-1,DORIS,2012,Uppsala University
https://researchdata.se/en/catalogue/dataset/snd2132-1,DORIS,2012,Uppsala University
https://researchdata.se/en/catalogue/dataset/snd2138-1,DORIS,2012,Uppsala University
https://researchdata.se/en/catalogue/dataset/snd2143-1,DORIS,2012,Uppsala University
https://researchdata.se/en/catalogue/dataset/snd2137-1,DORIS,2012,Uppsala University
https://researchdata.se/en/catalogue/dataset/snd2142-1,DORIS,2012,Uppsala University
https://researchdata.se/en/catalogue/dataset/snd2140-1,DORIS,2012,Uppsala University
https://researchdata.se/en/catalogue/dataset/snd2147-1,DORIS,2012,Uppsala University
https://researchdata.se/en/catalogue/dataset/snd2146-1,DORIS,2012,Uppsala University
https://researchdata.se/en/catalogue/dataset/snd2141-1,DORIS,2012,Uppsala University
https://researchdata.se/en/catalogue/dataset/snd2148-1,DORIS,2012,Uppsala University
https://researchdata.se/en/catalogue/dataset/snd2145-1,DORIS,2012,Uppsala University
https://researchdata.se/en/catalogue/dataset/snd2149-1,DORIS,2012,Uppsala University
https://researchdata.se/en/catalogue/dataset/snd2144-1,DORIS,2012,Uppsala University
https://researchdata.se/en/catalogue/dataset/snd2150-1,DORIS,2012,Uppsala University
https://researchdata.se/en/catalogue/dataset/snd2153-1,DORIS,2012,Uppsala University
https://researchdata.se/en/catalogue/dataset/snd2151-1,DORIS,2012,Uppsala University
https://researchdata.se/en/catalogue/dataset/snd2156-1,DORIS,2012,Uppsala University
https://researchdata.se/en/catalogue/dataset/snd2154-1,DORIS,2012,Uppsala University
https://researchdata.se/en/catalogue/dataset/snd2152-1,DORIS,2012,Uppsala University
https://researchdata.se/en/catalogue/dataset/snd2155-1,DORIS,2012,Uppsala University
https://researchdata.se/en/catalogue/dataset/snd2157-1,DORIS,2012,Uppsala University
https://researchdata.se/en/catalogue/dataset/snd2161-1,DORIS,2012,Uppsala University
https://researchdata.se/en/catalogue/dataset/snd2160-1,DORIS,2012,Uppsala University
https://researchdata.se/en/catalogue/dataset/snd2158-1,DORIS,2012,Uppsala University
https://researchdata.se/en/catalogue/dataset/snd2159-1,DORIS,2012,Uppsala University
https://researchdata.se/en/catalogue/dataset/snd2165-1,DORIS,2012,Uppsala University
https://researchdata.se/en/catalogue/dataset/snd2164-1,DORIS,2012,Uppsala University
https://researchdata.se/en/catalogue/dataset/snd2166-1,DORIS,2012,Uppsala University
https://researchdata.se/en/catalogue/dataset/snd2162-1,DORIS,2012,Uppsala University
https://researchdata.se/en/catalogue/dataset/snd2163-1,DORIS,2012,Uppsala University
https://researchdata.se/en/catalogue/dataset/snd2168-1,DORIS,2012,Uppsala University
https://researchdata.se/en/catalogue/dataset/snd2169-1,DORIS,2012,Uppsala University
https://researchdata.se/en/catalogue/dataset/snd2167-1,DORIS,2012,Uppsala University
https://researchdata.se/en/catalogue/dataset/snd2171-1,DORIS,2012,Uppsala University
https://researchdata.se/en/catalogue/dataset/snd2170-1,DORIS,2012,Uppsala University
https://researchdata.se/en/catalogue/dataset/snd2173-1,DORIS,2012,Uppsala University
https://researchdata.se/en/catalogue/dataset/snd2176-1,DORIS,2012,Uppsala University
https://researchdata.se/en/catalogue/dataset/snd2172-1,DORIS,2012,Uppsala University
https://researchdata.se/en/catalogue/dataset/snd2174-1,DORIS,2012,Uppsala University
https://researchdata.se/en/catalogue/dataset/snd2179-1,DORIS,2012,Uppsala University
https://researchdata.se/en/catalogue/dataset/snd2175-1,DORIS,2012,Uppsala University
https://researchdata.se/en/catalogue/dataset/snd2178-1,DORIS,2012,Uppsala University
https://researchdata.se/en/catalogue/dataset/snd2180-1,DORIS,2012,Uppsala University
https://researchdata.se/en/catalogue/dataset/snd2177-1,DORIS,2012,Uppsala University
https://researchdata.se/en/catalogue/dataset/snd2181-1,DORIS,2012,Uppsala University
https://researchdata.se/en/catalogue/dataset/snd2182-1,DORIS,2012,Uppsala University
https://researchdata.se/en/catalogue/dataset/snd2186-1,DORIS,2012,Uppsala University
https://researchdata.se/en/catalogue/dataset/snd2184-1,DORIS,2012,Uppsala University
https://researchdata.se/en/catalogue/dataset/snd2185-1,DORIS,2012,Uppsala University
https://researchdata.se/en/catalogue/dataset/snd2183-1,DORIS,2012,Uppsala University
https://researchdata.se/en/catalogue/dataset/snd2189-1,DORIS,2012,Uppsala University
https://researchdata.se/en/catalogue/dataset/snd2187-1,DORIS,2012,Uppsala University
https://researchdata.se/en/catalogue/dataset/snd2190-1,DORIS,2012,Uppsala University
https://researchdata.se/en/catalogue/dataset/snd2191-1,DORIS,2012,Uppsala University
https://researchdata.se/en/catalogue/dataset/snd2188-1,DORIS,2012,Uppsala University
https://researchdata.se/en/catalogue/dataset/snd2194-1,DORIS,2012,Uppsala University
https://researchdata.se/en/catalogue/dataset/snd2193-1,DORIS,2012,Uppsala University
https://researchdata.se/en/catalogue/dataset/snd2196-1,DORIS,2012,Uppsala University
https://researchdata.se/en/catalogue/dataset/snd2192-1,DORIS,2012,Uppsala University
https://researchdata.se/en/catalogue/dataset/snd2199-1,DORIS,2012,Uppsala University
https://researchdata.se/en/catalogue/dataset/snd2198-1,DORIS,2012,Uppsala University
https://researchdata.se/en/catalogue/dataset/snd2195-1,DORIS,2012,Uppsala University
https://researchdata.se/en/catalogue/dataset/snd2200-1,DORIS,2012,Uppsala University
https://researchdata.se/en/catalogue/dataset/snd2202-1,DORIS,2012,Uppsala University
https://researchdata.se/en/catalogue/dataset/snd2197-1,DORIS,2012,Uppsala University
https://researchdata.se/en/catalogue/dataset/snd2201-1,DORIS,2012,Uppsala University
https://researchdata.se/en/catalogue/dataset/snd2207-1,DORIS,2012,Uppsala University
https://researchdata.se/en/catalogue/dataset/snd2204-1,DORIS,2012,Uppsala University
https://researchdata.se/en/catalogue/dataset/snd2203-1,DORIS,2012,Uppsala University
https://researchdata.se/en/catalogue/dataset/snd2210-1,DORIS,2012,Uppsala University
https://researchdata.se/en/catalogue/dataset/snd2206-1,DORIS,2012,Uppsala University
https://researchdata.se/en/catalogue/dataset/snd2209-1,DORIS,2012,Uppsala University
https://researchdata.se/en/catalogue/dataset/snd2205-1,DORIS,2012,Uppsala University
https://researchdata.se/en/catalogue/dataset/snd2215-1,DORIS,2012,Uppsala University
https://researchdata.se/en/catalogue/dataset/snd2212-1,DORIS,2012,Uppsala University
https://researchdata.se/en/catalogue/dataset/snd2211-1,DORIS,2012,Uppsala University
https://researchdata.se/en/catalogue/dataset/snd2213-1,DORIS,2012,Uppsala University
https://researchdata.se/en/catalogue/dataset/snd2208-1,DORIS,2012,Uppsala University
https://researchdata.se/en/catalogue/dataset/snd2214-1,DORIS,2012,Uppsala University
https://researchdata.se/en/catalogue/dataset/snd2218-1,DORIS,2012,Uppsala University
https://researchdata.se/en/catalogue/dataset/snd2217-1,DORIS,2012,Uppsala University
https://researchdata.se/en/catalogue/dataset/snd2216-1,DORIS,2012,Uppsala University
https://researchdata.se/en/catalogue/dataset/snd2222-1,DORIS,2012,Uppsala University
https://researchdata.se/en/catalogue/dataset/snd2219-1,DORIS,2012,Uppsala University
https://researchdata.se/en/catalogue/dataset/snd2221-1,DORIS,2012,Uppsala University
https://researchdata.se/en/catalogue/dataset/snd2224-1,DORIS,2012,Uppsala University
https://researchdata.se/en/catalogue/dataset/snd2220-1,DORIS,2012,Uppsala University
https://researchdata.se/en/catalogue/dataset/snd2223-1,DORIS,2012,Uppsala University
https://researchdata.se/en/catalogue/dataset/snd2227-1,DORIS,2012,Uppsala University
https://researchdata.se/en/catalogue/dataset/snd2229-1,DORIS,2012,Uppsala University
https://researchdata.se/en/catalogue/dataset/snd2228-1,DORIS,2012,Uppsala University
https://researchdata.se/en/catalogue/dataset/snd2226-1,DORIS,2012,Uppsala University
https://researchdata.se/en/catalogue/dataset/snd2230-1,DORIS,2012,Uppsala University
https://researchdata.se/en/catalogue/dataset/snd2233-1,DORIS,2012,Uppsala University
https://researchdata.se/en/catalogue/dataset/snd2232-1,DORIS,2012,Uppsala University
https://researchdata.se/en/catalogue/dataset/snd2225-1,DORIS,2012,Uppsala University
https://researchdata.se/en/catalogue/dataset/snd2236-1,DORIS,2012,Uppsala University
https://researchdata.se/en/catalogue/dataset/snd2231-1,DORIS,2012,Uppsala University
https://researchdata.se/en/catalogue/dataset/snd2235-1,DORIS,2012,Uppsala University
https://researchdata.se/en/catalogue/dataset/snd2234-1,DORIS,2012,Uppsala University
https://researchdata.se/en/catalogue/dataset/snd2237-1,DORIS,2012,Uppsala University
https://researchdata.se/en/catalogue/dataset/snd2241-1,DORIS,2012,Uppsala University
https://researchdata.se/en/catalogue/dataset/snd2240-1,DORIS,2012,Uppsala University
https://researchdata.se/en/catalogue/dataset/snd2239-1,DORIS,2012,Uppsala University
https://researchdata.se/en/catalogue/dataset/snd2245-1,DORIS,2012,Uppsala University
https://researchdata.se/en/catalogue/dataset/snd2238-1,DORIS,2012,Uppsala University
https://researchdata.se/en/catalogue/dataset/snd2244-1,DORIS,2012,Uppsala University
https://researchdata.se/en/catalogue/dataset/snd2242-1,DORIS,2012,Uppsala University
https://researchdata.se/en/catalogue/dataset/snd2243-1,DORIS,2012,Uppsala University
https://researchdata.se/en/catalogue/dataset/snd2246-1,DORIS,2012,Uppsala University
https://researchdata.se/en/catalogue/dataset/snd2250-1,DORIS,2012,Uppsala University
https://researchdata.se/en/catalogue/dataset/snd2247-1,DORIS,2012,Uppsala University
https://researchdata.se/en/catalogue/dataset/snd2248-1,DORIS,2012,Uppsala University
https://researchdata.se/en/catalogue/dataset/snd2249-1,DORIS,2012,Uppsala University
https://researchdata.se/en/catalogue/dataset/snd2251-1,DORIS,2012,Uppsala University
https://researchdata.se/en/catalogue/dataset/snd2252-1,DORIS,2012,Uppsala University
https://researchdata.se/en/catalogue/dataset/snd2254-1,DORIS,2012,Uppsala University
https://researchdata.se/en/catalogue/dataset/snd2257-1,DORIS,2012,Uppsala University
https://researchdata.se/en/catalogue/dataset/snd2253-1,DORIS,2012,Uppsala University
https://researchdata.se/en/catalogue/dataset/snd2256-1,DORIS,2012,Uppsala University
https://researchdata.se/en/catalogue/dataset/snd2255-1,DORIS,2012,Uppsala University
https://researchdata.se/en/catalogue/dataset/snd2262-1,DORIS,2012,Uppsala University
https://researchdata.se/en/catalogue/dataset/snd2258-1,DORIS,2012,Uppsala University
https://researchdata.se/en/catalogue/dataset/snd2261-1,DORIS,2012,Uppsala University
https://researchdata.se/en/catalogue/dataset/snd2259-1,DORIS,2012,Uppsala University
https://researchdata.se/en/catalogue/dataset/snd2260-1,DORIS,2012,Uppsala University
https://researchdata.se/en/catalogue/dataset/snd2263-1,DORIS,2012,Uppsala University
https://researchdata.se/en/catalogue/dataset/snd2264-1,DORIS,2012,Uppsala University
https://researchdata.se/en/catalogue/dataset/snd2268-1,DORIS,2012,Uppsala University
https://researchdata.se/en/catalogue/dataset/snd2265-1,DORIS,2012,Uppsala University
https://researchdata.se/en/catalogue/dataset/snd2267-1,DORIS,2012,Uppsala University
https://researchdata.se/en/catalogue/dataset/snd2269-1,DORIS,2012,Uppsala University
https://researchdata.se/en/catalogue/dataset/snd2266-1,DORIS,2012,Uppsala University
https://researchdata.se/en/catalogue/dataset/snd2271-1,DORIS,2012,Uppsala University
https://researchdata.se/en/catalogue/dataset/snd2270-1,DORIS,2012,Uppsala University
https://researchdata.se/en/catalogue/dataset/snd2273-1,DORIS,2012,Uppsala University
https://researchdata.se/en/catalogue/dataset/snd2272-1,DORIS,2012,Uppsala University
https://researchdata.se/en/catalogue/dataset/snd2275-1,DORIS,2012,Uppsala University
https://researchdata.se/en/catalogue/dataset/snd2276-1,DORIS,2012,Uppsala University
https://researchdata.se/en/catalogue/dataset/snd2277-1,DORIS,2012,Uppsala University
https://researchdata.se/en/catalogue/dataset/snd2274-1,DORIS,2012,Uppsala University
https://researchdata.se/en/catalogue/dataset/snd2282-1,DORIS,2012,Uppsala University
https://researchdata.se/en/catalogue/dataset/snd2281-1,DORIS,2012,Uppsala University
https://researchdata.se/en/catalogue/dataset/snd2278-1,DORIS,2012,Uppsala University
https://researchdata.se/en/catalogue/dataset/snd2279-1,DORIS,2012,Uppsala University
https://researchdata.se/en/catalogue/dataset/snd2283-1,DORIS,2012,Uppsala University
https://researchdata.se/en/catalogue/dataset/snd2280-1,DORIS,2012,Uppsala University
https://researchdata.se/en/catalogue/dataset/snd2284-1,DORIS,2012,Uppsala University
https://researchdata.se/en/catalogue/dataset/snd2287-1,DORIS,2012,Uppsala University
https://researchdata.se/en/catalogue/dataset/snd2286-1,DORIS,2012,Uppsala University
https://researchdata.se/en/catalogue/dataset/snd2285-1,DORIS,2012,Uppsala University
https://researchdata.se/en/catalogue/dataset/snd2288-1,DORIS,2012,Uppsala University
https://researchdata.se/en/catalogue/dataset/snd2291-1,DORIS,2012,Uppsala University
https://researchdata.se/en/catalogue/dataset/snd2290-1,DORIS,2012,Uppsala University
https://researchdata.se/en/catalogue/dataset/snd2293-1,DORIS,2012,Uppsala University
https://researchdata.se/en/catalogue/dataset/snd2294-1,DORIS,2012,Uppsala University
https://researchdata.se/en/catalogue/dataset/snd2289-1,DORIS,2012,Uppsala University
https://researchdata.se/en/catalogue/dataset/snd2292-1,DORIS,2012,Uppsala University
https://researchdata.se/en/catalogue/dataset/snd2295-1,DORIS,2012,Uppsala University
https://researchdata.se/en/catalogue/dataset/snd2296-1,DORIS,2012,Uppsala University
https://researchdata.se/en/catalogue/dataset/snd2298-1,DORIS,2012,Uppsala University
https://researchdata.se/en/catalogue/dataset/snd2299-1,DORIS,2012,Uppsala University
https://researchdata.se/en/catalogue/dataset/snd2297-1,DORIS,2012,Uppsala University
https://researchdata.se/en/catalogue/dataset/snd2301-1,DORIS,2012,Uppsala University
https://researchdata.se/en/catalogue/dataset/snd2304-1,DORIS,2012,Uppsala University
https://researchdata.se/en/catalogue/dataset/snd2300-1,DORIS,2012,Uppsala University
https://researchdata.se/en/catalogue/dataset/snd2303-1,DORIS,2012,Uppsala University
https://researchdata.se/en/catalogue/dataset/snd2302-1,DORIS,2012,Uppsala University
https://researchdata.se/en/catalogue/dataset/snd2305-1,DORIS,2012,Uppsala University
https://researchdata.se/en/catalogue/dataset/snd2306-1,DORIS,2012,Uppsala University
https://researchdata.se/en/catalogue/dataset/snd2308-1,DORIS,2012,Uppsala University
https://researchdata.se/en/catalogue/dataset/snd2309-1,DORIS,2012,Uppsala University
https://researchdata.se/en/catalogue/dataset/snd2307-1,DORIS,2012,Uppsala University
https://researchdata.se/en/catalogue/dataset/snd2314-1,DORIS,2012,Uppsala University
https://researchdata.se/en/catalogue/dataset/snd2315-1,DORIS,2012,Uppsala University
https://researchdata.se/en/catalogue/dataset/snd2313-1,DORIS,2012,Uppsala University
https://researchdata.se/en/catalogue/dataset/snd2311-1,DORIS,2012,Uppsala University
https://researchdata.se/en/catalogue/dataset/snd2317-1,DORIS,2012,Uppsala University
https://researchdata.se/en/catalogue/dataset/snd2310-1,DORIS,2012,Uppsala University
https://researchdata.se/en/catalogue/dataset/snd2319-1,DORIS,2012,Uppsala University
https://researchdata.se/en/catalogue/dataset/snd2312-1,DORIS,2012,Uppsala University
https://researchdata.se/en/catalogue/dataset/snd2318-1,DORIS,2012,Uppsala University
https://researchdata.se/en/catalogue/dataset/snd2316-1,DORIS,2012,Uppsala University
https://researchdata.se/en/catalogue/dataset/snd2325-1,DORIS,2012,Uppsala University
https://researchdata.se/en/catalogue/dataset/snd2321-1,DORIS,2012,Uppsala University
https://researchdata.se/en/catalogue/dataset/snd2320-1,DORIS,2013,Uppsala University
https://researchdata.se/en/catalogue/dataset/snd2322-1,DORIS,2013,Uppsala University
https://researchdata.se/en/catalogue/dataset/snd2328-1,DORIS,2012,Uppsala University
https://researchdata.se/en/catalogue/dataset/snd2324-1,DORIS,2012,Uppsala University
https://researchdata.se/en/catalogue/dataset/snd2323-1,DORIS,2012,Uppsala University
https://researchdata.se/en/catalogue/dataset/snd2326-1,DORIS,2012,Uppsala University
https://researchdata.se/en/catalogue/dataset/snd2331-1,DORIS,2012,Uppsala University
https://researchdata.se/en/catalogue/dataset/snd2329-1,DORIS,2012,Uppsala University
https://researchdata.se/en/catalogue/dataset/snd2327-1,DORIS,2012,Uppsala University
https://researchdata.se/en/catalogue/dataset/snd2332-1,DORIS,2013,Uppsala University
https://researchdata.se/en/catalogue/dataset/snd2333-1,DORIS,2012,Uppsala University
https://researchdata.se/en/catalogue/dataset/snd2334-1,DORIS,2012,Uppsala University
https://researchdata.se/en/catalogue/dataset/snd2335-1,DORIS,2012,Uppsala University
https://researchdata.se/en/catalogue/dataset/snd2330-1,DORIS,2012,Uppsala University
https://researchdata.se/en/catalogue/dataset/snd2336-1,DORIS,2012,Societas Archaeologica Upsaliensis
https://researchdata.se/en/catalogue/dataset/snd2338-1,DORIS,2012,Uppsala University
https://researchdata.se/en/catalogue/dataset/snd2339-1,DORIS,2012,Uppsala University
https://researchdata.se/en/catalogue/dataset/snd2337-1,DORIS,2012,Uppsala University
https://researchdata.se/en/catalogue/dataset/snd2340-1,DORIS,2012,Uppsala University
https://researchdata.se/en/catalogue/dataset/snd2341-1,DORIS,2012,Uppsala University
https://researchdata.se/en/catalogue/dataset/snd2342-1,DORIS,2012,Uppsala University
https://researchdata.se/en/catalogue/dataset/snd2344-1,DORIS,2012,Uppsala University
https://researchdata.se/en/catalogue/dataset/snd2343-1,DORIS,2013,Uppsala University
https://researchdata.se/en/catalogue/dataset/snd2347-1,DORIS,2012,Uppsala University
https://researchdata.se/en/catalogue/dataset/snd2348-1,DORIS,2012,Uppsala University
https://researchdata.se/en/catalogue/dataset/snd2345-1,DORIS,2012,Uppsala University
https://researchdata.se/en/catalogue/dataset/snd2346-1,DORIS,2012,Uppsala University
https://researchdata.se/en/catalogue/dataset/snd2350-1,DORIS,2012,Uppsala University
https://researchdata.se/en/catalogue/dataset/snd2351-1,DORIS,2012,Uppsala University
https://researchdata.se/en/catalogue/dataset/snd2349-1,DORIS,2012,Uppsala University
https://researchdata.se/en/catalogue/dataset/snd2357-1,DORIS,2012,Uppsala University
https://researchdata.se/en/catalogue/dataset/snd2353-1,DORIS,2012,Uppsala University
https://researchdata.se/en/catalogue/dataset/snd2355-1,DORIS,2012,Uppsala University
https://researchdata.se/en/catalogue/dataset/snd2352-1,DORIS,2012,Uppsala University
https://researchdata.se/en/catalogue/dataset/snd2354-1,DORIS,2012,Uppsala University
https://researchdata.se/en/catalogue/dataset/snd2358-1,DORIS,2012,Uppsala University
https://researchdata.se/en/catalogue/dataset/snd2359-1,DORIS,2012,Uppsala University
https://researchdata.se/en/catalogue/dataset/snd2361-1,DORIS,2013,Uppsala University
https://researchdata.se/en/catalogue/dataset/snd2356-1,DORIS,2012,Uppsala University
https://researchdata.se/en/catalogue/dataset/snd2360-1,DORIS,2012,Uppsala University
https://researchdata.se/en/catalogue/dataset/snd2363-1,DORIS,2014,Uppsala University
https://researchdata.se/en/catalogue/dataset/snd2365-1,DORIS,2014,Uppsala University
https://researchdata.se/en/catalogue/dataset/snd2362-1,DORIS,2014,Uppsala University
https://researchdata.se/en/catalogue/dataset/snd2364-1,DORIS,2014,Uppsala University
https://researchdata.se/en/catalogue/dataset/snd2369-1,DORIS,2014,Uppsala University
https://researchdata.se/en/catalogue/dataset/snd2366-1,DORIS,2014,Uppsala University
https://researchdata.se/en/catalogue/dataset/snd2371-1,DORIS,2014,Uppsala University
https://researchdata.se/en/catalogue/dataset/snd2367-1,DORIS,2014,Uppsala University
https://researchdata.se/en/catalogue/dataset/snd2368-1,DORIS,2014,Uppsala University
https://researchdata.se/en/catalogue/dataset/snd2374-1,DORIS,2014,Uppsala University
https://researchdata.se/en/catalogue/dataset/snd2370-1,DORIS,2014,Uppsala University
https://researchdata.se/en/catalogue/dataset/snd2372-1,DORIS,2014,Uppsala University
https://researchdata.se/en/catalogue/dataset/snd2376-1,DORIS,2014,Uppsala University
https://researchdata.se/en/catalogue/dataset/snd2373-1,DORIS,2014,Uppsala University
https://researchdata.se/en/catalogue/dataset/snd2379-1,DORIS,2014,Uppsala University
https://researchdata.se/en/catalogue/dataset/snd2381-1,DORIS,2014,Uppsala University
https://researchdata.se/en/catalogue/dataset/snd2375-1,DORIS,2014,Uppsala University
https://researchdata.se/en/catalogue/dataset/snd2380-1,DORIS,2014,Uppsala University
https://researchdata.se/en/catalogue/dataset/snd2377-1,DORIS,2014,Uppsala University
https://researchdata.se/en/catalogue/dataset/snd2384-1,DORIS,2014,Uppsala University
https://researchdata.se/en/catalogue/dataset/snd2383-1,DORIS,2014,Uppsala University
https://researchdata.se/en/catalogue/dataset/snd2378-1,DORIS,2014,Uppsala University
https://researchdata.se/en/catalogue/dataset/snd2382-1,DORIS,2014,Uppsala University
https://researchdata.se/en/catalogue/dataset/snd2389-1,DORIS,2020,Uppsala University
https://researchdata.se/en/catalogue/dataset/snd2385-1,DORIS,2014,Uppsala University
https://researchdata.se/en/catalogue/dataset/snd2386-1,DORIS,2014,Uppsala University
https://researchdata.se/en/catalogue/dataset/snd2387-1,DORIS,2014,Uppsala University
https://researchdata.se/en/catalogue/dataset/snd2390-1,DORIS,2014,Uppsala University
https://researchdata.se/en/catalogue/dataset/snd2388-1,DORIS,2014,Uppsala University
https://researchdata.se/en/catalogue/dataset/snd2392-1,DORIS,2014,Uppsala University
https://researchdata.se/en/catalogue/dataset/snd2394-1,DORIS,2014,Sörmland County Museum
https://researchdata.se/en/catalogue/dataset/snd2396-1,DORIS,2014,Uppsala University
https://researchdata.se/en/catalogue/dataset/snd2395-1,DORIS,2014,Uppsala University
https://researchdata.se/en/catalogue/dataset/snd2393-1,DORIS,2014,Uppsala University
https://researchdata.se/en/catalogue/dataset/snd2391-1,DORIS,2014,Uppsala University
https://researchdata.se/en/catalogue/dataset/snd2402-1,DORIS,2014,Uppsala University
https://researchdata.se/en/catalogue/dataset/snd2398-1,DORIS,2014,Uppsala University
https://researchdata.se/en/catalogue/dataset/snd2397-1,DORIS,2014,Uppsala University
https://researchdata.se/en/catalogue/dataset/snd2399-1,DORIS,2014,Uppsala University
https://researchdata.se/en/catalogue/dataset/snd2400-1,DORIS,2014,Uppsala University
https://researchdata.se/en/catalogue/dataset/snd2404-1,DORIS,2014,Uppsala University
https://researchdata.se/en/catalogue/dataset/snd2403-1,DORIS,2014,Uppsala University
https://researchdata.se/en/catalogue/dataset/snd2406-1,DORIS,2014,Uppsala University
https://researchdata.se/en/catalogue/dataset/snd2401-1,DORIS,2014,Uppsala University
https://researchdata.se/en/catalogue/dataset/snd2407-1,DORIS,2014,Uppsala University
https://researchdata.se/en/catalogue/dataset/snd2405-1,DORIS,2018,Uppsala University
https://researchdata.se/en/catalogue/dataset/snd2408-1,DORIS,2014,Uppsala University
https://researchdata.se/en/catalogue/dataset/snd2410-1,DORIS,2018,Uppsala University
https://researchdata.se/en/catalogue/dataset/snd2411-1,DORIS,2014,Uppsala University
https://researchdata.se/en/catalogue/dataset/snd2415-1,DORIS,2014,Uppsala University
https://researchdata.se/en/catalogue/dataset/snd2412-1,DORIS,2018,Uppsala University
https://researchdata.se/en/catalogue/dataset/snd2413-1,DORIS,2014,Uppsala University
https://researchdata.se/en/catalogue/dataset/snd2414-1,DORIS,2014,Uppsala University
https://researchdata.se/en/catalogue/dataset/snd2419-1,DORIS,2018,Uppsala University
https://researchdata.se/en/catalogue/dataset/snd2416-1,DORIS,2014,Uppsala University
https://researchdata.se/en/catalogue/dataset/snd2418-1,DORIS,2014,Uppsala University
https://researchdata.se/en/catalogue/dataset/snd2420-1,DORIS,2014,Uppsala University
https://researchdata.se/en/catalogue/dataset/snd2417-1,DORIS,2014,Uppsala University
https://researchdata.se/en/catalogue/dataset/snd2422-1,DORIS,2014,Uppsala University
https://researchdata.se/en/catalogue/dataset/snd2421-1,DORIS,2014,Uppsala University
https://researchdata.se/en/catalogue/dataset/snd2425-1,DORIS,2014,Uppsala University
https://researchdata.se/en/catalogue/dataset/snd2426-1,DORIS,2014,Uppsala University
https://researchdata.se/en/catalogue/dataset/snd2423-1,DORIS,2014,Uppsala University
https://researchdata.se/en/catalogue/dataset/snd2409-1,DORIS,2020,Uppsala University
https://researchdata.se/en/catalogue/dataset/snd2424-1,DORIS,2014,Uppsala University
https://researchdata.se/en/catalogue/dataset/snd2428-1,DORIS,2014,Uppsala University
https://researchdata.se/en/catalogue/dataset/snd2427-1,DORIS,2014,Uppsala University
https://researchdata.se/en/catalogue/dataset/snd2431-1,DORIS,2014,Uppsala University
https://researchdata.se/en/catalogue/dataset/snd2430-1,DORIS,2014,Uppsala University
https://researchdata.se/en/catalogue/dataset/snd2429-1,DORIS,2014,Uppsala University
https://researchdata.se/en/catalogue/dataset/snd2432-1,DORIS,2014,Uppsala University
https://researchdata.se/en/catalogue/dataset/snd2435-1,DORIS,2014,Uppsala University
https://researchdata.se/en/catalogue/dataset/snd2433-1,DORIS,2014,Uppsala University
https://researchdata.se/en/catalogue/dataset/snd2439-1,DORIS,2014,Uppsala University
https://researchdata.se/en/catalogue/dataset/snd2434-1,DORIS,2014,Uppsala University
https://researchdata.se/en/catalogue/dataset/snd2436-1,DORIS,2014,Uppsala University
https://researchdata.se/en/catalogue/dataset/snd2437-1,DORIS,2014,Uppsala University
https://researchdata.se/en/catalogue/dataset/snd2438-1,DORIS,2014,Uppsala University
https://researchdata.se/en/catalogue/dataset/snd2440-1,DORIS,2014,Uppsala University
https://researchdata.se/en/catalogue/dataset/snd2444-1,DORIS,2014,Uppsala University
https://researchdata.se/en/catalogue/dataset/snd2441-1,DORIS,2014,Uppsala University
https://researchdata.se/en/catalogue/dataset/snd2446-1,DORIS,2014,Uppsala University
https://researchdata.se/en/catalogue/dataset/snd2445-1,DORIS,2014,Uppsala University
https://researchdata.se/en/catalogue/dataset/snd2442-1,DORIS,2014,Uppsala University
https://researchdata.se/en/catalogue/dataset/snd2443-1,DORIS,2014,Uppsala University
https://researchdata.se/en/catalogue/dataset/snd2450-1,DORIS,2015,Uppsala University
https://researchdata.se/en/catalogue/dataset/snd2447-1,DORIS,2015,Uppsala University
https://researchdata.se/en/catalogue/dataset/snd2448-1,DORIS,2015,Uppsala University
https://researchdata.se/en/catalogue/dataset/snd2449-1,DORIS,2015,Uppsala University
https://researchdata.se/en/catalogue/dataset/snd2452-1,DORIS,2015,Uppsala University
https://researchdata.se/en/catalogue/dataset/snd2451-1,DORIS,2015,Uppsala University
https://researchdata.se/en/catalogue/dataset/snd2454-1,DORIS,2015,Uppsala University
https://researchdata.se/en/catalogue/dataset/snd2453-1,DORIS,2015,Uppsala University
https://researchdata.se/en/catalogue/dataset/snd2455-1,DORIS,2015,Uppsala University
https://researchdata.se/en/catalogue/dataset/snd2456-1,DORIS,2016,Uppsala University
https://researchdata.se/en/catalogue/dataset/snd2459-1,DORIS,2016,Uppsala University
https://researchdata.se/en/catalogue/dataset/snd2460-1,DORIS,2016,Uppsala University
https://researchdata.se/en/catalogue/dataset/snd2457-1,DORIS,2016,Uppsala University
https://researchdata.se/en/catalogue/dataset/snd2461-1,DORIS,2015,Uppsala University
https://researchdata.se/en/catalogue/dataset/snd2458-1,DORIS,2016,Uppsala University
https://researchdata.se/en/catalogue/dataset/snd2462-1,DORIS,2016,Uppsala University
https://researchdata.se/en/catalogue/dataset/snd2463-1,DORIS,2015,Uppsala University
https://researchdata.se/en/catalogue/dataset/snd2467-1,DORIS,2017,Uppsala University
https://researchdata.se/en/catalogue/dataset/snd2471-1,DORIS,2017,Uppsala University
https://researchdata.se/en/catalogue/dataset/snd2470-1,DORIS,2017,Uppsala University
https://researchdata.se/en/catalogue/dataset/snd2468-1,DORIS,2017,Uppsala University
https://researchdata.se/en/catalogue/dataset/snd2465-1,DORIS,2015,Uppsala University
https://researchdata.se/en/catalogue/dataset/snd2466-1,DORIS,2017,Uppsala University
https://researchdata.se/en/catalogue/dataset/snd2464-1,DORIS,2015,Uppsala University
https://researchdata.se/en/catalogue/dataset/snd2472-1,DORIS,2017,Uppsala University
https://researchdata.se/en/catalogue/dataset/snd2475-1,DORIS,2020,Uppsala University
https://researchdata.se/en/catalogue/dataset/snd2477-1,DORIS,2020,Uppsala University
https://researchdata.se/en/catalogue/dataset/snd2474-1,DORIS,2019,Uppsala University
https://researchdata.se/en/catalogue/dataset/snd2480-1,DORIS,2017,Uppsala University
https://researchdata.se/en/catalogue/dataset/snd2479-1,DORIS,2020,Uppsala University
https://researchdata.se/en/catalogue/dataset/snd2476-1,DORIS,2020,Uppsala University
https://researchdata.se/en/catalogue/dataset/snd2478-1,DORIS,2020,Uppsala University
