DatasetIdentifier,Publisher,SourceRepository,YearPublished
snd1048-1,Stockholm University,DORIS,2018
2024-508,Institute for Language and Folklore,DORIS (only metadata),2024
2022-60-1,Luleå University of Technology,DORIS,2024
2021-280-1,Swedish University of Agricultural Sciences,DORIS,2024
2024-528,Umeå University,DORIS,2024
2024-635,Swedish University of Agricultural Sciences,DORIS,2025
2022-4-1,RISE Research Institutes of Sweden,DORIS,2022
2022-56-1,Swedish University of Agricultural Sciences,DORIS,2022
2021-125-2,Luleå University of Technology,DORIS,2022
2021-338-1,Lund University,DORIS,2021
2021-335-1,Swedish University of Agricultural Sciences,DORIS (only metadata),2022
2021-340-1,Karolinska Institutet,DORIS,2022
2022-71-1,Swedish University of Agricultural Sciences,DORIS,2022
2021-316-1,Mid Sweden University,DORIS,2021
2021-339-1,University of Skövde,DORIS,2022
2020-145-1,Swedish Institute of Space Physics,DORIS,2020
2020-185-1,Swedish University of Agricultural Sciences,DORIS,2023
ext0071-1,University of Tromsø,DORIS (only metadata),2020
ext0079-1,Uppsala University,DORIS (only metadata),2020
ext0168-1,Karolinska Institutet,DORIS (only metadata),2015
snd0968-1,"Information not available, contact SND for more information",DORIS,2014
ext0145-1,"Information not available, contact SND for more information",DORIS (only metadata),2014
snd2396-1,Uppsala University,DORIS,2014
snd0966-1,"Faculty of Engineering, Lund University",DORIS,2015
ext0034-1,Uppsala University,DORIS (only metadata),2015
snd0794-3,Stockholm University,DORIS,2014
snd0500-60,University of Gothenburg,DORIS,2002
ext0019-1,Uppsala University,DORIS (only metadata),2011
snd0015-1,University of Gothenburg,DORIS (only metadata),2011
snd2001-1,Uppsala University,DORIS,2014
snd2002-1,Uppsala University,DORIS,2014
snd2003-1,Uppsala University,DORIS,2014
snd2004-1,Uppsala University,DORIS,2014
snd2006-1,Arkeologikonsult,DORIS,2014
snd2007-1,Uppsala University,DORIS,2014
snd2008-1,Uppsala University,DORIS,2014
snd2009-1,Arkeologikonsult,DORIS,2014
snd2011-1,Uppsala University,DORIS,2014
snd2012-1,Uppsala University,DORIS,2014
snd2013-1,Uppsala University,DORIS,2014
snd2014-1,Uppsala University,DORIS,2014
snd2015-1,Uppsala University,DORIS,2014
snd2016-1,Uppsala University,DORIS,2014
snd0895-1,Södertörns högskola,DORIS,2011
ext0041-1,University of Gothenburg,DORIS (only metadata),2012
snd2021-1,Uppsala University,DORIS,2012
snd2021-1,Uppsala University,DORIS,2014
snd2023-1,Uppsala University,DORIS,2012
snd2023-1,Uppsala University,DORIS,2014
snd2024-1,Uppsala University,DORIS,2012
snd2024-1,Uppsala University,DORIS,2014
snd2028-1,Uppsala University,DORIS,2012
ext0040-1,Karolinska Institutet,DORIS (only metadata),2012
ext0017-1,Umeå University,DORIS (only metadata),2012
ext0037-1,Karolinska Institutet,DORIS (only metadata),2012
snd2028-1,Uppsala University,DORIS,2014
snd2029-1,Uppsala University,DORIS,2012
snd2029-1,Uppsala University,DORIS,2014
snd2030-1,Uppsala University,DORIS,2012
snd2030-1,Uppsala University,DORIS,2014
snd2031-1,Uppsala University,DORIS,2012
snd2031-1,Uppsala University,DORIS,2014
snd2032-1,Uppsala University,DORIS,2012
snd2032-1,Uppsala University,DORIS,2014
snd2033-1,Uppsala University,DORIS,2012
snd2033-1,Uppsala University,DORIS,2014
snd2034-1,Uppsala University,DORIS,2012
snd2034-1,Uppsala University,DORIS,2014
snd2035-1,Uppsala University,DORIS,2012
snd2035-1,Uppsala University,DORIS,2014
snd2036-1,Uppsala University,DORIS,2012
snd2036-1,Uppsala University,DORIS,2014
snd2037-1,Uppsala University,DORIS,2012
snd2037-1,Uppsala University,DORIS,2014
snd2038-1,Uppsala University,DORIS,2012
snd2038-1,Uppsala University,DORIS,2014
snd2039-1,Uppsala University,DORIS,2012
snd2039-1,Uppsala University,DORIS,2014
snd2040-1,Uppsala University,DORIS,2012
snd2040-1,Uppsala University,DORIS,2014
snd2041-1,Uppsala University,DORIS,2012
snd2041-1,Uppsala University,DORIS,2014
snd2042-1,Uppsala University,DORIS,2012
snd2042-1,Uppsala University,DORIS,2014
snd2043-1,Uppsala University,DORIS,2012
snd2043-1,Uppsala University,DORIS,2014
snd2045-1,Uppsala University,DORIS,2012
snd2045-1,Uppsala University,DORIS,2014
snd2046-1,Uppsala University,DORIS,2012
snd2046-1,Uppsala University,DORIS,2014
snd2047-1,Uppsala University,DORIS,2012
snd2047-1,Uppsala University,DORIS,2014
snd2048-1,Uppsala University,DORIS,2012
snd2048-1,Uppsala University,DORIS,2014
snd2049-1,Uppsala University,DORIS,2012
snd2049-1,Uppsala University,DORIS,2014
snd2050-1,Uppsala University,DORIS,2012
snd2050-1,Uppsala University,DORIS,2014
snd2051-1,Uppsala University,DORIS,2012
snd2051-1,Uppsala University,DORIS,2014
snd2052-1,Uppsala University,DORIS,2012
snd2052-1,Uppsala University,DORIS,2014
snd2053-1,Uppsala University,DORIS,2012
snd2053-1,Uppsala University,DORIS,2014
snd2054-1,Uppsala University,DORIS,2012
snd2054-1,Uppsala University,DORIS,2014
snd2055-1,Uppsala University,DORIS,2012
snd2055-1,Uppsala University,DORIS,2014
snd2056-1,Uppsala University,DORIS,2012
snd2056-1,Uppsala University,DORIS,2014
snd2057-1,Uppsala University,DORIS,2012
snd2057-1,Uppsala University,DORIS,2012
snd2057-1,Uppsala University,DORIS,2014
snd1066-1,Royal Institute of Technology,DORIS,2018
snd1065-1,"Uganda Ministry of Health, AIDS Control Program",DORIS,2019
ecds0098-1,Stockholm University,DORIS,2018
ext0275-1,Lund University,DORIS (only metadata),2018
snd1061-1,Stockholm University,DORIS,2020
snd1060-1,University of Gothenburg,DORIS,2018
snd1058-1,Karolinska Institutet,DORIS,2018
ecds0148-1,Stockholm University,DORIS,2018
ecds0223-1,University of Gothenburg,DORIS,2018
ecds0246-1,Uppsala University,DORIS,2018
ecds0245-1,Uppsala University,DORIS,2018
ecds0225-1,Swedish University of Agricultural Sciences,DORIS,2018
snd1050-5,Uppsala University,DORIS,2018
snd1050-4,Uppsala University,DORIS,2018
snd1050-3,Uppsala University,DORIS,2018
snd1050-2,Uppsala University,DORIS,2018
snd1054-1,Handelshögskolan i Stockholm,DORIS,2018
snd1053-1,Handelshögskolan i Stockholm,DORIS,2020
snd1053-1,Handelshögskolan i Stockholm,DORIS,2020
snd1050-1,Uppsala University,DORIS,2018
ext0300-1,Institute for Language and Folklore,DORIS (only metadata),2020
ext0299-1,Institute for Language and Folklore,DORIS (only metadata),2020
ext0298-1,Institute for Language and Folklore,DORIS (only metadata),2020
ext0297-1,Institute for Language and Folklore,DORIS (only metadata),2020
ext0296-1,Institute for Language and Folklore,DORIS (only metadata),2020
ext0295-1,Institute for Language and Folklore,DORIS (only metadata),2020
ext0293-1,Institute for Language and Folklore,DORIS (only metadata),2020
ext0292-1,Institute for Language and Folklore,DORIS (only metadata),2020
ext0291-1,Institute for Language and Folklore,DORIS (only metadata),2020
ext0290-1,Institute for Language and Folklore,DORIS (only metadata),2020
ext0289-1,Institute for Language and Folklore,DORIS (only metadata),2020
ext0268-1,Umeå University,DORIS (only metadata),2017
ecds0082-1,Swedish Institute of Space Physics,DORIS,2019
ecds0061-1,SMHI - Swedish Meteorological and Hydrological Institute,DORIS,2019
snd1090-1,Chalmers University of Technology,DORIS,2019
ecds0075-1,SMHI - Swedish Meteorological and Hydrological Institute,DORIS,2019
snd1088-1,Lund University,DORIS,2019
snd1087-1,Stockholm University,DORIS,2019
ext0282-1,Umeå University,DORIS (only metadata),2019
snd1084-1,Lund University,DORIS,2019
snd1049-1,University of Gothenburg,DORIS,2018
snd1029-1,Tokyo Metropolitan University,DORIS,2017
ecds0145-1,Linnaeus University,DORIS,2021
snd1036-1,Linnaeus University,DORIS,2017
ecds0141-1,Linnaeus University,DORIS,2019
snd1037-1,Linnaeus University,DORIS,2017
snd1041-1,Uppsala University,DORIS,2018
snd1083-1,University of Gothenburg,DORIS,2019
snd1082-1,University of Gothenburg,DORIS,2019
ecds0156-2,SMHI - Swedish Meteorological and Hydrological Institute,DORIS,2019
ecds0156-1,SMHI - Swedish Meteorological and Hydrological Institute,DORIS,2019
snd1080-1,Lund University,DORIS,2019
ecds0150-1,Stockholm University,DORIS,2019
ecds0100-1,SMHI - Swedish Meteorological and Hydrological Institute,DORIS,2019
snd1079-1,Uppsala University,DORIS,2019
snd1077-1,Umeå University,DORIS,2018
snd1076-1,Stockholm University,DORIS,2018
snd1072-1,University of Gothenburg,DORIS,2022
snd1064-1,Karolinska Institutet,DORIS,2019
snd1073-1,Swedish University of Agricultural Sciences,DORIS,2018
snd1070-1,University of Gothenburg,DORIS,2019
snd1068-1,Uppsala University,DORIS,2018
ecds0062-1,SMHI - Swedish Meteorological and Hydrological Institute,DORIS,2019
snd2012-1,Uppsala University,DORIS,2012
snd2011-1,Uppsala University,DORIS,2012
snd2007-1,Uppsala University,DORIS,2012
snd2006-1,Arkeologikonsult,DORIS,2012
snd2013-1,Uppsala University,DORIS,2012
snd2005-1,Uppsala University,DORIS,2012
snd2010-1,Arkeologikonsult,DORIS,2012
snd2009-1,Arkeologikonsult,DORIS,2012
snd2008-1,Uppsala University,DORIS,2012
snd2003-1,Uppsala University,DORIS,2012
snd0884-1,Umeå University,DORIS,2010
snd0820-1,Arbetslivsinstitutet,DORIS,2007
snd0794-3,Stockholm University,DORIS,2008
snd0794-1,Stockholm University,DORIS,2003
snd0872-1,Linnaeus University,DORIS,2009
snd0840-1,Arbetslivsinstitutet,DORIS,2007
snd0996-1,University of Gothenburg,DORIS,2017
snd1081-1,Lund University,DORIS,2019
snd1056-2,University of Gothenburg,DORIS,2018
snd0906-2,Uppsala University,DORIS,2012
snd0906-1,Uppsala University,DORIS,2012
snd2015-1,Uppsala University,DORIS,2012
snd2014-1,Uppsala University,DORIS,2012
snd2248-1,Uppsala University,DORIS,2012
snd2000-1,Uppsala University,DORIS,2012
snd2058-1,Uppsala University,DORIS,2012
snd2058-1,Uppsala University,DORIS,2014
snd2059-1,Uppsala University,DORIS,2012
snd2059-1,Uppsala University,DORIS,2014
snd2060-1,Uppsala University,DORIS,2012
snd2060-1,Uppsala University,DORIS,2014
snd2061-1,Uppsala University,DORIS,2012
snd2061-1,Uppsala University,DORIS,2012
snd2061-1,Uppsala University,DORIS,2014
snd2062-1,Uppsala University,DORIS,2012
snd2062-1,Uppsala University,DORIS,2014
snd2063-1,Uppsala University,DORIS,2012
snd2063-1,Uppsala University,DORIS,2014
snd2064-1,Uppsala University,DORIS,2012
snd2064-1,Uppsala University,DORIS,2014
snd2065-1,Uppsala University,DORIS,2012
snd2065-1,Uppsala University,DORIS,2014
snd2066-1,Uppsala University,DORIS,2012
snd2066-1,Uppsala University,DORIS,2014
snd2067-1,Uppsala University,DORIS,2012
snd2067-1,Uppsala University,DORIS,2014
snd2068-1,Uppsala University,DORIS,2012
snd2068-1,Uppsala University,DORIS,2014
snd2069-1,Uppsala University,DORIS,2012
snd2069-1,Uppsala University,DORIS,2014
snd2070-1,Uppsala University,DORIS,2012
2024-201,Linköping University,DORIS,2017
2024-217,Uppsala University,DORIS,2018
2024-200,Royal Institute of Technology,DORIS,2017
2024-144,Uppsala University,DORIS,2024
2024-187,Linköping University,DORIS,2016
2024-225,Linköping University,DORIS,2018
2024-182,Luleå University of Technology,DORIS (only metadata),2024
2024-198,Uppsala University,DORIS,2017
2024-359,Linköping University,DORIS,2022
2024-478,Swedish University of Agricultural Sciences,DORIS,2024
2024-355,Linköping University,DORIS,2022
2024-248,Luleå University of Technology,DORIS,2018
2024-254,Linköping University,DORIS,2018
2024-256,Linköping University,DORIS,2018
2024-272,Royal Institute of Technology,DORIS,2019
2024-262,Royal Institute of Technology,DORIS,2019
2024-636,Umeå University,DORIS,2025
2024-56,Swedish University of Agricultural Sciences,DORIS,2024
2024-388,University West,DORIS,2022
2024-11,Swedish University of Agricultural Sciences,DORIS (only metadata),2024
2024-319,Uppsala University,DORIS,2020
ext0304-1,Institute for Language and Folklore,DORIS (only metadata),2020
2024-296,Malmö University,DORIS,2020
2024-74,Swedish University of Agricultural Sciences,DORIS,2024
2024-75,University of Gothenburg,DORIS,2024
2024-298,Malmö University,DORIS,2020
2024-444,Karolinska Institutet,DORIS,2024
2024-345,Uppsala University,DORIS,2021
snd1089-1,University of Gothenburg,DORIS,2024
2024-343,Uppsala University,DORIS,2021
2024-315,Uppsala University,DORIS,2020
2024-357,Uppsala University,DORIS,2022
2024-339,Uppsala University,DORIS,2021
2024-257,Uppsala University,DORIS (only metadata),2024
2024-390,Luleå University of Technology,DORIS,2023
2024-335,Uppsala University,DORIS,2021
2024-441,Uppsala University,DORIS,2025
2024-440,University of Gävle,DORIS,2025
snd0306-1,University of Gothenburg,DORIS,1992
snd0219-1,Religionssociologiska institutet,DORIS,1987
snd0220-1,Religionssociologiska institutet,DORIS,1987
snd0260-1,University of Gothenburg,DORIS,1991
snd0260-2,University of Gothenburg,DORIS,1991
snd0260-3,University of Gothenburg,DORIS,1991
snd0260-4,University of Gothenburg,DORIS,1991
snd0260-5,University of Gothenburg,DORIS,1991
snd0260-6,University of Gothenburg,DORIS,1991
snd0274-1,University of Gothenburg,DORIS,1991
snd0275-1,University of Gothenburg,DORIS,1991
2024-346,Uppsala University,DORIS,2021
2024-377,Uppsala University,DORIS,2022
2024-301,Uppsala University,DORIS,2020
2024-261,Royal Institute of Technology,DORIS,2019
2024-245,Jönköping University,DORIS,2018
2024-249,Linköping University,DORIS,2018
2024-281,Umeå University,DORIS,2019
2024-308,Linköping University,DORIS,2020
2024-348,Luleå University of Technology,DORIS,2022
2024-322,Linköping University,DORIS,2021
snd0170-1,Uppsala University,DORIS,1983
2024-398,Uppsala University,DORIS,2023
snd0146-1,Uppsala University,DORIS,1984
2024-395,Stockholm University of the Arts,DORIS,2023
2024-264,Royal Institute of Technology,DORIS,2019
2024-330,Uppsala University,DORIS,2021
2024-408,Uppsala University,DORIS,2024
snd0126-1,Uppsala University,DORIS,1984
2024-409,Uppsala University,DORIS,2024
snd0124-1,Uppsala University,DORIS,1984
2024-406,Uppsala University,DORIS,2024
2024-358,Uppsala University,DORIS,2022
2024-304,Uppsala University,DORIS,2020
2024-303,Uppsala University,DORIS,2020
2024-317,Uppsala University,DORIS,2020
2024-181,Jönköping University,DORIS,2016
2024-183,Linköping University,DORIS,2016
snd0102-1,Uppsala University,DORIS,1983
2024-244,Linköping University,DORIS,2018
2024-184,Linköping University,DORIS,2016
2024-402,Linköping University,DORIS,2023
snd0038-1,Nordic Institute for Studies in Urban and Regional Planning,DORIS,2025
snd0994-1,Lund University,DORIS,2016
snd1056-1,University of Gothenburg,DORIS,2018
snd2273-1,Uppsala University,DORIS,2012
snd0920-1,Swedish Institute in Rome,DORIS,2012
snd2318-1,Uppsala University,DORIS,2012
snd2317-1,Uppsala University,DORIS,2012
snd2259-1,Uppsala University,DORIS,2012
snd2215-1,Uppsala University,DORIS,2012
snd2210-1,Uppsala University,DORIS,2012
snd2002-1,Uppsala University,DORIS,2012
snd2001-1,Uppsala University,DORIS,2012
2021-131-1,Chalmers University of Technology,DORIS,2021
ecds0159-1,Uppsala University,DORIS,2017
ext0271-1,University of Gothenburg,DORIS (only metadata),2017
ecds0146-1,SMHI - Swedish Meteorological and Hydrological Institute,DORIS,2021
snd0848-1,Arbetslivsinstitutet,DORIS,2006
snd0234-1,University of Gothenburg,DORIS,2009
2025-15,Mid Sweden University,DORIS,2025
2024-293,Uppsala University,DORIS,2020
2024-318,Uppsala University,DORIS,2020
2024-350,Uppsala University,DORIS,2022
2024-344,Royal Institute of Technology,DORIS,2021
2024-342,Uppsala University,DORIS,2021
2024-188,Uppsala University,DORIS,2016
2024-190,Uppsala University,DORIS,2017
2022-112-1,University of Gothenburg,DORIS,2024
2024-204,Uppsala University,DORIS,2017
2024-177,Lund University,DORIS,2024
2024-206,Uppsala University,DORIS,2017
2024-179,Swedish University of Agricultural Sciences,DORIS,2024
2024-209,Uppsala University,DORIS,2017
2024-332,Royal Institute of Technology,DORIS,2021
2024-215,Uppsala University,DORIS,2018
snd2257-1,Uppsala University,DORIS,2012
snd2258-1,Uppsala University,DORIS,2012
snd2258-1,Uppsala University,DORIS,2014
snd2259-1,Uppsala University,DORIS,2014
snd2260-1,Uppsala University,DORIS,2012
snd2260-1,Uppsala University,DORIS,2014
snd2261-1,Uppsala University,DORIS,2012
snd2261-1,Uppsala University,DORIS,2014
snd2262-1,Uppsala University,DORIS,2012
snd2262-1,Uppsala University,DORIS,2014
snd2263-1,Uppsala University,DORIS,2012
snd2263-1,Uppsala University,DORIS,2014
snd2264-1,Uppsala University,DORIS,2012
snd2264-1,Uppsala University,DORIS,2014
snd2265-1,Uppsala University,DORIS,2012
snd2265-1,Uppsala University,DORIS,2014
snd2266-1,Uppsala University,DORIS,2012
snd2266-1,Uppsala University,DORIS,2014
snd2267-1,Uppsala University,DORIS,2012
snd2268-1,Uppsala University,DORIS,2012
snd2268-1,Uppsala University,DORIS,2014
snd2269-1,Uppsala University,DORIS,2012
snd2269-1,Uppsala University,DORIS,2014
snd2270-1,Uppsala University,DORIS,2012
snd2270-1,Uppsala University,DORIS,2014
snd2271-1,Uppsala University,DORIS,2012
snd2271-1,Uppsala University,DORIS,2014
snd2272-1,Uppsala University,DORIS,2012
snd2272-1,Uppsala University,DORIS,2014
snd2301-1,Uppsala University,DORIS,2012
snd2301-1,Uppsala University,DORIS,2014
snd2273-1,Uppsala University,DORIS,2014
snd2319-1,Uppsala University,DORIS,2012
snd2320-1,Uppsala University,DORIS,2013
snd2322-1,Uppsala University,DORIS,2013
snd2323-1,Uppsala University,DORIS,2012
snd2324-1,Uppsala University,DORIS,2012
snd2326-1,Uppsala University,DORIS,2012
snd2327-1,Uppsala University,DORIS,2012
snd2328-1,Uppsala University,DORIS,2012
snd2329-1,Uppsala University,DORIS,2012
snd2331-1,Uppsala University,DORIS,2012
snd2332-1,Uppsala University,DORIS,2013
snd2333-1,Uppsala University,DORIS,2012
snd2334-1,Uppsala University,DORIS,2012
snd2337-1,Uppsala University,DORIS,2012
snd2338-1,Uppsala University,DORIS,2012
snd2339-1,Uppsala University,DORIS,2012
snd0629-1,University of Gothenburg,DORIS,1998
snd0598-1,University of Gothenburg,DORIS,1998
snd0583-1,University of Tampere,DORIS,1997
snd0514-1,University of Gothenburg,DORIS,1996
snd0513-1,University of Gothenburg,DORIS,1996
2022-47-1,Lund University,DORIS,2022
2022-52-1,Linnaeus University,DORIS,2022
2021-306-1,Kristianstad University,DORIS,2021
2020-36-11,University of Gothenburg,DORIS,2020
2021-315-1,Lund University,DORIS,2022
snd2004-1,Uppsala University,DORIS,2012
snd2016-1,Uppsala University,DORIS,2012
snd2253-1,Uppsala University,DORIS,2012
snd2252-1,Uppsala University,DORIS,2012
snd0829-1,Lund University,DORIS,2006
snd0745-1,University of Gothenburg,DORIS,2001
snd0090-1,Stockholm University,DORIS,1982
2024-366,Uppsala University,DORIS,2022
2024-376,Uppsala University,DORIS,2022
2024-140,Swedish University of Agricultural Sciences,DORIS,2025
2024-382,Uppsala University,DORIS,2022
snd2113-1,Uppsala University,DORIS,2014
snd2114-1,Uppsala University,DORIS,2012
snd2114-1,Uppsala University,DORIS,2014
snd2115-1,Uppsala University,DORIS,2012
snd2115-1,Uppsala University,DORIS,2014
snd2117-1,Uppsala University,DORIS,2012
snd2117-1,Uppsala University,DORIS,2014
snd2118-1,Uppsala University,DORIS,2012
snd2118-1,Uppsala University,DORIS,2014
snd2119-1,Uppsala University,DORIS,2012
snd2119-1,Uppsala University,DORIS,2014
snd2120-1,Uppsala University,DORIS,2012
snd2121-1,Uppsala University,DORIS,2012
snd2121-1,Uppsala University,DORIS,2014
snd2122-1,Uppsala University,DORIS,2012
snd2122-1,Uppsala University,DORIS,2014
snd2123-1,Uppsala University,DORIS,2012
snd2123-1,Uppsala University,DORIS,2014
snd2124-1,Uppsala University,DORIS,2012
snd2124-1,Uppsala University,DORIS,2014
snd2125-1,Uppsala University,DORIS,2012
snd2125-1,Uppsala University,DORIS,2014
snd2127-1,Uppsala University,DORIS,2012
snd2127-1,Uppsala University,DORIS,2014
snd2128-1,Uppsala University,DORIS,2012
snd2128-1,Uppsala University,DORIS,2014
snd2129-1,Uppsala University,DORIS,2012
snd2129-1,Uppsala University,DORIS,2014
snd2131-1,Uppsala University,DORIS,2012
snd2131-1,Uppsala University,DORIS,2014
snd2132-1,Uppsala University,DORIS,2012
snd2132-1,Uppsala University,DORIS,2014
snd2133-1,Uppsala University,DORIS,2012
snd2133-1,Uppsala University,DORIS,2014
snd2134-1,Uppsala University,DORIS,2012
snd2134-1,Uppsala University,DORIS,2014
snd2135-1,Uppsala University,DORIS,2012
snd2135-1,Uppsala University,DORIS,2014
snd2136-1,Uppsala University,DORIS,2012
snd2136-1,Uppsala University,DORIS,2014
snd2137-1,Uppsala University,DORIS,2012
snd2137-1,Uppsala University,DORIS,2014
snd2138-1,Uppsala University,DORIS,2012
snd2138-1,Uppsala University,DORIS,2014
snd2139-1,Uppsala University,DORIS,2012
snd2139-1,Uppsala University,DORIS,2014
snd2219-1,Uppsala University,DORIS,2012
snd2219-1,Uppsala University,DORIS,2014
snd2218-1,Uppsala University,DORIS,2012
snd2218-1,Uppsala University,DORIS,2014
snd2217-1,Uppsala University,DORIS,2012
snd2217-1,Uppsala University,DORIS,2014
snd2216-1,Uppsala University,DORIS,2012
snd0918-1,"Information not available, contact SND for more information",DORIS,2013
snd0918-1,"Information not available, contact SND for more information",DORIS,2013
snd0918-1,"Information not available, contact SND for more information",DORIS,2013
snd2215-1,Uppsala University,DORIS,2014
snd2214-1,Uppsala University,DORIS,2012
snd2214-1,Uppsala University,DORIS,2014
snd2361-1,Uppsala University,DORIS,2018
snd2213-1,Uppsala University,DORIS,2012
snd2361-1,Uppsala University,DORIS,2013
snd2325-1,Uppsala University,DORIS,2012
snd2213-1,Uppsala University,DORIS,2014
snd2330-1,Uppsala University,DORIS,2012
snd2212-1,Uppsala University,DORIS,2012
snd2336-1,Societas Archaeologica Upsaliensis,DORIS,2012
snd2344-1,Uppsala University,DORIS,2012
snd2212-1,Uppsala University,DORIS,2014
snd2211-1,Uppsala University,DORIS,2012
snd2359-1,Uppsala University,DORIS,2012
snd2358-1,Uppsala University,DORIS,2012
snd2211-1,Uppsala University,DORIS,2014
snd2357-1,Uppsala University,DORIS,2012
snd0471-1,University of Gothenburg,DORIS,1994
snd0487-1,University of Gothenburg,DORIS,1995
snd0486-1,University of Gothenburg,DORIS,1995
snd0482-1,Stockholm University,DORIS,1995
snd0482-2,Stockholm University,DORIS,1995
snd0440-1,Umeå University,DORIS,1993
snd0306-2,University of Gothenburg,DORIS,1992
2023-275,Swedish University of Agricultural Sciences,DORIS,2023
2023-280,University of Gothenburg,DORIS (only metadata),2024
ecds0144-1,Linnaeus University,DORIS,2021
2024-143,University of Gothenburg,DORIS,2024
2024-214,Uppsala University,DORIS,2018
2023-237,Chalmers University of Technology,DORIS,2024
2023-265,University of Gothenburg,DORIS,2024
snd1011-1,University of Gothenburg,DORIS,2024
2024-199,Mid Sweden University,DORIS,2017
2023-251,University of Gothenburg,DORIS,2024
2023-202,Stockholm University,DORIS,2023
2023-244,Swedish University of Agricultural Sciences,DORIS,2023
2023-235,Umeå University,DORIS,2024
2023-198,Chalmers University of Technology,DORIS,2024
2023-298,University of Gothenburg,DORIS,2025
2023-246,Luleå University of Technology,DORIS,2023
2023-286,Lund University,DORIS,2023
2024-173,Swedish University of Agricultural Sciences,DORIS,2024
2023-289,Karolinska Institutet,DORIS,2023
2023-187,Swedish University of Agricultural Sciences,DORIS (only metadata),2023
2023-270,University of Gävle,DORIS,2023
2023-276,Swedish Geotechnical Institute,DORIS,2024
2023-206,Stockholm University,DORIS,2023
2024-6,Stockholm University,DORIS,2024
2024-4,Stockholm University,DORIS,2024
2023-188,Swedish University of Agricultural Sciences,DORIS,2024
snd2079-1,Uppsala University,DORIS,2024
2022-23-1,Swedish University of Agricultural Sciences,DORIS,2022
2024-488,Umeå University,DORIS,2024
2024-644,Uppsala University,DORIS,2025
2024-639,Swedish University of Agricultural Sciences,DORIS,2025
2025-38,Luleå University of Technology,DORIS,2025
snd1116-1,Swedish University of Agricultural Sciences,DORIS,2025
2024-391,Linköping University,DORIS,2023
2024-284,Linköping University,DORIS,2020
2024-430,Swedish University of Agricultural Sciences,DORIS,2024
2024-258,Royal Institute of Technology,DORIS,2019
snd1260-1,Karolinska Institutet,DORIS,2020
snd1116-1,Swedish University of Agricultural Sciences,DORIS,2019
snd1216-1,Stockholm University,DORIS,2021
snd1117-1,University of Borås,DORIS,2019
snd1118-1,University of Gothenburg,DORIS,2019
snd1120-1,Stockholm University,DORIS,2019
snd1091-1,University of Gothenburg,DORIS,2019
snd1133-1,Swedish University of Agricultural Sciences,DORIS,2019
snd0967-1,University of Gothenburg,DORIS,2014
ext0031-1,Uppsala University,DORIS (only metadata),2015
ext0030-1,Uppsala University,DORIS (only metadata),2015
ext0029-1,Uppsala University,DORIS (only metadata),2015
ext0022-1,Uppsala University,DORIS (only metadata),2015
snd2383-1,Uppsala University,DORIS,2014
snd2376-1,Uppsala University,DORIS,2014
snd2372-1,Uppsala University,DORIS,2014
2024-323,Uppsala University,DORIS,2021
2024-363,Uppsala University,DORIS,2022
2024-422,Swedish University of Agricultural Sciences,DORIS,2024
2024-480,University of Gothenburg,DORIS,2024
snd1026-1,University of Gothenburg,DORIS,2024
2024-419,University of Gothenburg,DORIS,2024
2024-337,Uppsala University,DORIS (only metadata),2024
2024-327,Uppsala University,DORIS,2021
2024-229,Örebro University,DORIS,2018
2024-333,Uppsala University,DORIS,2021
2024-341,Uppsala University,DORIS,2021
snd0994-1,Lund University,DORIS,2024
2024-364,Linköping University,DORIS,2024
2024-329,Uppsala University,DORIS,2021
2024-313,Uppsala University,DORIS,2020
2024-397,Örebro University,DORIS (only metadata),2024
2024-321,Uppsala University,DORIS,2021
2024-429,Uppsala University,DORIS,2024
2024-305,Uppsala University,DORIS,2020
2024-300,Uppsala University,DORIS,2020
snd1017-1,University of Gothenburg,DORIS,2024
2024-286,Jönköping University,DORIS,2020
2024-413,University of Gothenburg,DORIS,2024
2024-361,Uppsala University,DORIS,2022
2021-314-1,Lund University,DORIS,2021
2020-180-1,Kristianstad University,DORIS,2020
2021-59-1,University of Skövde,DORIS (only metadata),2021
2020-158-1,Lund University,DORIS,2020
2021-302-1,SMHI - Swedish Meteorological and Hydrological Institute,DORIS,2022
2021-188-1,Swedish University of Agricultural Sciences,DORIS,2021
2021-193-1,Swedish University of Agricultural Sciences,DORIS,2021
2020-52-1,Linnaeus University,DORIS,2022
2021-247-1,Stockholm University,DORIS,2021
2021-116-1,Swedish University of Agricultural Sciences,DORIS,2021
ecds0161-1,SMHI - Swedish Meteorological and Hydrological Institute,DORIS (only metadata),2021
2021-38-1,Royal Institute of Technology,DORIS,2021
2024-314,Uppsala University,DORIS,2020
2024-196,Uppsala University,DORIS,2017
2024-316,Uppsala University,DORIS,2020
2024-306,Uppsala University,DORIS,2020
2024-186,Uppsala University,DORIS,2016
2024-336,Uppsala University,DORIS,2021
2024-271,Royal Institute of Technology,DORIS,2019
2024-207,Uppsala University,DORIS,2017
2024-265,Royal Institute of Technology,DORIS,2019
snd2254-1,Uppsala University,DORIS,2014
snd2255-1,Uppsala University,DORIS,2012
snd2255-1,Uppsala University,DORIS,2014
snd2256-1,Uppsala University,DORIS,2012
snd2256-1,Uppsala University,DORIS,2014
snd2225-1,Uppsala University,DORIS,2012
snd2225-1,Uppsala University,DORIS,2014
snd2224-1,Uppsala University,DORIS,2012
snd2223-1,Uppsala University,DORIS,2012
snd2223-1,Uppsala University,DORIS,2014
snd2221-1,Uppsala University,DORIS,2012
snd2221-1,Uppsala University,DORIS,2014
snd2277-1,Uppsala University,DORIS,2014
snd2278-1,Uppsala University,DORIS,2012
snd2278-1,Uppsala University,DORIS,2014
snd2279-1,Uppsala University,DORIS,2012
snd2279-1,Uppsala University,DORIS,2014
snd2280-1,Uppsala University,DORIS,2012
snd2280-1,Uppsala University,DORIS,2014
snd2281-1,Uppsala University,DORIS,2012
snd2281-1,Uppsala University,DORIS,2014
snd2282-1,Uppsala University,DORIS,2012
snd2282-1,Uppsala University,DORIS,2014
snd2283-1,Uppsala University,DORIS,2012
snd2283-1,Uppsala University,DORIS,2014
snd2284-1,Uppsala University,DORIS,2012
snd2284-1,Uppsala University,DORIS,2014
snd2285-1,Uppsala University,DORIS,2012
snd2285-1,Uppsala University,DORIS,2014
snd2286-1,Uppsala University,DORIS,2012
snd2286-1,Uppsala University,DORIS,2014
snd2287-1,Uppsala University,DORIS,2012
snd2287-1,Uppsala University,DORIS,2014
snd2288-1,Uppsala University,DORIS,2012
snd2288-1,Uppsala University,DORIS,2014
snd2289-1,Uppsala University,DORIS,2012
snd2289-1,Uppsala University,DORIS,2014
snd2290-1,Uppsala University,DORIS,2012
snd2290-1,Uppsala University,DORIS,2014
snd2291-1,Uppsala University,DORIS,2012
snd2291-1,Uppsala University,DORIS,2014
snd2292-1,Uppsala University,DORIS,2012
snd2292-1,Uppsala University,DORIS,2014
snd2293-1,Uppsala University,DORIS,2012
snd2293-1,Uppsala University,DORIS,2014
snd2294-1,Uppsala University,DORIS,2012
snd2294-1,Uppsala University,DORIS,2014
snd2295-1,Uppsala University,DORIS,2012
snd2295-1,Uppsala University,DORIS,2014
snd2296-1,Uppsala University,DORIS,2012
snd2296-1,Uppsala University,DORIS,2014
snd2297-1,Uppsala University,DORIS,2012
snd2297-1,Uppsala University,DORIS,2014
snd2298-1,Uppsala University,DORIS,2012
snd2298-1,Uppsala University,DORIS,2014
snd2299-1,Uppsala University,DORIS,2012
snd2299-1,Uppsala University,DORIS,2014
snd2300-1,Uppsala University,DORIS,2012
snd2302-1,Uppsala University,DORIS,2012
snd2302-1,Uppsala University,DORIS,2014
snd2303-1,Uppsala University,DORIS,2012
snd2303-1,Uppsala University,DORIS,2014
snd2304-1,Uppsala University,DORIS,2012
snd2304-1,Uppsala University,DORIS,2014
snd2305-1,Uppsala University,DORIS,2012
snd2305-1,Uppsala University,DORIS,2014
snd2306-1,Uppsala University,DORIS,2012
snd2306-1,Uppsala University,DORIS,2014
snd2307-1,Uppsala University,DORIS,2012
snd2307-1,Uppsala University,DORIS,2014
snd2308-1,Uppsala University,DORIS,2012
snd2308-1,Uppsala University,DORIS,2014
snd2309-1,Uppsala University,DORIS,2012
snd2309-1,Uppsala University,DORIS,2014
snd2310-1,Uppsala University,DORIS,2012
snd2310-1,Uppsala University,DORIS,2014
snd2311-1,Uppsala University,DORIS,2012
snd2311-1,Uppsala University,DORIS,2014
snd2312-1,Uppsala University,DORIS,2012
snd2312-1,Uppsala University,DORIS,2014
snd2313-1,Uppsala University,DORIS,2012
snd2313-1,Uppsala University,DORIS,2014
snd2314-1,Uppsala University,DORIS,2012
snd2314-1,Uppsala University,DORIS,2014
snd2315-1,Uppsala University,DORIS,2012
snd2315-1,Uppsala University,DORIS,2014
snd2316-1,Uppsala University,DORIS,2012
snd2316-1,Uppsala University,DORIS,2014
snd2317-1,Uppsala University,DORIS,2014
snd2318-1,Uppsala University,DORIS,2014
ext0274-1,Norrbotten County Council,DORIS (only metadata),2017
2022-127-1,Swedish University of Agricultural Sciences,DORIS,2022
2022-107-1,University of Gothenburg,DORIS,2024
ext0200-1,University of Gothenburg,DORIS (only metadata),2017
ext0177-1,Stockholm University,DORIS (only metadata),2016
2022-120-1,Uppsala University,DORIS,2022
ext0158-1,Stockholm University,DORIS (only metadata),2015
2022-196-1,University of Gothenburg,DORIS,2022
ext0121-1,University of Gothenburg,DORIS (only metadata),2014
2022-197-1,University of Gothenburg,DORIS (only metadata),2023
2022-198-1,University of Gothenburg,DORIS (only metadata),2023
ext0050-1,University of Gothenburg,DORIS (only metadata),2012
2022-215-1,Swedish University of Agricultural Sciences,DORIS (only metadata),2022
ext0049-1,University of Gothenburg,DORIS (only metadata),2012
2022-131-3,Swedish University of Agricultural Sciences,DORIS (only metadata),2022
ext0048-1,Uppsala University,DORIS (only metadata),2012
ext0036-1,University of Gothenburg,DORIS (only metadata),2012
2022-195-1,Swedish Institute of Space Physics,DORIS,2023
ext0035-1,Riksteatern,DORIS (only metadata),2012
ext0021-1,Umeå University,DORIS (only metadata),2011
2023-112-1,Karolinska Institutet,DORIS,2023
snd0500-64,University of Gothenburg,DORIS,2002
2022-113-1,Karolinska Institutet,DORIS,2022
snd0500-57,University of Gothenburg,DORIS,2002
snd0500-56,University of Gothenburg,DORIS,2002
ecds0192-3,​SAMBAH – Static Acoustic Monitoring of the Baltic Sea Harbour Porpoise,DORIS,2017
snd1033-1,Lund University,DORIS,2017
ecds0244-1,Chalmers University of Technology,DORIS,2017
snd1064-2,Karolinska Institutet,DORIS,2019
snd1038-1,Lund University,DORIS,2017
snd1038-2,Lund University,DORIS,2017
snd1038-3,Lund University,DORIS,2017
snd1040-1,University of Gothenburg,DORIS,2018
snd2410-1,Uppsala University,DORIS,2018
ecds0219-1,University of Gothenburg,DORIS,2018
snd1042-1,Uppsala University,DORIS,2018
snd1042-2,Uppsala University,DORIS,2018
snd1042-3,Uppsala University,DORIS,2018
snd1042-4,Uppsala University,DORIS,2018
snd1042-5,Uppsala University,DORIS,2018
ext0047-1,University of Gothenburg,DORIS (only metadata),2014
snd0970-1,University of Gothenburg,DORIS,2014
snd0970-2,University of Gothenburg,DORIS,2014
2024-381,"Information not available, contact SND for more information",DORIS,2022
2024-328,Linköping University,DORIS,2021
2024-510,University of Gothenburg,DORIS,2024
2024-517,Swedish University of Agricultural Sciences,DORIS,2024
ext0294-1,Institute for Language and Folklore,DORIS (only metadata),2020
2024-521,Swedish University of Agricultural Sciences,DORIS,2024
2024-491,Swedish University of Agricultural Sciences,DORIS,2024
2024-338,Uppsala University,DORIS,2021
2024-364,Linköping University,DORIS,2020
2024-411,Uppsala University,DORIS,2024
2025-23,Swedish University of Agricultural Sciences,DORIS,2025
2024-326,Uppsala University,DORIS,2021
2024-410,Uppsala University,DORIS (only metadata),2024
2024-455,University of Gothenburg,DORIS,2024
2024-226,Uppsala University,DORIS,2018
2024-143,University of Gothenburg,DORIS,2024
ecds0251-1,Swedish University of Agricultural Sciences,DORIS,2019
2023-203,Lund University,DORIS,2024
2024-149,University of Borås,DORIS (only metadata),2024
2024-616,Swedish University of Agricultural Sciences,DORIS,2025
snd1021-1,Stockholm University,DORIS,2025
2024-405,Swedish National Road and Transport Research Institute,DORIS (only metadata),2024
2025-3,Uppsala University,DORIS,2025
2024-380,Luleå University of Technology,DORIS (only metadata),2024
ext0014-1,Region Uppsala,DORIS (only metadata),2011
2024-407,University of Borås,DORIS (only metadata),2024
2024-531,Uppsala University,DORIS,2024
2025-10,Karolinska Institutet,DORIS,2025
snd0999-1,Umeå University,DORIS,2016
2024-399,Royal Institute of Technology,DORIS (only metadata),2024
2024-219,Linköping University,DORIS,2018
2024-220,Linköping University,DORIS,2018
2024-502,Stockholm University,DORIS,2024
2023-110-1,Södertörns högskola,DORIS,2023
2024-223,Uppsala University,DORIS,2018
2024-221,Uppsala University,DORIS,2018
snd1050-1,Uppsala University,DORIS,2023
2024-213,Uppsala University,DORIS,2017
2024-211,Uppsala University,DORIS,2017
2024-268,Uppsala University,DORIS,2019
snd1104-1,Swedish University of Agricultural Sciences,DORIS,2019
2024-269,Uppsala University,DORIS,2019
2024-295,Uppsala University,DORIS,2020
snd0810-1,University of Gothenburg,DORIS,2024
2024-263,Uppsala University,DORIS,2019
2024-255,Uppsala University,DORIS,2018
2023-148,Karolinska Institutet,DORIS,2023
2024-251,Uppsala University,DORIS,2018
2024-178,Umeå University,DORIS,2024
2024-260,Uppsala University,DORIS,2019
2024-299,Uppsala University,DORIS,2020
2024-297,Uppsala University,DORIS,2020
2024-291,Uppsala University,DORIS,2020
2023-155,University of Gothenburg,DORIS,2023
2024-285,Uppsala University,DORIS,2020
2024-283,Uppsala University,DORIS,2020
2023-167,Södertörns högskola,DORIS,2023
2022-261-1,Luleå University of Technology,DORIS,2023
2024-277,Uppsala University,DORIS,2019
2024-294,Uppsala University,DORIS,2020
2024-292,Uppsala University,DORIS,2020
2024-290,Uppsala University,DORIS,2020
2023-182,Stockholm University,DORIS,2023
2024-280,Uppsala University,DORIS,2019
2023-189,Chalmers University of Technology,DORIS,2023
2024-278,Uppsala University,DORIS,2019
2024-276,Uppsala University,DORIS,2019
2024-270,Uppsala University,DORIS,2019
2024-515,Chalmers University of Technology,DORIS,2025
2024-617,University of Gothenburg,DORIS,2024
ext0285-1,Uppsala University,DORIS (only metadata),2019
2024-75,University of Gothenburg,DORIS,2024
2024-70,Swedish University of Agricultural Sciences,DORIS,2024
2023-180,University of Gothenburg,DORIS,2023
2022-53-1,Lund University,DORIS,2022
snd2085-1,Uppsala University,DORIS,2024
2023-248,Swedish University of Agricultural Sciences,DORIS,2024
2024-91,Karolinska Institutet,DORIS,2024
snd2111-1,Uppsala University,DORIS,2024
2024-279,Uppsala University,DORIS,2019
2023-226,Södertörns högskola,DORIS,2023
2023-288,Örebro University,DORIS,2024
2022-57-1,Lund University,DORIS,2023
2024-63,University of Gothenburg,DORIS,2024
2023-178,Swedish University of Agricultural Sciences,DORIS,2024
2023-311,University of Gothenburg,DORIS,2024
snd2158-1,Uppsala University,DORIS,2024
2023-305,University College Stockholm,DORIS,2024
2024-41,Chalmers University of Technology,DORIS,2024
2023-193,Umeå University,DORIS,2024
2024-157,University of Gothenburg,DORIS,2025
2024-28,Swedish University of Agricultural Sciences,DORIS,2024
2023-272,Swedish University of Agricultural Sciences,DORIS (only metadata),2024
snd2203-1,Uppsala University,DORIS,2024
2024-172,Uppsala University,DORIS,2025
2023-211,University of Skövde,DORIS,2024
2023-258,Swedish University of Agricultural Sciences,DORIS,2024
2023-145,Lund University,DORIS,2023
snd2138-1,Uppsala University,DORIS,2024
2024-51,Chalmers University of Technology,DORIS,2024
2023-9-1,Lund University,DORIS,2024
2023-287,University of Gothenburg,DORIS,2024
2023-255,University of Gothenburg,DORIS,2024
2024-66,Umeå University,DORIS,2024
2023-177,University of Gothenburg,DORIS,2023
snd2122-1,Uppsala University,DORIS,2024
2023-170,Swedish University of Agricultural Sciences,DORIS,2024
snd2327-1,Uppsala University,DORIS,2024
2024-45,University of Gothenburg,DORIS,2024
2023-107-1,Uppsala University,DORIS,2024
2023-222,Karolinska Institutet,DORIS,2024
2020-64-1,Lund University,DORIS,2020
2024-57,Swedish University of Agricultural Sciences,DORIS,2024
2023-223,Karolinska Institutet,DORIS,2024
2024-185,Uppsala University,DORIS,2016
2024-216,Uppsala University,DORIS,2018
2023-227,Karolinska Institutet,DORIS,2024
2024-218,Uppsala University,DORIS,2018
2024-191,Uppsala University,DORIS,2017
2023-207,Stockholm University,DORIS,2023
2024-212,Uppsala University,DORIS,2017
2022-130-1,Lund University,DORIS,2022
2024-53,University of Gävle,DORIS,2024
2023-186,Swedish University of Agricultural Sciences,DORIS,2024
snd1077-1,Umeå University,DORIS,2024
2024-228,Uppsala University,DORIS,2018
2020-95-2,University of Gothenburg,DORIS,2020
2024-22,Swedish University of Agricultural Sciences,DORIS,2024
2024-15,Örebro University,DORIS,2024
2024-58,Linnaeus University,DORIS,2025
2024-151,Lund University,DORIS,2024
2023-232,Swedish University of Agricultural Sciences,DORIS (only metadata),2024
2023-196,Swedish Institute of Space Physics,DORIS,2024
2024-94,Halmstad University,DORIS,2024
2023-299,Karlstad University,DORIS,2024
2023-172,Swedish University of Agricultural Sciences,DORIS,2023
2020-68-1,Linnaeus University,DORIS,2020
2024-85,Chalmers University of Technology,DORIS,2024
2023-234,Chalmers University of Technology,DORIS,2024
2023-221,Södertörns högskola,DORIS,2023
2024-116,Uppsala University,DORIS,2024
2020-13-1,Huddinge municipality,DORIS,2023
2023-197,Stockholm University,DORIS,2023
2024-224,Royal Institute of Technology,DORIS,2018
2023-229,Lund University,DORIS,2023
2023-224,Södertörns högskola,DORIS,2023
2023-94-1,University of Borås,DORIS (only metadata),2023
2023-202,Stockholm University,DORIS,2023
2023-225,Södertörns högskola,DORIS,2023
2024-138,Swedish University of Agricultural Sciences,DORIS,2024
2023-242,Uppsala University,DORIS,2023
2023-169,University of Skövde,DORIS,2024
2023-173,Uppsala University,DORIS,2024
2023-292,University of Gothenburg,DORIS,2024
2020-206-1,Umeå University,DORIS,2023
2023-254,Uppsala University,DORIS,2023
2024-84,Lund University,DORIS,2024
2021-44-1,Stockholm University,DORIS,2021
2021-44-1,Stockholm University,DORIS,2021
2021-45-1,University of Gothenburg,DORIS,2021
2021-60-1,University of Gothenburg,DORIS,2021
2021-68-1,Karolinska Institutet,DORIS,2021
ext0020-1,"Information not available, contact SND for more information",DORIS (only metadata),2021
2021-82-1,Chalmers University of Technology,DORIS,2021
2021-90-1,Swedish University of Agricultural Sciences,DORIS,2021
2021-91-1,University of Gothenburg,DORIS,2021
2021-78-1,Chalmers University of Technology,DORIS,2021
2021-46-1,Swedish University of Agricultural Sciences,DORIS,2021
2021-103-1,Karlstad University,DORIS,2023
2024-529,Chalmers University of Technology,DORIS,2024
snd0500-36,University of Gothenburg,DORIS,2005
2021-77-1,Swedish University of Agricultural Sciences,DORIS,2021
2023-72-1,Institute for Language and Folklore,DORIS (only metadata),2023
2023-17-1,Luleå University of Technology,DORIS,2023
2023-18-1,Swedish University of Agricultural Sciences,DORIS (only metadata),2023
2023-40-1,Lund University,DORIS,2023
2023-3-1,Linnaeus University,DORIS,2023
2023-27-1,Umeå University,DORIS,2023
2023-19-1,Linnaeus University,DORIS,2023
2023-7-1,Luleå University of Technology,DORIS,2023
2022-254-1,Luleå University of Technology,DORIS,2024
2024-202,Mid Sweden University,DORIS,2017
2024-210,Uppsala University,DORIS,2017
2022-29-1,Luleå University of Technology,DORIS,2022
2020-130-3,Institute for Future Studies,DORIS,2020
2022-38-1,Chalmers University of Technology,DORIS,2023
2020-130-2,Institute for Future Studies,DORIS,2020
2020-130-4,Institute for Future Studies,DORIS,2020
2020-130-1,Institute for Future Studies,DORIS,2020
2022-39-1,Uppsala University,DORIS,2022
2022-40-1,Swedish University of Agricultural Sciences,DORIS,2022
2022-30-1,Swedish University of Agricultural Sciences,DORIS,2022
2021-332-1,RISE Research Institutes of Sweden,DORIS,2022
2021-334-1,Swedish University of Agricultural Sciences,DORIS,2022
2021-330-1,University of Gothenburg,DORIS,2021
2021-319-1,Swedish University of Agricultural Sciences,DORIS,2022
2021-280-1,Swedish University of Agricultural Sciences,DORIS,2022
2021-278-1,Swedish University of Agricultural Sciences,DORIS,2021
2021-276-1,Chalmers University of Technology,DORIS,2021
2021-268-1,Swedish University of Agricultural Sciences,DORIS (only metadata),2021
2021-275-1,Lund University,DORIS,2021
2021-272-1,University of Gothenburg,DORIS,2021
2021-260-1,University West,DORIS,2022
2021-257-1,Swedish Institute of Space Physics,DORIS,2022
2020-201-1,RISE Research Institutes of Sweden,DORIS,2020
2021-256-1,University of Gothenburg,DORIS,2021
ext0281-1,European Centre for Medium-Range Weather Forecasts (ECMWF),DORIS (only metadata),2020
ext0056-1,Lund University,DORIS (only metadata),2020
2021-58-1,Swedish University of Agricultural Sciences,DORIS,2021
2020-208-1,Umeå University,DORIS,2021
2020-208-2,Umeå University,DORIS,2021
2020-208-3,Umeå University,DORIS,2021
2020-208-4,Umeå University,DORIS,2021
2020-208-5,Umeå University,DORIS,2021
2021-2-1,Stockholm University,DORIS,2021
2021-290-1,University of Gothenburg,DORIS,2022
2021-294-1,Stockholm University,DORIS,2021
snd0810-1,University of Gothenburg,DORIS,2022
snd0810-1,University of Gothenburg,DORIS,2021
2021-299-1,Swedish University of Agricultural Sciences,DORIS,2021
2020-206-1,Umeå University,DORIS,2021
2021-27-1,Örebro University,DORIS,2023
2021-50-1,Lund University,DORIS,2021
2021-125-1,Luleå University of Technology,DORIS,2021
ecds0177-1,SMHI - Swedish Meteorological and Hydrological Institute,DORIS,2021
2021-125-1,Luleå University of Technology,DORIS,2021
snd1021-1,Stockholm University,DORIS,2021
snd1021-1,Stockholm University,DORIS,2017
snd1027-1,University of Gothenburg,DORIS,2017
snd1028-1,Karolinska Institutet,DORIS,2017
snd1030-1,Stockholm University,DORIS,2017
snd1031-1,"Faculty of Engineering, Lund University",DORIS,2018
snd1031-1,"Faculty of Engineering, Lund University",DORIS,2018
snd1032-1,Stockholm University,DORIS,2017
ecds0243-1,University of Gothenburg,DORIS,2017
2023-105-1,Swedish University of Agricultural Sciences,DORIS,2024
2022-122-1,University of Gothenburg,DORIS,2023
ext0085-1,Umeå University,DORIS (only metadata),2014
ext0083-1,Umeå University,DORIS (only metadata),2014
2022-190-1,Karolinska Institutet,DORIS,2023
snd0500-55,University of Gothenburg,DORIS,2002
snd0500-54,University of Gothenburg,DORIS,2002
2022-129-1,University of Gothenburg,DORIS,2023
snd0500-53,University of Gothenburg,DORIS,2002
snd1132-1,University of Gothenburg,DORIS,2024
2022-136-1,Luleå University of Technology,DORIS,2023
2023-30-1,Umeå University,DORIS,2023
2022-163-1,Swedish University of Agricultural Sciences,DORIS,2022
2022-252-1,Swedish University of Agricultural Sciences,DORIS,2023
2023-75-1,Swedish University of Agricultural Sciences,DORIS,2023
2022-249-1,Luleå University of Technology,DORIS,2023
2023-47-1,University of Gothenburg,DORIS,2023
2022-226-1,Swedish University of Agricultural Sciences,DORIS,2023
2023-28-1,Karolinska Institutet,DORIS,2023
2023-23-1,Swedish University of Agricultural Sciences,DORIS (only metadata),2024
2022-218-1,University of Gothenburg,DORIS,2023
2022-245-1,Swedish University of Agricultural Sciences,DORIS,2023
2023-76-1,Stockholm University,DORIS,2023
2022-230-1,Swedish University of Agricultural Sciences,DORIS,2023
2023-83-1,Swedish University of Agricultural Sciences,DORIS,2024
2024-108,Uppsala University,DORIS,2024
2023-73-1,Swedish University of Agricultural Sciences,DORIS,2023
2022-241-1,Institute for Language and Folklore,DORIS (only metadata),2023
2022-248-1,Lund University,DORIS,2022
2023-79-1,Swedish University of Agricultural Sciences,DORIS,2023
2022-251-1,Institute for Language and Folklore,DORIS (only metadata),2022
2023-69-1,"M 2022:03, Stärkta incitament för utbyggd vindkraft",DORIS,2023
2023-69-1,"M 2022:03, Stärkta incitament för utbyggd vindkraft",DORIS,2023
2022-246-1,Swedish University of Agricultural Sciences,DORIS,2023
2023-69-1,"M 2022:03, Stärkta incitament för utbyggd vindkraft",DORIS,2023
2022-252-1,Swedish University of Agricultural Sciences,DORIS,2023
2022-258-1,Swedish University of Agricultural Sciences,DORIS (only metadata),2023
2022-260-1,Swedish University of Agricultural Sciences,DORIS (only metadata),2023
2023-61-1,Lund University,DORIS,2023
2023-57-1,University of Gothenburg,DORIS,2023
2022-265-1,University of Gothenburg,DORIS,2022
snd0814-2,University of Gothenburg,DORIS,2006
snd0500-44,University of Gothenburg,DORIS,2002
snd0289-1,University of Gothenburg,DORIS,1992
snd0500-50,University of Gothenburg,DORIS,2001
snd0500-51,University of Gothenburg,DORIS,2001
snd0500-52,University of Gothenburg,DORIS,2002
snd0500-59,University of Gothenburg,DORIS,2002
snd0786-1,Stockholm University,DORIS (only metadata),2007
2024-95,Linköping University,DORIS (only metadata),2024
snd0500-58,University of Gothenburg,DORIS,2002
snd0870-1,University of Gothenburg,DORIS,2008
snd0870-1,University of Gothenburg,DORIS,2008
snd0870-1,University of Gothenburg,DORIS,2008
snd0870-1,University of Gothenburg,DORIS,2008
snd0870-1,University of Gothenburg,DORIS,2009
snd0870-1,University of Gothenburg,DORIS,2009
snd0870-1,University of Gothenburg,DORIS,2009
snd0870-1,University of Gothenburg,DORIS,2010
snd0870-1,University of Gothenburg,DORIS,2010
snd0870-1,University of Gothenburg,DORIS,2010
snd0870-1,University of Gothenburg,DORIS,2013
snd0870-2,University of Gothenburg,DORIS,2009
snd0870-2,University of Gothenburg,DORIS,2009
snd0870-2,University of Gothenburg,DORIS,2009
snd0870-2,University of Gothenburg,DORIS,2010
2025-66,Umeå University,DORIS,2025
2023-115-1,Swedish University of Agricultural Sciences,DORIS (only metadata),2023
2023-77-1,Swedish University of Agricultural Sciences,DORIS (only metadata),2023
2023-212,Swedish University of Agricultural Sciences,DORIS (only metadata),2024
2023-259,Swedish University of Agricultural Sciences,DORIS (only metadata),2024
snd0231-1,Lund University,DORIS,2025
snd0231-1,Lund University,DORIS,1987
snd0213-1,Lund University,DORIS,1988
snd0276-1,University of Gothenburg,DORIS,2025
snd0276-1,University of Gothenburg,DORIS,1991
2024-442,Swedish Institute of Space Physics,DORIS,2025
2024-442,Swedish Institute of Space Physics,DORIS,2024
2024-442,Swedish Institute of Space Physics,DORIS,2024
snd0910-1,University of Gothenburg,DORIS,2025
snd0910-1,University of Gothenburg,DORIS,2013
2020-73-1,Stockholm University,DORIS,2025
snd0944-1,Uppsala University,DORIS,2025
snd0944-1,Uppsala University,DORIS,2014
2023-80-1,University of Gothenburg,DORIS,2023
snd0941-1,Lund University,DORIS,2025
snd0941-1,Lund University,DORIS,2014
snd0941-1,Lund University,DORIS,2015
2025-78,Lund University,DORIS,2025
snd0140-1,Uppsala University,DORIS,2025
snd0140-1,Uppsala University,DORIS,2025
snd0985-1,"Information not available, contact SND for more information",DORIS,2025
snd0985-1,"Information not available, contact SND for more information",DORIS,2015
2024-156,Swedish University of Agricultural Sciences,DORIS,2025
2025-64,Umeå University,DORIS,2025
2025-54,Swedish University of Agricultural Sciences,DORIS,2025
2025-71,Swedish University of Agricultural Sciences,DORIS,2025
2024-46,University of Gothenburg,DORIS,2024
snd2075-1,Uppsala University,DORIS,2014
snd2087-1,Uppsala University,DORIS,2014
snd2093-1,Uppsala University,DORIS,2014
snd2106-1,Uppsala University,DORIS,2014
snd2109-1,Uppsala University,DORIS,2014
snd2116-1,Uppsala University,DORIS,2014
snd2120-1,Uppsala University,DORIS,2014
snd2155-1,Uppsala University,DORIS,2014
snd2161-1,Uppsala University,DORIS,2014
snd2074-1,Uppsala University,DORIS,2014
snd2175-1,Uppsala University,DORIS,2014
snd2167-1,Uppsala University,DORIS,2014
snd2174-1,Uppsala University,DORIS,2014
snd2166-1,Uppsala University,DORIS,2014
snd2165-1,Uppsala University,DORIS,2014
snd2162-1,Uppsala University,DORIS,2014
snd2173-1,Uppsala University,DORIS,2014
snd2189-1,Uppsala University,DORIS,2014
snd2191-1,Uppsala University,DORIS,2014
snd2195-1,Uppsala University,DORIS,2014
snd2181-1,Uppsala University,DORIS,2014
snd2184-1,Uppsala University,DORIS,2014
snd2183-1,Uppsala University,DORIS,2014
snd2199-1,Uppsala University,DORIS,2014
snd2179-1,Uppsala University,DORIS,2014
snd2187-1,Uppsala University,DORIS,2014
snd2178-1,Uppsala University,DORIS,2014
snd2340-1,Uppsala University,DORIS,2012
snd2360-1,Uppsala University,DORIS,2012
snd2362-1,Uppsala University,DORIS,2014
snd2335-1,Uppsala University,DORIS,2012
snd2321-1,Uppsala University,DORIS,2012
snd2267-1,Uppsala University,DORIS,2014
snd2300-1,Uppsala University,DORIS,2014
snd2233-1,Uppsala University,DORIS,2014
snd2257-1,Uppsala University,DORIS,2014
snd2252-1,Uppsala University,DORIS,2014
snd2374-1,Uppsala University,DORIS,2014
snd2366-1,Uppsala University,DORIS,2014
snd2371-1,Uppsala University,DORIS,2014
snd2364-1,Uppsala University,DORIS,2014
snd2367-1,Uppsala University,DORIS,2014
snd2373-1,Uppsala University,DORIS,2014
snd2363-1,Uppsala University,DORIS,2014
snd2368-1,Uppsala University,DORIS,2014
snd2365-1,Uppsala University,DORIS,2014
snd2390-1,Uppsala University,DORIS,2014
snd2391-1,Uppsala University,DORIS,2014
snd2393-1,Uppsala University,DORIS,2014
snd2386-1,Uppsala University,DORIS,2014
snd2395-1,Uppsala University,DORIS,2014
snd2392-1,Uppsala University,DORIS,2014
snd2389-1,Uppsala University,DORIS,2020
snd2387-1,Uppsala University,DORIS,2014
snd2388-1,Uppsala University,DORIS,2014
snd2394-1,Sörmland County Museum,DORIS,2014
snd2420-1,Uppsala University,DORIS,2014
snd2421-1,Uppsala University,DORIS,2014
snd2423-1,Uppsala University,DORIS,2014
snd2427-1,Uppsala University,DORIS,2014
snd2422-1,Uppsala University,DORIS,2014
snd2428-1,Uppsala University,DORIS,2014
snd2418-1,Uppsala University,DORIS,2014
snd2426-1,Uppsala University,DORIS,2014
snd2419-1,Uppsala University,DORIS,2018
snd2424-1,Uppsala University,DORIS,2014
snd2444-1,Uppsala University,DORIS,2014
snd2447-1,Uppsala University,DORIS,2015
snd2436-1,Uppsala University,DORIS,2014
snd2438-1,Uppsala University,DORIS,2014
snd2433-1,Uppsala University,DORIS,2014
snd2434-1,Uppsala University,DORIS,2014
snd2440-1,Uppsala University,DORIS,2014
snd2442-1,Uppsala University,DORIS,2014
snd2431-1,Uppsala University,DORIS,2014
snd2429-1,Uppsala University,DORIS,2014
snd2439-1,Uppsala University,DORIS,2014
snd2443-1,Uppsala University,DORIS,2014
snd2463-1,Uppsala University,DORIS,2015
snd2464-1,Uppsala University,DORIS,2015
snd2466-1,Uppsala University,DORIS,2017
snd2467-1,Uppsala University,DORIS,2017
snd2465-1,Uppsala University,DORIS,2015
snd2470-1,Uppsala University,DORIS,2017
snd2474-1,Uppsala University,DORIS,2019
snd2475-1,Uppsala University,DORIS,2020
snd2472-1,Uppsala University,DORIS,2017
snd2480-1,Uppsala University,DORIS,2017
snd2019-1,Uppsala University,DORIS,2014
snd2051-1,Uppsala University,DORIS,2024
snd2070-1,Uppsala University,DORIS,2014
snd2005-1,Uppsala University,DORIS,2014
snd2010-1,Arkeologikonsult,DORIS,2014
2022-45-1,Luleå University of Technology,DORIS,2025
2022-45-1,Luleå University of Technology,DORIS,2022
2024-610,Norwegian Institute for Nature Research - NINA,DORIS,2025
2024-459,University of Gothenburg,DORIS,2025
snd2222-1,Uppsala University,DORIS,2024
snd2225-1,Uppsala University,DORIS,2024
snd2224-1,Uppsala University,DORIS,2014
snd2200-1,Uppsala University,DORIS,2014
snd2204-1,Uppsala University,DORIS,2014
snd2206-1,Uppsala University,DORIS,2014
snd2216-1,Uppsala University,DORIS,2014
snd2202-1,Uppsala University,DORIS,2014
snd2220-1,Uppsala University,DORIS,2014
snd2383-1,Uppsala University,DORIS,2025
snd2379-1,Uppsala University,DORIS,2014
snd2380-1,Uppsala University,DORIS,2014
snd2378-1,Uppsala University,DORIS,2014
snd2381-1,Uppsala University,DORIS,2014
snd2377-1,Uppsala University,DORIS,2014
snd2375-1,Uppsala University,DORIS,2014
snd2385-1,Uppsala University,DORIS,2014
snd2384-1,Uppsala University,DORIS,2014
snd2382-1,Uppsala University,DORIS,2014
snd2415-1,Uppsala University,DORIS,2014
snd2416-1,Uppsala University,DORIS,2014
snd2408-1,Uppsala University,DORIS,2014
snd2411-1,Uppsala University,DORIS,2014
snd2399-1,Uppsala University,DORIS,2014
snd2400-1,Uppsala University,DORIS,2014
snd2402-1,Uppsala University,DORIS,2014
snd2401-1,Uppsala University,DORIS,2014
snd2397-1,Uppsala University,DORIS,2014
snd2417-1,Uppsala University,DORIS,2014
snd2413-1,Uppsala University,DORIS,2014
snd2398-1,Uppsala University,DORIS,2014
snd2461-1,Uppsala University,DORIS,2015
snd2462-1,Uppsala University,DORIS,2016
snd2448-1,Uppsala University,DORIS,2015
snd2449-1,Uppsala University,DORIS,2015
snd2450-1,Uppsala University,DORIS,2015
snd2460-1,Uppsala University,DORIS,2016
snd2453-1,Uppsala University,DORIS,2015
snd2456-1,Uppsala University,DORIS,2016
snd2455-1,Uppsala University,DORIS,2015
snd2451-1,Uppsala University,DORIS,2015
snd2454-1,Uppsala University,DORIS,2015
2025-62,Swedish University of Agricultural Sciences,DORIS,2025
2024-34,Scania CV AB,DORIS,2024
2024-34,Scania CV AB,DORIS,2024
2024-34,Scania CV AB,DORIS,2025
doi-10-23695-bes3-mz24,University of Gothenburg,Språkbanken Text,2025
2024-145,University of Gothenburg,DORIS,2024
snd0213-1,Lund University,DORIS,2025
2023-70-1,Swedish University of Agricultural Sciences,DORIS,2025
2025-110,University of Gothenburg,DORIS,2025
snd0280-1,Statistics Sweden,DORIS,2025
2025-70,Umeå University,DORIS (only metadata),2025
snd0334-1,Swedish Institute of Public Opinion Research,DORIS,2025
2024-640,University of Gothenburg,DORIS,2025
2024-125,Swedish University of Agricultural Sciences,DORIS,2024
2023-210,Umeå University,DORIS,2024
2023-213,Swedish University of Agricultural Sciences,DORIS,2025
2023-217,Karolinska Institutet,DORIS,2023
2023-241,University of Gothenburg,DORIS,2024
2024-47,University of Gothenburg,DORIS,2024
2024-384,Mid Sweden University,DORIS (only metadata),2024
2024-452,University of Skövde,DORIS,2024
2021-108-1,Karolinska Institutet,DORIS,2021
2024-17,Swedish University of Agricultural Sciences,DORIS,2024
2024-471,Chalmers University of Technology,DORIS,2025
2024-448,Chalmers University of Technology,DORIS,2025
2022-104-1,University of Gothenburg,DORIS,2024
2024-158,Swedish University of Agricultural Sciences,DORIS,2024
2023-8-1,Swedish University of Agricultural Sciences,DORIS,2025
2025-36,Swedish University of Agricultural Sciences,DORIS,2025
2022-247-1,Uppsala University,DORIS,2022
2023-84-1,Uppsala University,DORIS,2023
2020-35-1,Stockholm University,DORIS,2023
snd0948-1,University of Gothenburg,DORIS,2016
snd0700-40,Linnaeus University,DORIS,1999
snd1017-1,University of Gothenburg,DORIS,2018
snd0700-38,Linnaeus University,DORIS,1999
snd1026-1,University of Gothenburg,DORIS,2018
snd1025-1,University of Gothenburg,DORIS,2018
snd0700-19,Linnaeus University,DORIS,1999
snd0940-1,University of Gothenburg,DORIS,2025
snd0700-39,Linnaeus University,DORIS,1999
snd0700-37,Linnaeus University,DORIS,1999
snd0041-2,University of Gothenburg,DORIS,1984
snd1016-1,University of Gothenburg,DORIS,2018
snd1015-1,University of Gothenburg,DORIS,2018
snd0601-2,Umeå University,DORIS,1998
snd0586-1,University of Gothenburg,DORIS,1997
snd0452-1,Statistics Sweden,DORIS,1995
snd0448-1,University of Gothenburg,DORIS,1994
snd0459-2,Stockholm University,DORIS,1994
snd0459-1,Stockholm University,DORIS,1994
snd0442-1,Institute for Korean Election Studies,DORIS,1994
snd0459-3,Stockholm University,DORIS,1994
snd0445-1,Swedish Institute of Public Opinion Research,DORIS,1994
snd0444-1,Swedish Institute of Public Opinion Research,DORIS,1994
snd0443-1,Swedish Institute of Public Opinion Research,DORIS,1994
snd0447-1,Swedish Institute of Public Opinion Research,DORIS,1994
snd0446-1,Swedish Institute of Public Opinion Research,DORIS,1994
snd0277-45,University of Gothenburg,DORIS,1999
snd0277-42,University of Gothenburg,DORIS,1999
snd0277-44,University of Gothenburg,DORIS,1999
snd0277-43,University of Gothenburg,DORIS,1999
snd0336-1,Swedish Institute of Public Opinion Research,DORIS,1993
snd0335-1,Swedish Institute of Public Opinion Research,DORIS,1993
snd0307-1,Riksarkivet,DORIS,1992
snd0305-1,University of Gothenburg,DORIS,1992
snd0058-1,University of Gothenburg,DORIS,1982
snd0334-1,Swedish Institute of Public Opinion Research,DORIS,1993
snd0337-1,Swedish Institute of Public Opinion Research,DORIS,1993
snd0209-22,Uppsala University,DORIS,1993
snd0133-1,Handelshögskolan i Stockholm,DORIS,1982
snd0209-74,Uppsala University,DORIS,1993
snd0209-75,Uppsala University,DORIS,1993
snd0123-1,University of Gothenburg,DORIS,1982
snd0265-1,Uppsala University,DORIS,1991
snd0263-1,University of Gothenburg,DORIS,1991
snd0209-72,Uppsala University,DORIS,1993
snd0209-73,Uppsala University,DORIS,1993
snd0115-1,University of Gothenburg,DORIS,1982
snd0225-1,Umeå University,DORIS,1988
snd0116-1,University of Gothenburg,DORIS,1982
snd0224-1,Lund University,DORIS,1988
snd0221-2,Lund University,DORIS,1988
snd0125-1,Uppsala University,DORIS,1984
snd0122-1,Uppsala University,DORIS,1982
snd0209-7,Uppsala University,DORIS,1993
snd0209-13,Uppsala University,DORIS,1993
snd0145-1,Stockholm city,DORIS,1982
snd0151-1,Uppsala University,DORIS,1986
2025-35,Luleå University of Technology,DORIS,2025
2024-424,Swedish University of Agricultural Sciences,DORIS (only metadata),2024
2023-199,Swedish University of Agricultural Sciences,DORIS (only metadata),2025
snd0638-1,Uppsala University,DORIS,2025
snd0638-1,Uppsala University,DORIS,1999
2024-458,Swedish University of Agricultural Sciences,DORIS,2024
2025-34,University of Gothenburg,DORIS,2025
snd0870-2,University of Gothenburg,DORIS,2010
snd0870-2,University of Gothenburg,DORIS,2010
snd0870-2,University of Gothenburg,DORIS,2010
snd0870-2,University of Gothenburg,DORIS,2010
snd0784-1,Karolinska Institutet,DORIS (only metadata),2012
snd0884-1,Umeå University,DORIS,2011
snd0783-1,University of Gothenburg,DORIS,2025
snd0783-1,University of Gothenburg,DORIS,2002
snd0783-1,University of Gothenburg,DORIS,2011
2024-146,Luleå University of Technology,DORIS,2025
2024-49,Mid Sweden University,DORIS,2024
2024-501,Mid Sweden University,DORIS,2024
2024-499,Mid Sweden University,DORIS,2024
2024-498,Mid Sweden University,DORIS,2024
2021-303-1,Mid Sweden University,DORIS,2021
snd0848-2,Arbetslivsinstitutet,DORIS,2006
snd0794-2,Stockholm University,DORIS,2010
snd0288-1,University of Gothenburg,DORIS,1992
snd0848-3,Arbetslivsinstitutet,DORIS,2006
snd0848-4,Arbetslivsinstitutet,DORIS,2006
snd0794-2,Stockholm University,DORIS,2014
2024-402,Linköping University,DORIS,2024
snd0911-1,Stockholm University,DORIS,2014
snd0233-2,Stockholm University,DORIS,1989
snd0220-1,Religionssociologiska institutet,DORIS,2013
snd0820-1,Arbetslivsinstitutet,DORIS,2015
snd0843-1,University of Gothenburg,DORIS,2006
snd0837-2,Arbetslivsinstitutet,DORIS,2007
snd0760-5,Södertörns högskola,DORIS,2011
snd0639-1,Demoskop,DORIS,1999
snd0601-6,Umeå University,DORIS,1998
snd0601-5,Umeå University,DORIS,1998
snd0601-4,Umeå University,DORIS,1998
snd0802-1,University of Gothenburg,DORIS,2004
snd0518-1,University of Gothenburg,DORIS,1996
snd0494-1,Swedish Working Life Fund ,DORIS,1995
snd0492-1,Umeå University,DORIS,1995
snd0491-1,Uppsala University,DORIS,1995
snd0459-5,Stockholm University,DORIS,1994
snd0459-4,Stockholm University,DORIS,1994
snd0495-2,Swedish Working Life Fund ,DORIS,1996
snd0495-1,Swedish Working Life Fund ,DORIS,1996
snd0495-3,Swedish Working Life Fund ,DORIS,1996
snd0277-7,University of Gothenburg,DORIS,1993
snd0277-6,University of Gothenburg,DORIS,1993
snd0277-5,University of Gothenburg,DORIS,1993
snd0277-33,University of Gothenburg,DORIS,1999
snd0277-8,University of Gothenburg,DORIS,1993
snd0277-36,University of Gothenburg,DORIS,1999
snd0277-35,University of Gothenburg,DORIS,1999
snd0277-34,University of Gothenburg,DORIS,1999
snd0079-1,University of Gothenburg,DORIS,1984
snd0158-1,Stockholm University,DORIS,1988
snd0160-1,Forskningsgruppen för samhälls- och informationsstudier,DORIS,1986
snd0156-1,Uppsala University,DORIS,1991
snd0209-60,Uppsala University,DORIS,1993
snd0700-8,Linnaeus University,DORIS,1999
snd0700-9,Linnaeus University,DORIS,1999
snd0700-10,Linnaeus University,DORIS,1999
snd0209-47,Uppsala University,DORIS,1992
snd0209-50,Uppsala University,DORIS,1993
snd0209-45,Uppsala University,DORIS,1993
snd0209-46,Uppsala University,DORIS,1992
snd0209-54,Uppsala University,DORIS,1993
snd0209-48,Uppsala University,DORIS,1993
snd0700-11,Linnaeus University,DORIS,1999
snd0700-12,Linnaeus University,DORIS,1999
snd0497-2,City of Gothenburg,DORIS,1996
snd0497-1,City of Gothenburg,DORIS,1996
snd0760-3,Södertörns högskola,DORIS,2002
snd0209-4,Uppsala University,DORIS,1993
snd0140-1,Uppsala University,DORIS,2013
snd0760-2,Södertörns högskola,DORIS,2002
snd0818-1,Uppsala University,DORIS,2010
snd0566-1,Lund University,DORIS,1997
snd0601-1,Umeå University,DORIS,1998
snd0600-1,Lund University,DORIS,1998
snd0577-6,Lund University,DORIS,1999
snd0577-2,Lund University,DORIS,1997
snd0569-1,Lund University,DORIS,1997
snd0601-3,Umeå University,DORIS,1998
2022-26-1,Swedish University of Agricultural Sciences,DORIS,2022
snd1042-1,Uppsala University,DORIS,2023
snd2021-1,Uppsala University,DORIS,2024
2022-37-1,Swedish University of Agricultural Sciences,DORIS (only metadata),2022
2022-55-1,University of Gothenburg,DORIS,2022
2024-104,Swedish University of Agricultural Sciences,DORIS,2024
2023-2-1,Umeå University,DORIS,2023
2022-12-1,University of Gothenburg,DORIS,2022
snd2024-1,Uppsala University,DORIS,2024
2023-88-1,Södertörns högskola,DORIS,2023
2022-261-1,Luleå University of Technology,DORIS,2024
2021-322-1,University of Gothenburg,DORIS,2022
snd2032-1,Uppsala University,DORIS,2024
snd2041-1,Uppsala University,DORIS,2024
2024-116,Uppsala University,DORIS,2024
2020-17-2,Uppsala University,DORIS,2023
snd2084-1,Uppsala University,DORIS,2024
2024-174,Luleå University of Technology,DORIS,2024
2022-93-1,Södertörns högskola,DORIS,2022
2023-92-1,Stockholm University,DORIS,2023
2023-150,Uppsala University,DORIS,2023
2022-101-1,Karolinska Institutet,DORIS,2022
2023-143,Chalmers University of Technology,DORIS,2023
2023-33-1,Royal Institute of Technology,DORIS,2025
2023-69-1,"M 2022:03, Stärkta incitament för utbyggd vindkraft",DORIS,2023
2022-121-1,Chalmers University of Technology,DORIS,2023
2020-193-1,University of Gothenburg,DORIS,2021
2022-123-1,Swedish University of Agricultural Sciences,DORIS,2022
2023-122-1,Karolinska Institutet,DORIS,2023
2023-121-1,Karolinska Institutet,DORIS,2023
2022-128-1,Linköping University,DORIS (only metadata),2022
2023-120-1,Karolinska Institutet,DORIS,2023
2023-118-1,Karolinska Institutet,DORIS,2023
2023-102-1,Stockholm University,DORIS,2023
2022-112-1,University of Gothenburg,DORIS,2022
2022-134-1,Swedish University of Agricultural Sciences,DORIS,2022
2023-114-1,University of Skövde,DORIS,2023
2022-136-1,Luleå University of Technology,DORIS,2022
snd0882-1,University of Gothenburg,DORIS (only metadata),2012
ext0106-1,Stockholm University,DORIS (only metadata),2014
2022-137-1,Lund University,DORIS,2022
ext0280-1,Swedish University of Agricultural Sciences,DORIS (only metadata),2019
2022-144-1,Linnaeus University,DORIS,2023
ecds0154-1,Swedish University of Agricultural Sciences,DORIS (only metadata),2019
ecds0153-1,Uppsala University,DORIS (only metadata),2019
2022-155-1,Institute for Language and Folklore,DORIS (only metadata),2022
ecds0137-1,University of Gothenburg,DORIS (only metadata),2019
ecds0116-1,University of Gothenburg,DORIS (only metadata),2019
2022-97-1,Lund University,DORIS,2022
ecds0085-1,Danish Meteorological Institute,DORIS (only metadata),2019
ecds0083-1,Danish Meteorological Institute,DORIS (only metadata),2019
2022-157-1,Uppsala University,DORIS,2022
2022-105-1,University of Gothenburg,DORIS,2024
ecds0018-1,University of Gothenburg,DORIS (only metadata),2019
2022-175-1,Chalmers University of Technology,DORIS,2022
ext0277-1,University of Gothenburg,DORIS (only metadata),2018
2022-178-1,Halmstad University,DORIS,2023
snd2370-1,Uppsala University,DORIS,2014
snd2369-1,Uppsala University,DORIS,2014
snd0935-1,Linköping University,DORIS,2014
snd2205-1,Uppsala University,DORIS,2012
ecds0252-1,Royal Institute of Technology,DORIS,2019
ecds0253-1,Finnish-Swedish Winter Navigation Research Board,DORIS,2019
ecds0113-1,University of Gothenburg,DORIS,2021
snd1122-1,Stockholm University,DORIS,2019
snd1123-1,Luleå University of Technology,DORIS,2019
snd1124-1,Swedish University of Agricultural Sciences,DORIS,2019
snd1126-1,Luleå University of Technology,DORIS,2019
snd1127-1,Lund University,DORIS,2019
snd1144-1,Jönköping University,DORIS,2020
ext0367-1,Institute for Language and Folklore,DORIS (only metadata),2020
snd1129-1,Luleå University of Technology,DORIS,2019
ext0146-1,Umeå University,DORIS (only metadata),2015
snd1131-1,Stockholm University,DORIS,2019
snd1132-1,University of Gothenburg,DORIS,2019
ext0278-1,University of Gothenburg,DORIS (only metadata),2018
snd1134-1,University of Gothenburg,DORIS,2020
snd1135-1,Kristianstad University,DORIS,2020
ext0212-1,Jönköping University,DORIS (only metadata),2017
ext0308-1,Uppsala University,DORIS (only metadata),2020
snd1137-1,Umeå University,DORIS,2020
snd1158-1,"Faculty of Engineering, Lund University",DORIS,2020
snd1143-1,University of Gothenburg,DORIS,2020
snd1143-1,University of Gothenburg,DORIS,2022
snd1145-1,Luleå University of Technology,DORIS,2020
ext0374-1,Lund University,DORIS (only metadata),2020
snd1163-1,Swedish Institute of Space Physics,DORIS,2020
ext0366-1,Institute for Language and Folklore,DORIS (only metadata),2020
snd1142-1,University of Gothenburg,DORIS,2020
snd1159-1,Lund University,DORIS,2020
snd1119-1,University of Gothenburg,DORIS,2019
ext0342-1,Institute for Language and Folklore,DORIS (only metadata),2020
snd1157-1,Uppsala University,DORIS,2020
snd1155-1,Swedish University of Agricultural Sciences,DORIS,2020
ext0286-1,Institute for Language and Folklore,DORIS (only metadata),2020
snd1154-1,Chalmers University of Technology,DORIS,2020
ext0288-1,Institute for Language and Folklore,DORIS (only metadata),2020
snd1152-2,University of Gothenburg,DORIS,2020
ext0287-1,Institute for Language and Folklore,DORIS (only metadata),2020
snd1152-1,University of Gothenburg,DORIS,2020
ext0307-1,Institute for Language and Folklore,DORIS (only metadata),2020
snd1150-1,Karolinska Institutet,DORIS,2021
ext0306-1,Institute for Language and Folklore,DORIS (only metadata),2020
snd1148-1,Lund University,DORIS,2020
snd1147-1,Stockholm University,DORIS,2020
ext0305-1,Institute for Language and Folklore,DORIS (only metadata),2020
ext0303-1,Institute for Language and Folklore,DORIS (only metadata),2020
ext0302-1,Institute for Language and Folklore,DORIS (only metadata),2020
ext0301-1,Institute for Language and Folklore,DORIS (only metadata),2020
2025-65,Swedish University of Agricultural Sciences,DORIS,2025
2023-256,Lund University,DORIS,2025
snd2157-1,Uppsala University,DORIS,2014
snd2158-1,Uppsala University,DORIS,2012
snd2158-1,Uppsala University,DORIS,2014
snd2159-1,Uppsala University,DORIS,2012
snd2159-1,Uppsala University,DORIS,2014
snd2160-1,Uppsala University,DORIS,2012
snd2160-1,Uppsala University,DORIS,2014
snd2161-1,Uppsala University,DORIS,2012
snd2162-1,Uppsala University,DORIS,2012
snd2163-1,Uppsala University,DORIS,2012
snd2163-1,Uppsala University,DORIS,2014
snd2164-1,Uppsala University,DORIS,2012
snd2164-1,Uppsala University,DORIS,2014
snd2165-1,Uppsala University,DORIS,2012
snd2166-1,Uppsala University,DORIS,2012
snd2167-1,Uppsala University,DORIS,2012
snd2168-1,Uppsala University,DORIS,2012
snd2168-1,Uppsala University,DORIS,2014
snd2169-1,Uppsala University,DORIS,2012
snd2169-1,Uppsala University,DORIS,2014
snd2170-1,Uppsala University,DORIS,2012
snd2170-1,Uppsala University,DORIS,2014
snd2171-1,Uppsala University,DORIS,2012
snd2171-1,Uppsala University,DORIS,2014
snd2172-1,Uppsala University,DORIS,2012
snd2172-1,Uppsala University,DORIS,2014
snd2173-1,Uppsala University,DORIS,2012
snd2174-1,Uppsala University,DORIS,2012
snd2175-1,Uppsala University,DORIS,2012
snd2176-1,Uppsala University,DORIS,2012
snd2176-1,Uppsala University,DORIS,2014
snd2177-1,Uppsala University,DORIS,2012
snd2177-1,Uppsala University,DORIS,2014
snd2178-1,Uppsala University,DORIS,2012
snd2179-1,Uppsala University,DORIS,2012
snd2180-1,Uppsala University,DORIS,2012
snd2180-1,Uppsala University,DORIS,2014
snd2181-1,Uppsala University,DORIS,2012
snd2182-1,Uppsala University,DORIS,2012
snd2182-1,Uppsala University,DORIS,2014
snd2183-1,Uppsala University,DORIS,2012
snd2184-1,Uppsala University,DORIS,2012
snd2185-1,Uppsala University,DORIS,2012
snd2185-1,Uppsala University,DORIS,2014
snd2187-1,Uppsala University,DORIS,2012
snd2188-1,Uppsala University,DORIS,2012
snd2188-1,Uppsala University,DORIS,2014
snd2189-1,Uppsala University,DORIS,2012
snd2190-1,Uppsala University,DORIS,2012
snd2190-1,Uppsala University,DORIS,2014
snd2191-1,Uppsala University,DORIS,2012
snd2192-1,Uppsala University,DORIS,2012
snd2192-1,Uppsala University,DORIS,2014
snd2193-1,Uppsala University,DORIS,2012
snd2193-1,Uppsala University,DORIS,2014
snd2194-1,Uppsala University,DORIS,2012
snd2194-1,Uppsala University,DORIS,2014
snd2195-1,Uppsala University,DORIS,2012
snd2196-1,Uppsala University,DORIS,2012
snd2196-1,Uppsala University,DORIS,2014
snd2197-1,Uppsala University,DORIS,2012
snd2197-1,Uppsala University,DORIS,2014
snd2198-1,Uppsala University,DORIS,2012
snd2198-1,Uppsala University,DORIS,2014
snd2199-1,Uppsala University,DORIS,2012
snd2200-1,Uppsala University,DORIS,2012
snd2201-1,Uppsala University,DORIS,2012
snd2201-1,Uppsala University,DORIS,2014
snd2202-1,Uppsala University,DORIS,2012
snd2203-1,Uppsala University,DORIS,2012
snd2203-1,Uppsala University,DORIS,2014
snd2204-1,Uppsala University,DORIS,2012
snd2206-1,Uppsala University,DORIS,2012
snd2207-1,Uppsala University,DORIS,2012
snd2207-1,Uppsala University,DORIS,2014
snd2208-1,Uppsala University,DORIS,2012
snd2208-1,Uppsala University,DORIS,2014
snd2205-1,Uppsala University,DORIS,2014
snd2186-1,Uppsala University,DORIS,2012
snd2186-1,Uppsala University,DORIS,2014
snd2130-1,Uppsala University,DORIS,2012
snd2130-1,Uppsala University,DORIS,2014
snd2126-1,Uppsala University,DORIS,2012
snd2126-1,Uppsala University,DORIS,2014
snd2141-1,Uppsala University,DORIS,2012
snd2141-1,Uppsala University,DORIS,2014
snd2116-1,Uppsala University,DORIS,2012
snd2091-1,Uppsala University,DORIS,2012
snd2091-1,Uppsala University,DORIS,2014
snd2090-1,Uppsala University,DORIS,2012
snd2090-1,Uppsala University,DORIS,2014
snd2044-1,Uppsala University,DORIS,2012
snd2044-1,Uppsala University,DORIS,2014
snd2026-1,Uppsala University,DORIS,2012
snd2026-1,Uppsala University,DORIS,2014
snd2025-1,Uppsala University,DORIS,2012
snd2025-1,Uppsala University,DORIS,2014
snd2027-1,Uppsala University,DORIS,2012
snd2027-1,Uppsala University,DORIS,2014
snd2022-1,Uppsala University,DORIS,2012
snd0700-20,Linnaeus University,DORIS,1999
snd0700-13,Linnaeus University,DORIS,1999
snd0979-1,University of Gothenburg,DORIS,2015
snd1013-1,University of Gothenburg,DORIS,2018
snd0004-1,University of Gothenburg,DORIS,1992
snd1012-1,University of Gothenburg,DORIS,2018
snd1011-1,University of Gothenburg,DORIS,2018
snd0003-1,University of Gothenburg,DORIS,1992
snd1010-1,University of Gothenburg,DORIS,2018
snd1009-1,University of Gothenburg,DORIS,2018
snd1006-1,University of Gothenburg,DORIS,2018
snd1004-1,University of Gothenburg,DORIS,2017
snd1001-1,University of Gothenburg,DORIS,2018
snd1007-1,University of Gothenburg,DORIS,2018
snd1005-1,University of Gothenburg,DORIS,2018
snd1008-1,University of Gothenburg,DORIS,2018
snd0908-1,University of Gothenburg,DORIS,2014
snd0837-5,Arbetslivsinstitutet,DORIS,2014
snd0919-1,Lund University,DORIS,2013
snd0919-1,Lund University,DORIS,2013
snd0577-8,Lund University,DORIS,2013
snd0577-8,Lund University,DORIS,2014
snd0577-8,Lund University,DORIS,2012
snd0837-1,Arbetslivsinstitutet,DORIS,2014
snd0837-4,Arbetslivsinstitutet,DORIS,2014
snd0837-3,Arbetslivsinstitutet,DORIS,2014
snd0131-5,University of Gothenburg,DORIS,1982
snd0209-18,Uppsala University,DORIS,1993
snd0209-5,Uppsala University,DORIS,1993
snd0209-14,Uppsala University,DORIS,1993
snd0209-15,Uppsala University,DORIS,1993
snd0209-11,Uppsala University,DORIS,1993
snd0209-10,Uppsala University,DORIS,1992
snd0209-12,Uppsala University,DORIS,1993
snd0209-9,Uppsala University,DORIS,1993
snd0209-8,Uppsala University,DORIS,1993
snd0209-3,Uppsala University,DORIS,1993
snd0277-27,University of Gothenburg,DORIS,1996
snd0277-26,University of Gothenburg,DORIS,1996
snd0277-25,University of Gothenburg,DORIS,1996
snd0277-24,University of Gothenburg,DORIS,1996
snd0277-23,University of Gothenburg,DORIS,1996
snd0277-22,University of Gothenburg,DORIS,1996
snd0277-21,University of Gothenburg,DORIS,1996
snd0277-20,University of Gothenburg,DORIS,1996
snd0277-19,University of Gothenburg,DORIS,1996
snd0277-29,University of Gothenburg,DORIS,1996
snd0277-28,University of Gothenburg,DORIS,1996
snd0277-16,University of Gothenburg,DORIS,1996
snd0277-15,University of Gothenburg,DORIS,1996
snd0277-13,University of Gothenburg,DORIS,1996
snd0277-14,University of Gothenburg,DORIS,1996
snd0277-18,University of Gothenburg,DORIS,1996
snd0277-17,University of Gothenburg,DORIS,1996
snd0207-4,Svenska Gallupinstitutet AB,DORIS,1986
snd0207-3,Svenska Gallupinstitutet AB,DORIS,1986
snd0207-2,Svenska Gallupinstitutet AB,DORIS,1986
snd0778-1,Luleå University of Technology,DORIS,1995
snd0215-1,Uppsala University,DORIS,1988
snd0469-1,Lund University,DORIS,2020
snd0212-1,Stockholm University,DORIS,2010
snd0212-1,Stockholm University,DORIS,1991
snd2071-1,Uppsala University,DORIS,2012
snd0144-1,University of Gothenburg,DORIS,1982
snd0209-49,Uppsala University,DORIS,1993
snd0209-39,Uppsala University,DORIS,1993
snd0135-1,University of Gothenburg,DORIS,1982
snd0209-32,Uppsala University,DORIS,1993
snd0209-70,Uppsala University,DORIS,1993
snd0138-1,University of Gothenburg,DORIS,1982
snd0209-61,Uppsala University,DORIS,1993
snd0209-62,Uppsala University,DORIS,1993
snd0209-34,Uppsala University,DORIS,1993
snd0209-38,Uppsala University,DORIS,1993
snd0209-16,Uppsala University,DORIS,1993
snd0209-59,Uppsala University,DORIS,1993
snd0210-1,Stockholm University,DORIS,1987
snd0209-71,Uppsala University,DORIS,1993
snd0209-6,Uppsala University,DORIS,1993
snd0214-1,Umeå University,DORIS,1987
snd0211-2,Stockholm University,DORIS,1987
snd0211-1,Stockholm University,DORIS,1987
snd0210-2,Stockholm University,DORIS,1987
snd0209-28,Uppsala University,DORIS,1993
snd0209-30,Uppsala University,DORIS,1993
snd0209-26,Uppsala University,DORIS,1993
snd0209-25,Uppsala University,DORIS,1993
snd0209-29,Uppsala University,DORIS,1993
snd0209-27,Uppsala University,DORIS,1993
snd0209-21,Uppsala University,DORIS,1993
snd0700-1,Linnaeus University,DORIS,1992
snd0700-2,Linnaeus University,DORIS,1992
snd0700-3,Linnaeus University,DORIS,1992
snd0817-1,Uppsala University,DORIS,2009
snd0818-1,Uppsala University,DORIS,2009
snd0091-1,Uppsala University,DORIS,2014
snd0091-1,Uppsala University,DORIS,1984
snd0495-26,Swedish Working Life Fund ,DORIS,1996
snd0495-22,Swedish Working Life Fund ,DORIS,1996
snd0495-21,Swedish Working Life Fund ,DORIS,1996
snd0495-24,Swedish Working Life Fund ,DORIS,1996
snd0495-23,Swedish Working Life Fund ,DORIS,1996
snd0495-20,Swedish Working Life Fund ,DORIS,1996
snd0495-19,Swedish Working Life Fund ,DORIS,1996
snd0495-25,Swedish Working Life Fund ,DORIS,1996
snd0515-1,University of Gothenburg,DORIS,2007
snd0342-1,Swedish Institute of Public Opinion Research,DORIS,1993
snd0339-1,Swedish Institute of Public Opinion Research,DORIS,1993
snd0344-1,Swedish Institute of Public Opinion Research,DORIS,1993
snd0341-1,Swedish Institute of Public Opinion Research,DORIS,1993
snd0340-1,Swedish Institute of Public Opinion Research,DORIS,1993
snd0343-1,Swedish Institute of Public Opinion Research,DORIS,1993
snd0209-67,Uppsala University,DORIS,1993
snd0266-1,Uppsala University,DORIS,1990
snd0105-1,Uppsala University,DORIS,1984
snd0111-1,University of Gothenburg,DORIS,1982
snd0112-1,University of Gothenburg,DORIS,1982
snd0266-2,Uppsala University,DORIS,1991
snd0209-65,Uppsala University,DORIS,1993
snd0209-66,Uppsala University,DORIS,1993
snd0209-68,Uppsala University,DORIS,1993
snd0209-69,Uppsala University,DORIS,1993
snd0209-63,Uppsala University,DORIS,1993
snd0209-52,Uppsala University,DORIS,1993
snd0209-55,Uppsala University,DORIS,1993
snd0209-51,Uppsala University,DORIS,1993
snd0209-56,Uppsala University,DORIS,1993
snd0209-57,Uppsala University,DORIS,1993
snd0209-58,Uppsala University,DORIS,1993
snd0209-20,Uppsala University,DORIS,1993
snd0209-35,Uppsala University,DORIS,1993
snd0037-1,University of Gothenburg,DORIS,1983
snd0209-33,Uppsala University,DORIS,1992
snd0209-31,Uppsala University,DORIS,1993
snd0700-14,Linnaeus University,DORIS,1999
snd0700-15,Linnaeus University,DORIS,1999
snd0209-36,Uppsala University,DORIS,1993
snd0700-17,Linnaeus University,DORIS,1999
snd0209-2,Uppsala University,DORIS,1993
snd0945-1,Lund University,DORIS,2025
snd0700-18,Linnaeus University,DORIS,1999
snd0130-1,University of Gothenburg,DORIS,1986
snd0700-23,Linnaeus University,DORIS,1999
snd0209-19,Uppsala University,DORIS,1993
snd0700-24,Linnaeus University,DORIS,1999
snd0221-1,Lund University,DORIS,1988
snd0700-25,Linnaeus University,DORIS,1999
2020-42-1,Linköping University,DORIS,2020
snd1151-1,Swedish University of Agricultural Sciences,DORIS,2020
snd0700-26,Linnaeus University,DORIS,1999
snd0700-27,Linnaeus University,DORIS,1999
snd1149-1,University of Borås,DORIS,2020
snd1146-1,Karolinska Institutet,DORIS,2020
snd0700-28,Linnaeus University,DORIS,1999
snd1130-1,University of Gothenburg,DORIS,2019
snd0700-29,Linnaeus University,DORIS,1999
snd1125-1,Swedish University of Agricultural Sciences,DORIS,2020
snd0700-30,Linnaeus University,DORIS,1999
snd1096-1,Halmstad University,DORIS,2019
snd1113-1,Region Västra Götaland,DORIS,2019
snd0700-31,Linnaeus University,DORIS,1999
snd1107-1,Swedish University of Agricultural Sciences,DORIS,2019
snd1106-1,Swedish University of Agricultural Sciences,DORIS,2019
snd0879-1,University of Gothenburg,DORIS,2009
snd0760-7,Södertörns högskola,DORIS,2011
snd0760-6,Södertörns högskola,DORIS,2011
snd0760-4,Södertörns högskola,DORIS,2011
snd0577-7,Lund University,DORIS,2013
snd0577-7,Lund University,DORIS,2012
snd0108-1,University of Gothenburg,DORIS,1983
snd0915-1,Uppsala University,DORIS,2015
snd0915-1,Uppsala University,DORIS,2015
snd0923-1,Lund University,DORIS,2014
snd0927-1,University of Gothenburg,DORIS,2014
snd0277-4,University of Gothenburg,DORIS,1991
snd0277-3,University of Gothenburg,DORIS,1991
snd0277-12,University of Gothenburg,DORIS,1996
snd0277-11,University of Gothenburg,DORIS,1996
snd0277-10,University of Gothenburg,DORIS,1996
snd0277-2,University of Gothenburg,DORIS,1991
snd0569-1,Lund University,DORIS,2013
snd0114-2,University of Gothenburg,DORIS,1982
snd0095-1,Uppsala University,DORIS,1984
snd0566-1,Lund University,DORIS,2014
snd0091-4,Uppsala University,DORIS,1984
snd0091-4,Uppsala University,DORIS,2014
snd0091-3,Uppsala University,DORIS,2014
snd0122-1,Uppsala University,DORIS,2014
snd0091-2,Uppsala University,DORIS,1984
snd0577-1,Lund University,DORIS,2013
snd0122-1,Uppsala University,DORIS,2013
snd0107-2,Uppsala University,DORIS,1984
snd0091-3,Uppsala University,DORIS,1984
snd0091-5,Uppsala University,DORIS,2014
snd0091-5,Uppsala University,DORIS,1984
snd0277-1,University of Gothenburg,DORIS,1991
snd0277-9,University of Gothenburg,DORIS,1996
snd0137-1,University of Gothenburg,DORIS,1992
snd0700-34,Linnaeus University,DORIS,1999
snd0470-1,Lund University,DORIS,2020
snd0131-9,University of Gothenburg,DORIS,1982
snd0141-1,Karolinska Institutet,DORIS,2013
snd0577-6,Lund University,DORIS,2013
snd0131-3,University of Gothenburg,DORIS,1982
snd0131-2,University of Gothenburg,DORIS,1982
snd0577-5,Lund University,DORIS,1999
snd0131-1,University of Gothenburg,DORIS,1982
snd0131-4,University of Gothenburg,DORIS,1982
snd0280-1,Statistics Sweden,DORIS,1992
snd0207-1,Svenska Gallupinstitutet AB,DORIS,1986
snd0700-33,Linnaeus University,DORIS,1999
snd1057-1,University of Gothenburg,DORIS,2018
snd1047-1,University of Gothenburg,DORIS,2018
snd0700-22,Linnaeus University,DORIS,1999
snd0700-21,Linnaeus University,DORIS,1999
snd0700-32,Linnaeus University,DORIS,1999
snd1089-1,University of Gothenburg,DORIS,2019
snd0497-3,City of Gothenburg,DORIS,1996
snd0700-16,Linnaeus University,DORIS,1999
snd0209-53,Uppsala University,DORIS,1992
snd1052-1,Lund University,DORIS,2018
snd0700-36,Linnaeus University,DORIS,1999
snd0700-35,Linnaeus University,DORIS,1999
snd1014-1,University of Gothenburg,DORIS,2018
snd0002-1,University of Gothenburg,DORIS,1992
snd0041-4,University of Gothenburg,DORIS,1984
snd0940-1,University of Gothenburg,DORIS,2014
snd0945-1,Lund University,DORIS,2014
snd0277-30,University of Gothenburg,DORIS,1996
snd0277-32,University of Gothenburg,DORIS,1996
snd0277-31,University of Gothenburg,DORIS,1996
snd0221-3,Lund University,DORIS,1988
snd0038-1,Nordic Institute for Studies in Urban and Regional Planning,DORIS,1983
snd0209-23,Uppsala University,DORIS,1993
snd0209-24,Uppsala University,DORIS,1993
snd0125-2,Uppsala University,DORIS,1984
snd0258-9,Umeå University,DORIS,1991
snd0149-1,Stockholm University,DORIS,1992
snd0258-6,Umeå University,DORIS,1991
snd0258-5,Umeå University,DORIS,1991
snd0116-1,University of Gothenburg,DORIS,2012
snd0700-4,Linnaeus University,DORIS,1992
snd0258-3,Umeå University,DORIS,1991
snd0258-2,Umeå University,DORIS,1991
snd0258-8,Umeå University,DORIS,1991
snd0258-7,Umeå University,DORIS,1991
snd0114-1,University of Gothenburg,DORIS,1982
snd0258-4,Umeå University,DORIS,1991
snd0041-3,University of Gothenburg,DORIS,1984
snd0577-3,Lund University,DORIS,2013
snd0577-3,Lund University,DORIS,1999
snd0577-5,Lund University,DORIS,2013
snd0700-6,Linnaeus University,DORIS,1992
snd0577-4,Lund University,DORIS,2013
snd0700-5,Linnaeus University,DORIS,1992
snd0091-2,Uppsala University,DORIS,2014
snd0469-1,Lund University,DORIS,2025
snd0577-1,Lund University,DORIS,1999
snd0577-2,Lund University,DORIS,2013
snd0577-4,Lund University,DORIS,1999
snd0258-1,Umeå University,DORIS,1991
snd0141-1,Karolinska Institutet,DORIS,1986
snd0700-7,Linnaeus University,DORIS,1992
snd0135-3,University of Gothenburg,DORIS,1982
snd0160-1,Forskningsgruppen för samhälls- och informationsstudier,DORIS,2013
snd0147-1,University of Gothenburg,DORIS,1982
snd0132-1,University of Gothenburg,DORIS,1982
snd0132-3,University of Gothenburg,DORIS,1982
snd0158-1,Stockholm University,DORIS,2010
snd0158-1,Stockholm University,DORIS,2013
snd0135-2,University of Gothenburg,DORIS,1982
snd0132-2,University of Gothenburg,DORIS,1982
snd0142-1,Swedish telecom,DORIS,1984
2021-191-1,University of Gothenburg,DORIS,2021
2021-291-1,Chalmers University of Technology,DORIS,2022
2021-198-1,University of Skövde,DORIS,2021
2021-202-1,Lund University,DORIS,2021
2021-206-1,Mid Sweden University,DORIS,2021
2021-207-1,Mid Sweden University,DORIS,2021
2021-211-1,RISE Research Institutes of Sweden,DORIS,2021
2021-215-1,Swedish University of Agricultural Sciences,DORIS,2021
2021-219-1,Chalmers University of Technology,DORIS,2021
2021-124-1,Royal Institute of Technology,DORIS,2021
2021-204-1,Karolinska Institutet,DORIS,2022
2021-239-1,RISE Research Institutes of Sweden,DORIS,2021
2021-240-1,University of Skövde,DORIS,2021
2021-243-1,Chalmers University of Technology,DORIS,2021
2021-244-1,Tokyo Metropolitan University,DORIS,2021
2021-174-1,Linnaeus University,DORIS,2022
2021-253-1,University of Gothenburg,DORIS,2021
ecds0248-1,Swedish University of Agricultural Sciences,DORIS,2019
ecds0249-1,Swedish University of Agricultural Sciences,DORIS,2019
2020-96-1,Umeå University,DORIS,2020
2020-94-1,Swedish Institute of Space Physics,DORIS,2020
snd1092-1,Swedish University of Agricultural Sciences,DORIS,2019
2020-90-1,Karolinska Institutet,DORIS,2021
2020-81-1,Umeå University,DORIS,2020
2020-74-1,Umeå University,DORIS,2020
ecds0250-1,Uppsala University,DORIS,2019
2020-51-1,Karolinska Institutet,DORIS,2021
ecds0182-1,Stockholm University,DORIS,2019
2020-50-1,Swedish University of Agricultural Sciences,DORIS,2020
2020-49-1,University of Gothenburg,DORIS,2020
2020-17-1,Uppsala University,DORIS,2020
snd1098-1,Lund University,DORIS,2019
snd1099-1,Uppsala University,DORIS,2019
2020-43-1,Karolinska Institutet,DORIS,2020
snd1296-1,Swedish University of Agricultural Sciences,DORIS,2020
snd1099-2,Uppsala University,DORIS,2019
2020-36-10,University of Gothenburg,DORIS,2020
snd2022-1,Uppsala University,DORIS,2014
snd2222-1,Uppsala University,DORIS,2012
snd2222-1,Uppsala University,DORIS,2014
snd0911-1,Stockholm University,DORIS,2013
snd2020-1,Uppsala University,DORIS,2012
snd2020-1,Uppsala University,DORIS,2014
snd2000-1,Uppsala University,DORIS,2014
snd2226-1,Uppsala University,DORIS,2012
snd2226-1,Uppsala University,DORIS,2014
snd2227-1,Uppsala University,DORIS,2012
snd2227-1,Uppsala University,DORIS,2014
snd2228-1,Uppsala University,DORIS,2012
snd2228-1,Uppsala University,DORIS,2014
snd2229-1,Uppsala University,DORIS,2012
snd2229-1,Uppsala University,DORIS,2014
snd2230-1,Uppsala University,DORIS,2012
snd2230-1,Uppsala University,DORIS,2014
snd2231-1,Uppsala University,DORIS,2012
snd2231-1,Uppsala University,DORIS,2014
snd2232-1,Uppsala University,DORIS,2012
snd2232-1,Uppsala University,DORIS,2014
snd2233-1,Uppsala University,DORIS,2012
snd2234-1,Uppsala University,DORIS,2012
snd2234-1,Uppsala University,DORIS,2014
snd2235-1,Uppsala University,DORIS,2012
snd2235-1,Uppsala University,DORIS,2014
snd2236-1,Uppsala University,DORIS,2012
snd2236-1,Uppsala University,DORIS,2014
snd2237-1,Uppsala University,DORIS,2012
snd2237-1,Uppsala University,DORIS,2014
snd2238-1,Uppsala University,DORIS,2012
snd2238-1,Uppsala University,DORIS,2014
snd2239-1,Uppsala University,DORIS,2012
snd2239-1,Uppsala University,DORIS,2014
snd2240-1,Uppsala University,DORIS,2012
snd2240-1,Uppsala University,DORIS,2014
snd2241-1,Uppsala University,DORIS,2012
snd2241-1,Uppsala University,DORIS,2013
snd2242-1,Uppsala University,DORIS,2012
snd2242-1,Uppsala University,DORIS,2014
snd2243-1,Uppsala University,DORIS,2012
snd2243-1,Uppsala University,DORIS,2014
snd2244-1,Uppsala University,DORIS,2012
snd2244-1,Uppsala University,DORIS,2014
snd2245-1,Uppsala University,DORIS,2012
snd2245-1,Uppsala University,DORIS,2014
snd2246-1,Uppsala University,DORIS,2012
snd2246-1,Uppsala University,DORIS,2014
snd2247-1,Uppsala University,DORIS,2012
snd2247-1,Uppsala University,DORIS,2014
snd2248-1,Uppsala University,DORIS,2014
snd2249-1,Uppsala University,DORIS,2012
snd2249-1,Uppsala University,DORIS,2014
snd2250-1,Uppsala University,DORIS,2012
snd2250-1,Uppsala University,DORIS,2014
snd2251-1,Uppsala University,DORIS,2012
snd2251-1,Uppsala University,DORIS,2014
snd2253-1,Uppsala University,DORIS,2014
snd2254-1,Uppsala University,DORIS,2012
snd1227-1,Umeå University,DORIS,2024
snd2220-1,Uppsala University,DORIS,2012
snd2140-1,Uppsala University,DORIS,2012
snd2140-1,Uppsala University,DORIS,2014
snd2142-1,Uppsala University,DORIS,2012
snd2142-1,Uppsala University,DORIS,2014
snd2143-1,Uppsala University,DORIS,2012
snd2143-1,Uppsala University,DORIS,2014
snd2144-1,Uppsala University,DORIS,2012
snd2144-1,Uppsala University,DORIS,2014
snd2145-1,Uppsala University,DORIS,2012
snd2145-1,Uppsala University,DORIS,2014
snd2146-1,Uppsala University,DORIS,2012
snd2146-1,Uppsala University,DORIS,2014
snd2147-1,Uppsala University,DORIS,2012
snd2147-1,Uppsala University,DORIS,2014
snd2148-1,Uppsala University,DORIS,2012
snd2148-1,Uppsala University,DORIS,2014
snd2149-1,Uppsala University,DORIS,2012
snd2149-1,Uppsala University,DORIS,2014
snd2150-1,Uppsala University,DORIS,2012
snd2150-1,Uppsala University,DORIS,2014
snd2151-1,Uppsala University,DORIS,2012
snd2151-1,Uppsala University,DORIS,2014
snd2152-1,Uppsala University,DORIS,2012
snd2152-1,Uppsala University,DORIS,2014
snd2153-1,Uppsala University,DORIS,2012
snd2153-1,Uppsala University,DORIS,2014
snd2154-1,Uppsala University,DORIS,2012
snd1099-3,Uppsala University,DORIS,2019
2020-36-9,University of Gothenburg,DORIS,2020
snd2154-1,Uppsala University,DORIS,2014
snd2155-1,Uppsala University,DORIS,2012
snd2156-1,Uppsala University,DORIS,2012
snd2156-1,Uppsala University,DORIS,2014
snd2157-1,Uppsala University,DORIS,2012
2024-619,Luleå University of Technology,DORIS,2025
2024-619,Luleå University of Technology,DORIS,2025
2024-619,Luleå University of Technology,DORIS,2025
2023-205,Chalmers University of Technology,DORIS,2023
2025-152,Karolinska Institutet,DORIS,2025
2024-425,Swedish University of Agricultural Sciences,DORIS,2024
2024-524,Swedish University of Agricultural Sciences,DORIS,2024
2022-89-1,Jönköping University,DORIS,2022
2023-246,Luleå University of Technology,DORIS,2023
snd0965-1,Lund University,DORIS,2015
2023-257,Luleå University of Technology,DORIS,2023
ext0279-1,Kristianstad University,DORIS (only metadata),2019
ext0368-1,Uppsala University,DORIS (only metadata),2020
snd1072-1,University of Gothenburg,DORIS,2018
2021-307-1,Swedish University of Agricultural Sciences,DORIS,2021
2021-318-1,Lund University,DORIS,2022
snd0965-2,Lund University,DORIS,2015
snd0975-1,University of Gothenburg,DORIS,2015
snd1099-4,Uppsala University,DORIS,2019
2020-36-8,University of Gothenburg,DORIS,2020
2020-36-7,University of Gothenburg,DORIS,2020
snd1100-1,University of Gothenburg,DORIS,2019
2020-36-6,University of Gothenburg,DORIS,2020
2020-36-5,University of Gothenburg,DORIS,2020
2020-36-4,University of Gothenburg,DORIS,2020
2020-36-3,University of Gothenburg,DORIS,2020
ext0283-1,Linköping University,DORIS (only metadata),2019
2020-36-2,University of Gothenburg,DORIS,2020
2020-36-1,University of Gothenburg,DORIS,2020
ext0284-1,Linköping University,DORIS (only metadata),2020
2020-28-1,University of Gothenburg,DORIS,2020
2020-13-1,Huddinge municipality,DORIS,2020
snd1103-1,Royal Institute of Technology,DORIS,2020
snd1295-1,Swedish University of Agricultural Sciences,DORIS,2020
snd1103-2,Royal Institute of Technology,DORIS,2020
ext0408-1,Stockholm University,DORIS (only metadata),2021
snd1256-1,University of Gothenburg,DORIS,2021
2024-203,Uppsala University,DORIS,2017
2020-190-1,Uppsala University,DORIS,2021
2024-396,Uppsala University,DORIS,2023
snd1079-1,Uppsala University,DORIS,2025
2022-62-1,Luleå University of Technology,DORIS,2024
2022-63-1,Stockholm University,DORIS,2022
2022-75-1,University of Gothenburg,DORIS,2022
2022-61-1,Luleå University of Technology,DORIS,2024
2022-57-1,Lund University,DORIS,2022
2022-50-1,Swedish University of Agricultural Sciences,DORIS,2022
2025-107,Swedish University of Agricultural Sciences,DORIS,2025
2025-172,Chalmers University of Technology,DORIS,2025
snd0209-1,Uppsala University,DORIS,1987
snd0150-1,Uppsala University,DORIS,1986
snd0155-1,Uppsala University,DORIS,1992
snd0206-1,Statistics Sweden,DORIS,1988
snd0094-2,Uppsala University,DORIS,1984
snd0209-42,Uppsala University,DORIS,1992
snd0209-43,Uppsala University,DORIS,1992
snd0209-41,Uppsala University,DORIS,1992
snd0094-1,Uppsala University,DORIS,1984
snd0209-44,Uppsala University,DORIS,1993
snd0209-40,Uppsala University,DORIS,1993
snd0209-37,Uppsala University,DORIS,1993
snd0030-1,Radio Sweden,DORIS,1984
snd0021-1,University of Gothenburg,DORIS,1982
snd0832-1,Arbetslivsinstitutet,DORIS,2006
snd0822-1,University of Gothenburg,DORIS,2007
snd0819-1,Uppsala University,DORIS,2005
snd0785-1,Institute for Future Studies,DORIS,2005
snd0760-1,Södertörns högskola,DORIS,2002
snd0852-1,University of Gothenburg,DORIS,2007
snd0106-1,University of Gothenburg,DORIS,1982
snd0107-1,Uppsala University,DORIS,1984
snd0140-1,Uppsala University,DORIS,1991
snd0037-1,University of Gothenburg,DORIS,2013
snd0041-1,University of Gothenburg,DORIS,1984
snd0209-64,Uppsala University,DORIS,1993
snd0846-1,Arbetslivsinstitutet,DORIS,2007
snd0818-1,Uppsala University,DORIS,2005
snd0817-1,Uppsala University,DORIS,2005
snd0495-10,Swedish Working Life Fund ,DORIS,1996
snd0495-9,Swedish Working Life Fund ,DORIS,1996
snd0495-5,Swedish Working Life Fund ,DORIS,1996
snd0495-4,Swedish Working Life Fund ,DORIS,1996
snd0495-14,Swedish Working Life Fund ,DORIS,1996
snd0495-13,Swedish Working Life Fund ,DORIS,1996
snd0495-12,Swedish Working Life Fund ,DORIS,1996
snd0495-11,Swedish Working Life Fund ,DORIS,1996
snd0495-17,Swedish Working Life Fund ,DORIS,1996
snd0495-16,Swedish Working Life Fund ,DORIS,1996
snd0495-8,Swedish Working Life Fund ,DORIS,1996
snd0495-7,Swedish Working Life Fund ,DORIS,1996
snd0495-15,Swedish Working Life Fund ,DORIS,1996
snd0495-6,Swedish Working Life Fund ,DORIS,1996
snd0495-18,Swedish Working Life Fund ,DORIS,1996
snd0416-1,Gallup Europe,DORIS,1993
snd0393-1,Jung-Ang Daily News,DORIS,1992
snd0394-1,Institute for Korean Election Studies,DORIS,1992
snd0352-1,Swedish Institute of Public Opinion Research,DORIS,1993
snd0392-1,Korea Research Gallup Polls Ltd.,DORIS,1992
snd0347-1,Swedish Institute of Public Opinion Research,DORIS,1993
snd0350-1,Swedish Institute of Public Opinion Research,DORIS,1993
snd0345-1,Swedish Institute of Public Opinion Research,DORIS,1993
snd0346-1,Swedish Institute of Public Opinion Research,DORIS,1993
snd0277-39,University of Gothenburg,DORIS,1999
snd0277-38,University of Gothenburg,DORIS,1999
snd0277-37,University of Gothenburg,DORIS,1999
snd0277-41,University of Gothenburg,DORIS,1999
snd0277-40,University of Gothenburg,DORIS,1999
snd0209-17,Uppsala University,DORIS,1993
snd2071-1,Uppsala University,DORIS,2014
snd2072-1,Uppsala University,DORIS,2012
snd2072-1,Uppsala University,DORIS,2014
snd2073-1,Uppsala University,DORIS,2012
snd2073-1,Uppsala University,DORIS,2014
snd2074-1,Uppsala University,DORIS,2012
snd2075-1,Uppsala University,DORIS,2012
snd2076-1,Uppsala University,DORIS,2012
snd2076-1,Uppsala University,DORIS,2014
snd2077-1,Uppsala University,DORIS,2012
snd2077-1,Uppsala University,DORIS,2014
snd2078-1,Uppsala University,DORIS,2012
snd2078-1,Uppsala University,DORIS,2014
snd2079-1,Uppsala University,DORIS,2012
snd2079-1,Uppsala University,DORIS,2014
snd2080-1,Uppsala University,DORIS,2012
snd2080-1,Uppsala University,DORIS,2014
snd2081-1,Uppsala University,DORIS,2012
snd2081-1,Uppsala University,DORIS,2014
snd2082-1,Uppsala University,DORIS,2012
snd2082-1,Uppsala University,DORIS,2014
snd2083-1,Uppsala University,DORIS,2012
snd2083-1,Uppsala University,DORIS,2014
snd2084-1,Uppsala University,DORIS,2012
snd2084-1,Uppsala University,DORIS,2014
snd2085-1,Uppsala University,DORIS,2012
snd2085-1,Uppsala University,DORIS,2014
snd2086-1,Uppsala University,DORIS,2012
snd2086-1,Uppsala University,DORIS,2014
snd2087-1,Uppsala University,DORIS,2012
snd2088-1,Uppsala University,DORIS,2012
snd2088-1,Uppsala University,DORIS,2014
snd2089-1,Uppsala University,DORIS,2012
snd2089-1,Uppsala University,DORIS,2014
snd2092-1,Uppsala University,DORIS,2012
snd2092-1,Uppsala University,DORIS,2014
snd2093-1,Uppsala University,DORIS,2012
snd2094-1,Uppsala University,DORIS,2012
snd2094-1,Uppsala University,DORIS,2014
snd2095-1,Uppsala University,DORIS,2012
snd2095-1,Uppsala University,DORIS,2014
snd2096-1,Uppsala University,DORIS,2012
snd2096-1,Uppsala University,DORIS,2014
snd2097-1,Uppsala University,DORIS,2012
snd2097-1,Uppsala University,DORIS,2014
snd2098-1,Uppsala University,DORIS,2012
snd2098-1,Uppsala University,DORIS,2014
snd2099-1,Uppsala University,DORIS,2012
snd2099-1,Uppsala University,DORIS,2014
snd2100-1,Uppsala University,DORIS,2012
snd2100-1,Uppsala University,DORIS,2014
snd2101-1,Uppsala University,DORIS,2012
snd2101-1,Uppsala University,DORIS,2014
snd2102-1,Uppsala University,DORIS,2012
snd2102-1,Uppsala University,DORIS,2014
snd2103-1,Uppsala University,DORIS,2012
snd2103-1,Uppsala University,DORIS,2014
snd2104-1,Uppsala University,DORIS,2012
snd2104-1,Uppsala University,DORIS,2014
snd2105-1,Uppsala University,DORIS,2012
snd2105-1,Uppsala University,DORIS,2014
snd2106-1,Uppsala University,DORIS,2012
snd2107-1,Uppsala University,DORIS,2012
snd2107-1,Uppsala University,DORIS,2014
snd2108-1,Uppsala University,DORIS,2012
snd2108-1,Uppsala University,DORIS,2014
snd2109-1,Uppsala University,DORIS,2012
snd2110-1,Uppsala University,DORIS,2012
snd2110-1,Uppsala University,DORIS,2014
snd2111-1,Uppsala University,DORIS,2012
snd2111-1,Uppsala University,DORIS,2014
snd2112-1,Uppsala University,DORIS,2012
snd2112-1,Uppsala University,DORIS,2014
snd2113-1,Uppsala University,DORIS,2012
snd2403-1,Uppsala University,DORIS,2014
snd2405-1,Uppsala University,DORIS,2018
snd2406-1,Uppsala University,DORIS,2014
snd2407-1,Uppsala University,DORIS,2014
snd2409-1,Uppsala University,DORIS,2020
snd2412-1,Uppsala University,DORIS,2018
snd2414-1,Uppsala University,DORIS,2014
ext0210-1,University of Gothenburg,DORIS (only metadata),2016
snd0998-1,Umeå University,DORIS,2016
snd1000-1,Lund University,DORIS,2016
snd2425-1,Uppsala University,DORIS,2014
snd2479-1,Uppsala University,DORIS,2020
snd2478-1,Uppsala University,DORIS,2020
snd2477-1,Uppsala University,DORIS,2020
snd2476-1,Uppsala University,DORIS,2020
snd2430-1,Uppsala University,DORIS,2014
snd2471-1,Uppsala University,DORIS,2017
snd2468-1,Uppsala University,DORIS,2017
snd2432-1,Uppsala University,DORIS,2014
snd2459-1,Uppsala University,DORIS,2016
snd2458-1,Uppsala University,DORIS,2016
snd2435-1,Uppsala University,DORIS,2014
snd2457-1,Uppsala University,DORIS,2016
snd0993-1,Lund University,DORIS,2016
snd2437-1,Uppsala University,DORIS,2014
snd0987-1,University of Gothenburg,DORIS,2015
ext0134-1,University of Gothenburg,DORIS (only metadata),2014
snd0984-1,University of Gothenburg,DORIS,2015
snd0949-1,Lund University,DORIS,2015
ext0135-1,University of Gothenburg,DORIS (only metadata),2014
snd0983-1,University of Gothenburg,DORIS,2015
snd2441-1,Uppsala University,DORIS,2014
ext0140-1,University of Gothenburg,DORIS (only metadata),2014
snd2445-1,Uppsala University,DORIS,2014
snd2446-1,Uppsala University,DORIS,2014
snd0974-1,Linköping University,DORIS,2014
snd2404-1,Uppsala University,DORIS,2014
snd2452-1,Uppsala University,DORIS,2015
ext0141-1,University of Gothenburg,DORIS (only metadata),2014
ext0157-1,Kristianstad University,DORIS (only metadata),2015
snd2356-1,Uppsala University,DORIS,2012
snd2210-1,Uppsala University,DORIS,2014
snd2355-1,Uppsala University,DORIS,2012
snd2354-1,Uppsala University,DORIS,2012
snd2209-1,Uppsala University,DORIS,2012
snd2209-1,Uppsala University,DORIS,2014
snd2353-1,Uppsala University,DORIS,2012
snd2352-1,Uppsala University,DORIS,2012
snd2274-1,Uppsala University,DORIS,2012
snd2351-1,Uppsala University,DORIS,2012
snd2350-1,Uppsala University,DORIS,2012
snd2274-1,Uppsala University,DORIS,2014
snd2349-1,Uppsala University,DORIS,2012
snd2275-1,Uppsala University,DORIS,2012
snd2348-1,Uppsala University,DORIS,2012
snd2347-1,Uppsala University,DORIS,2012
snd2275-1,Uppsala University,DORIS,2014
snd2346-1,Uppsala University,DORIS,2012
snd2345-1,Uppsala University,DORIS,2012
snd2276-1,Uppsala University,DORIS,2012
snd2343-1,Uppsala University,DORIS,2013
snd2276-1,Uppsala University,DORIS,2014
snd2342-1,Uppsala University,DORIS,2012
snd2277-1,Uppsala University,DORIS,2012
snd2341-1,Uppsala University,DORIS,2012
snd0829-1,Lund University,DORIS,2014
snd0794-1,Stockholm University,DORIS,2014
2024-536,"KN 2023:01, Utredningen om havsbaserad vindkraft",DORIS,2024
snd0154-1,University of Gothenburg,DORIS,1992
snd0110-1,University of Gothenburg,DORIS,1983
snd0500-43,University of Gothenburg,DORIS,2001
snd0831-1,Arbetslivsinstitutet,DORIS,2006
snd0500-61,University of Gothenburg,DORIS,2002
snd0782-1,University of Gothenburg,DORIS,2002
snd0777-1,University of Gothenburg,DORIS,2002
snd0143-1,Uppsala University,DORIS,1985
snd0139-1,Uppsala University,DORIS,1983
snd0169-1,Uppsala University,DORIS,1986
snd0838-1,Arbetslivsinstitutet,DORIS,2006
snd0840-1,Arbetslivsinstitutet,DORIS,2015
snd0839-1,Arbetslivsinstitutet,DORIS,2007
snd0306-1,University of Gothenburg,DORIS,1997
snd0435-1,University of Gothenburg,DORIS,1995
snd0229-1,Stockholm University,DORIS,1988
snd0233-1,Stockholm University,DORIS,1989
snd0513-1,University of Gothenburg,DORIS,2015
snd0480-1,University of Gothenburg,DORIS (only metadata),1995
snd0219-1,Religionssociologiska institutet,DORIS,2013
ext0269-1,Lund University,DORIS (only metadata),2017
ecds0158-1,University of Gothenburg,DORIS,2018
ecds0192-1,​SAMBAH – Static Acoustic Monitoring of the Baltic Sea Harbour Porpoise,DORIS,2017
ecds0192-2,​SAMBAH – Static Acoustic Monitoring of the Baltic Sea Harbour Porpoise,DORIS,2017
snd1024-1,Lund University,DORIS,2017
2021-5-1,Umeå University,DORIS,2022
2021-5-2,Umeå University,DORIS,2022
2021-177-1,RISE Research Institutes of Sweden,DORIS,2022
2021-285-1,Swedish University of Agricultural Sciences,DORIS,2021
ext0078-1,Uppsala University,DORIS (only metadata),2020
ext0093-1,National Food Agency,DORIS (only metadata),2016
ext0094-1,National Food Agency,DORIS (only metadata),2021
ext0096-1,National Food Agency,DORIS (only metadata),2016
2024-9,Karolinska Institutet,DORIS,2024
2025-166,University of Gothenburg,DORIS,2025
2023-82-1,Swedish University of Agricultural Sciences,DORIS,2023
2025-145,Swedish University of Agricultural Sciences,DORIS,2025
2020-182-1,Lund University,DORIS,2021
2025-92,Swedish Museum of Natural History,DORIS,2025
2025-49,Lund University,DORIS,2025
2025-174,Södertörns högskola,DORIS,2025
ecds0205-1,Uppsala University,DORIS,2018
ecds0169-1,Swedish University of Agricultural Sciences,DORIS (only metadata),2019
ecds0209-1,Uppsala University,DORIS (only metadata),2021
ext0207-1,Uppsala University,DORIS (only metadata),2016
ext0213-1,Linköping University,DORIS (only metadata),2017
ecds0214-1,Uppsala University,DORIS,2018
ecds0214-2,Uppsala University,DORIS,2018
ext0001-5,Statistics Sweden,DORIS (only metadata),2011
snd1156-1,University of Skövde,DORIS,2020
ext0409-1,Stockholm University,DORIS (only metadata),2020
snd1153-1,Chalmers University of Technology,DORIS,2020
2022-98-1,University of Gothenburg,DORIS,2023
2020-168-1,Stockholm University,DORIS,2020
ecds0216-1,Uppsala University,DORIS,2018
ecds0217-1,Uppsala University,DORIS,2018
snd1153-4,Chalmers University of Technology,DORIS,2020
snd1153-2,Chalmers University of Technology,DORIS,2020
snd1153-3,Chalmers University of Technology,DORIS,2020
snd1153-5,Chalmers University of Technology,DORIS,2020
snd1153-7,Chalmers University of Technology,DORIS,2020
snd1153-6,Chalmers University of Technology,DORIS,2020
snd0463-1,University of Gothenburg,DORIS,1994
snd0097-1,Stiftelsen för opinionsanalyser,DORIS,1984
snd0592-1,University of Gothenburg,DORIS,1997
snd0571-1,Swedish Transport Administration,DORIS,1997
snd0165-1,IMU-Testologen AB,DORIS,1986
snd0551-1,Swedish Transport Administration,DORIS,1996
snd0205-1,Statistics Sweden,DORIS,1987
snd0610-1,Radio Sweden,DORIS,1998
snd0574-1,Swedish Transport Administration,DORIS,1997
snd0575-1,Swedish Transport Administration,DORIS,1997
snd0240-2,Statistics Sweden,DORIS,1996
snd0239-8,Statistics Sweden,DORIS,1999
snd0159-1,IMU-Testologen AB,DORIS,1986
snd0148-1,Lund University,DORIS,1982
snd0238-8,Statistics Sweden,DORIS,1999
snd0572-1,Swedish Transport Administration,DORIS,1997
snd0573-1,Swedish Transport Administration,DORIS,1997
snd0905-1,University of Gothenburg,DORIS,2024
snd1046-1,University of Gothenburg,DORIS,2024
2024-492,Karolinska Institutet,DORIS (only metadata),2025
2024-490,University of Gothenburg,DORIS,2024
2024-5,University of Gothenburg,DORIS,2024
2024-486,Karolinska Institutet,DORIS (only metadata),2025
2024-493,Karolinska Institutet,DORIS (only metadata),2025
2024-33,University of Gothenburg,DORIS,2025
2024-485,Swedish University of Agricultural Sciences,DORIS,2024
2024-89,Karolinska Institutet,DORIS,2024
2024-161,University of Gothenburg,DORIS,2024
2024-483,University of Gothenburg,DORIS,2024
2024-62,Swedish University of Agricultural Sciences,DORIS,2024
2024-482,University of Gothenburg,DORIS,2024
2024-78,Karolinska Institutet,DORIS,2024
2023-310,University of Gothenburg,DORIS,2025
ext0125-1,Stockholm Gerontology Research Center Foundation,DORIS (only metadata),2015
ext0350-1,Institute for Language and Folklore,DORIS (only metadata),2020
ext0352-1,Institute for Language and Folklore,DORIS (only metadata),2020
ext0351-1,Institute for Language and Folklore,DORIS (only metadata),2020
ext0122-1,Region Skåne,DORIS (only metadata),2014
ext0353-1,Institute for Language and Folklore,DORIS (only metadata),2020
ext0123-1,Region Skåne,DORIS (only metadata),2014
ext0357-1,Institute for Language and Folklore,DORIS (only metadata),2020
ext0356-1,Institute for Language and Folklore,DORIS (only metadata),2020
ext0120-1,Lund University,DORIS (only metadata),2014
ext0363-1,University of Gothenburg,DORIS (only metadata),2020
ext0355-1,Institute for Language and Folklore,DORIS (only metadata),2020
ext0354-1,Institute for Language and Folklore,DORIS (only metadata),2020
ext0349-1,Institute for Language and Folklore,DORIS (only metadata),2020
ext0348-1,Institute for Language and Folklore,DORIS (only metadata),2020
snd0749-1,Swedish Transport Administration,DORIS,2001
snd0561-1,Swedish Transport Administration,DORIS,1996
snd0203-1,University of Gothenburg,DORIS,1986
snd0238-4,Statistics Sweden,DORIS,1989
snd0553-1,Swedish Transport Administration,DORIS,1996
snd0555-1,Swedish Transport Administration,DORIS,1996
snd0557-1,Swedish Transport Administration,DORIS,1996
snd0557-1,Swedish Transport Administration,DORIS,2002
snd0552-1,Swedish Transport Administration,DORIS,1996
snd0552-1,Swedish Transport Administration,DORIS,2002
snd0561-1,Swedish Transport Administration,DORIS,2002
snd0556-1,Swedish Transport Administration,DORIS,1996
snd0239-6,Statistics Sweden,DORIS,1993
snd0238-3,Statistics Sweden,DORIS,1989
2024-474,Karolinska Institutet,DORIS (only metadata),2024
2024-475,Karolinska Institutet,DORIS (only metadata),2025
2024-460,Sveriges Television,DORIS,2024
2024-462,Swedish University of Agricultural Sciences,DORIS,2025
2024-479,University of Gothenburg,DORIS,2024
2024-481,University of Gothenburg,DORIS,2024
2024-428,University of Gothenburg,DORIS,2024
2024-435,Chalmers University of Technology,DORIS,2024
2024-470,Karolinska Institutet,DORIS (only metadata),2024
2024-91,Karolinska Institutet,DORIS,2024
2024-438,Karolinska Institutet,DORIS,2024
2024-468,Swedish University of Agricultural Sciences,DORIS,2025
2024-446,University of Gothenburg,DORIS,2024
ext0346-1,Institute for Language and Folklore,DORIS (only metadata),2020
ext0345-1,Institute for Language and Folklore,DORIS (only metadata),2020
ext0347-1,Institute for Language and Folklore,DORIS (only metadata),2020
ext0309-1,University of Gothenburg,DORIS (only metadata),2020
ext0343-1,Institute for Language and Folklore,DORIS (only metadata),2020
ext0341-1,Institute for Language and Folklore,DORIS (only metadata),2020
ext0132-1,Lund University,DORIS (only metadata),2014
ext0344-1,Institute for Language and Folklore,DORIS (only metadata),2020
ext0129-1,Region Skåne,DORIS (only metadata),2014
ext0137-1,Lund University,DORIS (only metadata),2014
ext0130-1,FoU Spenshult,DORIS (only metadata),2014
ext0340-1,Institute for Language and Folklore,DORIS (only metadata),2020
snd0632-1,University of Gothenburg,DORIS,1999
snd0743-1,University of Gothenburg,DORIS,2001
snd0725-1,University of Gothenburg,DORIS,2000
snd0804-1,University of Gothenburg,DORIS,2004
snd0814-1,University of Gothenburg,DORIS,2005
snd0726-1,University of Gothenburg,DORIS,2000
snd0204-1,Umeå University,DORIS,1986
snd0803-1,University of Gothenburg,DORIS,2004
snd0742-1,University of Gothenburg,DORIS,2001
snd0742-2,University of Gothenburg,DORIS,2001
snd0742-3,University of Gothenburg,DORIS,2001
snd0742-4,University of Gothenburg,DORIS,2001
snd0564-1,Swedish Transport Administration,DORIS,2002
snd0565-1,Swedish Transport Administration,DORIS,1996
snd0563-1,Swedish Transport Administration,DORIS,1996
snd0564-1,Swedish Transport Administration,DORIS,1996
snd0558-1,Swedish Transport Administration,DORIS,1996
snd0559-1,Swedish Transport Administration,DORIS,1996
snd0560-1,Swedish Transport Administration,DORIS,1996
snd0560-1,Swedish Transport Administration,DORIS,2002
snd0562-1,Swedish Transport Administration,DORIS,1996
snd0562-1,Swedish Transport Administration,DORIS,2002
snd0259-1,University of Gothenburg,DORIS,1991
snd0259-1,University of Gothenburg,DORIS,1998
2021-195-2,University of Gothenburg,DORIS (only metadata),2022
ext0105-1,Lund University,DORIS (only metadata),2014
2021-195-5,University of Gothenburg,DORIS (only metadata),2022
2021-195-4,University of Gothenburg,DORIS (only metadata),2022
ext0104-1,Lund University,DORIS (only metadata),2014
2021-195-3,University of Gothenburg,DORIS (only metadata),2022
ext0102-1,Lund University,DORIS (only metadata),2014
ecds0240-1,The Norwegian University of Science and Technology (NTNU),DORIS (only metadata),2023
ext0107-1,Lund University,DORIS (only metadata),2014
ecds0220-1,Swedish Polar Research Secretariat,DORIS (only metadata),2022
ecds0241-1,The Norwegian University of Science and Technology (NTNU),DORIS (only metadata),2023
ext0103-1,Lund University,DORIS (only metadata),2014
ext0327-1,Institute for Language and Folklore,DORIS (only metadata),2020
ext0326-1,Institute for Language and Folklore,DORIS (only metadata),2020
ext0332-1,Institute for Language and Folklore,DORIS (only metadata),2020
ext0138-1,Lund University,DORIS (only metadata),2014
ext0336-1,Institute for Language and Folklore,DORIS (only metadata),2020
ext0335-1,Institute for Language and Folklore,DORIS (only metadata),2020
ext0142-1,Lund University,DORIS (only metadata),2015
ext0333-1,Institute for Language and Folklore,DORIS (only metadata),2020
ext0143-1,Lund University,DORIS (only metadata),2015
ext0329-1,Institute for Language and Folklore,DORIS (only metadata),2020
ext0334-1,Institute for Language and Folklore,DORIS (only metadata),2020
ext0328-1,Institute for Language and Folklore,DORIS (only metadata),2020
ext0331-1,Institute for Language and Folklore,DORIS (only metadata),2020
ext0330-1,Institute for Language and Folklore,DORIS (only metadata),2020
ext0338-1,Institute for Language and Folklore,DORIS (only metadata),2020
ext0337-1,Institute for Language and Folklore,DORIS (only metadata),2020
snd0121-1,Radio Sweden,DORIS,1984
snd0238-2,Statistics Sweden,DORIS,1989
snd0118-1,Radio Sweden,DORIS,1984
snd0119-1,Radio Sweden,DORIS,1984
snd0120-1,Radio Sweden,DORIS,1984
ecds0237-1,The Norwegian University of Science and Technology (NTNU),DORIS (only metadata),2023
ecds0233-1,Galway-Mayo Institute of Technology,DORIS (only metadata),2023
ext0084-1,Umeå University,DORIS (only metadata),2014
snd0239-1,Statistics Sweden,DORIS,1989
snd0241-2,Statistics Sweden,DORIS,1999
ecds0238-1,The Norwegian University of Science and Technology (NTNU),DORIS (only metadata),2023
ecds0239-1,The Norwegian University of Science and Technology (NTNU),DORIS (only metadata),2023
ecds0235-1,Chalmers University of Technology,DORIS (only metadata),2023
ecds0236-1,Chalmers University of Technology,DORIS (only metadata),2023
ecds0234-1,Chalmers University of Technology,DORIS (only metadata),2023
ext0111-1,Public Health Agency of Sweden,DORIS (only metadata),2014
2021-196-1,Karolinska Institutet,DORIS (only metadata),2022
2022-46-1,Jönköping University,DORIS (only metadata),2022
ext0150-1,SHARE ERIC,DORIS (only metadata),2021
ext0149-1,SHARE ERIC,DORIS (only metadata),2021
ext0110-1,Public Health Agency of Sweden,DORIS (only metadata),2014
ext0127-1,Blekinge Institute of Technology,DORIS (only metadata),2022
ext0112-1,Public Health Agency of Sweden,DORIS (only metadata),2014
ext0156-1,Lund University,DORIS (only metadata),2021
ext0201-1,SHARE ERIC,DORIS (only metadata),2021
ext0109-1,Public Health Agency of Sweden,DORIS (only metadata),2014
ext0148-1,SHARE ERIC,DORIS (only metadata),2021
ext0147-1,SHARE ERIC,DORIS (only metadata),2021
ext0124-1,Karolinska Institutet,DORIS (only metadata),2015
ext0214-1,Karolinska Institutet,DORIS (only metadata),2018
2025-42,Swedish University of Agricultural Sciences,DORIS,2025
2023-174,Institute for Language and Folklore,DORIS (only metadata),2023
2025-93,Swedish University of Agricultural Sciences,DORIS,2025
snd0205-1,Statistics Sweden,DORIS,2025
2022-86-1,Swedish University of Agricultural Sciences,DORIS,2025
ext0324-1,Institute for Language and Folklore,DORIS (only metadata),2020
2025-137,Swedish University of Agricultural Sciences,DORIS,2025
2025-67,Swedish University of Agricultural Sciences,DORIS,2025
2024-485,Swedish University of Agricultural Sciences,DORIS,2025
2023-162,Institute for Language and Folklore,DORIS (only metadata),2023
2023-160,Institute for Language and Folklore,DORIS (only metadata),2023
snd0152-1,University of Gothenburg,DORIS,2025
2023-161,Institute for Language and Folklore,DORIS (only metadata),2023
ext0086-1,Umeå University,DORIS (only metadata),2014
2023-151,Institute for Language and Folklore,DORIS (only metadata),2023
2022-86-2,Swedish University of Agricultural Sciences,DORIS,2025
2021-21-1,University of Gothenburg,DORIS,2025
2023-175,Institute for Language and Folklore,DORIS (only metadata),2023
2023-195,Swedish Polar Research Secretariat,DORIS,2024
snd0905-1,University of Gothenburg,DORIS,2025
2024-509,Swedish University of Agricultural Sciences,DORIS,2024
2024-500,Karolinska Institutet,DORIS (only metadata),2025
2024-645,Swedish Polar Research Secretariat,DORIS,2025
2023-283,University of Gothenburg,DORIS,2025
2024-496,Karolinska Institutet,DORIS (only metadata),2025
2023-308,University of Gothenburg,DORIS,2025
2023-309,University of Gothenburg,DORIS,2025
2023-296,University of Gothenburg,DORIS,2025
snd1046-1,University of Gothenburg,DORIS,2025
2024-626,Swedish University of Agricultural Sciences,DORIS,2025
ext0114-1,Public Health Agency of Sweden,DORIS (only metadata),2014
ext0126-1,Karolinska Institutet,DORIS (only metadata),2022
2021-195-1,University of Gothenburg,DORIS (only metadata),2022
ext0113-1,Public Health Agency of Sweden,DORIS (only metadata),2014
2020-105-1,SHARE ERIC,DORIS (only metadata),2020
ext0115-1,Public Health Agency of Sweden,DORIS (only metadata),2014
2020-104-1,SHARE ERIC,DORIS (only metadata),2020
ext0118-1,Public Health Agency of Sweden,DORIS (only metadata),2014
ext0359-1,Institute for Language and Folklore,DORIS (only metadata),2020
ext0358-1,Institute for Language and Folklore,DORIS (only metadata),2020
ext0364-1,Institute for Language and Folklore,DORIS (only metadata),2020
ext0362-1,Institute for Language and Folklore,DORIS (only metadata),2020
ext0117-1,Public Health Agency of Sweden,DORIS (only metadata),2014
ext0116-1,Public Health Agency of Sweden,DORIS (only metadata),2014
2021-213-1,University of Gothenburg,DORIS (only metadata),2023
2021-197-1,Umeå University,DORIS (only metadata),2022
ext0119-1,Lund University,DORIS (only metadata),2014
ext0361-1,Institute for Language and Folklore,DORIS (only metadata),2020
ext0360-1,Institute for Language and Folklore,DORIS (only metadata),2020
ext0321-1,Institute for Language and Folklore,DORIS (only metadata),2020
ext0161-1,Public Health Agency of Sweden,DORIS (only metadata),2015
ext0051-1,Uppsala University,DORIS (only metadata),2015
ext0153-1,Karolinska Institutet,DORIS (only metadata),2015
ext0160-1,Public Health Agency of Sweden,DORIS (only metadata),2015
ext0322-1,Institute for Language and Folklore,DORIS (only metadata),2020
2023-214,Swedish University of Agricultural Sciences,DORIS (only metadata),2023
ext0276-1,Umeå University,DORIS (only metadata),2018
2025-136,Swedish University of Agricultural Sciences,DORIS,2025
2024-612,Swedish University of Agricultural Sciences,DORIS,2025
2024-527,Swedish University of Agricultural Sciences,DORIS,2024
2024-282,Linköping University,DORIS,2019
2024-266,Linnaeus University,DORIS,2019
2024-274,Linköping University,DORIS,2019
2024-324,Linköping University,DORIS,2021
2024-393,Mid Sweden University,DORIS,2023
2024-18,Lund University,DORIS,2025
2024-467,University of Gothenburg,DORIS,2025
2025-133,Uppsala University,DORIS,2025
2020-155-1,Mid Sweden University,DORIS,2021
2020-155-2,Mid Sweden University,DORIS,2021
2020-155-2,Mid Sweden University,DORIS,2025
snd0870-1,University of Gothenburg,DORIS,2013
snd0870-2,University of Gothenburg,DORIS,2014
2021-34-1,Södertörns högskola,DORIS,2023
2021-323-1,Luleå University of Technology,DORIS,2022
snd1085-1,Stockholm University,DORIS,2019
2021-312-1,Stockholm University,DORIS,2022
2022-169-1,Swedish Defence University,DORIS,2023
2025-96,Swedish Geotechnical Institute,DORIS,2025
2025-111,Swedish Geotechnical Institute,DORIS,2025
2024-450,University of Gothenburg,DORIS,2025
2024-340,Uppsala University,DORIS,2021
2024-189,Uppsala University,DORIS,2016
2025-80,Stockholm University,DORIS,2025
ext1130-1,Umeå University,DORIS (only metadata),2019
2021-282-1,Umeå University,DORIS,2021
2021-331-1,Karolinska Institutet,DORIS,2022
2023-168,University of Gothenburg,DORIS,2024
2021-344-1,Swedish University of Agricultural Sciences,DORIS (only metadata),2022
2023-106-1,Karolinska Institutet,DORIS,2023
2020-204-1,Umeå University,DORIS (only metadata),2021
2020-178-1,Karolinska Institutet,DORIS,2021
ext0082-1,Umeå University,DORIS (only metadata),2013
2024-48,Swedish University of Agricultural Sciences,DORIS,2024
ext0310-1,Malmö University,DORIS (only metadata),2020
ext0139-1,Umeå University,DORIS (only metadata),2020
2024-365,Linköping University,DORIS,2022
2024-392,Linköping University,DORIS,2023
2024-334,Linköping University,DORIS,2021
2024-379,Linköping University,DORIS,2022
2024-192,Karlstad University,DORIS,2017
2024-222,Uppsala University,DORIS,2018
2024-362,Linköping University,DORIS,2022
2024-386,Linköping University,DORIS,2022
2024-287,Malmö University,DORIS,2020
2024-320,Mid Sweden University,DORIS,2021
2024-288,Malmö University,DORIS,2020
2024-289,Malmö University,DORIS,2020
2024-394,Uppsala University,DORIS,2023
2024-352,Uppsala University,DORIS,2022
2024-275,Linnaeus University,DORIS,2019
2024-387,Mid Sweden University,DORIS,2022
2024-331,Linköping University,DORIS,2021
2024-372,Uppsala University,DORIS,2022
2024-267,Mid Sweden University,DORIS,2019
2024-302,Linköping University,DORIS,2020
2024-389,Uppsala University,DORIS,2023
2024-253,Mid Sweden University,DORIS,2018
snd0832-1,Arbetslivsinstitutet,DORIS,2018
2024-259,Linköping University,DORIS,2019
2024-273,Blekinge Institute of Technology,DORIS,2019
2024-360,Linköping University,DORIS,2022
2024-325,Mid Sweden University,DORIS,2021
2024-356,Uppsala University,DORIS,2022
2024-197,Luleå University of Technology,DORIS,2017
2024-400,Linköping University,DORIS,2023
snd0833-1,Arbetslivsinstitutet,DORIS,2025
snd0833-1,Arbetslivsinstitutet,DORIS,2013
snd0833-1,Arbetslivsinstitutet,DORIS,2006
snd0845-1,Arbetslivsinstitutet,DORIS,2025
snd0845-1,Arbetslivsinstitutet,DORIS,2007
2025-190,Swedish University of Agricultural Sciences,DORIS,2025
2024-497,Karolinska Institutet,DORIS,2025
2025-114,Chalmers University of Technology,DORIS,2025
2025-159,University of Gothenburg,DORIS,2025
2024-487,University of Gothenburg,DORIS,2025
2025-37,Swedish University of Agricultural Sciences,DORIS,2025
2024-505,Karolinska Institutet,DORIS,2025
2024-464,Karolinska Institutet,DORIS,2024
2024-175,Karolinska Institutet,DORIS,2025
2025-9,Karolinska Institutet,DORIS,2025
2025-25,Karolinska Institutet,DORIS,2025
2025-21,Karolinska Institutet,DORIS,2025
2025-72,Karolinska Institutet,DORIS,2025
2023-183,Karolinska Institutet,DORIS,2024
ext0272-1,Public Health Agency of Sweden,DORIS (only metadata),2017
ext0173-1,Uppsala University,DORIS (only metadata),2015
ext0172-1,Karolinska Institutet,DORIS (only metadata),2015
ext0313-1,Institute for Language and Folklore,DORIS (only metadata),2020
ext0166-1,Karolinska Institutet,DORIS (only metadata),2015
ext0167-1,Uppsala University,DORIS (only metadata),2015
ext0273-1,Public Health Agency of Sweden,DORIS (only metadata),2017
ext0174-1,Uppsala University,DORIS (only metadata),2015
ext0175-1,Uppsala University,DORIS (only metadata),2015
ext0179-1,Public Health Agency of Sweden,DORIS (only metadata),2016
ext0180-1,Public Health Agency of Sweden,DORIS (only metadata),2016
ext0181-1,Public Health Agency of Sweden,DORIS (only metadata),2016
ext0182-1,Public Health Agency of Sweden,DORIS (only metadata),2016
ext0183-1,Public Health Agency of Sweden,DORIS (only metadata),2016
ext0176-1,Umeå University,DORIS (only metadata),2015
snd0905-1,University of Gothenburg,DORIS,2021
ext0101-1,Lund University,DORIS (only metadata),2014
ext0098-1,Stockholm University,DORIS (only metadata),2015
2020-140-1,University of Gothenburg,DORIS,2021
ext0090-1,Region Skåne,DORIS (only metadata),2014
2020-141-1,University of Gothenburg,DORIS,2021
ext0099-1,Public Health Agency of Sweden,DORIS (only metadata),2014
2020-140-2,University of Gothenburg,DORIS,2021
ext0092-1,Region Skåne,DORIS (only metadata),2014
2020-129-1,University of Gothenburg,DORIS,2021
2021-152-1,Swedish University of Agricultural Sciences,DORIS,2021
snd1269-1,University of Gothenburg,DORIS,2021
ext0063-1,Region Skåne,DORIS (only metadata),2013
ext0077-1,Lund University,DORIS (only metadata),2013
2021-118-1,Swedish Polar Research Secretariat,DORIS,2021
ext0059-1,Lund University,DORIS (only metadata),2013
2021-120-1,Swedish Polar Research Secretariat,DORIS,2021
snd1102-1,University of Gothenburg,DORIS,2021
ext0080-1,Lund University,DORIS (only metadata),2013
ext0081-1,Lund University,DORIS (only metadata),2013
ext0075-1,Lund University,DORIS (only metadata),2013
snd1102-2,University of Gothenburg,DORIS,2021
snd0009-1,University of Gothenburg,DORIS (only metadata),2012
snd0623-1,Swedish Transport Administration,DORIS,2002
snd0599-1,University of Gothenburg,DORIS,1998
snd0314-1,University of Gothenburg,DORIS,1993
snd0628-1,University of Gothenburg,DORIS,2010
snd0624-1,Swedish Transport Administration,DORIS,2002
snd1046-1,University of Gothenburg,DORIS,2020
snd0905-1,University of Gothenburg,DORIS,2020
2020-58-3,University of Gothenburg,DORIS,2020
snd1294-2,University of Gothenburg,DORIS,2022
2020-59-3,University of Gothenburg,DORIS,2020
snd1110-1,University of Gothenburg,DORIS,2019
snd1109-1,University of Gothenburg,DORIS,2019
snd1112-1,University of Gothenburg,DORIS,2019
snd1111-1,University of Gothenburg,DORIS,2019
snd1115-1,Sveriges Television,DORIS,2019
snd0467-1,Statistics Sweden,DORIS,2020
snd0096-1,Stiftelsen för opinionsanalyser,DORIS,1984
2022-86-2,Swedish University of Agricultural Sciences,DORIS,2022
2022-86-3,Swedish University of Agricultural Sciences,DORIS,2022
ext0042-1,Umeå University,DORIS (only metadata),2012
2022-91-1,University of Gothenburg,DORIS,2023
2021-123-1,Swedish Polar Research Secretariat,DORIS,2022
2022-170-1,University of Gothenburg,DORIS,2023
2022-114-1,University of Gothenburg,DORIS,2023
2022-114-2,University of Gothenburg,DORIS,2023
2022-117-1,University of Gothenburg,DORIS,2022
snd0857-2,University of Gothenburg,DORIS,2008
snd0857-3,University of Gothenburg,DORIS,2008
snd0475-1,University of Gothenburg,DORIS,1995
snd0485-1,University of Gothenburg,DORIS,1995
snd0857-1,University of Gothenburg,DORIS,2008
snd0588-1,University of Gothenburg,DORIS,1997
snd0591-1,University of Gothenburg,DORIS,1998
snd0637-1,University of Gothenburg,DORIS,1999
snd0012-1,University of Gothenburg,DORIS (only metadata),2011
snd0634-1,University of Gothenburg,DORIS,1999
snd0013-1,University of Gothenburg,DORIS (only metadata),2011
snd0763-1,Swedish Transport Administration,DORIS,2002
snd0823-1,University of Gothenburg,DORIS,2006
2024-477,Uppsala University,DORIS (only metadata),2025
snd0863-1,Swedish Transport Administration,DORIS,2008
snd0863-1,Swedish Transport Administration,DORIS,2013
snd0759-1,University of Gothenburg,DORIS,2002
snd0864-1,Swedish Transport Administration,DORIS,2013
snd0864-1,Swedish Transport Administration,DORIS,2008
snd0835-1,University of Gothenburg,DORIS,2006
2020-110-1,University of Gothenburg,DORIS,2021
snd0570-1,University of Gothenburg,DORIS,1997
snd0824-1,University of Gothenburg,DORIS,2006
2020-141-2,University of Gothenburg,DORIS,2021
2020-111-1,University of Gothenburg,DORIS,2021
snd0750-1,University of Gothenburg,DORIS,2001
2020-109-1,University of Gothenburg,DORIS,2021
2020-159-1,University of Gothenburg,DORIS,2021
snd1262-2,University of Gothenburg,DORIS,2020
snd0762-1,University of Gothenburg,DORIS,2002
snd1272-1,University of Gothenburg,DORIS,2021
snd0798-1,University of Gothenburg,DORIS,2003
2020-129-2,University of Gothenburg,DORIS,2021
snd1046-1,University of Gothenburg,DORIS,2021
snd0747-1,University of Gothenburg,DORIS,2001
snd1262-1,University of Gothenburg,DORIS,2020
2020-140-3,University of Gothenburg,DORIS,2021
snd0905-1,University of Gothenburg,DORIS,2019
snd1093-1,University of Gothenburg,DORIS,2019
snd1105-1,Swedish University of Agricultural Sciences,DORIS,2019
snd1046-1,University of Gothenburg,DORIS,2019
snd1094-1,University of Gothenburg,DORIS,2019
snd0208-1,University of Gothenburg,DORIS,1987
snd0099-1,Stiftelsen för opinionsanalyser,DORIS,1985
snd1095-1,University of Gothenburg,DORIS,2019
snd1035-1,Umeå University,DORIS,2018
snd0237-3,Statistics Sweden,DORIS,1989
snd1063-1,Umeå University,DORIS,2018
snd0093-1,Stiftelsen för opinionsanalyser,DORIS,1984
snd0098-1,Stiftelsen för opinionsanalyser,DORIS,1985
snd1078-1,University of Gothenburg,DORIS,2019
snd0237-2,Statistics Sweden,DORIS,1989
snd0092-1,Stiftelsen för opinionsanalyser,DORIS,1984
ext0057-1,Lund University,DORIS (only metadata),2013
snd0905-1,University of Gothenburg,DORIS,2023
snd0019-1,IMU-Testologen AB,DORIS,1983
snd0031-1,IMU-Testologen AB,DORIS,1984
2022-193-1,Sveriges Television,DORIS,2022
2023-13-1,University of Gothenburg,DORIS,2024
2023-11-1,University of Gothenburg,DORIS,2024
2023-12-1,University of Gothenburg,DORIS,2024
2023-10-1,University of Gothenburg,DORIS,2024
2021-21-1,University of Gothenburg,DORIS,2023
snd0788-1,University of Gothenburg,DORIS,2003
snd0789-1,University of Gothenburg,DORIS,2003
snd0790-1,University of Gothenburg,DORIS,2003
snd0791-1,University of Gothenburg,DORIS,2004
snd0807-1,University of Gothenburg,DORIS,2007
snd0881-1,University of Gothenburg,DORIS,2010
snd0799-1,University of Gothenburg,DORIS,2007
snd0808-1,University of Gothenburg,DORIS,2007
snd0855-1,University of Gothenburg,DORIS,2008
snd0871-1,University of Gothenburg,DORIS,2009
ext0204-1,University of Gothenburg,DORIS (only metadata),2015
ext0203-1,University of Gothenburg,DORIS (only metadata),2013
snd0198-1,University of Gothenburg,DORIS,2007
ext0005-2,University of Gothenburg,DORIS (only metadata),2013
snd0076-1,IMU-Testologen AB,DORIS,1984
ext0038-1,Karolinska Institutet,DORIS (only metadata),2012
snd0301-1,University of Gothenburg,DORIS,1993
snd0200-1,University of Gothenburg,DORIS,2007
snd0201-1,University of Gothenburg,DORIS,2007
ext0004-1,University of Gothenburg,DORIS (only metadata),2013
snd0063-1,IMU-Testologen AB,DORIS,1984
snd0153-1,University of Gothenburg,DORIS,1992
snd0032-1,IMU-Testologen AB,DORIS,1984
snd0055-1,IMU-Testologen AB,DORIS,1984
snd0014-1,University of Gothenburg,DORIS (only metadata),2011
snd0010-1,University of Gothenburg,DORIS (only metadata),2011
ext0007-5,Stockholm University,DORIS (only metadata),1999
ext0007-7,Stockholm University,DORIS (only metadata),1999
ext0007-4,Stockholm University,DORIS (only metadata),1999
snd0011-1,University of Gothenburg,DORIS (only metadata),2011
snd0847-1,Stockholm University,DORIS (only metadata),2007
ext0010-1,Stockholm University,DORIS (only metadata),2017
ext0007-1,Stockholm University,DORIS (only metadata),1999
ext0007-2,Stockholm University,DORIS (only metadata),1999
snd0227-1,University of Gothenburg,DORIS,1991
snd0391-1,University of Gothenburg,DORIS,1993
ext0067-1,Region Skåne,DORIS (only metadata),2013
snd0905-1,University of Gothenburg,DORIS,2022
2021-119-1,Swedish Polar Research Secretariat,DORIS,2021
snd1046-1,University of Gothenburg,DORIS,2022
2022-87-1,University of Gothenburg,DORIS,2022
ext0044-1,Karolinska Institutet,DORIS (only metadata),2012
ext0039-1,Karolinska Institutet,DORIS (only metadata),2016
2022-86-1,Swedish University of Agricultural Sciences,DORIS,2022
2022-91-2,University of Gothenburg,DORIS,2023
ext0060-1,Region Skåne,DORIS (only metadata),2013
ext0007-3,Stockholm University,DORIS (only metadata),1999
ext0007-6,Stockholm University,DORIS (only metadata),1999
snd1046-1,University of Gothenburg,DORIS,2023
snd0643-1,Swedish Transport Administration,DORIS,2002
snd0905-1,University of Gothenburg,DORIS,2023
2023-123-1,Swedish University of Agricultural Sciences,DORIS,2024
2023-126-1,University of Gothenburg,DORIS,2023
snd0865-1,Swedish Transport Administration,DORIS,2008
snd0866-1,Swedish Transport Administration,DORIS,2008
2023-101-1,Sveriges Television,DORIS,2023
2023-127-1,Swedish University of Agricultural Sciences,DORIS,2024
2020-128-3,University of Gothenburg,DORIS,2021
snd0861-1,University of Gothenburg,DORIS,2008
snd1265-1,University of Gothenburg,DORIS,2021
snd0202-1,IMU-Testologen AB,DORIS,1986
snd0045-1,IMU-Testologen AB,DORIS,1983
snd1294-1,University of Gothenburg,DORIS,2022
snd0046-1,IMU-Testologen AB,DORIS,1983
snd0861-1,University of Gothenburg,DORIS,2012
snd1270-1,University of Gothenburg,DORIS,2021
snd1265-2,University of Gothenburg,DORIS,2021
2020-72-1,University of Gothenburg,DORIS,2021
snd1288-1,Environment for Development Initiative,DORIS,2020
snd1289-1,University of Gothenburg,DORIS,2020
2020-128-2,University of Gothenburg,DORIS,2021
2020-128-1,University of Gothenburg,DORIS,2021
ext0061-1,Region Skåne,DORIS (only metadata),2013
2021-205-1,University of Gothenburg,DORIS,2022
2022-10-1,University of Gothenburg,DORIS,2023
ext0062-1,Region Skåne,DORIS (only metadata),2013
2021-194-1,Swedish University of Agricultural Sciences,DORIS,2021
2022-9-1,University of Gothenburg,DORIS,2023
2021-287-1,University of Gothenburg,DORIS,2023
2022-11-1,University of Gothenburg,DORIS,2023
ext0008-1,University of Gothenburg,DORIS (only metadata),2013
2021-310-1,Karolinska Institutet,DORIS,2024
ext0009-1,University of Gothenburg,DORIS (only metadata),2013
2021-311-1,Karolinska Institutet,DORIS,2024
snd0309-1,University of Gothenburg,DORIS,1993
ext0018-1,Uppsala University,DORIS (only metadata),2011
snd0311-1,University of Gothenburg,DORIS,1993
ext0015-1,Uppsala University,DORIS (only metadata),2012
snd0312-1,University of Gothenburg,DORIS,1993
ext0012-1,Lund University,DORIS (only metadata),2011
ext0013-1,Lund University,DORIS (only metadata),2011
snd0310-1,University of Gothenburg,DORIS,1993
snd0313-1,University of Gothenburg,DORIS,1993
ext0108-1,Public Health Agency of Sweden,DORIS (only metadata),2012
ext0003-1,University of Gothenburg,DORIS (only metadata),2013
snd0308-1,University of Gothenburg,DORIS,1993
snd0905-1,University of Gothenburg,DORIS,2018
snd1046-1,University of Gothenburg,DORIS,2018
ecds0221-1,Swedish Polar Research Secretariat,DORIS,2018
snd0893-1,University of Gothenburg,DORIS,2011
snd1067-1,Sveriges Television,DORIS,2018
snd1051-1,University of Gothenburg,DORIS,2018
snd1044-1,University of Gothenburg,DORIS,2018
snd0237-8,Statistics Sweden,DORIS,1996
snd0237-7,Statistics Sweden,DORIS,1992
snd1045-1,University of Gothenburg,DORIS,2018
snd0466-1,University of Gothenburg,DORIS,1994
ecds0198-1,Swedish Polar Research Secretariat,DORIS,2017
snd0876-1,University of Gothenburg,DORIS,2017
snd0796-1,Uppsala University,DORIS,2003
snd0917-1,Umeå University,DORIS,2015
ecds0203-1,Swedish Polar Research Secretariat,DORIS,2017
snd1019-1,University of Gothenburg,DORIS,2017
snd1020-1,University of Gothenburg,DORIS,2017
snd0496-1,University of Gothenburg,DORIS,1997
snd0792-1,Umeå University,DORIS,2003
snd0489-1,Umeå University,DORIS,1995
snd0241-1,Statistics Sweden,DORIS,1999
ecds0196-1,Swedish Polar Research Secretariat,DORIS,2017
snd0237-1,Statistics Sweden,DORIS,1994
snd0238-5,Statistics Sweden,DORIS,1989
snd0238-10,Statistics Sweden,DORIS,2008
snd0237-10,Statistics Sweden,DORIS,2008
snd0066-1,IMU-Testologen AB,DORIS,1983
snd0067-1,IMU-Testologen AB,DORIS,1983
snd0077-1,IMU-Testologen AB,DORIS,1983
snd0905-1,University of Gothenburg,DORIS,2016
snd0997-1,University of Gothenburg,DORIS,2016
snd0909-1,University of Gothenburg,DORIS,2012
snd0905-1,University of Gothenburg,DORIS,2017
snd0887-1,Umeå University,DORIS,2011
snd0926-1,University of Gothenburg,DORIS,2013
snd0217-1,University of Gothenburg,DORIS,1988
snd1018-1,University of Gothenburg,DORIS,2017
snd1002-1,Umeå University,DORIS,2017
snd0815-1,Umeå University,DORIS,2005
snd0089-1,University of Gothenburg,DORIS,1984
snd0047-1,University of Gothenburg,DORIS,1983
snd0020-1,University of Gothenburg,DORIS,1984
snd0977-1,Umeå University,DORIS,2017
snd1002-1,Umeå University,DORIS,2017
snd0815-1,Umeå University,DORIS,2009
snd0157-1,University of Gothenburg,DORIS,1986
snd0793-1,Umeå University,DORIS,2003
snd0805-1,Umeå University,DORIS,2009
snd0793-1,Umeå University,DORIS,2009
snd0936-2,University of Gothenburg,DORIS,2014
snd0816-1,Umeå University,DORIS,2005
snd0849-1,Umeå University,DORIS,2009
snd0951-1,University of Gothenburg,DORIS,2014
snd0862-1,Umeå University,DORIS,2009
snd0816-1,Umeå University,DORIS,2009
snd0902-2,University of Gothenburg,DORIS,2012
snd0805-1,Umeå University,DORIS,2004
snd0849-1,Umeå University,DORIS,2009
snd0950-1,University of Gothenburg,DORIS,2014
snd0902-1,University of Gothenburg,DORIS,2012
snd0947-1,Sveriges Television,DORIS,2014
snd0200-1,University of Gothenburg,DORIS,2014
snd0198-1,University of Gothenburg,DORIS,2014
snd0101-1,Stockholm University,DORIS,1983
snd0101-2,Stockholm University,DORIS,1983
snd0463-1,University of Gothenburg,DORIS,2014
snd0201-1,University of Gothenburg,DORIS,2014
snd0957-1,University of Gothenburg,DORIS,2014
snd0958-1,University of Gothenburg,DORIS,2014
snd0961-1,University of Gothenburg,DORIS,2014
snd0962-1,University of Gothenburg,DORIS,2014
snd0963-1,University of Gothenburg,DORIS,2014
snd0959-1,University of Gothenburg,DORIS,2014
snd0960-1,University of Gothenburg,DORIS,2014
snd0955-1,University of Gothenburg,DORIS,2014
snd0956-1,University of Gothenburg,DORIS,2014
snd0739-1,University of Gothenburg,DORIS,2011
snd0589-1,University of Gothenburg,DORIS,1998
snd0216-1,University of Gothenburg,DORIS,1987
snd0228-1,University of Gothenburg,DORIS,1989
snd0635-1,University of Gothenburg,DORIS,2011
snd0739-1,University of Gothenburg,DORIS,2001
snd0860-1,University of Gothenburg,DORIS,2008
snd0859-1,University of Gothenburg,DORIS,2008
snd0746-1,University of Gothenburg,DORIS,2011
snd0616-1,Radio Sweden,DORIS,1998
snd0797-1,University of Gothenburg,DORIS,2003
snd0618-1,Radio Sweden,DORIS,1998
snd0813-1,University of Gothenburg,DORIS,2005
snd0801-1,University of Gothenburg,DORIS,2004
snd0617-1,Radio Sweden,DORIS,1998
snd0746-1,University of Gothenburg,DORIS,2001
snd0635-1,University of Gothenburg,DORIS,1999
snd0905-1,University of Gothenburg,DORIS,2015
snd0474-2,Uppsala University,DORIS,1995
snd0474-1,Uppsala University,DORIS,1995
snd0237-11,Statistics Sweden,DORIS,2008
snd1023-1,University of Gothenburg,DORIS,2017
snd0238-9,Statistics Sweden,DORIS,2008
snd0240-1,Statistics Sweden,DORIS,1999
snd0238-1,Statistics Sweden,DORIS,1989
snd0239-2,Statistics Sweden,DORIS,1989
snd0239-3,Statistics Sweden,DORIS,1989
snd0239-4,Statistics Sweden,DORIS,1989
snd0239-5,Statistics Sweden,DORIS,1989
snd0239-7,Statistics Sweden,DORIS,1996
snd0238-6,Statistics Sweden,DORIS,1992
snd0238-7,Statistics Sweden,DORIS,1994
snd0240-3,Statistics Sweden,DORIS,2008
snd0239-10,Statistics Sweden,DORIS,2008
snd0239-9,Statistics Sweden,DORIS,2008
snd0917-1,Umeå University,DORIS,2013
snd0087-1,IMU-Testologen AB,DORIS,1983
snd0083-1,IMU-Testologen AB,DORIS,1983
snd0078-1,IMU-Testologen AB,DORIS,1983
snd0990-1,University of Gothenburg,DORIS,2016
snd0991-1,University of Gothenburg,DORIS,2016
snd0992-1,University of Gothenburg,DORIS,2016
snd0995-1,University of Gothenburg,DORIS,2016
snd0896-1,University of Gothenburg,DORIS,2016
snd0921-1,Umeå University,DORIS,2015
snd0177-1,IMU-Testologen AB,DORIS,1985
snd0172-1,IMU-Testologen AB,DORIS,1985
snd0921-1,Umeå University,DORIS,2013
snd0727-1,Umeå University,DORIS,2009
snd0887-1,Umeå University,DORIS,2011
snd0866-1,Swedish Transport Administration,DORIS,2014
snd0035-1,IMU-Testologen AB,DORIS,1983
snd0753-1,Umeå University,DORIS,2009
snd0036-1,IMU-Testologen AB,DORIS,1983
snd0727-1,Umeå University,DORIS,2000
snd0854-1,University of Gothenburg,DORIS,2008
snd0623-1,Swedish Transport Administration,DORIS,2014
snd0869-1,University of Gothenburg,DORIS,2009
snd0894-1,University of Gothenburg,DORIS,2011
snd0901-1,University of Gothenburg,DORIS,2011
snd0779-1,Umeå University,DORIS,2008
snd0643-1,Swedish Transport Administration,DORIS,2014
snd0825-1,University of Gothenburg,DORIS,2006
snd0779-1,Umeå University,DORIS,2002
snd0624-1,Swedish Transport Administration,DORIS,2014
snd0841-1,University of Gothenburg,DORIS,2006
snd0850-1,University of Gothenburg,DORIS,2007
snd0936-1,University of Gothenburg,DORIS,2014
snd0290-1,University of Gothenburg,DORIS,2014
snd0633-1,University of Gothenburg,DORIS,2014
snd0101-3,Stockholm University,DORIS,1983
snd0472-1,University of Gothenburg,DORIS,2014
snd0943-1,University of Gothenburg,DORIS,2014
snd0823-1,University of Gothenburg,DORIS,2014
snd0101-4,Stockholm University,DORIS,1983
snd0946-1,University of Gothenburg,DORIS,2014
snd0950-1,University of Gothenburg,DORIS,2014
snd0104-1,University of Gothenburg,DORIS,1991
snd0103-1,University of Gothenburg,DORIS,1982
snd0761-1,University of Gothenburg,DORIS,2002
snd0761-1,University of Gothenburg,DORIS,2014
snd0632-1,University of Gothenburg,DORIS,2014
snd0634-1,University of Gothenburg,DORIS,2014
snd0953-1,University of Gothenburg,DORIS,2014
snd0954-1,University of Gothenburg,DORIS,2014
snd0951-1,University of Gothenburg,DORIS,2014
snd0952-1,University of Gothenburg,DORIS,2014
snd0898-1,University of Gothenburg,DORIS,2012
snd0912-1,University of Gothenburg,DORIS,2013
snd0888-1,University of Gothenburg,DORIS,2011
snd0853-1,University of Gothenburg,DORIS,2008
snd0877-1,University of Gothenburg,DORIS,2010
snd0851-1,University of Gothenburg,DORIS,2007
snd0873-1,University of Gothenburg,DORIS,2009
snd0868-1,University of Gothenburg,DORIS,2009
snd0868-1,University of Gothenburg,DORIS,2011
snd0273-1,University of Gothenburg,DORIS,2014
snd0511-1,University of Gothenburg,DORIS,1997
snd0907-1,University of Gothenburg,DORIS,2014
snd0592-1,University of Gothenburg,DORIS,2014
snd0924-1,Umeå University,DORIS,2014
snd0964-1,Swedish Transport Administration,DORIS,2014
snd0969-1,Sveriges Television,DORIS,2014
snd1043-1,University of Gothenburg,DORIS,2018
snd0969-1,Sveriges Television,DORIS,2015
ecds0208-1,Swedish Polar Research Secretariat,DORIS,2017
snd0887-1,Umeå University,DORIS,2015
ecds0207-1,Swedish Polar Research Secretariat,DORIS,2017
ecds0203-2,Swedish Polar Research Secretariat,DORIS,2017
ecds0206-1,Swedish Polar Research Secretariat,DORIS,2017
snd0237-5,Statistics Sweden,DORIS,1989
snd0237-4,Statistics Sweden,DORIS,1989
snd0237-6,Statistics Sweden,DORIS,1989
snd0988-1,Umeå University,DORIS,2015
snd0878-1,University of Gothenburg,DORIS,2011
snd0590-1,University of Gothenburg,DORIS,1998
snd0512-1,University of Gothenburg,DORIS,1997
snd0981-1,University of Gothenburg,DORIS,2015
snd0976-1,Umeå University,DORIS,2015
snd0238-9,Statistics Sweden,DORIS,2015
snd0493-1,University of Gothenburg,DORIS,1995
snd0239-10,Statistics Sweden,DORIS,2015
snd0237-11,Statistics Sweden,DORIS,2015
snd0237-10,Statistics Sweden,DORIS,2015
snd0238-10,Statistics Sweden,DORIS,2015
snd0237-10,Statistics Sweden,DORIS,2016
snd0237-11,Statistics Sweden,DORIS,2016
snd0239-9,Statistics Sweden,DORIS,2015
snd0181-1,IMU-Testologen AB,DORIS,1985
snd0186-1,IMU-Testologen AB,DORIS,1985
snd0587-1,Umeå University,DORIS,2009
snd0716-1,Umeå University,DORIS,1999
snd0129-1,University of Gothenburg,DORIS,1992
snd0300-1,University of Gothenburg,DORIS,1993
snd0722-1,Umeå University,DORIS,1999
snd0716-1,Umeå University,DORIS,2009
snd0298-1,University of Gothenburg,DORIS,1993
snd0502-1,Umeå University,DORIS,2009
snd0303-2,University of Gothenburg,DORIS,1992
snd0303-1,University of Gothenburg,DORIS,1992
snd0722-1,Umeå University,DORIS,2009
snd0587-1,Umeå University,DORIS,1997
snd0299-1,University of Gothenburg,DORIS,1993
snd0934-1,Swedish Transport Administration,DORIS,2014
snd0864-1,Swedish Transport Administration,DORIS,2014
snd0034-1,IMU-Testologen AB,DORIS,1983
snd0865-1,Swedish Transport Administration,DORIS,2014
snd0933-1,Swedish Transport Administration,DORIS,2014
snd0875-1,Umeå University,DORIS,2009
snd0596-1,University of Gothenburg,DORIS,2010
snd0862-1,Umeå University,DORIS,2009
snd0952-1,University of Gothenburg,DORIS,2014
snd0875-1,Umeå University,DORIS,2010
snd0955-1,University of Gothenburg,DORIS,2014
snd0956-1,University of Gothenburg,DORIS,2014
snd0875-1,Umeå University,DORIS,2010
snd0867-1,Umeå University,DORIS,2009
snd0953-1,University of Gothenburg,DORIS,2014
snd0954-1,University of Gothenburg,DORIS,2014
snd0867-1,Umeå University,DORIS,2009
snd0862-1,Umeå University,DORIS,2008
snd0867-1,Umeå University,DORIS,2009
snd0875-1,Umeå University,DORIS,2010
snd0905-1,University of Gothenburg,DORIS,2014
snd0759-1,University of Gothenburg,DORIS,2014
snd0892-1,Umeå University,DORIS,2011
snd0905-1,University of Gothenburg,DORIS,2013
snd0937-1,University of Gothenburg,DORIS,2014
snd0939-1,University of Gothenburg,DORIS,2014
snd0899-1,University of Gothenburg,DORIS,2012
snd0264-1,University of Gothenburg,DORIS,1991
snd0962-1,University of Gothenburg,DORIS,2014
snd0279-1,University of Gothenburg,DORIS,1990
snd0961-1,University of Gothenburg,DORIS,2014
snd0296-1,University of Gothenburg,DORIS,1992
snd0113-1,University of Gothenburg,DORIS,1982
snd0960-1,University of Gothenburg,DORIS,2014
snd0599-1,University of Gothenburg,DORIS,2014
snd0835-1,University of Gothenburg,DORIS,2014
snd0914-1,University of Gothenburg,DORIS,2014
snd0891-1,Umeå University,DORIS,2011
snd0744-1,University of Gothenburg,DORIS,2001
snd0563-1,Swedish Transport Administration,DORIS,2013
snd0744-2,University of Gothenburg,DORIS,2001
snd0559-1,Swedish Transport Administration,DORIS,2002
snd0589-1,University of Gothenburg,DORIS,2011
snd0866-1,Swedish Transport Administration,DORIS,2013
snd0565-1,Swedish Transport Administration,DORIS,2013
snd0889-1,Umeå University,DORIS,2011
snd0890-1,Umeå University,DORIS,2011
snd0241-3,Statistics Sweden,DORIS,2008
snd0562-1,Swedish Transport Administration,DORIS,2013
snd0973-1,University of Gothenburg,DORIS,2015
snd0972-1,University of Gothenburg,DORIS,2015
snd0199-1,University of Gothenburg,DORIS,1986
ecds0202-1,Swedish Polar Research Secretariat,DORIS,2017
snd0812-1,University of Gothenburg,DORIS,2004
ecds0204-1,Swedish Polar Research Secretariat,DORIS,2018
snd0295-1,University of Gothenburg,DORIS,1992
snd0460-1,University of Gothenburg,DORIS,1994
snd0781-1,University of Gothenburg,DORIS,2002
ecds0202-2,Swedish Polar Research Secretariat,DORIS,2017
snd0237-9,Statistics Sweden,DORIS,1999
ecds0199-1,Swedish Polar Research Secretariat,DORIS,2017
ecds0232-1,Swedish Polar Research Secretariat,DORIS,2018
ecds0201-1,Swedish Polar Research Secretariat,DORIS,2017
ecds0200-1,Swedish Polar Research Secretariat,DORIS,2017
snd0980-1,Swedish Transport Administration,DORIS,2015
snd0971-1,Umeå University,DORIS,2015
snd0056-1,IMU-Testologen AB,DORIS,1983
snd0057-1,IMU-Testologen AB,DORIS,1983
snd0929-1,Swedish Transport Administration,DORIS,2013
snd0039-1,University of Gothenburg,DORIS,1982
snd0007-1,University of Gothenburg,DORIS,1982
snd0040-1,University of Gothenburg,DORIS,1982
snd0008-1,University of Gothenburg,DORIS,1982
snd0152-1,University of Gothenburg,DORIS,2013
snd0020-1,University of Gothenburg,DORIS,1982
snd0930-1,Swedish Transport Administration,DORIS,2013
snd0304-1,Umeå University,DORIS,1992
snd0476-1,University of Gothenburg,DORIS,1995
snd0932-1,Swedish Transport Administration,DORIS,2014
snd0931-1,Swedish Transport Administration,DORIS,2013
snd0477-1,University of Gothenburg,DORIS,1994
snd0302-1,University of Gothenburg,DORIS,1993
snd0644-1,University of Gothenburg,DORIS,1999
snd0481-1,Umeå University,DORIS,2011
snd0033-1,IMU-Testologen AB,DORIS,1983
snd0763-1,Swedish Transport Administration,DORIS,2014
snd0749-1,Swedish Transport Administration,DORIS,2014
snd0748-1,Swedish Transport Administration,DORIS,2014
snd0740-1,University of Gothenburg,DORIS,2001
snd0636-1,University of Gothenburg,DORIS,1999
snd0863-1,Swedish Transport Administration,DORIS,2014
snd0502-1,Umeå University,DORIS,1995
snd0856-1,University of Gothenburg,DORIS,2008
snd0821-1,University of Gothenburg,DORIS,2007
snd0576-1,Swedish Transport Administration,DORIS,1997
snd0481-1,Umeå University,DORIS,1995
snd0481-1,Umeå University,DORIS,2009
snd0957-1,University of Gothenburg,DORIS,2014
snd0593-1,University of Gothenburg,DORIS,1997
snd0273-1,University of Gothenburg,DORIS,1991
snd0858-1,University of Gothenburg,DORIS,2008
snd0962-1,University of Gothenburg,DORIS,2014
snd0842-1,University of Gothenburg,DORIS,2006
snd0961-1,University of Gothenburg,DORIS,2014
snd0886-1,University of Gothenburg,DORIS,2010
snd0900-1,University of Gothenburg,DORIS,2012
snd0958-1,University of Gothenburg,DORIS,2014
snd0959-1,University of Gothenburg,DORIS,2014
snd0960-1,University of Gothenburg,DORIS,2014
snd0963-1,University of Gothenburg,DORIS,2014
snd0963-1,University of Gothenburg,DORIS,2014
snd0100-1,University of Gothenburg,DORIS,1982
snd0395-1,University of Gothenburg,DORIS,1993
snd0921-1,Umeå University,DORIS,2014
snd0596-1,University of Gothenburg,DORIS,2014
snd0885-1,Sveriges Television,DORIS,2014
snd0787-1,Sveriges Television,DORIS,2014
snd0593-1,University of Gothenburg,DORIS,2014
snd0628-1,University of Gothenburg,DORIS,2014
snd0484-1,University of Gothenburg,DORIS,1996
snd0844-1,Sveriges Television,DORIS,2014
snd0811-1,Sveriges Television,DORIS,2014
snd0436-1,University of Gothenburg,DORIS,1994
snd0465-1,University of Gothenburg,DORIS,1994
snd0806-1,Sveriges Television,DORIS,2014
snd0811-1,Sveriges Television,DORIS,2008
snd0874-1,Sveriges Television,DORIS,2014
snd0865-1,Swedish Transport Administration,DORIS,2013
snd0297-1,Umeå University,DORIS,2009
snd0291-1,University of Gothenburg,DORIS,1991
snd0293-1,University of Gothenburg,DORIS,1991
snd0297-1,Umeå University,DORIS,1992
snd0917-1,Umeå University,DORIS,2013
snd0290-1,University of Gothenburg,DORIS,1991
snd0555-1,Swedish Transport Administration,DORIS,2013
snd0743-3,University of Gothenburg,DORIS,2001
snd0558-1,Swedish Transport Administration,DORIS,2013
snd0743-2,University of Gothenburg,DORIS,2001
snd0553-1,Swedish Transport Administration,DORIS,2013
snd0152-1,University of Gothenburg,DORIS,1991
ext0171-1,Stockholm County Council,DORIS (only metadata),2015
ext0186-1,Region Västra Götaland,DORIS (only metadata),2015
ext0187-1,Region Västra Götaland,DORIS (only metadata),2015
ext0191-1,Region Västra Götaland,DORIS (only metadata),2015
ext0192-1,City of Gothenburg,DORIS (only metadata),2015
ext0195-1,Region Västra Götaland,DORIS (only metadata),2015
ext0191-2,Region Västra Götaland,DORIS (only metadata),2015
ext0188-1,Region Västra Götaland,DORIS (only metadata),2015
ext0189-1,City of Gothenburg,DORIS (only metadata),2015
ext0190-1,City of Gothenburg,DORIS (only metadata),2015
ext0185-1,Region Västra Götaland,DORIS (only metadata),2015
ext0194-1,City of Gothenburg,DORIS (only metadata),2015
ext0193-1,City of Gothenburg,DORIS (only metadata),2015
ext0184-1,Region Västra Götaland,DORIS (only metadata),2015
ext0128-1,Lund University,DORIS (only metadata),2014
2020-148-1,University of Gothenburg,DORIS,2021
ext0087-1,Lund University,DORIS (only metadata),2013
ext0058-1,Lund University,DORIS (only metadata),2013
2020-131-1,University of Gothenburg,DORIS,2021
ext0066-1,Public Health Agency of Sweden,DORIS (only metadata),2013
ext0074-1,Lund University,DORIS (only metadata),2013
snd1039-1,University of Gothenburg,DORIS,2021
2020-149-1,University of Gothenburg,DORIS,2021
ext0088-1,Lund University,DORIS (only metadata),2014
2020-147-1,University of Gothenburg,DORIS,2021
2020-150-1,University of Gothenburg,DORIS,2021
ext0323-1,Institute for Language and Folklore,DORIS (only metadata),2020
ext0054-1,University of Gothenburg,DORIS (only metadata),2014
ext0322-3,Institute for Language and Folklore,DORIS (only metadata),2020
ext0322-2,Institute for Language and Folklore,DORIS (only metadata),2020
ext0312-1,Institute for Language and Folklore,DORIS (only metadata),2020
ext0155-1,Stockholm University,DORIS (only metadata),2015
ext0162-1,Uppsala University,DORIS (only metadata),2015
ext0318-1,Institute for Language and Folklore,DORIS (only metadata),2020
ext0317-1,Institute for Language and Folklore,DORIS (only metadata),2020
ext0164-1,Uppsala University,DORIS (only metadata),2015
ext0316-1,Institute for Language and Folklore,DORIS (only metadata),2020
ext0315-1,Institute for Language and Folklore,DORIS (only metadata),2020
ext0165-1,Uppsala University,DORIS (only metadata),2015
ext0314-1,Institute for Language and Folklore,DORIS (only metadata),2020
ext0169-1,Örebro University,DORIS (only metadata),2015
ext0170-1,Uppsala University,DORIS (only metadata),2015
ext0325-1,Institute for Language and Folklore,DORIS (only metadata),2020
ext0151-1,Region Skåne,DORIS (only metadata),2015
ext0320-1,Institute for Language and Folklore,DORIS (only metadata),2020
ext0319-1,Institute for Language and Folklore,DORIS (only metadata),2020
ext0045-1,Umeå University,DORIS (only metadata),2012
ext0270-1,Region Skåne,DORIS (only metadata),2017
ext0267-1,Lund University,DORIS (only metadata),2017
ext0265-1,Uppsala University,DORIS (only metadata),2017
ext0266-1,Lund University,DORIS (only metadata),2017
ext0265-2,Uppsala University,DORIS (only metadata),2017
ext0265-3,Uppsala University,DORIS (only metadata),2017
ext0259-1,Stockholm County Council,DORIS (only metadata),2017
ext0202-1,Lund University,DORIS (only metadata),2017
ext0206-1,Public Health Agency of Sweden,DORIS (only metadata),2016
ext0131-1,Umeå University,DORIS (only metadata),2016
ext0311-1,University of Gothenburg,DORIS (only metadata),2020
ext0043-1,Umeå University,DORIS (only metadata),2015
ext0209-1,Stockholm Gerontology Research Center Foundation,DORIS (only metadata),2016
ext0195-2,Region Västra Götaland,DORIS (only metadata),2015
ext0196-1,The Swedish Council for Information on Alcohol and Other Drugs,DORIS (only metadata),2017
ext0211-1,University of Gothenburg,DORIS (only metadata),2017
ext0248-2,The Swedish Council for Information on Alcohol and Other Drugs,DORIS (only metadata),2017
ext0256-1,Linköping University,DORIS (only metadata),2017
ext0208-1,University of Gothenburg,DORIS (only metadata),2020
2021-20-1,University of Gothenburg,DORIS,2022
2021-21-1,University of Gothenburg,DORIS,2022
ext0064-1,Public Health Agency of Sweden,DORIS (only metadata),2013
2021-22-1,University of Gothenburg,DORIS,2022
2020-199-1,Environment for Development Initiative,DORIS,2021
ext0065-1,Public Health Agency of Sweden,DORIS (only metadata),2013
2020-191-1,University of Gothenburg,DORIS,2022
2020-128-4,University of Gothenburg,DORIS,2021
2020-148-2,University of Gothenburg,DORIS,2021
2020-150-2,University of Gothenburg,DORIS,2021
snd0723-1,Sveriges Television,DORIS,2008
snd0614-1,Radio Sweden,DORIS,1998
snd0564-1,Swedish Transport Administration,DORIS,2013
snd0609-1,Radio Sweden,DORIS,1998
snd0630-1,Sveriges Television,DORIS,2008
snd0613-1,Radio Sweden,DORIS,1998
snd0612-1,Radio Sweden,DORIS,1998
snd0567-1,Sveriges Television,DORIS,1997
snd0849-1,Umeå University,DORIS,2007
snd0294-1,University of Gothenburg,DORIS,1991
snd0723-1,Sveriges Television,DORIS,1999
snd0787-1,Sveriges Television,DORIS,2008
snd0568-1,Sveriges Television,DORIS,2008
snd0568-1,Sveriges Television,DORIS,1997
snd0473-1,Sveriges Television,DORIS,2008
snd0473-1,Sveriges Television,DORIS,1997
snd0567-1,Sveriges Television,DORIS,2008
snd0630-1,Sveriges Television,DORIS,1999
snd0001-1,University of Gothenburg,DORIS,1982
snd0005-1,University of Gothenburg,DORIS,1982
snd0088-1,Stiftelsen för opinionsanalyser,DORIS,1984
snd0278-1,Sveriges Television,DORIS,1991
snd0878-1,University of Gothenburg,DORIS,2011
snd0878-1,University of Gothenburg,DORIS,2010
snd0916-1,University of Gothenburg,DORIS,2013
snd0913-1,University of Gothenburg,DORIS,2013
snd0878-1,University of Gothenburg,DORIS,2010
snd0827-1,University of Gothenburg,DORIS,2006
snd0830-1,University of Gothenburg,DORIS,2006
snd0556-1,Swedish Transport Administration,DORIS,2002
snd0563-1,Swedish Transport Administration,DORIS,2002
snd0914-1,University of Gothenburg,DORIS,2012
snd0914-1,University of Gothenburg,DORIS,2013
snd0554-1,Swedish Transport Administration,DORIS,1996
snd0278-1,Sveriges Television,DORIS,2008
snd0611-1,Radio Sweden,DORIS,1998
snd0795-1,University of Gothenburg,DORIS,2003
snd0795-2,University of Gothenburg,DORIS,2003
snd0619-1,Radio Sweden,DORIS,1998
snd0620-1,University of Gothenburg,DORIS,1998
snd0621-1,University of Gothenburg,DORIS,1998
snd0622-1,University of Gothenburg,DORIS,1998
snd0826-1,University of Gothenburg,DORIS,2006
snd0806-1,Sveriges Television,DORIS,2008
snd0615-1,Radio Sweden,DORIS,1998
snd0753-1,Umeå University,DORIS,2001
snd0828-1,University of Gothenburg,DORIS,2006
snd0880-1,University of Gothenburg,DORIS,2010
snd0904-1,Umeå University,DORIS,2012
snd0741-1,University of Gothenburg,DORIS,2001
snd0551-1,Swedish Transport Administration,DORIS,2002
snd0421-1,IMU-Testologen AB,DORIS,1994
snd0422-1,IMU-Testologen AB,DORIS,1994
snd0425-1,IMU-Testologen AB,DORIS,1994
snd0426-1,IMU-Testologen AB,DORIS,1994
snd0429-1,IMU-Testologen AB,DORIS,1994
snd0430-1,IMU-Testologen AB,DORIS,1994
snd0427-1,IMU-Testologen AB,DORIS,1994
snd0428-1,IMU-Testologen AB,DORIS,1994
snd0433-1,IMU-Testologen AB,DORIS,1994
snd0434-1,IMU-Testologen AB,DORIS,1994
snd0431-1,IMU-Testologen AB,DORIS,1994
snd0432-1,IMU-Testologen AB,DORIS,1994
snd0556-1,Swedish Transport Administration,DORIS,2013
snd0914-1,University of Gothenburg,DORIS,2013
snd0885-1,Sveriges Television,DORIS,2010
snd0874-1,Sveriges Television,DORIS,2009
snd0844-1,Sveriges Television,DORIS,2008
snd0844-1,Sveriges Television,DORIS,2007
snd0811-1,Sveriges Television,DORIS,2004
2024-128,Karolinska Institutet,DORIS,2025
2024-401,Linköping University,DORIS,2023
snd0623-1,Swedish Transport Administration,DORIS,2013
snd0554-1,Swedish Transport Administration,DORIS,2013
snd0554-1,Swedish Transport Administration,DORIS,2002
snd0748-1,Swedish Transport Administration,DORIS,2001
snd0292-1,Stockholm University,DORIS,1992
snd0553-1,Swedish Transport Administration,DORIS,2009
snd0763-1,Swedish Transport Administration,DORIS,2013
snd0749-1,Swedish Transport Administration,DORIS,2013
snd0555-1,Swedish Transport Administration,DORIS,2006
snd0561-1,Swedish Transport Administration,DORIS,2013
snd0551-1,Swedish Transport Administration,DORIS,2013
snd0552-1,Swedish Transport Administration,DORIS,2013
snd0624-1,Swedish Transport Administration,DORIS,2013
snd0643-1,Swedish Transport Administration,DORIS,2013
snd0557-1,Swedish Transport Administration,DORIS,2013
snd0292-1,Stockholm University,DORIS,1999
snd0795-3,University of Gothenburg,DORIS,2003
snd0507-1,Commission of the European Communities,DORIS,1997
snd0806-1,Sveriges Television,DORIS,2004
snd0787-1,Sveriges Television,DORIS,2002
snd0472-1,University of Gothenburg,DORIS,1994
snd0633-1,University of Gothenburg,DORIS,1999
snd0262-1,University of Gothenburg,DORIS,1994
snd0509-1,Commission of the European Communities,DORIS,1997
snd0582-1,Commission of the European Communities,DORIS,2001
snd0508-1,Commission of the European Communities,DORIS,1997
snd0510-1,Commission of the European Communities,DORIS,1997
snd0419-1,IMU-Testologen AB,DORIS,1994
snd0420-1,IMU-Testologen AB,DORIS,1994
snd0423-1,IMU-Testologen AB,DORIS,1994
snd0424-1,IMU-Testologen AB,DORIS,1994
snd0417-1,IMU-Testologen AB,DORIS,1994
snd0418-1,IMU-Testologen AB,DORIS,1994
2025-184,Lund University,DORIS,2025
gbif-sweden-10-15468-1rofux,Uppsala University,GBIF Sweden,2010
gbif-sweden-10-15468-2aajk9,Lund University,GBIF Sweden,2020
gbif-sweden-10-15468-2denvh,Station Linné,GBIF Sweden,2020
gbif-sweden-10-15468-2ng6hg,Station Linné,GBIF Sweden,2020
gbif-sweden-10-15468-37b3pz,Station Linné,GBIF Sweden,2020
gbif-sweden-10-15468-37u448,Lund University,GBIF Sweden,2020
gbif-sweden-10-15468-3bqngy,GBIF Sweden,GBIF Sweden,2010
gbif-sweden-10-15468-3cg3nw,GBIF Sweden,GBIF Sweden,2025
gbif-sweden-10-15468-3k4v3x,Station Linné,GBIF Sweden,2020
gbif-sweden-10-15468-3n7h7p,Station Linné,GBIF Sweden,2020
gbif-sweden-10-15468-4km26f,Station Linné,GBIF Sweden,2020
gbif-sweden-10-15468-4smbc7,Station Linné,GBIF Sweden,2020
gbif-sweden-10-15468-55t2ay,Station Linné,GBIF Sweden,2020
gbif-sweden-10-15468-597vph,Gothenburg Natural History Museum,GBIF Sweden,2020
gbif-sweden-10-15468-5ag9hn,Station Linné,GBIF Sweden,2020
gbif-sweden-10-15468-5becml,Swedish Museum of Natural History,GBIF Sweden,2015
gbif-sweden-10-15468-5ebhr2,SMHI - Swedish Meteorological and Hydrological Institute,GBIF Sweden,2025
gbif-sweden-10-15468-5epjpb,Station Linné,GBIF Sweden,2020
gbif-sweden-10-15468-5ft5ga,SMHI - Swedish Meteorological and Hydrological Institute,GBIF Sweden,2024
gbif-sweden-10-15468-5gtjxx,Station Linné,GBIF Sweden,2020
gbif-sweden-10-15468-5k9w88,Royal Institute of Technology,GBIF Sweden,2022
gbif-sweden-10-15468-5zhs46,Station Linné,GBIF Sweden,2020
gbif-sweden-10-15468-62qwjj,Station Linné,GBIF Sweden,2020
gbif-sweden-10-15468-633y44,Station Linné,GBIF Sweden,2020
gbif-sweden-10-15468-68s836,Station Linné,GBIF Sweden,2020
gbif-sweden-10-15468-6d663p,Station Linné,GBIF Sweden,2020
gbif-sweden-10-15468-6u5rum,Swedish Museum of Natural History,GBIF Sweden,2025
gbif-sweden-10-15468-76cuj6,SMHI - Swedish Meteorological and Hydrological Institute,GBIF Sweden,2023
gbif-sweden-10-15468-783jyb,Swedish Museum of Natural History,GBIF Sweden,2024
gbif-sweden-10-15468-7jc4xq,Swedish Museum of Natural History,GBIF Sweden,2024
gbif-sweden-10-15468-7sk8se,Swedish University of Agricultural Sciences,GBIF Sweden,2020
gbif-sweden-10-15468-7v7ybr,Station Linné,GBIF Sweden,2020
gbif-sweden-10-15468-87hk5a,Station Linné,GBIF Sweden,2020
gbif-sweden-10-15468-896xyy,Swedish Museum of Natural History,GBIF Sweden,2024
gbif-sweden-10-15468-8hsehm,Station Linné,GBIF Sweden,2020
gbif-sweden-10-15468-8pu4y5,Station Linné,GBIF Sweden,2020
gbif-sweden-10-15468-8qm8rd,Station Linné,GBIF Sweden,2020
gbif-sweden-10-15468-9meff0,Swedish University of Agricultural Sciences,GBIF Sweden,2010
gbif-sweden-10-15468-9s6ktn,Station Linné,GBIF Sweden,2020
gbif-sweden-10-15468-9sjvbp,Station Linné,GBIF Sweden,2020
gbif-sweden-10-15468-a6ugn5,Station Linné,GBIF Sweden,2020
gbif-sweden-10-15468-af5cwp,Swedish Museum of Natural History,GBIF Sweden,2024
gbif-sweden-10-15468-ajpx9r,Station Linné,GBIF Sweden,2020
gbif-sweden-10-15468-ao0ljg,Swedish Museum of Natural History,GBIF Sweden,2010
gbif-sweden-10-15468-ar7wwx,GBIF Sweden,GBIF Sweden,2025
gbif-sweden-10-15468-asgd85,University of Gothenburg,GBIF Sweden,2021
gbif-sweden-10-15468-at6azc,Station Linné,GBIF Sweden,2020
gbif-sweden-10-15468-avttsr,SMHI - Swedish Meteorological and Hydrological Institute,GBIF Sweden,2023
gbif-sweden-10-15468-awjycd,Swedish Museum of Natural History,GBIF Sweden,2024
gbif-sweden-10-15468-b3yrfu,Station Linné,GBIF Sweden,2020
gbif-sweden-10-15468-b48ufy,Station Linné,GBIF Sweden,2020
gbif-sweden-10-15468-b58jkn,SMHI - Swedish Meteorological and Hydrological Institute,GBIF Sweden,2024
gbif-sweden-10-15468-b9c3d7,Swedish University of Agricultural Sciences,GBIF Sweden,2024
gbif-sweden-10-15468-b9o7h4,Swedish Museum of Natural History,GBIF Sweden,2010
gbif-sweden-10-15468-bdzv7j,Station Linné,GBIF Sweden,2020
gbif-sweden-10-15468-bkzpdj,SMHI - Swedish Meteorological and Hydrological Institute,GBIF Sweden,2021
gbif-sweden-10-15468-bp9w9y,Swedish University of Agricultural Sciences,GBIF Sweden,2010
gbif-sweden-10-15468-bt7w4p,Station Linné,GBIF Sweden,2020
gbif-sweden-10-15468-btczj6,Station Linné,GBIF Sweden,2020
gbif-sweden-10-15468-bwhfe6,Station Linné,GBIF Sweden,2020
gbif-sweden-10-15468-byagn4,GBIF Sweden,GBIF Sweden,2025
gbif-sweden-10-15468-c4w4co,Lund University,GBIF Sweden,2010
gbif-sweden-10-15468-c5fqds,Station Linné,GBIF Sweden,2020
gbif-sweden-10-15468-cchsv3,GBIF Sweden,GBIF Sweden,2017
gbif-sweden-10-15468-cdw57a,Station Linné,GBIF Sweden,2020
gbif-sweden-10-15468-cesssx,SMHI - Swedish Meteorological and Hydrological Institute,GBIF Sweden,2021
gbif-sweden-10-15468-cghs8p,Swedish Museum of Natural History,GBIF Sweden,2011
gbif-sweden-10-15468-ckcffa,University of Gothenburg,GBIF Sweden,2025
gbif-sweden-10-15468-cvcqeb,Station Linné,GBIF Sweden,2020
gbif-sweden-10-15468-cw5jrv,University of Gothenburg,GBIF Sweden,2023
gbif-sweden-10-15468-cwjstg,Royal Institute of Technology,GBIF Sweden,2023
gbif-sweden-10-15468-d7eitf,Swedish Museum of Natural History,GBIF Sweden,2012
gbif-sweden-10-15468-d8xe2j,Station Linné,GBIF Sweden,2020
gbif-sweden-10-15468-dahk2a,Lund University,GBIF Sweden,2011
gbif-sweden-10-15468-dpa676,Station Linné,GBIF Sweden,2020
gbif-sweden-10-15468-dytntx,Lund University,GBIF Sweden,2024
gbif-sweden-10-15468-e7t4xp,GBIF Sweden,GBIF Sweden,2025
gbif-sweden-10-15468-edkb5r,SMHI - Swedish Meteorological and Hydrological Institute,GBIF Sweden,2021
gbif-sweden-10-15468-eoika6,GBIF Sweden,GBIF Sweden,2013
gbif-sweden-10-15468-es2jyy,Station Linné,GBIF Sweden,2020
gbif-sweden-10-15468-eyda6l,Swedish Museum of Natural History,GBIF Sweden,2010
gbif-sweden-10-15468-f46vf7,Station Linné,GBIF Sweden,2020
gbif-sweden-10-15468-f9u8kc,Station Linné,GBIF Sweden,2020
gbif-sweden-10-15468-fag596,Station Linné,GBIF Sweden,2020
gbif-sweden-10-15468-fggzdr,SMHI - Swedish Meteorological and Hydrological Institute,GBIF Sweden,2021
gbif-sweden-10-15468-fpzyjx,Swedish Museum of Natural History,GBIF Sweden,2015
gbif-sweden-10-15468-g44yc3,Station Linné,GBIF Sweden,2020
gbif-sweden-10-15468-gatdg4,Umeå University,GBIF Sweden,2010
gbif-sweden-10-15468-gm4esc,Station Linné,GBIF Sweden,2020
gbif-sweden-10-15468-h8jaj2,Station Linné,GBIF Sweden,2020
gbif-sweden-10-15468-h8ra7n,Station Linné,GBIF Sweden,2020
gbif-sweden-10-15468-hd5npb,Station Linné,GBIF Sweden,2020
gbif-sweden-10-15468-hd6w0r,Lund University,GBIF Sweden,2020
gbif-sweden-10-15468-hqpbmf,Station Linné,GBIF Sweden,2020
gbif-sweden-10-15468-hrftcf,SMHI - Swedish Meteorological and Hydrological Institute,GBIF Sweden,2024
gbif-sweden-10-15468-hxfuwr,Lund University,GBIF Sweden,2024
gbif-sweden-10-15468-ikisyu,Gothenburg Natural History Museum,GBIF Sweden,2010
gbif-sweden-10-15468-j43wfc,Swedish University of Agricultural Sciences,GBIF Sweden,2012
gbif-sweden-10-15468-j7qzfw,SMHI - Swedish Meteorological and Hydrological Institute,GBIF Sweden,2023
gbif-sweden-10-15468-jamhmk,GBIF Sweden,GBIF Sweden,2010
gbif-sweden-10-15468-jh6duy,Station Linné,GBIF Sweden,2020
gbif-sweden-10-15468-jhwkpq,Swedish University of Agricultural Sciences,GBIF Sweden,2020
gbif-sweden-10-15468-jmn2xn,Station Linné,GBIF Sweden,2020
gbif-sweden-10-15468-jwbtsb,Swedish University of Agricultural Sciences,GBIF Sweden,2020
gbif-sweden-10-15468-kllkyl,Swedish University of Agricultural Sciences,GBIF Sweden,2012
gbif-sweden-10-15468-kq78ja,Station Linné,GBIF Sweden,2020
gbif-sweden-10-15468-kscfj6,Uppsala University,GBIF Sweden,2025
gbif-sweden-10-15468-lyyqmc,Swedish University of Agricultural Sciences,GBIF Sweden,2010
gbif-sweden-10-15468-mer99q,Station Linné,GBIF Sweden,2020
gbif-sweden-10-15468-mqwnmj,GBIF Sweden,GBIF Sweden,2015
gbif-sweden-10-15468-mw39rb,Lund University,GBIF Sweden,2010
gbif-sweden-10-15468-n5nuuc,Lund University,GBIF Sweden,2021
gbif-sweden-10-15468-n7xfgz,GBIF Sweden,GBIF Sweden,2016
gbif-sweden-10-15468-n9qrv4,Station Linné,GBIF Sweden,2020
gbif-sweden-10-15468-nw85cf,Station Linné,GBIF Sweden,2020
gbif-sweden-10-15468-nwjta7,Swedish University of Agricultural Sciences,GBIF Sweden,2024
gbif-sweden-10-15468-o3vdvv,GBIF Sweden,GBIF Sweden,2015
gbif-sweden-10-15468-othndo,Lund University,GBIF Sweden,2020
gbif-sweden-10-15468-p3r2rb,Station Linné,GBIF Sweden,2020
gbif-sweden-10-15468-p8gzhs,Royal Institute of Technology,GBIF Sweden,2025
gbif-sweden-10-15468-pad7pc,Swedish Museum of Natural History,GBIF Sweden,2025
gbif-sweden-10-15468-pheept,SMHI - Swedish Meteorological and Hydrological Institute,GBIF Sweden,2023
gbif-sweden-10-15468-pqxsbz,Swedish Museum of Natural History,GBIF Sweden,2010
gbif-sweden-10-15468-puqjx8,Lund University,GBIF Sweden,2024
gbif-sweden-10-15468-q6653a,Station Linné,GBIF Sweden,2020
gbif-sweden-10-15468-qck78f,Station Linné,GBIF Sweden,2020
gbif-sweden-10-15468-qfmb77,Swedish Museum of Natural History,GBIF Sweden,2010
gbif-sweden-10-15468-r8gu42,Uppsala University,GBIF Sweden,2022
gbif-sweden-10-15468-rhgn9a,GBIF Sweden,GBIF Sweden,2010
gbif-sweden-10-15468-rs389z,Station Linné,GBIF Sweden,2020
gbif-sweden-10-15468-s3yg8z,SMHI - Swedish Meteorological and Hydrological Institute,GBIF Sweden,2021
gbif-sweden-10-15468-s5y2mb,Station Linné,GBIF Sweden,2020
gbif-sweden-10-15468-saparq,Station Linné,GBIF Sweden,2020
gbif-sweden-10-15468-sb6fcq,Swedish Museum of Natural History,GBIF Sweden,2010
gbif-sweden-10-15468-sdgpvp,Station Linné,GBIF Sweden,2020
gbif-sweden-10-15468-sg5spw,Lund University,GBIF Sweden,2021
gbif-sweden-10-15468-stg5z9,Station Linné,GBIF Sweden,2020
gbif-sweden-10-15468-t2nc3b,Station Linné,GBIF Sweden,2020
gbif-sweden-10-15468-tbb5zr,Gothenburg Natural History Museum,GBIF Sweden,2024
gbif-sweden-10-15468-tfg6cf,Royal Institute of Technology,GBIF Sweden,2025
gbif-sweden-10-15468-thsjhr,Royal Institute of Technology,GBIF Sweden,2021
gbif-sweden-10-15468-tx1kgz,Umeå University,GBIF Sweden,2019
gbif-sweden-10-15468-u5wjib,GBIF Sweden,GBIF Sweden,2010
gbif-sweden-10-15468-u7dd6f,Station Linné,GBIF Sweden,2020
gbif-sweden-10-15468-u8bzai,GBIF Sweden,GBIF Sweden,2010
gbif-sweden-10-15468-uadgyw,Swedish Museum of Natural History,GBIF Sweden,2015
gbif-sweden-10-15468-ufmslw,Uppsala University,GBIF Sweden,2010
gbif-sweden-10-15468-upxbwy,Uppsala University,GBIF Sweden,2022
gbif-sweden-10-15468-v0gwot,Gothenburg Natural History Museum,GBIF Sweden,2012
gbif-sweden-10-15468-vdavsc,Uppsala University,GBIF Sweden,2023
gbif-sweden-10-15468-veahzb,Swedish Museum of Natural History,GBIF Sweden,2024
gbif-sweden-10-15468-vf8e7k,SMHI - Swedish Meteorological and Hydrological Institute,GBIF Sweden,2021
gbif-sweden-10-15468-vrxhxe,Royal Institute of Technology,GBIF Sweden,2023
gbif-sweden-10-15468-w5xcbu,Station Linné,GBIF Sweden,2020
gbif-sweden-10-15468-wchd9a,Station Linné,GBIF Sweden,2020
gbif-sweden-10-15468-wg5p5e,Station Linné,GBIF Sweden,2020
gbif-sweden-10-15468-wk3zk7,GBIF Sweden,GBIF Sweden,2010
gbif-sweden-10-15468-wkxgbq,Station Linné,GBIF Sweden,2020
gbif-sweden-10-15468-ws6uh3,Station Linné,GBIF Sweden,2020
gbif-sweden-10-15468-wxyx7e,Station Linné,GBIF Sweden,2020
gbif-sweden-10-15468-x656zx,Station Linné,GBIF Sweden,2020
gbif-sweden-10-15468-xhmqsu,GBIF Sweden,GBIF Sweden,2025
gbif-sweden-10-15468-xknzj2,Station Linné,GBIF Sweden,2020
gbif-sweden-10-15468-xmrfet,Gothenburg Natural History Museum,GBIF Sweden,2012
gbif-sweden-10-15468-xqyhd8,Station Linné,GBIF Sweden,2020
gbif-sweden-10-15468-y3upe9,University of Gothenburg,GBIF Sweden,2022
gbif-sweden-10-15468-y6dzym,Station Linné,GBIF Sweden,2020
gbif-sweden-10-15468-y7ndas,Station Linné,GBIF Sweden,2020
gbif-sweden-10-15468-y8mdvg,Swedish Museum of Natural History,GBIF Sweden,2024
gbif-sweden-10-15468-ygk52s,SMHI - Swedish Meteorological and Hydrological Institute,GBIF Sweden,2022
gbif-sweden-10-15468-yhyc17,Swedish Museum of Natural History,GBIF Sweden,2010
gbif-sweden-10-15468-yi64qd,Swedish Museum of Natural History,GBIF Sweden,2010
gbif-sweden-10-15468-yo3mmu,Swedish Museum of Natural History,GBIF Sweden,2010
gbif-sweden-10-15468-yomo68,GBIF Sweden,GBIF Sweden,2010
gbif-sweden-10-15468-yq77dh,SMHI - Swedish Meteorological and Hydrological Institute,GBIF Sweden,2022
gbif-sweden-10-15468-yrayvw,Swedish University of Agricultural Sciences,GBIF Sweden,2020
gbif-sweden-10-15468-yrxfxp,Swedish Museum of Natural History,GBIF Sweden,2010
gbif-sweden-10-15468-yvwnpu,Station Linné,GBIF Sweden,2020
gbif-sweden-10-15468-z244v6,Station Linné,GBIF Sweden,2020
gbif-sweden-10-15468-z5l3wx,GBIF Sweden,GBIF Sweden,2015
gbif-sweden-10-15468-z8pm63,University of Gothenburg,GBIF Sweden,2023
gbif-sweden-10-15468-zffolj,Swedish Museum of Natural History,GBIF Sweden,2015
gbif-sweden-10-15468-zhb2jn,Station Linné,GBIF Sweden,2020
gbif-sweden-10-15468-zme24v,Stockholm University,GBIF Sweden,2025
gbif-sweden-10-15468-zx6dxp,Station Linné,GBIF Sweden,2020
gbif-sweden-10-15468-zycqbx,Station Linné,GBIF Sweden,2020
doi-10-17196-novac-arenal-001,Chalmers University of Technology,Chalmers OJUO,2020
doi-10-17196-novac-concepcion-001,Chalmers University of Technology,Chalmers OJUO,2020
doi-10-17196-novac-copahue-001,Chalmers University of Technology,Chalmers OJUO,2020
doi-10-17196-novac-cotopaxi-001,Chalmers University of Technology,Chalmers OJUO,2020
doi-10-17196-novac-etna-001,Chalmers University of Technology,Chalmers OJUO,2020
doi-10-17196-novac-fuegodecolima-001,Chalmers University of Technology,Chalmers OJUO,2020
doi-10-17196-novac-fuegoguatemala-001,Chalmers University of Technology,Chalmers OJUO,2020
doi-10-17196-novac-galeras-001,Chalmers University of Technology,Chalmers OJUO,2020
doi-10-17196-novac-isluga-001,Chalmers University of Technology,Chalmers OJUO,2020
doi-10-17196-novac-lascar-001,Chalmers University of Technology,Chalmers OJUO,2020
doi-10-17196-novac-llaima-001,Chalmers University of Technology,Chalmers OJUO,2020
doi-10-17196-novac-masaya-001,Chalmers University of Technology,Chalmers OJUO,2020
doi-10-17196-novac-mayon-001,Chalmers University of Technology,Chalmers OJUO,2020
doi-10-17196-novac-momotombo-001,Chalmers University of Technology,Chalmers OJUO,2020
doi-10-17196-novac-nevadodelruiz-001,Chalmers University of Technology,Chalmers OJUO,2020
doi-10-17196-novac-nyiragongo-001,Chalmers University of Technology,Chalmers OJUO,2020
doi-10-17196-novac-pitondelafournaise-001,Chalmers University of Technology,Chalmers OJUO,2020
doi-10-17196-novac-planchonpeteroa-001,Chalmers University of Technology,Chalmers OJUO,2020
doi-10-17196-novac-popocatepetl-001,Chalmers University of Technology,Chalmers OJUO,2020
doi-10-17196-novac-sabancaya-001,Chalmers University of Technology,Chalmers OJUO,2020
doi-10-17196-novac-sancristobal-001,Chalmers University of Technology,Chalmers OJUO,2020
doi-10-17196-novac-sangay-001,Chalmers University of Technology,Chalmers OJUO,2020
doi-10-17196-novac-sanmiguel-001,Chalmers University of Technology,Chalmers OJUO,2020
doi-10-17196-novac-santaana-001,Chalmers University of Technology,Chalmers OJUO,2020
doi-10-17196-novac-santiaguito-001,Chalmers University of Technology,Chalmers OJUO,2020
doi-10-17196-novac-sinabung-001,Chalmers University of Technology,Chalmers OJUO,2020
doi-10-17196-novac-telica-001,Chalmers University of Technology,Chalmers OJUO,2020
doi-10-17196-novac-tungurahua-001,Chalmers University of Technology,Chalmers OJUO,2020
doi-10-17196-novac-turrialba-001,Chalmers University of Technology,Chalmers OJUO,2020
doi-10-17196-novac-ubinas-001,Chalmers University of Technology,Chalmers OJUO,2020
doi-10-17196-novac-villarrica-001,Chalmers University of Technology,Chalmers OJUO,2020
doi-10-17196-novac-vulcano-001,Chalmers University of Technology,Chalmers OJUO,2020
doi-10-5281-zenodo-10013486,Chalmers University of Technology,Chalmers Department of Physics Zenodo,2023
doi-10-5281-zenodo-10014454,Chalmers University of Technology,Chalmers Department of Physics Zenodo,2023
doi-10-5281-zenodo-10149723,Chalmers University of Technology,Chalmers Department of Physics Zenodo,2023
doi-10-5281-zenodo-10257363,Chalmers University of Technology,Chalmers Department of Physics Zenodo,2023
doi-10-5281-zenodo-10658778,Chalmers University of Technology,Chalmers Department of Physics Zenodo,2024
doi-10-5281-zenodo-11120638,Chalmers University of Technology,Chalmers Department of Physics Zenodo,2024
doi-10-5281-zenodo-13284739,Chalmers University of Technology,Chalmers Department of Physics Zenodo,2024
doi-10-5281-zenodo-13357330,Chalmers University of Technology,Chalmers Department of Physics Zenodo,2024
doi-10-5281-zenodo-14832607,Chalmers University of Technology,Chalmers Department of Physics Zenodo,2025
doi-10-5281-zenodo-15809229,Chalmers University of Technology,Chalmers Department of Physics Zenodo,2025
doi-10-5281-zenodo-16887940,Chalmers University of Technology,Chalmers Department of Physics Zenodo,2025
doi-10-5281-zenodo-3242317,Chalmers University of Technology,Chalmers Department of Physics Zenodo,2019
doi-10-5281-zenodo-3822037,Chalmers University of Technology,Chalmers Department of Physics Zenodo,2020
doi-10-5281-zenodo-3927527,Chalmers University of Technology,Chalmers Department of Physics Zenodo,2020
doi-10-5281-zenodo-4287250,Chalmers University of Technology,Chalmers Department of Physics Zenodo,2020
doi-10-5281-zenodo-4501057,Chalmers University of Technology,Chalmers Department of Physics Zenodo,2021
doi-10-5281-zenodo-5076169,Chalmers University of Technology,Chalmers Department of Physics Zenodo,2021
doi-10-5281-zenodo-5831087,Chalmers University of Technology,Chalmers Department of Physics Zenodo,2022
doi-10-5281-zenodo-5833929,Chalmers University of Technology,Chalmers Department of Physics Zenodo,2022
doi-10-5281-zenodo-6524101,Chalmers University of Technology,Chalmers Department of Physics Zenodo,2022
doi-10-5281-zenodo-7313504,Chalmers University of Technology,Chalmers Department of Physics Zenodo,2022
doi-10-5281-zenodo-7326784,Chalmers University of Technology,Chalmers Department of Physics Zenodo,2022
doi-10-5281-zenodo-7673985,Chalmers University of Technology,Chalmers Department of Physics Zenodo,2023
doi-10-5281-zenodo-7811021,Chalmers University of Technology,Chalmers Department of Physics Zenodo,2023
doi-10-5281-zenodo-7915677,Chalmers University of Technology,Chalmers Department of Physics Zenodo,2021
doi-10-5281-zenodo-8014365,Chalmers University of Technology,Chalmers Department of Physics Zenodo,2023
doi-10-5281-zenodo-8043878,Chalmers University of Technology,Chalmers Department of Physics Zenodo,2023
doi-10-5281-zenodo-8309963,Chalmers University of Technology,Chalmers Department of Physics Zenodo,2023
doi-10-5281-zenodo-10078608,University of Gothenburg,FLOW-Lab : Fluxes in Low Oxygen Waters Zenodo,2023
doi-10-5281-zenodo-11048010,University of Gothenburg,FLOW-Lab : Fluxes in Low Oxygen Waters Zenodo,2024
doi-10-5281-zenodo-12647855,University of Gothenburg,FLOW-Lab : Fluxes in Low Oxygen Waters Zenodo,2024
doi-10-5281-zenodo-14770956,University of Gothenburg,FLOW-Lab : Fluxes in Low Oxygen Waters Zenodo,2025
fega-sweden-egad50000000119-html,FEGA Sweden,FEGA Sweden,2023
fega-sweden-egad50000000298-html,FEGA Sweden,FEGA Sweden,2024
fega-sweden-egad50000000299-html,FEGA Sweden,FEGA Sweden,2024
fega-sweden-egad50000000300-html,FEGA Sweden,FEGA Sweden,2024
fega-sweden-egad50000001323-html,FEGA Sweden,FEGA Sweden,2025
fega-sweden-egad50000001324-html,FEGA Sweden,FEGA Sweden,2025
fega-sweden-egad50000001325-html,FEGA Sweden,FEGA Sweden,2025
fega-sweden-egad50000001326-html,FEGA Sweden,FEGA Sweden,2025
fega-sweden-egad50000001521-html,FEGA Sweden,FEGA Sweden,2025
fega-sweden-egad50000001573-html,FEGA Sweden,FEGA Sweden,2025
fega-sweden-egad50000001574-html,FEGA Sweden,FEGA Sweden,2025
fega-sweden-egad50000001575-html,FEGA Sweden,FEGA Sweden,2025
fega-sweden-egad50000001576-html,FEGA Sweden,FEGA Sweden,2025
fega-sweden-egad50000001577-html,FEGA Sweden,FEGA Sweden,2025
doi-10-5281-zenodo-11216960,Blekinge Institute of Technology,BTH Zenodo,2023
doi-10-5281-zenodo-10846812,Chalmers University of Technology,Chalmers Zenodo,2021
doi-10-5281-zenodo-15573482,Chalmers University of Technology,Chalmers Zenodo,2025
doi-10-5281-zenodo-7895952,Chalmers University of Technology,Chalmers Zenodo,2023
doi-10-23695-01fn-eg73,University of Gothenburg,Språkbanken Text,2016
doi-10-23695-023m-bz06,University of Gothenburg,Språkbanken Text,2022
doi-10-23695-029y-4n91,University of Gothenburg,Språkbanken Text,2017
doi-10-23695-02a1-3j98,University of Gothenburg,Språkbanken Text,2024
doi-10-23695-03hy-ms24,University of Gothenburg,Språkbanken Text,2023
doi-10-23695-03qh-wv31,University of Gothenburg,Språkbanken Text,2015
doi-10-23695-046y-4x63,University of Gothenburg,Språkbanken Text,2015
doi-10-23695-049f-9128,University of Gothenburg,Språkbanken Text,2021
doi-10-23695-04eg-vn94,University of Gothenburg,Språkbanken Text,2017
doi-10-23695-069m-gb32,University of Gothenburg,Språkbanken Text,2021
doi-10-23695-07b4-5k60,University of Gothenburg,Språkbanken Text,2021
doi-10-23695-08e8-n308,University of Gothenburg,Språkbanken Text,2023
doi-10-23695-0a0d-ta39,University of Gothenburg,Språkbanken Text,2021
doi-10-23695-003p-v797,University of Gothenburg,Språkbanken Text,2023
snd0500-7,University of Gothenburg,DORIS,2001
snd0500-8,University of Gothenburg,DORIS,2001
snd0500-9,University of Gothenburg,DORIS,2001
snd0500-10,University of Gothenburg,DORIS,2001
snd0500-11,University of Gothenburg,DORIS,2001
snd0500-15,University of Gothenburg,DORIS,2001
snd0500-19,University of Gothenburg,DORIS,2001
snd0500-16,University of Gothenburg,DORIS,2001
snd0500-17,University of Gothenburg,DORIS,2001
snd0500-18,University of Gothenburg,DORIS,2001
snd0500-20,University of Gothenburg,DORIS,2001
snd0500-12,University of Gothenburg,DORIS,2001
snd0500-13,University of Gothenburg,DORIS,2001
snd0500-14,University of Gothenburg,DORIS,2001
snd0500-37,University of Gothenburg,DORIS,2005
snd0500-35,University of Gothenburg,DORIS,2005
snd0500-31,University of Gothenburg,DORIS,2001
snd0500-33,University of Gothenburg,DORIS,2001
snd0500-38,University of Gothenburg,DORIS,2005
snd0500-32,University of Gothenburg,DORIS,2001
snd0500-34,University of Gothenburg,DORIS,2001
snd0500-30,University of Gothenburg,DORIS,2001
snd0500-39,University of Gothenburg,DORIS,2007
snd0500-40,University of Gothenburg,DORIS,2007
snd0500-65,University of Gothenburg,DORIS,2002
snd0500-66,University of Gothenburg,DORIS,2002
snd0500-41,University of Gothenburg,DORIS,2007
snd0500-42,University of Gothenburg,DORIS,2007
snd0500-62,University of Gothenburg,DORIS,2002
snd0500-25,University of Gothenburg,DORIS,2001
snd0500-27,University of Gothenburg,DORIS,2001
snd0500-22,University of Gothenburg,DORIS,2001
snd0500-26,University of Gothenburg,DORIS,2001
snd0500-29,University of Gothenburg,DORIS,2001
snd0500-21,University of Gothenburg,DORIS,2001
snd0500-28,University of Gothenburg,DORIS,2001
snd0500-24,University of Gothenburg,DORIS,2001
snd0500-23,University of Gothenburg,DORIS,2001
snd0500-6,University of Gothenburg,DORIS,2001
snd0500-5,University of Gothenburg,DORIS,2001
snd0500-4,University of Gothenburg,DORIS,2001
snd0500-1,University of Gothenburg,DORIS,2001
snd0500-2,University of Gothenburg,DORIS,2001
snd0500-3,University of Gothenburg,DORIS,2001
2024-624,University of Gothenburg,DORIS,2025
2024-624,University of Gothenburg,DORIS,2025
2023-97-1,University of Gothenburg,DORIS,2025
snd0834-1,Karolinska Institutet,DORIS,2025
snd0834-1,Karolinska Institutet,DORIS,2006
2024-252,Royal Institute of Technology,DORIS,2018
2025-117,Stockholm University,DORIS,2025
snd0834-1,Karolinska Institutet,DORIS,2013
snd0836-1,Karolinska Institutet,DORIS,2025
snd0836-1,Karolinska Institutet,DORIS,2007
2025-148,University of Gävle,DORIS,2025
2024-523,University of Skövde,DORIS,2025
2025-208,Swedish University of Agricultural Sciences,DORIS,2025
2024-25,Swedish University of Agricultural Sciences,DORIS,2025
doi-10-23695-5h99-1w28,University of Gothenburg,Språkbanken Text,2022
doi-10-23695-5jr9-4a04,University of Gothenburg,Språkbanken Text,2021
doi-10-23695-5mbs-dq39,University of Gothenburg,Språkbanken Text,2022
doi-10-23695-5mf9-6290,University of Gothenburg,Språkbanken Text,2016
doi-10-23695-5nym-2266,University of Gothenburg,Språkbanken Text,2024
doi-10-23695-5pjm-wz18,University of Gothenburg,Språkbanken Text,2024
doi-10-23695-5sme-7437,University of Gothenburg,Språkbanken Text,2021
doi-10-23695-5trr-7082,University of Gothenburg,Språkbanken Text,2024
doi-10-23695-5wwk-hc76,University of Gothenburg,Språkbanken Text,2014
doi-10-23695-5wwx-na18,University of Gothenburg,Språkbanken Text,2024
doi-10-23695-5wwz-6w13,University of Gothenburg,Språkbanken Text,2021
doi-10-23695-5xhe-0d60,University of Gothenburg,Språkbanken Text,2017
doi-10-23695-5xt9-jg07,University of Gothenburg,Språkbanken Text,2017
doi-10-23695-5y8t-r585,University of Gothenburg,Språkbanken Text,2024
doi-10-23695-5yt6-b031,University of Gothenburg,Språkbanken Text,2014
doi-10-23695-5yya-gb56,University of Gothenburg,Språkbanken Text,2017
doi-10-23695-608r-xs27,University of Gothenburg,Språkbanken Text,2017
doi-10-23695-60s9-at55,University of Gothenburg,Språkbanken Text,2021
doi-10-23695-611d-yj77,University of Gothenburg,Språkbanken Text,2022
doi-10-23695-61nw-9w34,University of Gothenburg,Språkbanken Text,2021
doi-10-23695-62kv-sb40,University of Gothenburg,Språkbanken Text,2015
doi-10-23695-62nt-a134,University of Gothenburg,Språkbanken Text,2021
doi-10-23695-62yc-w675,University of Gothenburg,Språkbanken Text,2014
doi-10-23695-6387-tr11,University of Gothenburg,Språkbanken Text,2020
doi-10-23695-63pv-wa93,University of Gothenburg,Språkbanken Text,2021
doi-10-23695-64qe-d698,University of Gothenburg,Språkbanken Text,2023
doi-10-23695-670f-s998,University of Gothenburg,Språkbanken Text,2023
doi-10-23695-681b-be74,University of Gothenburg,Språkbanken Text,2020
doi-10-23695-68e5-jx61,University of Gothenburg,Språkbanken Text,2023
doi-10-23695-68vs-v044,University of Gothenburg,Språkbanken Text,2017
doi-10-23695-699b-2h82,University of Gothenburg,Språkbanken Text,2022
doi-10-23695-6act-rs25,University of Gothenburg,Språkbanken Text,2017
doi-10-23695-6ag1-sa69,University of Gothenburg,Språkbanken Text,2025
doi-10-23695-6bfj-ne40,University of Gothenburg,Språkbanken Text,2017
doi-10-23695-6bzq-xj90,University of Gothenburg,Språkbanken Text,2021
doi-10-23695-6cna-hr56,University of Gothenburg,Språkbanken Text,2025
doi-10-23695-6d70-yx27,University of Gothenburg,Språkbanken Text,2015
doi-10-23695-6h3v-zw25,University of Gothenburg,Språkbanken Text,2016
doi-10-23695-6jc1-hg71,University of Gothenburg,Språkbanken Text,2023
doi-10-23695-6jkz-0j28,University of Gothenburg,Språkbanken Text,2021
doi-10-23695-6keb-3v46,University of Gothenburg,Språkbanken Text,2023
doi-10-23695-6kg4-8h62,University of Gothenburg,Språkbanken Text,2022
doi-10-23695-6kpw-fj91,University of Gothenburg,Språkbanken Text,2023
doi-10-23695-6kvc-hx12,University of Gothenburg,Språkbanken Text,2016
doi-10-23695-6m9r-w377,University of Gothenburg,Språkbanken Text,2017
doi-10-23695-6m9t-4c90,University of Gothenburg,Språkbanken Text,2022
doi-10-23695-6mt2-vg57,University of Gothenburg,Språkbanken Text,2022
doi-10-23695-6n90-8j02,University of Gothenburg,Språkbanken Text,2022
doi-10-23695-6nm7-c102,University of Gothenburg,Språkbanken Text,2023
doi-10-23695-6r8g-v867,University of Gothenburg,Språkbanken Text,2021
doi-10-23695-6rf1-z575,University of Gothenburg,Språkbanken Text,2021
doi-10-23695-6rw0-h067,University of Gothenburg,Språkbanken Text,2021
doi-10-23695-6s57-nm42,University of Gothenburg,Språkbanken Text,2022
doi-10-23695-6srm-b176,University of Gothenburg,Språkbanken Text,2021
doi-10-23695-6t6h-ss96,University of Gothenburg,Språkbanken Text,2022
doi-10-23695-6vd5-gy48,University of Gothenburg,Språkbanken Text,2021
doi-10-23695-6ytf-h137,University of Gothenburg,Språkbanken Text,2022
doi-10-23695-6zas-pv81,University of Gothenburg,Språkbanken Text,2021
doi-10-23695-705b-nq35,University of Gothenburg,Språkbanken Text,2024
doi-10-23695-70ay-y118,University of Gothenburg,Språkbanken Text,2024
doi-10-23695-70yq-jv08,University of Gothenburg,Språkbanken Text,2017
doi-10-23695-73xk-fx54,University of Gothenburg,Språkbanken Text,2015
doi-10-23695-74v6-1264,University of Gothenburg,Språkbanken Text,2015
doi-10-23695-779m-y685,University of Gothenburg,Språkbanken Text,2017
doi-10-23695-78tp-m475,University of Gothenburg,Språkbanken Text,2023
doi-10-23695-79rr-yw48,University of Gothenburg,Språkbanken Text,2017
doi-10-23695-79wf-v445,University of Gothenburg,Språkbanken Text,2021
doi-10-23695-7a1p-p449,University of Gothenburg,Språkbanken Text,2013
doi-10-23695-7aja-mv27,University of Gothenburg,Språkbanken Text,2014
doi-10-23695-7bbw-6c44,University of Gothenburg,Språkbanken Text,2022
doi-10-23695-7d6v-ys79,University of Gothenburg,Språkbanken Text,2025
doi-10-23695-7dz6-ek80,University of Gothenburg,Språkbanken Text,2023
doi-10-23695-7e0m-4241,University of Gothenburg,Språkbanken Text,2021
doi-10-23695-7e7x-kp80,University of Gothenburg,Språkbanken Text,2021
doi-10-23695-7j5j-sh54,University of Gothenburg,Språkbanken Text,2022
doi-10-23695-7jx0-5611,University of Gothenburg,Språkbanken Text,2015
doi-10-23695-7kb1-6k82,University of Gothenburg,Språkbanken Text,2021
doi-10-23695-7mdf-r404,University of Gothenburg,Språkbanken Text,2017
doi-10-23695-7n42-ar77,University of Gothenburg,Språkbanken Text,2021
doi-10-23695-7nm6-za65,University of Gothenburg,Språkbanken Text,2014
doi-10-23695-7ph2-jq93,University of Gothenburg,Språkbanken Text,2015
doi-10-23695-7rn0-jv03,University of Gothenburg,Språkbanken Text,2017
doi-10-23695-7sp5-4266,University of Gothenburg,Språkbanken Text,2025
doi-10-23695-7tst-y332,University of Gothenburg,Språkbanken Text,2021
doi-10-23695-7y10-n063,University of Gothenburg,Språkbanken Text,2023
doi-10-23695-7z4y-g871,University of Gothenburg,Språkbanken Text,2017
doi-10-23695-82ve-s004,University of Gothenburg,Språkbanken Text,2021
doi-10-23695-8452-cz36,University of Gothenburg,Språkbanken Text,2023
doi-10-23695-848r-4z21,University of Gothenburg,Språkbanken Text,2021
doi-10-23695-84n1-7859,University of Gothenburg,Språkbanken Text,2022
doi-10-23695-852z-1187,University of Gothenburg,Språkbanken Text,2022
doi-10-23695-86cf-5x17,University of Gothenburg,Språkbanken Text,2021
doi-10-23695-872d-t861,University of Gothenburg,Språkbanken Text,2024
doi-10-23695-873x-jb28,University of Gothenburg,Språkbanken Text,2021
doi-10-23695-873x-jw74,University of Gothenburg,Språkbanken Text,2023
doi-10-23695-88w7-jb74,University of Gothenburg,Språkbanken Text,2017
doi-10-23695-88y0-k865,University of Gothenburg,Språkbanken Text,2023
doi-10-23695-8bjg-mp28,University of Gothenburg,Språkbanken Text,2017
doi-10-23695-8bvs-5p11,University of Gothenburg,Språkbanken Text,2017
doi-10-23695-8c9v-6w38,University of Gothenburg,Språkbanken Text,2024
doi-10-23695-8f0r-hb46,University of Gothenburg,Språkbanken Text,2024
doi-10-23695-8fpt-rc41,University of Gothenburg,Språkbanken Text,2022
doi-10-23695-8fq1-m879,University of Gothenburg,Språkbanken Text,2017
doi-10-23695-8gm6-x480,University of Gothenburg,Språkbanken Text,2017
doi-10-23695-8gn9-2z25,University of Gothenburg,Språkbanken Text,2021
doi-10-23695-8h4g-hk43,University of Gothenburg,Språkbanken Text,2023
doi-10-23695-8hhw-0f57,University of Gothenburg,Språkbanken Text,2017
doi-10-23695-8hqt-6077,University of Gothenburg,Språkbanken Text,2021
doi-10-23695-8hym-ra57,University of Gothenburg,Språkbanken Text,2022
doi-10-23695-8j9n-1f63,University of Gothenburg,Språkbanken Text,2021
doi-10-23695-8jkg-6v24,University of Gothenburg,Språkbanken Text,2022
doi-10-23695-8jsx-bf29,University of Gothenburg,Språkbanken Text,2022
doi-10-23695-8m9e-0j84,University of Gothenburg,Språkbanken Text,2017
doi-10-23695-8mf4-aq83,University of Gothenburg,Språkbanken Text,2021
doi-10-23695-8mv6-kc61,University of Gothenburg,Språkbanken Text,2021
doi-10-23695-8pfa-hv40,University of Gothenburg,Språkbanken Text,2022
doi-10-23695-8pm4-mh54,University of Gothenburg,Språkbanken Text,2024
doi-10-23695-8pyf-1k48,University of Gothenburg,Språkbanken Text,2022
doi-10-23695-8qsv-sp62,University of Gothenburg,Språkbanken Text,2024
doi-10-23695-8rx4-d548,University of Gothenburg,Språkbanken Text,2010
doi-10-23695-8s4m-4556,University of Gothenburg,Språkbanken Text,2022
doi-10-23695-8sa3-ma31,University of Gothenburg,Språkbanken Text,2024
doi-10-23695-8w9e-j691,University of Gothenburg,Språkbanken Text,2015
doi-10-23695-8x56-mj52,University of Gothenburg,Språkbanken Text,2021
doi-10-23695-8ypf-6e74,University of Gothenburg,Språkbanken Text,2021
doi-10-23695-91mh-hw42,University of Gothenburg,Språkbanken Text,2021
doi-10-23695-92cq-cb24,University of Gothenburg,Språkbanken Text,2016
doi-10-23695-93yw-0z96,University of Gothenburg,Språkbanken Text,2017
doi-10-23695-946b-6g35,University of Gothenburg,Språkbanken Text,2024
doi-10-23695-95b9-f474,University of Gothenburg,Språkbanken Text,2017
doi-10-23695-999t-wg27,University of Gothenburg,Språkbanken Text,2015
doi-10-23695-9aaa-4q88,University of Gothenburg,Språkbanken Text,2017
doi-10-23695-9avg-nm60,University of Gothenburg,Språkbanken Text,2023
doi-10-23695-9bnq-xc71,University of Gothenburg,Språkbanken Text,2020
doi-10-23695-9c0m-6582,University of Gothenburg,Språkbanken Text,2024
doi-10-23695-9c9f-6132,University of Gothenburg,Språkbanken Text,2024
doi-10-23695-9cjd-sc52,University of Gothenburg,Språkbanken Text,2017
doi-10-23695-9ck0-2n28,University of Gothenburg,Språkbanken Text,2023
doi-10-23695-9d98-yk51,University of Gothenburg,Språkbanken Text,2021
doi-10-23695-9e0c-7t19,University of Gothenburg,Språkbanken Text,2022
doi-10-23695-9fq5-g815,University of Gothenburg,Språkbanken Text,2021
doi-10-23695-9g6g-4x35,University of Gothenburg,Språkbanken Text,2024
doi-10-23695-9gh2-sj41,University of Gothenburg,Språkbanken Text,2022
doi-10-23695-9hd8-5t52,University of Gothenburg,Språkbanken Text,2022
doi-10-23695-9hph-sx61,University of Gothenburg,Språkbanken Text,2017
doi-10-23695-9jfv-ga33,University of Gothenburg,Språkbanken Text,2015
doi-10-23695-9k9n-cg59,University of Gothenburg,Språkbanken Text,2021
doi-10-23695-9kcd-9c71,University of Gothenburg,Språkbanken Text,2017
doi-10-23695-9mhx-at18,University of Gothenburg,Språkbanken Text,2021
doi-10-23695-9nyy-9617,University of Gothenburg,Språkbanken Text,2017
doi-10-23695-9rtb-tx57,University of Gothenburg,Språkbanken Text,2022
doi-10-23695-9tff-ay21,University of Gothenburg,Språkbanken Text,2024
doi-10-23695-9tmb-6j98,University of Gothenburg,Språkbanken Text,2017
doi-10-23695-9vh7-ed07,University of Gothenburg,Språkbanken Text,2022
doi-10-23695-9w6h-sp87,University of Gothenburg,Språkbanken Text,2014
doi-10-23695-9wk3-c782,University of Gothenburg,Språkbanken Text,2021
doi-10-23695-9xp2-tm72,University of Gothenburg,Språkbanken Text,2022
doi-10-23695-9xxd-z285,University of Gothenburg,Språkbanken Text,2015
doi-10-23695-9z00-kc62,University of Gothenburg,Språkbanken Text,2021
doi-10-23695-9z65-nv18,University of Gothenburg,Språkbanken Text,2020
doi-10-23695-a00r-n462,University of Gothenburg,Språkbanken Text,2017
doi-10-23695-a0fa-xv72,University of Gothenburg,Språkbanken Text,2021
doi-10-23695-a1wj-ya94,University of Gothenburg,Språkbanken Text,2014
doi-10-23695-a21g-fb88,University of Gothenburg,Språkbanken Text,2018
doi-10-23695-a28w-qk58,University of Gothenburg,Språkbanken Text,2023
doi-10-23695-a340-j629,University of Gothenburg,Språkbanken Text,2017
doi-10-23695-a490-dr28,University of Gothenburg,Språkbanken Text,2022
doi-10-23695-a5fe-bx86,University of Gothenburg,Språkbanken Text,2022
doi-10-23695-a5k7-az71,University of Gothenburg,Språkbanken Text,2020
doi-10-23695-a5t2-8962,University of Gothenburg,Språkbanken Text,2021
doi-10-23695-a6q5-bx18,University of Gothenburg,Språkbanken Text,2022
doi-10-23695-a8nh-1j87,University of Gothenburg,Språkbanken Text,2023
doi-10-23695-a8y6-bq22,University of Gothenburg,Språkbanken Text,2015
doi-10-23695-a8za-he43,University of Gothenburg,Språkbanken Text,2022
doi-10-23695-a9be-2d31,University of Gothenburg,Språkbanken Text,2024
doi-10-23695-aays-hb54,University of Gothenburg,Språkbanken Text,2022
doi-10-23695-ab3a-4543,University of Gothenburg,Språkbanken Text,2017
doi-10-23695-add0-f253,University of Gothenburg,Språkbanken Text,2023
doi-10-23695-af5f-a648,University of Gothenburg,Språkbanken Text,2021
doi-10-23695-ag45-kf26,University of Gothenburg,Språkbanken Text,2025
doi-10-23695-agcm-ny22,University of Gothenburg,Språkbanken Text,2017
doi-10-23695-agrp-8z39,University of Gothenburg,Språkbanken Text,2022
doi-10-23695-ah2f-er91,University of Gothenburg,Språkbanken Text,2021
doi-10-23695-ahac-ne76,University of Gothenburg,Språkbanken Text,2022
doi-10-23695-ajv2-ev28,University of Gothenburg,Språkbanken Text,2021
doi-10-23695-ajyp-y830,University of Gothenburg,Språkbanken Text,2023
doi-10-23695-ajz5-wd08,University of Gothenburg,Språkbanken Text,2015
doi-10-23695-angk-mn45,University of Gothenburg,Språkbanken Text,2021
doi-10-23695-ap2w-8t17,University of Gothenburg,Språkbanken Text,2023
doi-10-23695-ap5n-jk83,University of Gothenburg,Språkbanken Text,2023
doi-10-23695-apmw-5r22,University of Gothenburg,Språkbanken Text,2022
doi-10-23695-aq8z-sa96,University of Gothenburg,Språkbanken Text,2021
doi-10-23695-aryw-nh78,University of Gothenburg,Språkbanken Text,2020
doi-10-23695-av0c-8937,University of Gothenburg,Språkbanken Text,2017
doi-10-23695-axxe-p605,University of Gothenburg,Språkbanken Text,2025
doi-10-23695-ayxb-4f40,University of Gothenburg,Språkbanken Text,2021
doi-10-23695-az55-1x41,University of Gothenburg,Språkbanken Text,2015
doi-10-23695-b2m4-5y87,University of Gothenburg,Språkbanken Text,2023
doi-10-23695-b417-1j26,University of Gothenburg,Språkbanken Text,2023
doi-10-23695-b4ne-2k67,University of Gothenburg,Språkbanken Text,2024
doi-10-23695-b8bn-2n61,University of Gothenburg,Språkbanken Text,2017
doi-10-23695-b8j2-m203,University of Gothenburg,Språkbanken Text,2021
doi-10-23695-b8vt-vz13,University of Gothenburg,Språkbanken Text,2022
doi-10-23695-b94d-4w69,University of Gothenburg,Språkbanken Text,2014
doi-10-23695-b9qw-r612,University of Gothenburg,Språkbanken Text,2021
doi-10-23695-b9xs-sm05,University of Gothenburg,Språkbanken Text,2022
doi-10-23695-bd30-2t16,University of Gothenburg,Språkbanken Text,2021
doi-10-23695-bdfz-6a59,University of Gothenburg,Språkbanken Text,2025
doi-10-23695-bed5-pg69,University of Gothenburg,Språkbanken Text,2021
doi-10-23695-bepf-n340,University of Gothenburg,Språkbanken Text,2017
doi-10-23695-bgcw-cy81,University of Gothenburg,Språkbanken Text,2021
doi-10-23695-bge8-8411,University of Gothenburg,Språkbanken Text,2017
doi-10-23695-bggs-k977,University of Gothenburg,Språkbanken Text,2023
doi-10-23695-bhez-5c23,University of Gothenburg,Språkbanken Text,2024
doi-10-23695-bj2t-k702,University of Gothenburg,Språkbanken Text,2022
doi-10-23695-bnkx-bq33,University of Gothenburg,Språkbanken Text,2017
doi-10-23695-bnts-x855,University of Gothenburg,Språkbanken Text,2021
doi-10-23695-bptf-8e66,University of Gothenburg,Språkbanken Text,2023
doi-10-23695-bqx3-z085,University of Gothenburg,Språkbanken Text,2021
doi-10-23695-bs9k-4k76,University of Gothenburg,Språkbanken Text,2021
doi-10-23695-btb5-db42,University of Gothenburg,Språkbanken Text,2015
doi-10-23695-bwd9-p187,University of Gothenburg,Språkbanken Text,2021
doi-10-23695-byaq-h141,University of Gothenburg,Språkbanken Text,2024
doi-10-23695-c0mc-mq33,University of Gothenburg,Språkbanken Text,2021
doi-10-23695-c2sw-b548,University of Gothenburg,Språkbanken Text,2023
doi-10-23695-c49x-tr11,University of Gothenburg,Språkbanken Text,2017
doi-10-23695-c757-zc48,University of Gothenburg,Språkbanken Text,2022
doi-10-23695-c7cb-3f32,University of Gothenburg,Språkbanken Text,2022
doi-10-23695-c7zd-6r31,University of Gothenburg,Språkbanken Text,2021
doi-10-23695-c8fw-r786,University of Gothenburg,Språkbanken Text,2022
doi-10-23695-c90w-5j79,University of Gothenburg,Språkbanken Text,2017
doi-10-23695-caba-wc23,University of Gothenburg,Språkbanken Text,2021
doi-10-23695-cacy-sb38,University of Gothenburg,Språkbanken Text,2012
doi-10-23695-cajn-kb68,University of Gothenburg,Språkbanken Text,2021
doi-10-23695-cbpf-6191,University of Gothenburg,Språkbanken Text,2015
doi-10-23695-cch2-4261,University of Gothenburg,Språkbanken Text,2023
doi-10-23695-ccsk-9660,University of Gothenburg,Språkbanken Text,2017
doi-10-23695-cdyx-dm12,University of Gothenburg,Språkbanken Text,2021
doi-10-23695-cgex-m907,University of Gothenburg,Språkbanken Text,2017
doi-10-23695-ch58-bb77,University of Gothenburg,Språkbanken Text,2016
doi-10-23695-chgr-wq97,University of Gothenburg,Språkbanken Text,2023
doi-10-23695-chrd-9n67,University of Gothenburg,Språkbanken Text,2017
doi-10-23695-cjny-wk68,University of Gothenburg,Språkbanken Text,2022
doi-10-23695-cjrj-4364,University of Gothenburg,Språkbanken Text,2017
doi-10-23695-ckn5-1929,University of Gothenburg,Språkbanken Text,2023
doi-10-23695-cktt-8g84,University of Gothenburg,Språkbanken Text,2021
doi-10-23695-cmfq-b688,University of Gothenburg,Språkbanken Text,2017
doi-10-23695-cpx8-aq82,University of Gothenburg,Språkbanken Text,2021
doi-10-23695-cstx-kw47,University of Gothenburg,Språkbanken Text,2022
doi-10-23695-ctt1-nx05,University of Gothenburg,Språkbanken Text,2022
doi-10-23695-cvdq-9549,University of Gothenburg,Språkbanken Text,2021
doi-10-23695-cxtk-xe95,University of Gothenburg,Språkbanken Text,2023
doi-10-23695-cyyj-5t07,University of Gothenburg,Språkbanken Text,2019
doi-10-23695-d64z-1889,University of Gothenburg,Språkbanken Text,2021
doi-10-23695-d79w-qa67,University of Gothenburg,Språkbanken Text,2024
doi-10-23695-d9w3-ez88,University of Gothenburg,Språkbanken Text,2023
doi-10-23695-danf-td45,University of Gothenburg,Språkbanken Text,2021
doi-10-23695-dbgd-p504,University of Gothenburg,Språkbanken Text,2017
doi-10-23695-dca2-4374,University of Gothenburg,Språkbanken Text,2024
doi-10-23695-demr-ah82,University of Gothenburg,Språkbanken Text,2022
doi-10-23695-dfbf-3983,University of Gothenburg,Språkbanken Text,2021
doi-10-23695-dg62-v594,University of Gothenburg,Språkbanken Text,2017
doi-10-23695-dgtw-zs10,University of Gothenburg,Språkbanken Text,2015
doi-10-23695-dhcd-1x72,University of Gothenburg,Språkbanken Text,2023
doi-10-23695-dj92-6w33,University of Gothenburg,Språkbanken Text,2023
doi-10-23695-djas-c234,University of Gothenburg,Språkbanken Text,2021
doi-10-23695-djbe-4219,University of Gothenburg,Språkbanken Text,2021
doi-10-23695-dk6q-m526,University of Gothenburg,Språkbanken Text,2021
doi-10-23695-dpq3-x177,University of Gothenburg,Språkbanken Text,2022
doi-10-23695-ds6w-d280,University of Gothenburg,Språkbanken Text,2023
doi-10-23695-dsfg-zn46,University of Gothenburg,Språkbanken Text,2017
doi-10-23695-dsrj-4q78,University of Gothenburg,Språkbanken Text,2015
doi-10-23695-dte1-nx42,University of Gothenburg,Språkbanken Text,2022
doi-10-23695-dv3x-fr44,University of Gothenburg,Språkbanken Text,2017
doi-10-23695-dv88-sx25,University of Gothenburg,Språkbanken Text,2023
doi-10-23695-dw0w-c580,University of Gothenburg,Språkbanken Text,2021
doi-10-23695-dw23-k962,University of Gothenburg,Språkbanken Text,2017
doi-10-23695-dxab-fj22,University of Gothenburg,Språkbanken Text,2016
doi-10-23695-e0f0-xk91,University of Gothenburg,Språkbanken Text,2021
doi-10-23695-e1qk-7b48,University of Gothenburg,Språkbanken Text,2022
doi-10-23695-e1x7-a218,University of Gothenburg,Språkbanken Text,2025
doi-10-23695-e2dd-bj57,University of Gothenburg,Språkbanken Text,2015
doi-10-23695-e2ph-5913,University of Gothenburg,Språkbanken Text,2017
doi-10-23695-e3v2-w708,University of Gothenburg,Språkbanken Text,2024
doi-10-23695-e49y-h991,University of Gothenburg,Språkbanken Text,2015
doi-10-23695-e5f4-c072,University of Gothenburg,Språkbanken Text,2017
doi-10-23695-e5yf-rx92,University of Gothenburg,Språkbanken Text,2024
doi-10-23695-e71a-5y54,University of Gothenburg,Språkbanken Text,2017
doi-10-23695-e75d-gn16,University of Gothenburg,Språkbanken Text,2022
doi-10-23695-e7vy-jf22,University of Gothenburg,Språkbanken Text,2024
doi-10-23695-e9c8-py80,University of Gothenburg,Språkbanken Text,2022
doi-10-23695-e9vn-ar51,University of Gothenburg,Språkbanken Text,2022
doi-10-23695-eaz0-h044,University of Gothenburg,Språkbanken Text,2017
doi-10-23695-ecq8-ap50,University of Gothenburg,Språkbanken Text,2017
doi-10-23695-edp8-gm87,University of Gothenburg,Språkbanken Text,2016
doi-10-23695-edy1-2s72,University of Gothenburg,Språkbanken Text,2021
doi-10-23695-ee10-bv11,University of Gothenburg,Språkbanken Text,2021
doi-10-23695-eep0-4c19,University of Gothenburg,Språkbanken Text,2022
doi-10-23695-ef88-fw46,University of Gothenburg,Språkbanken Text,2021
doi-10-23695-efh9-wy86,University of Gothenburg,Språkbanken Text,2015
doi-10-23695-eg58-6b05,University of Gothenburg,Språkbanken Text,2021
doi-10-23695-eg6j-gz38,University of Gothenburg,Språkbanken Text,2017
doi-10-23695-ejqk-3g14,University of Gothenburg,Språkbanken Text,2022
doi-10-23695-emnz-1t28,University of Gothenburg,Språkbanken Text,2017
doi-10-23695-emte-5g79,University of Gothenburg,Språkbanken Text,2022
doi-10-23695-epqn-x274,University of Gothenburg,Språkbanken Text,2022
doi-10-23695-eqs1-1860,University of Gothenburg,Språkbanken Text,2014
doi-10-23695-era9-n114,University of Gothenburg,Språkbanken Text,2024
doi-10-23695-etsh-kr03,University of Gothenburg,Språkbanken Text,2017
doi-10-23695-evf4-hq97,University of Gothenburg,Språkbanken Text,2023
doi-10-23695-ewz4-5030,University of Gothenburg,Språkbanken Text,2025
doi-10-23695-exs9-vv80,University of Gothenburg,Språkbanken Text,2021
doi-10-23695-exwk-sm96,University of Gothenburg,Språkbanken Text,2021
doi-10-23695-f1sz-0572,University of Gothenburg,Språkbanken Text,2024
doi-10-23695-f218-js17,University of Gothenburg,Språkbanken Text,2022
doi-10-23695-f2c6-nz47,University of Gothenburg,Språkbanken Text,2017
doi-10-23695-f2py-px04,University of Gothenburg,Språkbanken Text,2017
doi-10-23695-f642-g279,University of Gothenburg,Språkbanken Text,2017
doi-10-23695-f6ds-f045,University of Gothenburg,Språkbanken Text,2024
doi-10-23695-f6m0-an40,University of Gothenburg,Språkbanken Text,2015
doi-10-23695-f7rb-6746,University of Gothenburg,Språkbanken Text,2017
doi-10-23695-f84c-rr14,University of Gothenburg,Språkbanken Text,2024
doi-10-23695-f84v-8n02,University of Gothenburg,Språkbanken Text,2022
doi-10-23695-f877-nn22,University of Gothenburg,Språkbanken Text,2022
doi-10-23695-f9dr-zh21,University of Gothenburg,Språkbanken Text,2015
doi-10-23695-f9qd-xh13,University of Gothenburg,Språkbanken Text,2022
doi-10-23695-fagx-0n88,University of Gothenburg,Språkbanken Text,2024
doi-10-23695-fbf4-8257,University of Gothenburg,Språkbanken Text,2022
doi-10-23695-fbzy-pg76,University of Gothenburg,Språkbanken Text,2021
doi-10-23695-fc57-jh45,University of Gothenburg,Språkbanken Text,2021
doi-10-23695-fgeb-c341,University of Gothenburg,Språkbanken Text,2025
doi-10-23695-fhat-dd64,University of Gothenburg,Språkbanken Text,2024
doi-10-23695-fhhy-as46,University of Gothenburg,Språkbanken Text,2022
doi-10-23695-fj8w-2127,University of Gothenburg,Språkbanken Text,2022
doi-10-23695-fja4-g839,University of Gothenburg,Språkbanken Text,2023
doi-10-23695-fm4h-e893,University of Gothenburg,Språkbanken Text,2023
doi-10-23695-fm7v-jr46,University of Gothenburg,Språkbanken Text,2017
doi-10-23695-fmwt-gw67,University of Gothenburg,Språkbanken Text,2024
doi-10-23695-fnkr-1247,University of Gothenburg,Språkbanken Text,2021
doi-10-23695-fnrm-4t23,University of Gothenburg,Språkbanken Text,2021
doi-10-23695-fq7e-wz50,University of Gothenburg,Språkbanken Text,2022
doi-10-23695-frym-1465,University of Gothenburg,Språkbanken Text,2017
doi-10-23695-fs50-et41,University of Gothenburg,Språkbanken Text,2014
doi-10-23695-fsxv-2n70,University of Gothenburg,Språkbanken Text,2017
doi-10-23695-ft8q-0015,University of Gothenburg,Språkbanken Text,2022
doi-10-23695-fv52-kc19,University of Gothenburg,Språkbanken Text,2021
doi-10-23695-fw90-xg54,University of Gothenburg,Språkbanken Text,2024
doi-10-23695-fx5m-ah50,University of Gothenburg,Språkbanken Text,2015
doi-10-23695-fy87-c995,University of Gothenburg,Språkbanken Text,2022
doi-10-23695-fz5h-sy88,University of Gothenburg,Språkbanken Text,2015
doi-10-23695-fzgk-fj93,University of Gothenburg,Språkbanken Text,2017
doi-10-23695-g0c5-2z38,University of Gothenburg,Språkbanken Text,2022
doi-10-23695-g13d-ak28,University of Gothenburg,Språkbanken Text,2025
doi-10-23695-g13g-0n11,University of Gothenburg,Språkbanken Text,2017
doi-10-23695-g1m8-t180,University of Gothenburg,Språkbanken Text,2014
doi-10-23695-g1rw-m642,University of Gothenburg,Språkbanken Text,2022
doi-10-23695-g20q-8k69,University of Gothenburg,Språkbanken Text,2015
doi-10-23695-g2j5-ss76,University of Gothenburg,Språkbanken Text,2021
doi-10-23695-g2p0-9n31,University of Gothenburg,Språkbanken Text,2023
doi-10-23695-g3h9-pj53,University of Gothenburg,Språkbanken Text,2025
doi-10-23695-g42f-4t54,University of Gothenburg,Språkbanken Text,2023
doi-10-23695-g63n-tb40,University of Gothenburg,Språkbanken Text,2017
doi-10-23695-g799-fq12,University of Gothenburg,Språkbanken Text,2022
doi-10-23695-g7gv-zz85,University of Gothenburg,Språkbanken Text,2021
doi-10-23695-g830-qa11,University of Gothenburg,Språkbanken Text,2017
doi-10-23695-g86h-v363,University of Gothenburg,Språkbanken Text,2017
doi-10-23695-ga58-1929,University of Gothenburg,Språkbanken Text,2022
doi-10-23695-gbns-6772,University of Gothenburg,Språkbanken Text,2017
doi-10-23695-gbpr-2v30,University of Gothenburg,Språkbanken Text,2021
doi-10-23695-gbvh-b263,University of Gothenburg,Språkbanken Text,2022
doi-10-23695-gbyf-w766,University of Gothenburg,Språkbanken Text,2021
doi-10-23695-gcnd-v488,University of Gothenburg,Språkbanken Text,2021
doi-10-23695-gcsc-h953,University of Gothenburg,Språkbanken Text,2021
doi-10-23695-gcw9-9623,University of Gothenburg,Språkbanken Text,2017
doi-10-23695-gfjm-fv15,University of Gothenburg,Språkbanken Text,2016
doi-10-23695-gfkc-ak26,University of Gothenburg,Språkbanken Text,2025
doi-10-23695-gfvb-f003,University of Gothenburg,Språkbanken Text,2023
doi-10-23695-gfwn-qk37,University of Gothenburg,Språkbanken Text,2021
doi-10-23695-gjb5-yg24,University of Gothenburg,Språkbanken Text,2021
doi-10-23695-gjd4-0z25,University of Gothenburg,Språkbanken Text,2021
doi-10-23695-gmcg-mz48,University of Gothenburg,Språkbanken Text,2019
doi-10-23695-gmq4-g832,University of Gothenburg,Språkbanken Text,2025
doi-10-23695-gmzx-hp59,University of Gothenburg,Språkbanken Text,2017
doi-10-23695-gp75-6148,University of Gothenburg,Språkbanken Text,2023
doi-10-23695-gq2r-tp34,University of Gothenburg,Språkbanken Text,2017
doi-10-23695-gq85-7d49,University of Gothenburg,Språkbanken Text,2024
doi-10-23695-gtd5-w713,University of Gothenburg,Språkbanken Text,2023
doi-10-23695-gvtv-3k79,University of Gothenburg,Språkbanken Text,2021
doi-10-23695-gzhs-zm64,University of Gothenburg,Språkbanken Text,2017
doi-10-23695-h0bc-vp72,University of Gothenburg,Språkbanken Text,2024
doi-10-23695-h0xc-g032,University of Gothenburg,Språkbanken Text,2024
doi-10-23695-h1qp-af56,University of Gothenburg,Språkbanken Text,2018
doi-10-23695-h2w8-cf56,University of Gothenburg,Språkbanken Text,2024
doi-10-23695-h3ey-2p52,University of Gothenburg,Språkbanken Text,2017
doi-10-23695-h6pv-yj83,University of Gothenburg,Språkbanken Text,2022
doi-10-23695-h722-rw89,University of Gothenburg,Språkbanken Text,2023
doi-10-23695-h7dx-3w71,University of Gothenburg,Språkbanken Text,2021
doi-10-23695-h7rn-az19,University of Gothenburg,Språkbanken Text,2023
doi-10-23695-h8w1-bx69,University of Gothenburg,Språkbanken Text,2015
doi-10-23695-h9f5-8143,University of Gothenburg,Språkbanken Text,2025
doi-10-23695-h9v6-r257,University of Gothenburg,Språkbanken Text,2023
doi-10-23695-ha4t-4878,University of Gothenburg,Språkbanken Text,2015
doi-10-23695-hagp-q835,University of Gothenburg,Språkbanken Text,2023
doi-10-23695-hf8b-yb32,University of Gothenburg,Språkbanken Text,2017
doi-10-23695-hfeb-k281,University of Gothenburg,Språkbanken Text,2021
doi-10-23695-hhf4-kc39,University of Gothenburg,Språkbanken Text,2022
doi-10-23695-hj57-rg55,University of Gothenburg,Språkbanken Text,2022
doi-10-23695-hjsx-g327,University of Gothenburg,Språkbanken Text,2017
doi-10-23695-hn1q-r248,University of Gothenburg,Språkbanken Text,2014
doi-10-23695-hpsz-kh77,University of Gothenburg,Språkbanken Text,2023
doi-10-23695-hq2r-e385,University of Gothenburg,Språkbanken Text,2024
doi-10-23695-hq4f-1386,University of Gothenburg,Språkbanken Text,2024
doi-10-23695-hqqp-y016,University of Gothenburg,Språkbanken Text,2016
doi-10-23695-hr2c-e953,University of Gothenburg,Språkbanken Text,2025
doi-10-23695-hrxf-hj31,University of Gothenburg,Språkbanken Text,2023
doi-10-23695-htp2-rd96,University of Gothenburg,Språkbanken Text,2022
doi-10-23695-hvvc-g214,University of Gothenburg,Språkbanken Text,2015
doi-10-23695-hw6r-kd89,University of Gothenburg,Språkbanken Text,2015
doi-10-23695-hxhx-1167,University of Gothenburg,Språkbanken Text,2023
doi-10-23695-hy38-d382,University of Gothenburg,Språkbanken Text,2023
doi-10-23695-hyss-yd55,University of Gothenburg,Språkbanken Text,2022
doi-10-23695-hz4b-6h68,University of Gothenburg,Språkbanken Text,2024
doi-10-23695-hz62-hs69,University of Gothenburg,Språkbanken Text,2022
doi-10-23695-j041-q283,University of Gothenburg,Språkbanken Text,2022
doi-10-23695-j05k-et50,University of Gothenburg,Språkbanken Text,2014
doi-10-23695-j29j-8f31,University of Gothenburg,Språkbanken Text,2022
doi-10-23695-j2da-gm81,University of Gothenburg,Språkbanken Text,2018
doi-10-23695-j2sv-0h05,University of Gothenburg,Språkbanken Text,2021
doi-10-23695-j40y-gr68,University of Gothenburg,Språkbanken Text,2021
doi-10-23695-j4k0-2h44,University of Gothenburg,Språkbanken Text,2025
doi-10-23695-j4wz-tr70,University of Gothenburg,Språkbanken Text,2021
doi-10-23695-j6xx-0v86,University of Gothenburg,Språkbanken Text,2021
doi-10-23695-ja47-w979,University of Gothenburg,Språkbanken Text,2024
doi-10-23695-jajc-hw54,University of Gothenburg,Språkbanken Text,2021
doi-10-23695-jbjz-ha19,University of Gothenburg,Språkbanken Text,2021
doi-10-23695-jdtx-zm44,University of Gothenburg,Språkbanken Text,2015
doi-10-23695-jeej-5j73,University of Gothenburg,Språkbanken Text,2021
doi-10-23695-jeq6-4519,University of Gothenburg,Språkbanken Text,2022
doi-10-23695-jeyf-1m55,University of Gothenburg,Språkbanken Text,2020
doi-10-23695-jfdt-an59,University of Gothenburg,Språkbanken Text,2024
doi-10-23695-jffr-jd38,University of Gothenburg,Språkbanken Text,2021
doi-10-23695-jfj2-ea83,University of Gothenburg,Språkbanken Text,2021
doi-10-23695-jg6d-gd53,University of Gothenburg,Språkbanken Text,2017
doi-10-23695-jh5a-st49,University of Gothenburg,Språkbanken Text,2021
doi-10-23695-jh93-3h46,University of Gothenburg,Språkbanken Text,2015
doi-10-23695-jhz7-xv97,University of Gothenburg,Språkbanken Text,2025
doi-10-23695-jj6a-0138,University of Gothenburg,Språkbanken Text,2021
doi-10-23695-jj9t-3718,University of Gothenburg,Språkbanken Text,2015
doi-10-23695-jjqf-wj26,University of Gothenburg,Språkbanken Text,2014
doi-10-23695-jm8m-kp95,University of Gothenburg,Språkbanken Text,2024
doi-10-23695-jnsc-8503,University of Gothenburg,Språkbanken Text,2022
doi-10-23695-jnwp-q903,University of Gothenburg,Språkbanken Text,2017
doi-10-23695-jp7p-rr68,University of Gothenburg,Språkbanken Text,2024
doi-10-23695-jpxn-4694,University of Gothenburg,Språkbanken Text,2021
doi-10-23695-jpya-tv46,University of Gothenburg,Språkbanken Text,2024
doi-10-23695-jqh5-3z04,University of Gothenburg,Språkbanken Text,2021
doi-10-23695-jrep-ap14,University of Gothenburg,Språkbanken Text,2017
doi-10-23695-jvh0-wb51,University of Gothenburg,Språkbanken Text,2017
doi-10-23695-jw82-p317,University of Gothenburg,Språkbanken Text,2017
doi-10-23695-jy6f-hk42,University of Gothenburg,Språkbanken Text,2021
doi-10-23695-jz49-ak08,University of Gothenburg,Språkbanken Text,2021
doi-10-23695-jzb6-an90,University of Gothenburg,Språkbanken Text,2021
doi-10-23695-jzkw-v045,University of Gothenburg,Språkbanken Text,2022
doi-10-23695-jzn6-c404,University of Gothenburg,Språkbanken Text,2023
doi-10-23695-k02c-j819,University of Gothenburg,Språkbanken Text,2022
doi-10-23695-k061-ra77,University of Gothenburg,Språkbanken Text,2022
doi-10-23695-k0ep-d521,University of Gothenburg,Språkbanken Text,2024
doi-10-23695-k0mr-5610,University of Gothenburg,Språkbanken Text,2024
doi-10-23695-k30q-cz37,University of Gothenburg,Språkbanken Text,2021
doi-10-23695-k365-nb48,University of Gothenburg,Språkbanken Text,2024
doi-10-23695-k45r-rh84,University of Gothenburg,Språkbanken Text,2021
doi-10-23695-k6fh-4f59,University of Gothenburg,Språkbanken Text,2023
doi-10-23695-k6qn-5180,University of Gothenburg,Språkbanken Text,2024
doi-10-23695-k819-cs56,University of Gothenburg,Språkbanken Text,2022
doi-10-23695-k91c-k507,University of Gothenburg,Språkbanken Text,2025
doi-10-23695-kb6p-hf44,University of Gothenburg,Språkbanken Text,2022
doi-10-23695-kbcy-t096,University of Gothenburg,Språkbanken Text,2024
doi-10-23695-kc6f-a616,University of Gothenburg,Språkbanken Text,2016
doi-10-23695-kcsn-bf44,University of Gothenburg,Språkbanken Text,2015
doi-10-23695-ke60-mh59,University of Gothenburg,Språkbanken Text,2022
doi-10-23695-kep7-yq72,University of Gothenburg,Språkbanken Text,2021
doi-10-23695-kfpv-ds89,University of Gothenburg,Språkbanken Text,2017
doi-10-23695-kg6s-2n17,University of Gothenburg,Språkbanken Text,2024
doi-10-23695-kjpk-jc17,University of Gothenburg,Språkbanken Text,2024
doi-10-23695-kjy0-4c21,University of Gothenburg,Språkbanken Text,2025
doi-10-23695-kkqz-d080,University of Gothenburg,Språkbanken Text,2021
doi-10-23695-km5r-wy52,University of Gothenburg,Språkbanken Text,2024
doi-10-23695-kpyq-7239,University of Gothenburg,Språkbanken Text,2021
doi-10-23695-kqp5-ex06,University of Gothenburg,Språkbanken Text,2023
doi-10-23695-ksp6-j384,University of Gothenburg,Språkbanken Text,2024
doi-10-23695-kswj-db84,University of Gothenburg,Språkbanken Text,2024
doi-10-23695-kvjc-k519,University of Gothenburg,Språkbanken Text,2024
doi-10-23695-kvrz-d087,University of Gothenburg,Språkbanken Text,2024
doi-10-23695-kxg5-b531,University of Gothenburg,Språkbanken Text,2015
doi-10-23695-kxvz-tx42,University of Gothenburg,Språkbanken Text,2025
doi-10-23695-kyez-c074,University of Gothenburg,Språkbanken Text,2022
doi-10-23695-kyjb-hm80,University of Gothenburg,Språkbanken Text,2023
doi-10-23695-kz56-by37,University of Gothenburg,Språkbanken Text,2022
doi-10-23695-kzy9-xs61,University of Gothenburg,Språkbanken Text,2022
doi-10-23695-m0h7-mm59,University of Gothenburg,Språkbanken Text,2017
doi-10-23695-m25h-wd15,University of Gothenburg,Språkbanken Text,2021
doi-10-23695-m266-1s42,University of Gothenburg,Språkbanken Text,2021
doi-10-23695-m2z1-6633,University of Gothenburg,Språkbanken Text,2017
doi-10-23695-m34m-v368,University of Gothenburg,Språkbanken Text,2022
doi-10-23695-m3km-1764,University of Gothenburg,Språkbanken Text,2017
doi-10-23695-m4et-rb76,University of Gothenburg,Språkbanken Text,2017
doi-10-23695-m5hq-8s66,University of Gothenburg,Språkbanken Text,2022
doi-10-23695-m9f2-mt96,University of Gothenburg,Språkbanken Text,2022
doi-10-23695-ma34-gh02,University of Gothenburg,Språkbanken Text,2023
doi-10-23695-mb0r-az26,University of Gothenburg,Språkbanken Text,2022
doi-10-23695-mbcn-g192,University of Gothenburg,Språkbanken Text,2017
doi-10-23695-mcjf-2b65,University of Gothenburg,Språkbanken Text,2022
doi-10-23695-mdjf-b671,University of Gothenburg,Språkbanken Text,2025
doi-10-23695-mdp4-2p72,University of Gothenburg,Språkbanken Text,2014
doi-10-23695-mg1f-0852,University of Gothenburg,Språkbanken Text,2015
doi-10-23695-mjzy-pa95,University of Gothenburg,Språkbanken Text,2022
doi-10-23695-mkaa-z088,University of Gothenburg,Språkbanken Text,2024
doi-10-23695-mkd0-q989,University of Gothenburg,Språkbanken Text,2017
doi-10-23695-mmws-9c09,University of Gothenburg,Språkbanken Text,2022
doi-10-23695-mn6v-w280,University of Gothenburg,Språkbanken Text,2017
doi-10-23695-mp50-e009,University of Gothenburg,Språkbanken Text,2025
doi-10-23695-mpem-ah13,University of Gothenburg,Språkbanken Text,2017
doi-10-23695-mq2k-cd08,University of Gothenburg,Språkbanken Text,2022
doi-10-23695-ms4v-yw18,University of Gothenburg,Språkbanken Text,2015
doi-10-23695-mthc-4183,University of Gothenburg,Språkbanken Text,2017
doi-10-23695-mw1z-ey05,University of Gothenburg,Språkbanken Text,2015
doi-10-23695-mwyr-gk24,University of Gothenburg,Språkbanken Text,2024
doi-10-23695-mxxg-gv60,University of Gothenburg,Språkbanken Text,2015
doi-10-23695-mzj1-8e48,University of Gothenburg,Språkbanken Text,2023
doi-10-23695-mzsg-b466,University of Gothenburg,Språkbanken Text,2024
doi-10-23695-n00s-cm06,University of Gothenburg,Språkbanken Text,2025
doi-10-23695-n2ba-6g90,University of Gothenburg,Språkbanken Text,2022
doi-10-23695-n2ra-d071,University of Gothenburg,Språkbanken Text,2021
doi-10-23695-n40f-9156,University of Gothenburg,Språkbanken Text,2015
doi-10-23695-n4hz-t827,University of Gothenburg,Språkbanken Text,2024
doi-10-23695-n5s5-mh61,University of Gothenburg,Språkbanken Text,2024
doi-10-23695-n71h-re96,University of Gothenburg,Språkbanken Text,2022
doi-10-23695-n8b5-ve43,University of Gothenburg,Språkbanken Text,2025
doi-10-23695-n91m-4q12,University of Gothenburg,Språkbanken Text,2021
doi-10-23695-n91v-yy47,University of Gothenburg,Språkbanken Text,2017
doi-10-23695-n92q-4910,University of Gothenburg,Språkbanken Text,2024
doi-10-23695-n9dx-6k89,University of Gothenburg,Språkbanken Text,2015
doi-10-23695-n9fp-4j71,University of Gothenburg,Språkbanken Text,2024
doi-10-23695-narz-e115,University of Gothenburg,Språkbanken Text,2024
doi-10-23695-nbc7-vg04,University of Gothenburg,Språkbanken Text,2025
doi-10-23695-nc55-gd27,University of Gothenburg,Språkbanken Text,2024
doi-10-23695-nd4n-p027,University of Gothenburg,Språkbanken Text,2017
doi-10-23695-nfk0-7s39,University of Gothenburg,Språkbanken Text,2014
doi-10-23695-nghp-sy38,University of Gothenburg,Språkbanken Text,2015
doi-10-23695-nh77-xh13,University of Gothenburg,Språkbanken Text,2017
doi-10-23695-nkaa-jv97,University of Gothenburg,Språkbanken Text,2022
doi-10-23695-nkag-6z71,University of Gothenburg,Språkbanken Text,2015
doi-10-23695-nkx9-xf71,University of Gothenburg,Språkbanken Text,2021
doi-10-23695-nm9x-z436,University of Gothenburg,Språkbanken Text,2024
doi-10-23695-npcc-4f43,University of Gothenburg,Språkbanken Text,2021
doi-10-23695-nqj6-yc95,University of Gothenburg,Språkbanken Text,2021
doi-10-23695-ns6b-k954,University of Gothenburg,Språkbanken Text,2021
doi-10-23695-nsba-y912,University of Gothenburg,Språkbanken Text,2021
doi-10-23695-nv6v-2928,University of Gothenburg,Språkbanken Text,2022
doi-10-23695-nvp0-6350,University of Gothenburg,Språkbanken Text,2022
doi-10-23695-nvvw-hb39,University of Gothenburg,Språkbanken Text,2015
doi-10-23695-nxa7-ka67,University of Gothenburg,Språkbanken Text,2015
doi-10-23695-nyc9-eg04,University of Gothenburg,Språkbanken Text,2025
doi-10-23695-nza1-p745,University of Gothenburg,Språkbanken Text,2022
doi-10-23695-nzey-8w45,University of Gothenburg,Språkbanken Text,2017
doi-10-23695-p0cc-p993,University of Gothenburg,Språkbanken Text,2024
doi-10-23695-p0q4-q071,University of Gothenburg,Språkbanken Text,2016
doi-10-23695-p1t6-wa60,University of Gothenburg,Språkbanken Text,2022
doi-10-23695-p2v4-6g89,University of Gothenburg,Språkbanken Text,2017
doi-10-23695-p316-4n72,University of Gothenburg,Språkbanken Text,2022
doi-10-23695-p4ag-h063,University of Gothenburg,Språkbanken Text,2017
doi-10-23695-p5qm-6670,University of Gothenburg,Språkbanken Text,2017
doi-10-23695-p6vh-bm38,University of Gothenburg,Språkbanken Text,2022
doi-10-23695-p81h-0a72,University of Gothenburg,Språkbanken Text,2025
doi-10-23695-p8dn-rf81,University of Gothenburg,Språkbanken Text,2024
doi-10-23695-p8yn-xf34,University of Gothenburg,Språkbanken Text,2021
doi-10-23695-p95q-0m44,University of Gothenburg,Språkbanken Text,2021
doi-10-23695-paky-de67,University of Gothenburg,Språkbanken Text,2024
doi-10-23695-pawz-fh93,University of Gothenburg,Språkbanken Text,2025
doi-10-23695-pbvv-vj96,University of Gothenburg,Språkbanken Text,2022
doi-10-23695-pfeg-d659,University of Gothenburg,Språkbanken Text,2022
doi-10-23695-phwz-hx30,University of Gothenburg,Språkbanken Text,2025
doi-10-23695-pjhm-e314,University of Gothenburg,Språkbanken Text,2015
doi-10-23695-pjhs-6466,University of Gothenburg,Språkbanken Text,2015
doi-10-23695-pk12-f021,University of Gothenburg,Språkbanken Text,2021
doi-10-23695-pkr0-qw56,University of Gothenburg,Språkbanken Text,2022
doi-10-23695-pm04-n213,University of Gothenburg,Språkbanken Text,2022
doi-10-23695-pmpb-ry83,University of Gothenburg,Språkbanken Text,2025
doi-10-23695-pn4q-q827,University of Gothenburg,Språkbanken Text,2023
doi-10-23695-pnwn-mt38,University of Gothenburg,Språkbanken Text,2017
doi-10-23695-ppt7-hf76,University of Gothenburg,Språkbanken Text,2022
doi-10-23695-ppxp-eq12,University of Gothenburg,Språkbanken Text,2024
doi-10-23695-pq2h-5f40,University of Gothenburg,Språkbanken Text,2017
doi-10-23695-pqrf-8x58,University of Gothenburg,Språkbanken Text,2017
doi-10-23695-pst6-xt66,University of Gothenburg,Språkbanken Text,2015
doi-10-23695-pvrx-fg92,University of Gothenburg,Språkbanken Text,2021
doi-10-23695-pwva-xs03,University of Gothenburg,Språkbanken Text,2013
doi-10-23695-py9w-tn65,University of Gothenburg,Språkbanken Text,2017
doi-10-23695-q1fy-tg26,University of Gothenburg,Språkbanken Text,2017
doi-10-23695-q2pm-vw31,University of Gothenburg,Språkbanken Text,2023
doi-10-23695-q4ns-kc44,University of Gothenburg,Språkbanken Text,2021
doi-10-23695-q5ry-er16,University of Gothenburg,Språkbanken Text,2024
doi-10-23695-q6q1-9247,University of Gothenburg,Språkbanken Text,2017
doi-10-23695-q6zf-wq10,University of Gothenburg,Språkbanken Text,2022
doi-10-23695-q9v4-vt57,University of Gothenburg,Språkbanken Text,2025
doi-10-23695-qa2w-5v14,University of Gothenburg,Språkbanken Text,2023
doi-10-23695-qcgy-vw41,University of Gothenburg,Språkbanken Text,2021
doi-10-23695-qdb0-mp65,University of Gothenburg,Språkbanken Text,2017
doi-10-23695-qdbg-b731,University of Gothenburg,Språkbanken Text,2015
doi-10-23695-qdkn-es87,University of Gothenburg,Språkbanken Text,2022
doi-10-23695-qe9a-we97,University of Gothenburg,Språkbanken Text,2015
doi-10-23695-qebf-k010,University of Gothenburg,Språkbanken Text,2022
doi-10-23695-qggj-3130,University of Gothenburg,Språkbanken Text,2024
doi-10-23695-qhk2-6x66,University of Gothenburg,Språkbanken Text,2021
doi-10-23695-qj0e-4d34,University of Gothenburg,Språkbanken Text,2015
doi-10-23695-qj8f-e838,University of Gothenburg,Språkbanken Text,2015
doi-10-23695-qkkx-f796,University of Gothenburg,Språkbanken Text,2024
doi-10-23695-qkns-c385,University of Gothenburg,Språkbanken Text,2022
doi-10-23695-qmep-nr24,University of Gothenburg,Språkbanken Text,2022
doi-10-23695-qp2c-3n78,University of Gothenburg,Språkbanken Text,2021
doi-10-23695-qppt-ks58,University of Gothenburg,Språkbanken Text,2023
doi-10-23695-qpvb-xm67,University of Gothenburg,Språkbanken Text,2017
doi-10-23695-qq2j-5705,University of Gothenburg,Språkbanken Text,2016
doi-10-23695-qqen-j104,University of Gothenburg,Språkbanken Text,2015
doi-10-23695-qssy-n662,University of Gothenburg,Språkbanken Text,2015
doi-10-23695-qvhc-kg53,University of Gothenburg,Språkbanken Text,2024
doi-10-23695-qvy8-2076,University of Gothenburg,Språkbanken Text,2021
doi-10-23695-qwsz-cb16,University of Gothenburg,Språkbanken Text,2016
doi-10-23695-qx44-8m06,University of Gothenburg,Språkbanken Text,2016
doi-10-23695-qyg7-sm70,University of Gothenburg,Språkbanken Text,2017
doi-10-23695-qz1m-y014,University of Gothenburg,Språkbanken Text,2017
doi-10-23695-qzdq-zn17,University of Gothenburg,Språkbanken Text,2025
doi-10-23695-r20y-qp56,University of Gothenburg,Språkbanken Text,2022
doi-10-23695-r2cx-an80,University of Gothenburg,Språkbanken Text,2022
doi-10-23695-r2g2-mn24,University of Gothenburg,Språkbanken Text,2021
doi-10-23695-r4vm-j928,University of Gothenburg,Språkbanken Text,2015
doi-10-23695-r4vt-hw65,University of Gothenburg,Språkbanken Text,2024
doi-10-23695-r5ve-qa14,University of Gothenburg,Språkbanken Text,2021
doi-10-23695-r5vp-v013,University of Gothenburg,Språkbanken Text,2022
doi-10-23695-r8td-xw20,University of Gothenburg,Språkbanken Text,2015
doi-10-23695-r957-tk58,University of Gothenburg,Språkbanken Text,2021
doi-10-23695-r97m-ty64,University of Gothenburg,Språkbanken Text,2014
doi-10-23695-r9w3-vq94,University of Gothenburg,Språkbanken Text,2017
doi-10-23695-rbbg-4h36,University of Gothenburg,Språkbanken Text,2023
doi-10-23695-rdrc-pv77,University of Gothenburg,Språkbanken Text,2017
doi-10-23695-revf-er27,University of Gothenburg,Språkbanken Text,2015
doi-10-23695-rgcg-ke24,University of Gothenburg,Språkbanken Text,2023
doi-10-23695-rgh6-xq54,University of Gothenburg,Språkbanken Text,2021
doi-10-23695-rgq0-pr79,University of Gothenburg,Språkbanken Text,2023
doi-10-23695-rham-1g02,University of Gothenburg,Språkbanken Text,2022
doi-10-23695-rj4g-1841,University of Gothenburg,Språkbanken Text,2022
doi-10-23695-rkcx-0p52,University of Gothenburg,Språkbanken Text,2015
doi-10-23695-rkvs-hx51,University of Gothenburg,Språkbanken Text,2021
doi-10-23695-rkxx-7j19,University of Gothenburg,Språkbanken Text,2021
doi-10-23695-rmnt-4106,University of Gothenburg,Språkbanken Text,2024
doi-10-23695-rnmb-ga21,University of Gothenburg,Språkbanken Text,2024
doi-10-23695-rnr2-nk24,University of Gothenburg,Språkbanken Text,2016
doi-10-23695-rpea-4j96,University of Gothenburg,Språkbanken Text,2022
doi-10-23695-rrvk-4425,University of Gothenburg,Språkbanken Text,2022
doi-10-23695-rsyr-zq08,University of Gothenburg,Språkbanken Text,2021
doi-10-23695-rw1g-7e75,University of Gothenburg,Språkbanken Text,2024
doi-10-23695-rw98-tr46,University of Gothenburg,Språkbanken Text,2017
doi-10-23695-rwrq-1w38,University of Gothenburg,Språkbanken Text,2016
doi-10-23695-rww4-r432,University of Gothenburg,Språkbanken Text,2017
doi-10-23695-rxf7-v102,University of Gothenburg,Språkbanken Text,2022
doi-10-23695-rxz7-vg45,University of Gothenburg,Språkbanken Text,2021
doi-10-23695-s0va-9y05,University of Gothenburg,Språkbanken Text,2023
doi-10-23695-s1n6-t612,University of Gothenburg,Språkbanken Text,2022
doi-10-23695-s28e-d620,University of Gothenburg,Språkbanken Text,2021
doi-10-23695-s30v-g977,University of Gothenburg,Språkbanken Text,2017
doi-10-23695-s3bj-xc96,University of Gothenburg,Språkbanken Text,2017
doi-10-23695-s3hy-n541,University of Gothenburg,Språkbanken Text,2021
doi-10-23695-s6c3-dq52,University of Gothenburg,Språkbanken Text,2024
doi-10-23695-s704-f362,University of Gothenburg,Språkbanken Text,2024
doi-10-23695-s80w-2517,University of Gothenburg,Språkbanken Text,2017
doi-10-23695-s89c-w420,University of Gothenburg,Språkbanken Text,2024
doi-10-23695-s9d3-m419,University of Gothenburg,Språkbanken Text,2021
doi-10-23695-s9np-h680,University of Gothenburg,Språkbanken Text,2024
doi-10-23695-safn-e012,University of Gothenburg,Språkbanken Text,2017
doi-10-23695-sar0-fs43,University of Gothenburg,Språkbanken Text,2017
doi-10-23695-sbt3-sj66,University of Gothenburg,Språkbanken Text,2015
doi-10-23695-sc0f-v539,University of Gothenburg,Språkbanken Text,2017
doi-10-23695-sc2g-zb68,University of Gothenburg,Språkbanken Text,2017
doi-10-23695-scdv-vp07,University of Gothenburg,Språkbanken Text,2022
doi-10-23695-scfd-zp59,University of Gothenburg,Språkbanken Text,2017
doi-10-23695-scje-7w17,University of Gothenburg,Språkbanken Text,2024
doi-10-23695-sdpe-re80,University of Gothenburg,Språkbanken Text,2017
doi-10-23695-se1f-j645,University of Gothenburg,Språkbanken Text,2017
doi-10-23695-se5f-d274,University of Gothenburg,Språkbanken Text,2020
doi-10-23695-sf56-kb38,University of Gothenburg,Språkbanken Text,2016
doi-10-23695-sf6e-an18,University of Gothenburg,Språkbanken Text,2023
doi-10-23695-sg7k-ma63,University of Gothenburg,Språkbanken Text,2016
doi-10-23695-shwa-jf98,University of Gothenburg,Språkbanken Text,2021
doi-10-23695-sj1d-g022,University of Gothenburg,Språkbanken Text,2017
doi-10-23695-sjes-s341,University of Gothenburg,Språkbanken Text,2022
doi-10-23695-sry4-bg72,University of Gothenburg,Språkbanken Text,2022
doi-10-23695-st06-pa61,University of Gothenburg,Språkbanken Text,2025
doi-10-23695-st71-1c58,University of Gothenburg,Språkbanken Text,2021
doi-10-23695-svb9-qw98,University of Gothenburg,Språkbanken Text,2022
doi-10-23695-sw9p-bz76,University of Gothenburg,Språkbanken Text,2023
doi-10-23695-swgt-7s14,University of Gothenburg,Språkbanken Text,2025
doi-10-23695-sww8-rp15,University of Gothenburg,Språkbanken Text,2021
doi-10-23695-sz30-w850,University of Gothenburg,Språkbanken Text,2023
doi-10-23695-szff-1m48,University of Gothenburg,Språkbanken Text,2023
doi-10-23695-t0a2-3r13,University of Gothenburg,Språkbanken Text,2022
doi-10-23695-t22j-6714,University of Gothenburg,Språkbanken Text,2022
doi-10-23695-t30b-mt09,University of Gothenburg,Språkbanken Text,2017
doi-10-23695-t3ft-6975,University of Gothenburg,Språkbanken Text,2021
doi-10-23695-t3rd-t386,University of Gothenburg,Språkbanken Text,2021
doi-10-23695-t49j-hb64,University of Gothenburg,Språkbanken Text,2015
doi-10-23695-t4w4-rg52,University of Gothenburg,Språkbanken Text,2017
doi-10-23695-t5m3-ne58,University of Gothenburg,Språkbanken Text,2021
doi-10-23695-t7yj-6e57,University of Gothenburg,Språkbanken Text,2021
doi-10-23695-t8f3-fx71,University of Gothenburg,Språkbanken Text,2022
doi-10-23695-tbt8-pz93,University of Gothenburg,Språkbanken Text,2023
doi-10-23695-tc3k-1n67,University of Gothenburg,Språkbanken Text,2022
doi-10-23695-tckp-q530,University of Gothenburg,Språkbanken Text,2015
doi-10-23695-tdav-g664,University of Gothenburg,Språkbanken Text,2021
doi-10-23695-tgjz-z506,University of Gothenburg,Språkbanken Text,2023
doi-10-23695-the9-9z35,University of Gothenburg,Språkbanken Text,2017
doi-10-23695-tjbn-jh96,University of Gothenburg,Språkbanken Text,2024
doi-10-23695-tje3-n997,University of Gothenburg,Språkbanken Text,2022
doi-10-23695-tkpk-f947,University of Gothenburg,Språkbanken Text,2021
doi-10-23695-tnjz-sf74,University of Gothenburg,Språkbanken Text,2021
doi-10-23695-tpft-3q76,University of Gothenburg,Språkbanken Text,2023
doi-10-23695-tq3a-5909,University of Gothenburg,Språkbanken Text,2015
doi-10-23695-tqkx-av74,University of Gothenburg,Språkbanken Text,2017
doi-10-23695-tqvm-0q26,University of Gothenburg,Språkbanken Text,2022
doi-10-23695-tqwt-se33,University of Gothenburg,Språkbanken Text,2017
doi-10-23695-trd4-8s03,University of Gothenburg,Språkbanken Text,2017
doi-10-23695-trre-m034,University of Gothenburg,Språkbanken Text,2022
doi-10-23695-tsxc-mh74,University of Gothenburg,Språkbanken Text,2022
doi-10-23695-tt1e-3194,University of Gothenburg,Språkbanken Text,2024
doi-10-23695-tt9p-1v23,University of Gothenburg,Språkbanken Text,2023
doi-10-23695-ttj3-k291,University of Gothenburg,Språkbanken Text,2022
doi-10-23695-ttkv-9y43,University of Gothenburg,Språkbanken Text,2022
doi-10-23695-tvpv-p096,University of Gothenburg,Språkbanken Text,2023
doi-10-23695-tvyn-kq70,University of Gothenburg,Språkbanken Text,2017
doi-10-23695-twge-j983,University of Gothenburg,Språkbanken Text,2015
doi-10-23695-txaw-kv39,University of Gothenburg,Språkbanken Text,2022
doi-10-23695-tyd6-z445,University of Gothenburg,Språkbanken Text,2021
doi-10-23695-tyf5-bm53,University of Gothenburg,Språkbanken Text,2021
doi-10-23695-v0qx-8g62,University of Gothenburg,Språkbanken Text,2021
doi-10-23695-v16b-jz67,University of Gothenburg,Språkbanken Text,2025
doi-10-23695-v1j2-4b85,University of Gothenburg,Språkbanken Text,2017
doi-10-23695-v1n0-6t43,University of Gothenburg,Språkbanken Text,2016
doi-10-23695-v1y2-f098,University of Gothenburg,Språkbanken Text,2021
doi-10-23695-v3jx-zv19,University of Gothenburg,Språkbanken Text,2023
doi-10-23695-v3wp-6c64,University of Gothenburg,Språkbanken Text,2024
doi-10-23695-v47x-4g92,University of Gothenburg,Språkbanken Text,2017
doi-10-23695-v4mc-6r34,University of Gothenburg,Språkbanken Text,2015
doi-10-23695-v52z-1w23,University of Gothenburg,Språkbanken Text,2017
doi-10-23695-v6g0-dh08,University of Gothenburg,Språkbanken Text,2022
doi-10-23695-v7a6-xe77,University of Gothenburg,Språkbanken Text,2024
doi-10-23695-v7j4-5075,University of Gothenburg,Språkbanken Text,2021
doi-10-23695-v8xs-p564,University of Gothenburg,Språkbanken Text,2025
doi-10-23695-vbqg-jr16,University of Gothenburg,Språkbanken Text,2023
doi-10-23695-vcmq-2310,University of Gothenburg,Språkbanken Text,2022
doi-10-23695-vd9r-3t41,University of Gothenburg,Språkbanken Text,2017
doi-10-23695-vdax-hp87,University of Gothenburg,Språkbanken Text,2019
doi-10-23695-vdfx-r139,University of Gothenburg,Språkbanken Text,2017
doi-10-23695-vf6c-nr65,University of Gothenburg,Språkbanken Text,2015
doi-10-23695-vhjw-wt26,University of Gothenburg,Språkbanken Text,2021
doi-10-23695-vhwd-mp90,University of Gothenburg,Språkbanken Text,2024
doi-10-23695-vj17-ed92,University of Gothenburg,Språkbanken Text,2022
doi-10-23695-vjdm-xm83,University of Gothenburg,Språkbanken Text,2021
doi-10-23695-vkfr-wv85,University of Gothenburg,Språkbanken Text,2021
doi-10-23695-vkg5-xw14,University of Gothenburg,Språkbanken Text,2022
doi-10-23695-vkqk-p917,University of Gothenburg,Språkbanken Text,2021
doi-10-23695-vkrt-z816,University of Gothenburg,Språkbanken Text,2023
doi-10-23695-vmqw-rv41,University of Gothenburg,Språkbanken Text,2021
doi-10-23695-vn24-1992,University of Gothenburg,Språkbanken Text,2022
doi-10-23695-vn82-5s17,University of Gothenburg,Språkbanken Text,2021
doi-10-23695-vp9e-pg93,University of Gothenburg,Språkbanken Text,2017
doi-10-23695-vpc3-wc18,University of Gothenburg,Språkbanken Text,2017
doi-10-23695-vr7v-zq62,University of Gothenburg,Språkbanken Text,2021
doi-10-23695-vrvv-j228,University of Gothenburg,Språkbanken Text,2021
doi-10-23695-vsb1-et81,University of Gothenburg,Språkbanken Text,2022
doi-10-23695-vskb-tp81,University of Gothenburg,Språkbanken Text,2021
doi-10-23695-vv5d-bq14,University of Gothenburg,Språkbanken Text,2025
doi-10-23695-vvey-cf02,University of Gothenburg,Språkbanken Text,2022
doi-10-23695-vw67-tk79,University of Gothenburg,Språkbanken Text,2017
doi-10-23695-vwt5-gp09,University of Gothenburg,Språkbanken Text,2021
doi-10-23695-vy2j-xs67,University of Gothenburg,Språkbanken Text,2013
doi-10-23695-vy2r-et47,University of Gothenburg,Språkbanken Text,2021
doi-10-23695-w176-1431,University of Gothenburg,Språkbanken Text,2015
doi-10-23695-w1kh-6g30,University of Gothenburg,Språkbanken Text,2022
doi-10-23695-w1s6-sg21,University of Gothenburg,Språkbanken Text,2022
doi-10-23695-w38w-ag47,University of Gothenburg,Språkbanken Text,2017
doi-10-23695-w3xa-tm27,University of Gothenburg,Språkbanken Text,2023
doi-10-23695-w468-bn43,University of Gothenburg,Språkbanken Text,2022
doi-10-23695-w4e3-z689,University of Gothenburg,Språkbanken Text,2015
doi-10-23695-w4zk-mr96,University of Gothenburg,Språkbanken Text,2017
doi-10-23695-w50j-tf54,University of Gothenburg,Språkbanken Text,2024
doi-10-23695-w5sh-0z37,University of Gothenburg,Språkbanken Text,2016
doi-10-23695-w5ww-x964,University of Gothenburg,Språkbanken Text,2017
doi-10-23695-w685-1q03,University of Gothenburg,Språkbanken Text,2024
doi-10-23695-w8y7-nz51,University of Gothenburg,Språkbanken Text,2023
doi-10-23695-w9zv-9s54,University of Gothenburg,Språkbanken Text,2024
doi-10-23695-wa5z-ec65,University of Gothenburg,Språkbanken Text,2025
doi-10-23695-wabq-2t79,University of Gothenburg,Språkbanken Text,2017
doi-10-23695-wb5v-zh18,University of Gothenburg,Språkbanken Text,2021
doi-10-23695-wb6y-sv35,University of Gothenburg,Språkbanken Text,2024
doi-10-23695-wgep-cy02,University of Gothenburg,Språkbanken Text,2024
doi-10-23695-wh3y-2y24,University of Gothenburg,Språkbanken Text,2020
doi-10-23695-wh4q-np91,University of Gothenburg,Språkbanken Text,2023
doi-10-23695-wjht-9t71,University of Gothenburg,Språkbanken Text,2024
doi-10-23695-wk20-9s63,University of Gothenburg,Språkbanken Text,2015
doi-10-23695-wk46-8x59,University of Gothenburg,Språkbanken Text,2015
doi-10-23695-wkkn-n867,University of Gothenburg,Språkbanken Text,2015
doi-10-23695-wm8g-rt20,University of Gothenburg,Språkbanken Text,2017
doi-10-23695-wmcr-7c32,University of Gothenburg,Språkbanken Text,2020
doi-10-23695-wnd0-c311,University of Gothenburg,Språkbanken Text,2017
doi-10-23695-wnh8-g011,University of Gothenburg,Språkbanken Text,2022
doi-10-23695-wnjb-4440,University of Gothenburg,Språkbanken Text,2021
doi-10-23695-wp72-8a96,University of Gothenburg,Språkbanken Text,2021
doi-10-23695-wpzg-7k66,University of Gothenburg,Språkbanken Text,2023
doi-10-23695-wqqg-ym24,University of Gothenburg,Språkbanken Text,2017
doi-10-23695-wrpb-tb09,University of Gothenburg,Språkbanken Text,2017
doi-10-23695-wsbh-dw10,University of Gothenburg,Språkbanken Text,2022
doi-10-23695-wspt-n984,University of Gothenburg,Språkbanken Text,2022
doi-10-23695-wsr0-0433,University of Gothenburg,Språkbanken Text,2022
doi-10-23695-wsrq-kz28,University of Gothenburg,Språkbanken Text,2023
doi-10-23695-wt3p-5n24,University of Gothenburg,Språkbanken Text,2021
doi-10-23695-wv8w-dq82,University of Gothenburg,Språkbanken Text,2024
doi-10-23695-wwef-p535,University of Gothenburg,Språkbanken Text,2015
doi-10-23695-wwm1-wa96,University of Gothenburg,Språkbanken Text,2017
doi-10-23695-wwpa-vv52,University of Gothenburg,Språkbanken Text,2017
doi-10-23695-wxg9-b713,University of Gothenburg,Språkbanken Text,2023
doi-10-23695-wy84-ar30,University of Gothenburg,Språkbanken Text,2024
doi-10-23695-wy9w-mw74,University of Gothenburg,Språkbanken Text,2023
doi-10-23695-wyew-7803,University of Gothenburg,Språkbanken Text,2021
doi-10-23695-wyzw-c368,University of Gothenburg,Språkbanken Text,2023
doi-10-23695-x3bq-mm53,University of Gothenburg,Språkbanken Text,2025
doi-10-23695-x4th-gg79,University of Gothenburg,Språkbanken Text,2021
doi-10-23695-x5fy-db89,University of Gothenburg,Språkbanken Text,2023
doi-10-23695-x690-zc63,University of Gothenburg,Språkbanken Text,2021
doi-10-23695-x69r-8p02,University of Gothenburg,Språkbanken Text,2017
doi-10-23695-x6ky-9n59,University of Gothenburg,Språkbanken Text,2024
doi-10-23695-x6pm-0r77,University of Gothenburg,Språkbanken Text,2023
doi-10-23695-x6wq-ey08,University of Gothenburg,Språkbanken Text,2023
doi-10-23695-x6yk-2r91,University of Gothenburg,Språkbanken Text,2016
doi-10-23695-x7s7-ds09,University of Gothenburg,Språkbanken Text,2021
doi-10-23695-x916-nm26,University of Gothenburg,Språkbanken Text,2017
doi-10-23695-x9dx-0h40,University of Gothenburg,Språkbanken Text,2016
doi-10-23695-x9ym-aa22,University of Gothenburg,Språkbanken Text,2021
doi-10-23695-xae1-5885,University of Gothenburg,Språkbanken Text,2022
doi-10-23695-xagg-ws63,University of Gothenburg,Språkbanken Text,2022
doi-10-23695-xaps-et76,University of Gothenburg,Språkbanken Text,2024
doi-10-23695-xe7r-k506,University of Gothenburg,Språkbanken Text,2025
doi-10-23695-xes6-3b77,University of Gothenburg,Språkbanken Text,2021
doi-10-23695-xev0-we09,University of Gothenburg,Språkbanken Text,2024
doi-10-23695-xfan-by68,University of Gothenburg,Språkbanken Text,2017
doi-10-23695-xgcj-rr93,University of Gothenburg,Språkbanken Text,2015
doi-10-23695-xgmh-y377,University of Gothenburg,Språkbanken Text,2017
doi-10-23695-xk76-g225,University of Gothenburg,Språkbanken Text,2021
doi-10-23695-xm6d-v485,University of Gothenburg,Språkbanken Text,2014
doi-10-23695-xn6n-qk80,University of Gothenburg,Språkbanken Text,2022
doi-10-23695-xnb8-vv11,University of Gothenburg,Språkbanken Text,2021
doi-10-23695-xp4v-sy18,University of Gothenburg,Språkbanken Text,2022
doi-10-23695-xpd7-x637,University of Gothenburg,Språkbanken Text,2022
doi-10-23695-xq47-0x17,University of Gothenburg,Språkbanken Text,2021
doi-10-23695-xq57-jk22,University of Gothenburg,Språkbanken Text,2021
doi-10-23695-xqg5-0f61,University of Gothenburg,Språkbanken Text,2017
doi-10-23695-xrsg-mp07,University of Gothenburg,Språkbanken Text,2024
doi-10-23695-xs2w-xr07,University of Gothenburg,Språkbanken Text,2024
doi-10-23695-xsh4-ba73,University of Gothenburg,Språkbanken Text,2017
doi-10-23695-xthy-fj91,University of Gothenburg,Språkbanken Text,2017
doi-10-23695-xtt7-bw98,University of Gothenburg,Språkbanken Text,2022
doi-10-23695-xv6d-0a11,University of Gothenburg,Språkbanken Text,2021
doi-10-23695-y2me-4a95,University of Gothenburg,Språkbanken Text,2022
doi-10-23695-y2mm-jk80,University of Gothenburg,Språkbanken Text,2021
doi-10-23695-y2pw-7393,University of Gothenburg,Språkbanken Text,2021
doi-10-23695-y2px-rd15,University of Gothenburg,Språkbanken Text,2023
doi-10-23695-y38m-3f90,University of Gothenburg,Språkbanken Text,2015
doi-10-23695-y43g-bx28,University of Gothenburg,Språkbanken Text,2017
doi-10-23695-y5rs-tw92,University of Gothenburg,Språkbanken Text,2021
doi-10-23695-y7vc-2541,University of Gothenburg,Språkbanken Text,2015
doi-10-23695-y8v9-nh07,University of Gothenburg,Språkbanken Text,2023
doi-10-23695-yapt-pq34,University of Gothenburg,Språkbanken Text,2017
doi-10-23695-yc3t-mg58,University of Gothenburg,Språkbanken Text,2022
doi-10-23695-yd1h-ag22,University of Gothenburg,Språkbanken Text,2017
doi-10-23695-yepn-se26,University of Gothenburg,Språkbanken Text,2023
doi-10-23695-yetm-v642,University of Gothenburg,Språkbanken Text,2022
doi-10-23695-ygeg-g110,University of Gothenburg,Språkbanken Text,2024
doi-10-23695-ygn6-nh25,University of Gothenburg,Språkbanken Text,2016
doi-10-23695-ygw3-gf17,University of Gothenburg,Språkbanken Text,2020
doi-10-23695-yhxv-a472,University of Gothenburg,Språkbanken Text,2021
doi-10-23695-yjt1-zz67,University of Gothenburg,Språkbanken Text,2021
doi-10-23695-yk0c-mj92,University of Gothenburg,Språkbanken Text,2021
doi-10-23695-yn9m-2s80,University of Gothenburg,Språkbanken Text,2023
doi-10-23695-ync1-5779,University of Gothenburg,Språkbanken Text,2024
doi-10-23695-ynfn-aq62,University of Gothenburg,Språkbanken Text,2021
doi-10-23695-yrc6-bc79,University of Gothenburg,Språkbanken Text,2017
doi-10-23695-yrvj-e536,University of Gothenburg,Språkbanken Text,2022
doi-10-23695-yxza-hp52,University of Gothenburg,Språkbanken Text,2015
doi-10-23695-yyh0-ae42,University of Gothenburg,Språkbanken Text,2021
doi-10-23695-z0d7-2921,University of Gothenburg,Språkbanken Text,2015
doi-10-23695-z203-4057,University of Gothenburg,Språkbanken Text,2024
doi-10-23695-z2qm-8y11,University of Gothenburg,Språkbanken Text,2024
doi-10-23695-z3ty-ss22,University of Gothenburg,Språkbanken Text,2015
doi-10-23695-z4f7-6476,University of Gothenburg,Språkbanken Text,2021
doi-10-23695-z6c1-gm36,University of Gothenburg,Språkbanken Text,2022
doi-10-23695-z6dn-rm59,University of Gothenburg,Språkbanken Text,2021
doi-10-23695-z76x-na43,University of Gothenburg,Språkbanken Text,2021
doi-10-23695-z7mr-2456,University of Gothenburg,Språkbanken Text,2015
doi-10-23695-z8sh-yy34,University of Gothenburg,Språkbanken Text,2025
doi-10-23695-z8wj-1r23,University of Gothenburg,Språkbanken Text,2023
doi-10-23695-z8xv-mq96,University of Gothenburg,Språkbanken Text,2017
doi-10-23695-z9cm-xc45,University of Gothenburg,Språkbanken Text,2024
doi-10-23695-z9rv-0342,University of Gothenburg,Språkbanken Text,2023
doi-10-23695-zaey-1y82,University of Gothenburg,Språkbanken Text,2021
doi-10-23695-zb87-4r92,University of Gothenburg,Språkbanken Text,2022
doi-10-23695-zbd4-s747,University of Gothenburg,Språkbanken Text,2021
doi-10-23695-zbjf-y307,University of Gothenburg,Språkbanken Text,2017
doi-10-23695-zbx0-3r31,University of Gothenburg,Språkbanken Text,2021
doi-10-23695-zc4n-9g44,University of Gothenburg,Språkbanken Text,2018
doi-10-23695-zcjc-ty02,University of Gothenburg,Språkbanken Text,2017
doi-10-23695-zcm1-0404,University of Gothenburg,Språkbanken Text,2023
doi-10-23695-zdj9-7638,University of Gothenburg,Språkbanken Text,2022
doi-10-23695-zgkb-s720,University of Gothenburg,Språkbanken Text,2023
doi-10-23695-zh0s-7x19,University of Gothenburg,Språkbanken Text,2021
doi-10-23695-zj0t-gf84,University of Gothenburg,Språkbanken Text,2023
doi-10-23695-zkzz-bm37,University of Gothenburg,Språkbanken Text,2024
doi-10-23695-zmem-cs93,University of Gothenburg,Språkbanken Text,2017
doi-10-23695-zmn6-zb84,University of Gothenburg,Språkbanken Text,2024
doi-10-23695-zn8t-bs39,University of Gothenburg,Språkbanken Text,2015
doi-10-23695-znf0-2q67,University of Gothenburg,Språkbanken Text,2022
doi-10-23695-zph6-en76,University of Gothenburg,Språkbanken Text,2023
doi-10-23695-zr87-6y36,University of Gothenburg,Språkbanken Text,2017
doi-10-23695-zs1n-4m19,University of Gothenburg,Språkbanken Text,2017
doi-10-23695-zshv-4a38,University of Gothenburg,Språkbanken Text,2022
doi-10-23695-zskp-9v37,University of Gothenburg,Språkbanken Text,2022
doi-10-23695-zt3s-z130,University of Gothenburg,Språkbanken Text,2021
doi-10-23695-zty4-0q40,University of Gothenburg,Språkbanken Text,2017
doi-10-23695-zv8s-s764,University of Gothenburg,Språkbanken Text,2017
doi-10-23695-zv9g-yn84,University of Gothenburg,Språkbanken Text,2021
doi-10-23695-zwfc-gk60,University of Gothenburg,Språkbanken Text,2018
doi-10-23695-zxgz-qq20,University of Gothenburg,Språkbanken Text,2015
doi-10-23695-zxhm-k854,University of Gothenburg,Språkbanken Text,2017
doi-10-23695-zxkz-eq76,University of Gothenburg,Språkbanken Text,2021
doi-10-23695-zxr5-7n95,University of Gothenburg,Språkbanken Text,2021
icos-sweden--5xpgavhhauqxsqcwh2dchqq,Integrated Carbon Observation System,ICOS Sweden data portal,2025
icos-sweden--akqzgcneeb1rzuwprn7y7tx,Integrated Carbon Observation System,ICOS Sweden data portal,2025
icos-sweden--jfkm2ys0csj2k5mjwprstin,Integrated Carbon Observation System,ICOS Sweden data portal,2022
icos-sweden--mm5-gi-xfojkarkpqe4u47x,Integrated Carbon Observation System,ICOS Sweden data portal,2025
icos-sweden--sarjfajtsktxuaj12obmws,Integrated Carbon Observation System,ICOS Sweden data portal,2025
icos-sweden--x44fwwl2s1ktvzytchv4fw0,Integrated Carbon Observation System,ICOS Sweden data portal,2025
icos-sweden-0-w9vafq3ihdpkr6mqvxxf7-,Integrated Carbon Observation System,ICOS Sweden data portal,2022
icos-sweden-0brbrkxssjrgzqhtualjmokl,Integrated Carbon Observation System,ICOS Sweden data portal,2025
icos-sweden-0ixi2oebq72w3dswngjd-9sj,Integrated Carbon Observation System,ICOS Sweden data portal,2022
icos-sweden-0t0jcaofixlubcw8yjayq2t5,Integrated Carbon Observation System,ICOS Sweden data portal,2022
icos-sweden-1oozczlsa0plugqrikbcdzbd,Integrated Carbon Observation System,ICOS Sweden data portal,2025
icos-sweden-2fhjsuyjmk1vxlubxdadbgtb,Integrated Carbon Observation System,ICOS Sweden data portal,2025
icos-sweden-3q2duq2zdtorbcr5beaqou4h,Integrated Carbon Observation System,ICOS Sweden data portal,2025
icos-sweden-3udqcijfy9wa2t3jlzl20t8q,Integrated Carbon Observation System,ICOS Sweden data portal,2022
icos-sweden-47nb1fodcndhaswrmhwiomsv,Integrated Carbon Observation System,ICOS Sweden data portal,2025
icos-sweden-4zgh8mixxxgdiooqfp7fkjmf,Integrated Carbon Observation System,ICOS Sweden data portal,2022
icos-sweden-5avykz9ihyo5uaktgs3eon6x,Integrated Carbon Observation System,ICOS Sweden data portal,2025
icos-sweden-5cstlzw6ueheavghgh1lees4,Integrated Carbon Observation System,ICOS Sweden data portal,2025
icos-sweden-5jtmabphmnx4apk5-mtyk628,Integrated Carbon Observation System,ICOS Sweden data portal,2025
icos-sweden-6clloudjjf5taq3acgf6pgzv,Integrated Carbon Observation System,ICOS Sweden data portal,2025
icos-sweden-6e8ikc2tqancfcu6pid7vcvi,Integrated Carbon Observation System,ICOS Sweden data portal,2025
icos-sweden-7953ltrfrnuh-48lqddgxyhy,Integrated Carbon Observation System,ICOS Sweden data portal,2025
icos-sweden-79xla79ga-mwu7dya7fnshtu,Integrated Carbon Observation System,ICOS Sweden data portal,2025
icos-sweden-7cnlesk2-cirevtsbhkxjpi1,Integrated Carbon Observation System,ICOS Sweden data portal,2022
icos-sweden-8icfe5-7bqy6atqcjgs5u1nd,Integrated Carbon Observation System,ICOS Sweden data portal,2025
icos-sweden-9bgugktswrhp8zcu3a2gtxyf,Integrated Carbon Observation System,ICOS Sweden data portal,2025
icos-sweden-9mjp6kpsr-i2-irq-aplvuss,Integrated Carbon Observation System,ICOS Sweden data portal,2022
icos-sweden-9r8beqruuocdryo3vv7k0jxd,Integrated Carbon Observation System,ICOS Sweden data portal,2024
icos-sweden-9vopkacdinphmxcav4-v-c5u,Integrated Carbon Observation System,ICOS Sweden data portal,2022
icos-sweden-9xy9o4djozsqapzftqyoqonv,Integrated Carbon Observation System,ICOS Sweden data portal,2025
icos-sweden-aeeaulbklsilz2v3pajppla6,Integrated Carbon Observation System,ICOS Sweden data portal,2025
icos-sweden-af-zqzexsdbmz-logcm-igy7,Integrated Carbon Observation System,ICOS Sweden data portal,2022
icos-sweden-ajprylxnobx5qz4fquhegqk-,Integrated Carbon Observation System,ICOS Sweden data portal,2025
icos-sweden-akoh0tkev8im-drbuzivebas,Integrated Carbon Observation System,ICOS Sweden data portal,2025
icos-sweden-apenuzko0ujywaxqcmcz3wv-,Integrated Carbon Observation System,ICOS Sweden data portal,2025
icos-sweden-b8ztqh-xts8cynpcraluta2t,Integrated Carbon Observation System,ICOS Sweden data portal,2025
icos-sweden-bbqgw7ik1bgri60ogbiblmgd,Integrated Carbon Observation System,ICOS Sweden data portal,2025
icos-sweden-bcxdx4-dhxaeryr3budphfz7,Integrated Carbon Observation System,ICOS Sweden data portal,2025
icos-sweden-bubflqpgrngqrvsm7kzkgfca,Integrated Carbon Observation System,ICOS Sweden data portal,2025
icos-sweden-bwibaqimqgbwuprxv-sbfic5,Integrated Carbon Observation System,ICOS Sweden data portal,2022
icos-sweden-c0pdm8bnr8hx3wifykc-i96a,Integrated Carbon Observation System,ICOS Sweden data portal,2022
icos-sweden-cbss2yvw53hrvf9zrsq2x-wy,Integrated Carbon Observation System,ICOS Sweden data portal,2022
icos-sweden-cky87fyo5ilwomipzucoakvk,Integrated Carbon Observation System,ICOS Sweden data portal,2025
icos-sweden-cmb9gsus7c2fhf6-ftzxfiqf,Integrated Carbon Observation System,ICOS Sweden data portal,2025
icos-sweden-cvw37krdzb7cyysrdazfaqkp,Integrated Carbon Observation System,ICOS Sweden data portal,2025
icos-sweden-czur-dzy5e36asglpjht404e,Integrated Carbon Observation System,ICOS Sweden data portal,2025
icos-sweden-dbbs8inajpgqmkglsgegbxx1,Integrated Carbon Observation System,ICOS Sweden data portal,2022
icos-sweden-dlhu3hsjiifuwmggwbe1t7ut,Integrated Carbon Observation System,ICOS Sweden data portal,2025
icos-sweden-dllj-m63gjhsmiuipesyguld,Integrated Carbon Observation System,ICOS Sweden data portal,2025
icos-sweden-dyszjkacq9zc-hnqdjjnf0nu,Integrated Carbon Observation System,ICOS Sweden data portal,2025
icos-sweden-dzmkuyntbcb3ce8erp-p56ad,Integrated Carbon Observation System,ICOS Sweden data portal,2025
icos-sweden-e-dl2d-s8sy72smzxdnasxse,Integrated Carbon Observation System,ICOS Sweden data portal,2025
icos-sweden-eb7voogljshgm3srvdt-hszh,Integrated Carbon Observation System,ICOS Sweden data portal,2022
icos-sweden-edck-tghqgbo0jngdynlpenk,Integrated Carbon Observation System,ICOS Sweden data portal,2025
icos-sweden-epwz7-h-gvtq5kb83rndf6bz,Integrated Carbon Observation System,ICOS Sweden data portal,2025
icos-sweden-f1tljai708ya5w37gx6unqby,Integrated Carbon Observation System,ICOS Sweden data portal,2022
icos-sweden-f22hgtcucugwfchvuwfrkrw0,Integrated Carbon Observation System,ICOS Sweden data portal,2022
icos-sweden-f7wqhyutvcyvt3-6h5kgzk8y,Integrated Carbon Observation System,ICOS Sweden data portal,2025
icos-sweden-flunns-qjrnd6d67d02u1u-m,Integrated Carbon Observation System,ICOS Sweden data portal,2022
icos-sweden-fwluei90exz8ak7eii0kuwgm,Integrated Carbon Observation System,ICOS Sweden data portal,2025
icos-sweden-fzb-ygt1-yggxc1h8a2tfatw,Integrated Carbon Observation System,ICOS Sweden data portal,2025
icos-sweden-g5nh2dgps7zz9ulenzolx1gk,Integrated Carbon Observation System,ICOS Sweden data portal,2022
icos-sweden-ghwlxwriqkyhdkoltd-8ixdz,Integrated Carbon Observation System,ICOS Sweden data portal,2025
icos-sweden-gjzz26yyrgltcwiqlb0wcm0i,Integrated Carbon Observation System,ICOS Sweden data portal,2025
icos-sweden-gki5tv2xfbhp-qgcslqsyxcf,Integrated Carbon Observation System,ICOS Sweden data portal,2025
icos-sweden-gnf-ihdgs8smaquvwh81rpc9,Integrated Carbon Observation System,ICOS Sweden data portal,2025
icos-sweden-gs9uxeabfjt2rzgihf8xvlwp,Integrated Carbon Observation System,ICOS Sweden data portal,2022
icos-sweden-gttvmouqk3wqmcicbedapwrw,Integrated Carbon Observation System,ICOS Sweden data portal,2025
icos-sweden-hivsfnzrt3yg5tk8mbo-asjj,Integrated Carbon Observation System,ICOS Sweden data portal,2022
icos-sweden-huj6ih1tngdkkoaudnrr3tpg,Integrated Carbon Observation System,ICOS Sweden data portal,2025
icos-sweden-icf3fhwh0vtr8-bqjcuuglhn,Integrated Carbon Observation System,ICOS Sweden data portal,2022
icos-sweden-ijzqtisyl5h5qdvsh0n60rh3,Integrated Carbon Observation System,ICOS Sweden data portal,2025
icos-sweden-ipyhsz4qa1zwzrxdmkn3eypc,Integrated Carbon Observation System,ICOS Sweden data portal,2025
icos-sweden-irjn203dfhuuw8ezfgb4kgck,Integrated Carbon Observation System,ICOS Sweden data portal,2022
icos-sweden-j-dfcsm10dvoubac5ntppkts,Integrated Carbon Observation System,ICOS Sweden data portal,2025
icos-sweden-j3ats1zf7rfq6q-pmdnpbqo3,Integrated Carbon Observation System,ICOS Sweden data portal,2022
icos-sweden-jae0ooduqpx35q-r27nwzv3s,Integrated Carbon Observation System,ICOS Sweden data portal,2022
icos-sweden-jfmm5n3-tfaeomyes12ztc0k,Integrated Carbon Observation System,ICOS Sweden data portal,2022
icos-sweden-jpgmbaiz1eykw2wasvgsrztu,Integrated Carbon Observation System,ICOS Sweden data portal,2025
icos-sweden-jqq4hb6dulopkgnyhjtc9rq7,Integrated Carbon Observation System,ICOS Sweden data portal,2025
icos-sweden-jtmfdimtxd48bnzfl13ycu4p,Integrated Carbon Observation System,ICOS Sweden data portal,2025
icos-sweden-k26g69zog4nycvv2bokbrwo7,Integrated Carbon Observation System,ICOS Sweden data portal,2025
icos-sweden-k2gjgtz2elhe45tfeeelz-ix,Integrated Carbon Observation System,ICOS Sweden data portal,2025
icos-sweden-kfct59sxn6mxsvclgxvs2uog,Integrated Carbon Observation System,ICOS Sweden data portal,2025
icos-sweden-kg6dwqlmntqurj2z4cseg3s5,Integrated Carbon Observation System,ICOS Sweden data portal,2022
icos-sweden-kp4qkt1raimq5n-sn4x5gf5y,Integrated Carbon Observation System,ICOS Sweden data portal,2025
icos-sweden-l21fclbaem9q1f24pn0mepgi,Integrated Carbon Observation System,ICOS Sweden data portal,2025
icos-sweden-l8qoi813i5hrvkhxz8wyng5j,Integrated Carbon Observation System,ICOS Sweden data portal,2025
icos-sweden-lckxhwxcr4ajwgshwyzipy2e,Integrated Carbon Observation System,ICOS Sweden data portal,2025
icos-sweden-ln8lpbvmo5cezux971idrffi,Integrated Carbon Observation System,ICOS Sweden data portal,2022
icos-sweden-lu2rp64eaqok5hxxqmcu4yor,Integrated Carbon Observation System,ICOS Sweden data portal,2025
icos-sweden-m3wesicwcgmjsprpjmyglrhy,Integrated Carbon Observation System,ICOS Sweden data portal,2025
icos-sweden-mfo3j21xapuxpswozsvrehlb,Integrated Carbon Observation System,ICOS Sweden data portal,2025
icos-sweden-mgezz-jacxje9ok31fkuw-yi,Integrated Carbon Observation System,ICOS Sweden data portal,2025
icos-sweden-mke1xzgsntvrg1eazyzt1dxi,Integrated Carbon Observation System,ICOS Sweden data portal,2025
icos-sweden-mr8qbi0o6u0cl2vsbdykfiq6,Integrated Carbon Observation System,ICOS Sweden data portal,2025
icos-sweden-musd-klxymm1fxqsybk1m6h-,Integrated Carbon Observation System,ICOS Sweden data portal,2025
icos-sweden-muzpx3ukk81osbnsp-9jeh4f,Integrated Carbon Observation System,ICOS Sweden data portal,2022
icos-sweden-mytsm0idc8atwxgzh3-ucnbw,Integrated Carbon Observation System,ICOS Sweden data portal,2022
icos-sweden-n-r3zulwqy7nmlmi86ty8-cr,Integrated Carbon Observation System,ICOS Sweden data portal,2025
icos-sweden-n2bjqupbn5-yfjmxwf6kovsi,Integrated Carbon Observation System,ICOS Sweden data portal,2025
icos-sweden-n3ki7mqba7ojtttty-d6ydwp,Integrated Carbon Observation System,ICOS Sweden data portal,2022
icos-sweden-n5q7xrpguvy95jytgphht6za,Integrated Carbon Observation System,ICOS Sweden data portal,2022
icos-sweden-nooar9twfz0rxcqiurtuzbaj,Integrated Carbon Observation System,ICOS Sweden data portal,2022
icos-sweden-nsf2hcjlgcjedn0tsfwul-c4,Integrated Carbon Observation System,ICOS Sweden data portal,2025
icos-sweden-nutmqwtu6rn-gmeklsogfypv,Integrated Carbon Observation System,ICOS Sweden data portal,2025
icos-sweden-nxqllcd-ielaek5anyizceik,Integrated Carbon Observation System,ICOS Sweden data portal,2022
icos-sweden-o3ueprad3wrf1ducrm0btxvl,Integrated Carbon Observation System,ICOS Sweden data portal,2025
icos-sweden-o5eh5ukv25pg9rkazmynoucl,Integrated Carbon Observation System,ICOS Sweden data portal,2025
icos-sweden-o7-bnhad5-fnpzvphq7w4bth,Integrated Carbon Observation System,ICOS Sweden data portal,2025
icos-sweden-oaqnkskzbjfosptuvkfdcbtq,Integrated Carbon Observation System,ICOS Sweden data portal,2025
icos-sweden-odqaqamrdr34grpvu-txmfnr,Integrated Carbon Observation System,ICOS Sweden data portal,2022
icos-sweden-ofyznffl7xh3euev5mtkoyqf,Integrated Carbon Observation System,ICOS Sweden data portal,2025
icos-sweden-omru7qfkqcujpifngsyknxp0,Integrated Carbon Observation System,ICOS Sweden data portal,2025
icos-sweden-opqcbwpziv5gng0ztw6v0ibn,Integrated Carbon Observation System,ICOS Sweden data portal,2020
icos-sweden-oprrahk1mrvheejrokv4y0el,Integrated Carbon Observation System,ICOS Sweden data portal,2025
icos-sweden-opuhmoel7cewa0ko-ki407a2,Integrated Carbon Observation System,ICOS Sweden data portal,2025
icos-sweden-oqwix5t0dbk36ll6nzm5g-gu,Integrated Carbon Observation System,ICOS Sweden data portal,2025
icos-sweden-ornajzacbkw46ys8fzw-l-as,Integrated Carbon Observation System,ICOS Sweden data portal,2025
icos-sweden-pcevktic8j3kjw8-n4ngd-xq,Integrated Carbon Observation System,ICOS Sweden data portal,2025
icos-sweden-pkb6esihczjbgqqwspvz7g3l,Integrated Carbon Observation System,ICOS Sweden data portal,2022
icos-sweden-pkjldi6-ufexs5t3z7xy4xw9,Integrated Carbon Observation System,ICOS Sweden data portal,2025
icos-sweden-pnnf8r0m6i0mj0qjd9go34r2,Integrated Carbon Observation System,ICOS Sweden data portal,2022
icos-sweden-pufy3rmy8eddb0mejxbnwtds,Integrated Carbon Observation System,ICOS Sweden data portal,2025
icos-sweden-py5ohx169nob3ldamyuffd-p,Integrated Carbon Observation System,ICOS Sweden data portal,2025
icos-sweden-qcxsg3rmgit7re1skjayfnng,Integrated Carbon Observation System,ICOS Sweden data portal,2022
icos-sweden-qwgarkeqnlg1x7muzlxseg2s,Integrated Carbon Observation System,ICOS Sweden data portal,2022
icos-sweden-ra1ldtlsgt0zourrv2dvau3y,Integrated Carbon Observation System,ICOS Sweden data portal,2022
icos-sweden-radut4-bwao4dt7mb--h61zk,Integrated Carbon Observation System,ICOS Sweden data portal,2025
icos-sweden-rcgmb4gndpswoizzrzqcfxbe,Integrated Carbon Observation System,ICOS Sweden data portal,2024
icos-sweden-rncmh1z5ggidxiq4kj6gdzob,Integrated Carbon Observation System,ICOS Sweden data portal,2025
icos-sweden-rsgwpm4v-5lcx9rsmxxd-y6d,Integrated Carbon Observation System,ICOS Sweden data portal,2022
icos-sweden-s-nn5asoolqu8wublgfv8aoc,Integrated Carbon Observation System,ICOS Sweden data portal,2025
icos-sweden-sceekyp-laa9pwtwblh0apcz,Integrated Carbon Observation System,ICOS Sweden data portal,2025
icos-sweden-sfs6jc7azse2n-u1fsaz8npp,Integrated Carbon Observation System,ICOS Sweden data portal,2025
icos-sweden-sgmkcp2mfrjp6i29h2yaw744,Integrated Carbon Observation System,ICOS Sweden data portal,2025
icos-sweden-skclaldf-rk65gt-lauszju5,Integrated Carbon Observation System,ICOS Sweden data portal,2025
icos-sweden-skhcnyljk5otty-jbdxbeohw,Integrated Carbon Observation System,ICOS Sweden data portal,2025
icos-sweden-smhpualxqbvuumi0rnu-c0rq,Integrated Carbon Observation System,ICOS Sweden data portal,2025
icos-sweden-sorybi4qodk0ntkawilms-pt,Integrated Carbon Observation System,ICOS Sweden data portal,2025
icos-sweden-sqfpgexya5icubzy8gd2bn-m,Integrated Carbon Observation System,ICOS Sweden data portal,2022
icos-sweden-svhszuw1flaa8d46vn92nw-y,Integrated Carbon Observation System,ICOS Sweden data portal,2022
icos-sweden-sweg9y4we-3sdvnneh6eyypa,Integrated Carbon Observation System,ICOS Sweden data portal,2022
icos-sweden-sweqiinvtcwxkh8pi6von1g6,Integrated Carbon Observation System,ICOS Sweden data portal,2022
icos-sweden-swftdyd6r-s6fvqpcaqwr3mm,Integrated Carbon Observation System,ICOS Sweden data portal,2025
icos-sweden-tcjf7fpjwlrr0dm3a0ttt0ko,Integrated Carbon Observation System,ICOS Sweden data portal,2022
icos-sweden-tjukgbeht6iyrcrwnqp7vaof,Integrated Carbon Observation System,ICOS Sweden data portal,2025
icos-sweden-tkw1trmaldnmhktozv2an2nz,Integrated Carbon Observation System,ICOS Sweden data portal,2022
icos-sweden-tql1hgsd5ujkucnlqqrdiqaj,Integrated Carbon Observation System,ICOS Sweden data portal,2020
icos-sweden-trebcfed0c3xi5gvldgrocey,Integrated Carbon Observation System,ICOS Sweden data portal,2025
icos-sweden-u-2qubgupojykujrmafqoa1e,Integrated Carbon Observation System,ICOS Sweden data portal,2025
icos-sweden-u3m7whm7mnug6zepgiulvfvw,Integrated Carbon Observation System,ICOS Sweden data portal,2022
icos-sweden-u4sw-twbheaevyi-ngjc-7me,Integrated Carbon Observation System,ICOS Sweden data portal,2025
icos-sweden-u8bhsxerb7uvmqxu1lgb7a1f,Integrated Carbon Observation System,ICOS Sweden data portal,2025
icos-sweden-uahx6lv23-7nyxgfk64kby--,Integrated Carbon Observation System,ICOS Sweden data portal,2025
icos-sweden-ucnwvcxbozkbzwn3xaaaagsc,Integrated Carbon Observation System,ICOS Sweden data portal,2025
icos-sweden-ueygoxiokfaojc13mr4xcxbz,Integrated Carbon Observation System,ICOS Sweden data portal,2022
icos-sweden-ujm7vxk12vkcoqulstolg18z,Integrated Carbon Observation System,ICOS Sweden data portal,2022
icos-sweden-ukubgt7jezzn09audrxc-sn4,Integrated Carbon Observation System,ICOS Sweden data portal,2022
icos-sweden-ulymxnb36kyjkllukldzgcwc,Integrated Carbon Observation System,ICOS Sweden data portal,2025
icos-sweden-uqqqloydm5mf275oiixs-166,Integrated Carbon Observation System,ICOS Sweden data portal,2025
icos-sweden-uzldcpvc2vicj7p-isd2hh6p,Integrated Carbon Observation System,ICOS Sweden data portal,2022
icos-sweden-v2xoazltgy3wqmaop-kfpn-e,Integrated Carbon Observation System,ICOS Sweden data portal,2022
icos-sweden-v6qkdklexuebvgcb6twtvudw,Integrated Carbon Observation System,ICOS Sweden data portal,2025
icos-sweden-vaeyrxddqktbqgr2ugikbjx9,Integrated Carbon Observation System,ICOS Sweden data portal,2025
icos-sweden-vakuqeshyno3s-grwp7luudr,Integrated Carbon Observation System,ICOS Sweden data portal,2025
icos-sweden-vjwbb7v0crxgljkxucpzbvvm,Integrated Carbon Observation System,ICOS Sweden data portal,2022
icos-sweden-vx0shnnjf4r4yzaiiqtceah6,Integrated Carbon Observation System,ICOS Sweden data portal,2022
icos-sweden-vypi2in-yvgnubpis7zvsosu,Integrated Carbon Observation System,ICOS Sweden data portal,2025
icos-sweden-w9rrwteijv7k7a-dl3x-uapi,Integrated Carbon Observation System,ICOS Sweden data portal,2025
icos-sweden-waaz86hg77lhukrjel0bru8y,Integrated Carbon Observation System,ICOS Sweden data portal,2025
icos-sweden-wb6zeleilrehhwtv5gizxda8,Integrated Carbon Observation System,ICOS Sweden data portal,2025
icos-sweden-wen3tzmd5btmciyqfqabnrnm,Integrated Carbon Observation System,ICOS Sweden data portal,2025
icos-sweden-wetrsyxoh-x-qefgu21iam-w,Integrated Carbon Observation System,ICOS Sweden data portal,2025
icos-sweden-wjaoasb0eypssluvvnpvi8me,Integrated Carbon Observation System,ICOS Sweden data portal,2025
icos-sweden-wmpa4vxua4vjfyxnfynz8itv,Integrated Carbon Observation System,ICOS Sweden data portal,2022
icos-sweden-womgwstau6xpxkuihrinhs5x,Integrated Carbon Observation System,ICOS Sweden data portal,2022
icos-sweden-wwt0wk07asoqsdmnta8p0iai,Integrated Carbon Observation System,ICOS Sweden data portal,2025
icos-sweden-wymu1z7k1g0pg7gss3aqabaw,Integrated Carbon Observation System,ICOS Sweden data portal,2022
icos-sweden-x3iua-16wpib33wro8b7s6wv,Integrated Carbon Observation System,ICOS Sweden data portal,2025
icos-sweden-x4yxzgxiavrgjah1qagfvvsa,Integrated Carbon Observation System,ICOS Sweden data portal,2025
icos-sweden-xttx24u5egcjmzyq3dbbykjb,Integrated Carbon Observation System,ICOS Sweden data portal,2025
icos-sweden-y-ksejmfdij08ffa2yekdfvl,Integrated Carbon Observation System,ICOS Sweden data portal,2025
icos-sweden-yjbddldf4irpxa6ceup2k9s-,Integrated Carbon Observation System,ICOS Sweden data portal,2025
icos-sweden-yjkrkwjx317ttxkmmk4xzrif,Integrated Carbon Observation System,ICOS Sweden data portal,2022
icos-sweden-yljnx846vti1zjzrveesihnx,Integrated Carbon Observation System,ICOS Sweden data portal,2022
icos-sweden-yrrankfmhzjasbxhl9el3juk,Integrated Carbon Observation System,ICOS Sweden data portal,2025
icos-sweden-z3tyrjlzlegusxmpkay4fzqr,Integrated Carbon Observation System,ICOS Sweden data portal,2022
icos-sweden-z5k8o5irpszypnrphwdzahs-,Integrated Carbon Observation System,ICOS Sweden data portal,2022
icos-sweden-zai33m0richpfrybxnjyatk4,Integrated Carbon Observation System,ICOS Sweden data portal,2025
icos-sweden-zocj7wjlemikcmbm-y764oje,Integrated Carbon Observation System,ICOS Sweden data portal,2022
icos-sweden-zrn1h6yfbjlwemzcrsrlxl-j,Integrated Carbon Observation System,ICOS Sweden data portal,2022
icos-sweden-zs6w7imegoejmmk7vl3phjek,Integrated Carbon Observation System,ICOS Sweden data portal,2025
icos-sweden-zwh1n7yzoy7otxdqqazubaft,Integrated Carbon Observation System,ICOS Sweden data portal,2025
doi-10-23695-0a87-5a64,University of Gothenburg,Språkbanken Text,2023
doi-10-23695-0ap4-8p12,University of Gothenburg,Språkbanken Text,2015
doi-10-23695-0axc-tr76,University of Gothenburg,Språkbanken Text,2023
doi-10-23695-0cmj-s205,University of Gothenburg,Språkbanken Text,2022
doi-10-23695-0fm6-ah89,University of Gothenburg,Språkbanken Text,2010
doi-10-23695-0fqn-kz19,University of Gothenburg,Språkbanken Text,2016
doi-10-23695-0g1x-ty49,University of Gothenburg,Språkbanken Text,2017
doi-10-23695-0gf3-5042,University of Gothenburg,Språkbanken Text,2017
doi-10-23695-0gpc-nd06,University of Gothenburg,Språkbanken Text,2022
doi-10-23695-0j57-m676,University of Gothenburg,Språkbanken Text,2014
doi-10-23695-0j9f-mh30,University of Gothenburg,Språkbanken Text,2022
doi-10-23695-0jfs-7130,University of Gothenburg,Språkbanken Text,2021
doi-10-23695-0kcf-cj66,University of Gothenburg,Språkbanken Text,2025
doi-10-23695-0ke8-7b63,University of Gothenburg,Språkbanken Text,2015
doi-10-23695-0m00-q343,University of Gothenburg,Språkbanken Text,2017
doi-10-23695-0mje-3c58,University of Gothenburg,Språkbanken Text,2017
doi-10-23695-0mks-mq60,University of Gothenburg,Språkbanken Text,2017
doi-10-23695-0nmd-rj22,University of Gothenburg,Språkbanken Text,2024
doi-10-23695-0nrc-m644,University of Gothenburg,Språkbanken Text,2021
doi-10-23695-0ntm-yn82,University of Gothenburg,Språkbanken Text,2021
doi-10-23695-0p69-k236,University of Gothenburg,Språkbanken Text,2016
doi-10-23695-0pf3-nm84,University of Gothenburg,Språkbanken Text,2021
doi-10-23695-0pt7-8756,University of Gothenburg,Språkbanken Text,2025
doi-10-23695-0r1n-pg75,University of Gothenburg,Språkbanken Text,2017
doi-10-23695-0rhd-fk85,University of Gothenburg,Språkbanken Text,2023
doi-10-23695-0sbg-6e39,University of Gothenburg,Språkbanken Text,2021
doi-10-23695-0t27-j271,University of Gothenburg,Språkbanken Text,2021
doi-10-23695-0t3q-jw74,University of Gothenburg,Språkbanken Text,2021
doi-10-23695-0va9-h651,University of Gothenburg,Språkbanken Text,2021
doi-10-23695-0vj1-th09,University of Gothenburg,Språkbanken Text,2017
doi-10-23695-0ydm-6421,University of Gothenburg,Språkbanken Text,2022
doi-10-23695-1180-jd12,University of Gothenburg,Språkbanken Text,2024
doi-10-23695-11x5-jc48,University of Gothenburg,Språkbanken Text,2021
doi-10-23695-11xf-x609,University of Gothenburg,Språkbanken Text,2014
doi-10-23695-12d3-qb80,University of Gothenburg,Språkbanken Text,2017
doi-10-23695-14nf-qq48,University of Gothenburg,Språkbanken Text,2024
doi-10-23695-1519-tt13,University of Gothenburg,Språkbanken Text,2016
doi-10-23695-16c9-j562,University of Gothenburg,Språkbanken Text,2022
doi-10-23695-18nd-8m03,University of Gothenburg,Språkbanken Text,2021
doi-10-23695-18ws-bj95,University of Gothenburg,Språkbanken Text,2015
doi-10-23695-195e-ye66,University of Gothenburg,Språkbanken Text,2017
doi-10-23695-1bfs-rt07,University of Gothenburg,Språkbanken Text,2021
doi-10-23695-1d8t-h181,University of Gothenburg,Språkbanken Text,2023
doi-10-23695-1dpv-5g36,University of Gothenburg,Språkbanken Text,2017
doi-10-23695-1e3t-bs06,University of Gothenburg,Språkbanken Text,2014
doi-10-23695-1ehc-c002,University of Gothenburg,Språkbanken Text,2024
doi-10-23695-1er4-ss62,University of Gothenburg,Språkbanken Text,2022
doi-10-23695-1fd4-6282,University of Gothenburg,Språkbanken Text,2023
doi-10-23695-1fdt-qz37,University of Gothenburg,Språkbanken Text,2016
doi-10-23695-1hz1-aj05,University of Gothenburg,Språkbanken Text,2015
doi-10-23695-1jgq-hx49,University of Gothenburg,Språkbanken Text,2017
doi-10-23695-1jj1-nb93,University of Gothenburg,Språkbanken Text,2021
doi-10-23695-1k29-qb51,University of Gothenburg,Språkbanken Text,2022
doi-10-23695-1kwa-nm03,University of Gothenburg,Språkbanken Text,2022
doi-10-23695-1m0f-ka19,University of Gothenburg,Språkbanken Text,2017
doi-10-23695-1n42-tx42,University of Gothenburg,Språkbanken Text,2015
doi-10-23695-1ndc-y551,University of Gothenburg,Språkbanken Text,2023
doi-10-23695-1nve-4b51,University of Gothenburg,Språkbanken Text,2021
doi-10-23695-1pkr-7m91,University of Gothenburg,Språkbanken Text,2021
doi-10-23695-1q04-8m57,University of Gothenburg,Språkbanken Text,2023
doi-10-23695-1sfc-nn30,University of Gothenburg,Språkbanken Text,2016
doi-10-23695-1ttf-cr05,University of Gothenburg,Språkbanken Text,2014
doi-10-23695-1vhf-d835,University of Gothenburg,Språkbanken Text,2017
doi-10-23695-1vsj-hj52,University of Gothenburg,Språkbanken Text,2022
doi-10-23695-1vxz-m353,University of Gothenburg,Språkbanken Text,2017
doi-10-23695-1wx4-3q64,University of Gothenburg,Språkbanken Text,2017
doi-10-23695-1xbp-3786,University of Gothenburg,Språkbanken Text,2022
doi-10-23695-1xrt-5b33,University of Gothenburg,Språkbanken Text,2022
doi-10-23695-1ycx-es12,University of Gothenburg,Språkbanken Text,2025
doi-10-23695-1ykn-nt41,University of Gothenburg,Språkbanken Text,2022
doi-10-23695-1yyf-6409,University of Gothenburg,Språkbanken Text,2017
doi-10-23695-1z0a-7649,University of Gothenburg,Språkbanken Text,2017
doi-10-23695-205x-2r74,University of Gothenburg,Språkbanken Text,2015
doi-10-23695-217t-f250,University of Gothenburg,Språkbanken Text,2014
doi-10-23695-219y-kv21,University of Gothenburg,Språkbanken Text,2022
doi-10-23695-21jd-b036,University of Gothenburg,Språkbanken Text,2022
doi-10-23695-21r1-6z72,University of Gothenburg,Språkbanken Text,2017
doi-10-23695-21zq-st24,University of Gothenburg,Språkbanken Text,2022
doi-10-23695-22bv-gf48,University of Gothenburg,Språkbanken Text,2021
doi-10-23695-23j9-g750,University of Gothenburg,Språkbanken Text,2025
doi-10-23695-244c-cs90,University of Gothenburg,Språkbanken Text,2016
doi-10-23695-25df-cc14,University of Gothenburg,Språkbanken Text,2024
doi-10-23695-27at-z223,University of Gothenburg,Språkbanken Text,2021
doi-10-23695-27dx-qe43,University of Gothenburg,Språkbanken Text,2023
doi-10-23695-28py-xn43,University of Gothenburg,Språkbanken Text,2023
doi-10-23695-2agf-xw55,University of Gothenburg,Språkbanken Text,2023
doi-10-23695-2ax2-k415,University of Gothenburg,Språkbanken Text,2022
doi-10-23695-2b5q-0045,University of Gothenburg,Språkbanken Text,2021
doi-10-23695-2b74-0515,University of Gothenburg,Språkbanken Text,2023
doi-10-23695-2bj8-1850,University of Gothenburg,Språkbanken Text,2017
doi-10-23695-2bjs-w936,University of Gothenburg,Språkbanken Text,2022
doi-10-23695-2e3j-db91,University of Gothenburg,Språkbanken Text,2021
doi-10-23695-2epc-2m14,University of Gothenburg,Språkbanken Text,2016
doi-10-23695-2ezc-2z79,University of Gothenburg,Språkbanken Text,2023
doi-10-23695-2f1j-sj53,University of Gothenburg,Språkbanken Text,2015
doi-10-23695-2fqg-2q72,University of Gothenburg,Språkbanken Text,2016
doi-10-23695-2j56-7h10,University of Gothenburg,Språkbanken Text,2015
doi-10-23695-2jc9-1w57,University of Gothenburg,Språkbanken Text,2022
doi-10-23695-2jpf-xp59,University of Gothenburg,Språkbanken Text,2016
doi-10-23695-2k47-y432,University of Gothenburg,Språkbanken Text,2025
doi-10-23695-2mbv-1b12,University of Gothenburg,Språkbanken Text,2021
doi-10-23695-2mcp-z260,University of Gothenburg,Språkbanken Text,2015
doi-10-23695-2p9p-vs80,University of Gothenburg,Språkbanken Text,2021
doi-10-23695-2pzh-hq37,University of Gothenburg,Språkbanken Text,2021
doi-10-23695-2r6v-7679,University of Gothenburg,Språkbanken Text,2017
doi-10-23695-2snw-aj94,University of Gothenburg,Språkbanken Text,2020
doi-10-23695-2sp2-0x49,University of Gothenburg,Språkbanken Text,2021
doi-10-23695-2xha-xa49,University of Gothenburg,Språkbanken Text,2017
doi-10-23695-2yvf-w081,University of Gothenburg,Språkbanken Text,2017
doi-10-23695-2zc1-7y52,University of Gothenburg,Språkbanken Text,2022
doi-10-23695-30jj-0015,University of Gothenburg,Språkbanken Text,2015
doi-10-23695-3154-kd88,University of Gothenburg,Språkbanken Text,2021
doi-10-23695-315x-x549,University of Gothenburg,Språkbanken Text,2025
doi-10-23695-317x-z271,University of Gothenburg,Språkbanken Text,2017
doi-10-23695-322q-rd36,University of Gothenburg,Språkbanken Text,2024
doi-10-23695-3295-1048,University of Gothenburg,Språkbanken Text,2023
doi-10-23695-33b4-k803,University of Gothenburg,Språkbanken Text,2014
doi-10-23695-34fs-mf77,University of Gothenburg,Språkbanken Text,2015
doi-10-23695-352q-wa92,University of Gothenburg,Språkbanken Text,2023
doi-10-23695-3574-5c16,University of Gothenburg,Språkbanken Text,2022
doi-10-23695-36qy-8z88,University of Gothenburg,Språkbanken Text,2022
doi-10-23695-36v9-9017,University of Gothenburg,Språkbanken Text,2023
doi-10-23695-39f8-n459,University of Gothenburg,Språkbanken Text,2024
doi-10-23695-39m2-an75,University of Gothenburg,Språkbanken Text,2021
doi-10-23695-39w1-3m83,University of Gothenburg,Språkbanken Text,2017
doi-10-23695-3b2b-c293,University of Gothenburg,Språkbanken Text,2024
doi-10-23695-3b43-st80,University of Gothenburg,Språkbanken Text,2021
doi-10-23695-3bk7-yx44,University of Gothenburg,Språkbanken Text,2023
doi-10-23695-3cc0-8j17,University of Gothenburg,Språkbanken Text,2021
doi-10-23695-3ccc-7j12,University of Gothenburg,Språkbanken Text,2021
doi-10-23695-3cze-c191,University of Gothenburg,Språkbanken Text,2015
doi-10-23695-3dg2-vf16,University of Gothenburg,Språkbanken Text,2021
doi-10-23695-3dx6-wz23,University of Gothenburg,Språkbanken Text,2015
doi-10-23695-3ej9-t374,University of Gothenburg,Språkbanken Text,2021
doi-10-23695-3eqg-0e24,University of Gothenburg,Språkbanken Text,2022
doi-10-23695-3fmc-b739,University of Gothenburg,Språkbanken Text,2024
doi-10-23695-3gn5-qk21,University of Gothenburg,Språkbanken Text,2017
doi-10-23695-3kcx-s405,University of Gothenburg,Språkbanken Text,2023
doi-10-23695-3kgv-ze36,University of Gothenburg,Språkbanken Text,2024
doi-10-23695-3kme-xt89,University of Gothenburg,Språkbanken Text,2021
doi-10-23695-3p60-xj19,University of Gothenburg,Språkbanken Text,2022
doi-10-23695-3pf9-6b15,University of Gothenburg,Språkbanken Text,2021
doi-10-23695-3r9p-bt31,University of Gothenburg,Språkbanken Text,2022
doi-10-23695-3tf3-db49,University of Gothenburg,Språkbanken Text,2021
doi-10-23695-3v5x-y858,University of Gothenburg,Språkbanken Text,2021
doi-10-23695-3w42-8288,University of Gothenburg,Språkbanken Text,2017
doi-10-23695-3w4v-7h66,University of Gothenburg,Språkbanken Text,2014
doi-10-23695-3w8p-cb48,University of Gothenburg,Språkbanken Text,2023
doi-10-23695-3wmv-1z09,University of Gothenburg,Språkbanken Text,2016
doi-10-23695-3xhv-a707,University of Gothenburg,Språkbanken Text,2022
doi-10-23695-3zdz-kf62,University of Gothenburg,Språkbanken Text,2025
doi-10-23695-3zg9-y643,University of Gothenburg,Språkbanken Text,2021
doi-10-23695-4015-0t64,University of Gothenburg,Språkbanken Text,2017
doi-10-23695-41jg-xd26,University of Gothenburg,Språkbanken Text,2022
doi-10-23695-42e0-k473,University of Gothenburg,Språkbanken Text,2021
doi-10-23695-44a9-3j51,University of Gothenburg,Språkbanken Text,2017
doi-10-23695-45zs-sy16,University of Gothenburg,Språkbanken Text,2021
doi-10-23695-4635-cg09,University of Gothenburg,Språkbanken Text,2025
doi-10-23695-469a-gq88,University of Gothenburg,Språkbanken Text,2024
doi-10-23695-470v-8674,University of Gothenburg,Språkbanken Text,2021
doi-10-23695-4788-zv52,University of Gothenburg,Språkbanken Text,2014
doi-10-23695-47rd-7e24,University of Gothenburg,Språkbanken Text,2017
doi-10-23695-483a-4e34,University of Gothenburg,Språkbanken Text,2017
doi-10-23695-489y-b562,University of Gothenburg,Språkbanken Text,2024
doi-10-23695-48c5-6016,University of Gothenburg,Språkbanken Text,2017
doi-10-23695-4a09-7c07,University of Gothenburg,Språkbanken Text,2023
doi-10-23695-4a7m-mk50,University of Gothenburg,Språkbanken Text,2020
doi-10-23695-4agm-0y95,University of Gothenburg,Språkbanken Text,2017
doi-10-23695-4b4p-k572,University of Gothenburg,Språkbanken Text,2015
doi-10-23695-4f9r-rn97,University of Gothenburg,Språkbanken Text,2021
doi-10-23695-4g24-yt22,University of Gothenburg,Språkbanken Text,2024
doi-10-23695-4hby-0d70,University of Gothenburg,Språkbanken Text,2022
doi-10-23695-4jjv-p686,University of Gothenburg,Språkbanken Text,2022
doi-10-23695-4m06-8e17,University of Gothenburg,Språkbanken Text,2017
doi-10-23695-4qvz-dr62,University of Gothenburg,Språkbanken Text,2023
doi-10-23695-4qx9-j028,University of Gothenburg,Språkbanken Text,2024
doi-10-23695-4r43-p897,University of Gothenburg,Språkbanken Text,2023
doi-10-23695-4sh9-3m45,University of Gothenburg,Språkbanken Text,2021
doi-10-23695-4t1s-y538,University of Gothenburg,Språkbanken Text,2022
doi-10-23695-4v7e-8z86,University of Gothenburg,Språkbanken Text,2021
doi-10-23695-4wtf-ap88,University of Gothenburg,Språkbanken Text,2022
doi-10-23695-4wvp-b045,University of Gothenburg,Språkbanken Text,2022
doi-10-23695-4y28-2e03,University of Gothenburg,Språkbanken Text,2021
doi-10-23695-4yn9-jv68,University of Gothenburg,Språkbanken Text,2022
doi-10-23695-4yvk-4e58,University of Gothenburg,Språkbanken Text,2023
doi-10-23695-4z0h-y817,University of Gothenburg,Språkbanken Text,2022
doi-10-23695-4zgm-9107,University of Gothenburg,Språkbanken Text,2017
doi-10-23695-51fe-9k59,University of Gothenburg,Språkbanken Text,2025
doi-10-23695-51hr-ea34,University of Gothenburg,Språkbanken Text,2025
doi-10-23695-535a-f582,University of Gothenburg,Språkbanken Text,2023
doi-10-23695-56mq-sh64,University of Gothenburg,Språkbanken Text,2017
doi-10-23695-56rd-2764,University of Gothenburg,Språkbanken Text,2017
doi-10-23695-56t6-rc52,University of Gothenburg,Språkbanken Text,2023
doi-10-23695-591n-4q45,University of Gothenburg,Språkbanken Text,2021
doi-10-23695-5a75-5m43,University of Gothenburg,Språkbanken Text,2022
doi-10-23695-5c0r-7q36,University of Gothenburg,Språkbanken Text,2021
doi-10-23695-5d9y-ek36,University of Gothenburg,Språkbanken Text,2021
doi-10-23695-5dcv-q071,University of Gothenburg,Språkbanken Text,2023
doi-10-23695-5dfg-2q82,University of Gothenburg,Språkbanken Text,2021
doi-10-23695-5drx-fh45,University of Gothenburg,Språkbanken Text,2015
doi-10-23695-5fbb-sb20,University of Gothenburg,Språkbanken Text,2017
doi-10-23695-5g8r-c955,University of Gothenburg,Språkbanken Text,2015
doi-10-23695-5h6s-3m16,University of Gothenburg,Språkbanken Text,2014
doi-10-5281-zenodo-15037456,University of Borås,University of Borås Zenodo,2025
doi-10-5281-zenodo-7437298,University of Borås,University of Borås Zenodo,2022
doi-10-17044-bils-g000002,Uppsala University,SciLifeLab Data Repository,2015
doi-10-17044-bils-mg00001,Uppsala University,SciLifeLab Data Repository,2015
doi-10-17044-bils-p000002,Karolinska Institutet,SciLifeLab Data Repository,2015
doi-10-17044-nbis-g000003,Uppsala University,SciLifeLab Data Repository,2017
doi-10-17044-nbis-g000004,Uppsala University,SciLifeLab Data Repository,2018
doi-10-17044-nbis-g000006,Uppsala University,SciLifeLab Data Repository,2018
doi-10-17044-nbis-g000007,Uppsala University,SciLifeLab Data Repository,2019
doi-10-17044-nbis-g000009,Uppsala University,SciLifeLab Data Repository,2019
doi-10-17044-nbis-g000010,Uppsala University,SciLifeLab Data Repository,2019
doi-10-17044-nbis-g000014,Karolinska Institutet,SciLifeLab Data Repository,2019
doi-10-17044-nbis-g000016,Lund University,SciLifeLab Data Repository,2020
doi-10-17044-scilifelab-12213434,University of Gothenburg,SciLifeLab Data Repository,2021
doi-10-17044-scilifelab-12292778,Uppsala University,SciLifeLab Data Repository,2021
doi-10-17044-scilifelab-12401906,Uppsala University,SciLifeLab Data Repository,2020
doi-10-17044-scilifelab-12482183,Uppsala University,SciLifeLab Data Repository,2025
doi-10-17044-scilifelab-12662153,Karolinska Institutet,SciLifeLab Data Repository,2020
doi-10-17044-scilifelab-12771614,Uppsala University,SciLifeLab Data Repository,2020
doi-10-17044-scilifelab-12811997,Uppsala University,SciLifeLab Data Repository,2020
doi-10-17044-scilifelab-12901388,Uppsala University,SciLifeLab Data Repository,2020
doi-10-17044-scilifelab-13005311,Swedish University of Agricultural Sciences,SciLifeLab Data Repository,2020
doi-10-17044-scilifelab-13089023,Karolinska Institutet,SciLifeLab Data Repository,2020
doi-10-17044-scilifelab-13105229,Uppsala University,SciLifeLab Data Repository,2021
doi-10-17044-scilifelab-13181273,Karolinska Institutet,SciLifeLab Data Repository,2020
doi-10-17044-scilifelab-13229168,Karolinska Institutet,SciLifeLab Data Repository,2021
doi-10-17044-scilifelab-13246817,Swedish University of Agricultural Sciences,SciLifeLab Data Repository,2020
doi-10-17044-scilifelab-13280867,Royal Institute of Technology,SciLifeLab Data Repository,2023
doi-10-17044-scilifelab-13293344,Karolinska Institutet,SciLifeLab Data Repository,2020
doi-10-17044-scilifelab-13297784,Karolinska Institutet,SciLifeLab Data Repository,2020
doi-10-17044-scilifelab-13325822,Lund University,SciLifeLab Data Repository,2022
doi-10-17044-scilifelab-13564364,Swedish University of Agricultural Sciences,SciLifeLab Data Repository,2021
doi-10-17044-scilifelab-13567355,Karolinska Institutet,SciLifeLab Data Repository,2022
doi-10-17044-scilifelab-14124014,Uppsala University,SciLifeLab Data Repository,2021
doi-10-17044-scilifelab-14188403,Uppsala University,SciLifeLab Data Repository,2021
doi-10-17044-scilifelab-14207462,Uppsala University,SciLifeLab Data Repository,2022
doi-10-17044-scilifelab-14222692,Linköping University,SciLifeLab Data Repository,2021
doi-10-17044-scilifelab-14229410,Uppsala University,SciLifeLab Data Repository,2021
doi-10-17044-scilifelab-14256317,Swedish University of Agricultural Sciences,SciLifeLab Data Repository,2023
doi-10-17044-scilifelab-14270159,Uppsala University,SciLifeLab Data Repository,2021
doi-10-17044-scilifelab-14301317,Uppsala University,SciLifeLab Data Repository,2022
doi-10-17044-scilifelab-14315483,Royal Institute of Technology,SciLifeLab Data Repository,2021
doi-10-17044-scilifelab-14315777,Royal Institute of Technology,SciLifeLab Data Repository,2022
doi-10-17044-scilifelab-14339153,University of Gothenburg,SciLifeLab Data Repository,2021
doi-10-17044-scilifelab-14376104,Karolinska Institutet,SciLifeLab Data Repository,2021
doi-10-17044-scilifelab-14376881,Swedish University of Agricultural Sciences,SciLifeLab Data Repository,2021
doi-10-17044-scilifelab-14377097,Swedish University of Agricultural Sciences,SciLifeLab Data Repository,2021
doi-10-17044-scilifelab-14447874,Karolinska Institutet,SciLifeLab Data Repository,2021
doi-10-17044-scilifelab-14501184,Karolinska Institutet,SciLifeLab Data Repository,2021
doi-10-17044-scilifelab-14555520,Royal Institute of Technology,SciLifeLab Data Repository,2021
doi-10-17044-scilifelab-14579091,Karolinska Institutet,SciLifeLab Data Repository,2023
doi-10-17044-scilifelab-14661213,Swedish University of Agricultural Sciences,SciLifeLab Data Repository,2021
doi-10-17044-scilifelab-14666127,Uppsala University,SciLifeLab Data Repository,2024
doi-10-17044-scilifelab-14687271,Royal Institute of Technology,SciLifeLab Data Repository,2021
doi-10-17044-scilifelab-14743413,Swedish University of Agricultural Sciences,SciLifeLab Data Repository,2021
doi-10-17044-scilifelab-14743425,Swedish University of Agricultural Sciences,SciLifeLab Data Repository,2021
doi-10-17044-scilifelab-14743431,Swedish University of Agricultural Sciences,SciLifeLab Data Repository,2021
doi-10-17044-scilifelab-14743434,Swedish University of Agricultural Sciences,SciLifeLab Data Repository,2021
doi-10-17044-scilifelab-14815802,Uppsala University,SciLifeLab Data Repository,2021
doi-10-17044-scilifelab-14869077,Linnaeus University,SciLifeLab Data Repository,2025
doi-10-17044-scilifelab-14932062,Karolinska Institutet,SciLifeLab Data Repository,2021
doi-10-17044-scilifelab-15082398,Royal Institute of Technology,SciLifeLab Data Repository,2021
doi-10-17044-scilifelab-15134739,Stockholm University,SciLifeLab Data Repository,2021
doi-10-17044-scilifelab-15134862,Stockholm University,SciLifeLab Data Repository,2021
doi-10-17044-scilifelab-15144339,Stockholm University,SciLifeLab Data Repository,2021
doi-10-17044-scilifelab-15169716,Uppsala University,SciLifeLab Data Repository,2021
doi-10-17044-scilifelab-16438206,Stockholm University,SciLifeLab Data Repository,2021
doi-10-17044-scilifelab-16451112,Royal Institute of Technology,SciLifeLab Data Repository,2021
doi-10-17044-scilifelab-16677252,Royal Institute of Technology,SciLifeLab Data Repository,2025
doi-10-17044-scilifelab-16866202,Stockholm University,SciLifeLab Data Repository,2022
doi-10-17044-scilifelab-16945039,Stockholm University,SciLifeLab Data Repository,2021
doi-10-17044-scilifelab-17012382,Karolinska Institutet,SciLifeLab Data Repository,2021
doi-10-17044-scilifelab-17049059,Karolinska Institutet,SciLifeLab Data Repository,2022
doi-10-17044-scilifelab-17082971,Lund University,SciLifeLab Data Repository,2022
doi-10-17044-scilifelab-17099687,Uppsala University,SciLifeLab Data Repository,2021
doi-10-17044-scilifelab-17836025,University of Gothenburg,SciLifeLab Data Repository,2022
doi-10-17044-scilifelab-18020801,Uppsala University,SciLifeLab Data Repository,2022
doi-10-17044-scilifelab-19063028,Uppsala University,SciLifeLab Data Repository,2022
doi-10-17044-scilifelab-19154459,Uppsala University,SciLifeLab Data Repository,2022
doi-10-17044-scilifelab-19160954,Lund University,SciLifeLab Data Repository,2022
doi-10-17044-scilifelab-19248172,Stockholm University,SciLifeLab Data Repository,2022
doi-10-17044-scilifelab-19307021,Uppsala University,SciLifeLab Data Repository,2022
doi-10-17044-scilifelab-19317512,Karolinska Institutet,SciLifeLab Data Repository,2023
doi-10-17044-scilifelab-19375172,Stockholm University,SciLifeLab Data Repository,2022
doi-10-17044-scilifelab-19380116,Lund University,SciLifeLab Data Repository,2022
doi-10-17044-scilifelab-19411403,Uppsala University,SciLifeLab Data Repository,2024
doi-10-17044-scilifelab-19678620,Karolinska Institutet,SciLifeLab Data Repository,2022
doi-10-17044-scilifelab-19721998,Karolinska Institutet,SciLifeLab Data Repository,2022
doi-10-17044-scilifelab-19761307,Uppsala University,SciLifeLab Data Repository,2022
doi-10-17044-scilifelab-19761343,Uppsala University,SciLifeLab Data Repository,2022
doi-10-17044-scilifelab-19923161,Stockholm University,SciLifeLab Data Repository,2022
doi-10-17044-scilifelab-20014820,Uppsala University,SciLifeLab Data Repository,2022
doi-10-17044-scilifelab-20107199,Uppsala University,SciLifeLab Data Repository,2022
doi-10-17044-scilifelab-20120150,Uppsala University,SciLifeLab Data Repository,2022
doi-10-17044-scilifelab-20171347,Karolinska Institutet,SciLifeLab Data Repository,2022
doi-10-17044-scilifelab-20208764,Uppsala University,SciLifeLab Data Repository,2023
doi-10-17044-scilifelab-20289000,Uppsala University,SciLifeLab Data Repository,2022
doi-10-17044-scilifelab-20310249,Uppsala University,SciLifeLab Data Repository,2022
doi-10-17044-scilifelab-20338869,Karolinska Institutet,SciLifeLab Data Repository,2023
doi-10-17044-scilifelab-20472144,Uppsala University,SciLifeLab Data Repository,2022
doi-10-17044-scilifelab-20502126,Uppsala University,SciLifeLab Data Repository,2022
doi-10-17044-scilifelab-20509362,Karolinska Institutet,SciLifeLab Data Repository,2022
doi-10-17044-scilifelab-20514192,Swedish Museum of Natural History,SciLifeLab Data Repository,2023
doi-10-17044-scilifelab-20517336,Karolinska Institutet,SciLifeLab Data Repository,2023
doi-10-17044-scilifelab-20732170,Royal Institute of Technology,SciLifeLab Data Repository,2025
doi-10-17044-scilifelab-20746576,Uppsala University,SciLifeLab Data Repository,2022
doi-10-17044-scilifelab-20749174,Uppsala University,SciLifeLab Data Repository,2023
doi-10-17044-scilifelab-20751373,Royal Institute of Technology,SciLifeLab Data Repository,2023
doi-10-17044-scilifelab-20969161,Uppsala University,SciLifeLab Data Repository,2022
doi-10-17044-scilifelab-21102061,Karolinska Institutet,SciLifeLab Data Repository,2022
doi-10-17044-scilifelab-21261405,Stockholm University,SciLifeLab Data Repository,2022
doi-10-17044-scilifelab-21269619,Uppsala University,SciLifeLab Data Repository,2024
doi-10-17044-scilifelab-21287139,Uppsala University,SciLifeLab Data Repository,2022
doi-10-17044-scilifelab-21316677,Karolinska Institutet,SciLifeLab Data Repository,2022
doi-10-17044-scilifelab-21361029,Karolinska Institutet,SciLifeLab Data Repository,2023
doi-10-17044-scilifelab-21378279,Karolinska Institutet,SciLifeLab Data Repository,2022
doi-10-17044-scilifelab-21378294,Stockholm University,SciLifeLab Data Repository,2022
doi-10-17044-scilifelab-21378906,Uppsala University,SciLifeLab Data Repository,2023
doi-10-17044-scilifelab-21407402,Karolinska Institutet,SciLifeLab Data Repository,2022
doi-10-17044-scilifelab-21516993,Karolinska Institutet,SciLifeLab Data Repository,2022
doi-10-17044-scilifelab-21517710,Uppsala University,SciLifeLab Data Repository,2022
doi-10-17044-scilifelab-21518142,Karolinska Institutet,SciLifeLab Data Repository,2023
doi-10-17044-scilifelab-21557163,Lund University,SciLifeLab Data Repository,2025
doi-10-17044-scilifelab-21557247,Lund University,SciLifeLab Data Repository,2022
doi-10-17044-scilifelab-21590394,Uppsala University,SciLifeLab Data Repository,2023
doi-10-17044-scilifelab-21602844,Uppsala University,SciLifeLab Data Repository,2023
doi-10-17044-scilifelab-21618150,Karolinska Institutet,SciLifeLab Data Repository,2023
doi-10-17044-scilifelab-21694799,Karolinska Institutet,SciLifeLab Data Repository,2024
doi-10-17044-scilifelab-21792356,Karolinska Institutet,SciLifeLab Data Repository,2023
doi-10-17044-scilifelab-21904578,Lund University,SciLifeLab Data Repository,2023
doi-10-17044-scilifelab-21904581,Lund University,SciLifeLab Data Repository,2023
doi-10-17044-scilifelab-21904584,Lund University,SciLifeLab Data Repository,2023
doi-10-17044-scilifelab-21904587,Lund University,SciLifeLab Data Repository,2023
doi-10-17044-scilifelab-21904590,Lund University,SciLifeLab Data Repository,2023
doi-10-17044-scilifelab-21904593,Lund University,SciLifeLab Data Repository,2023
doi-10-17044-scilifelab-21904596,Lund University,SciLifeLab Data Repository,2023
doi-10-17044-scilifelab-21904599,Lund University,SciLifeLab Data Repository,2023
doi-10-17044-scilifelab-21907995,Royal Institute of Technology,SciLifeLab Data Repository,2023
doi-10-17044-scilifelab-21908574,Lund University,SciLifeLab Data Repository,2023
doi-10-17044-scilifelab-21908586,Lund University,SciLifeLab Data Repository,2023
doi-10-17044-scilifelab-21908892,Stockholm University,SciLifeLab Data Repository,2023
doi-10-17044-scilifelab-21948521,Uppsala University,SciLifeLab Data Repository,2023
doi-10-17044-scilifelab-21953117,Lund University,SciLifeLab Data Repository,2023
doi-10-17044-scilifelab-21989795,Lund University,SciLifeLab Data Repository,2023
doi-10-17044-scilifelab-22139918,Uppsala University,SciLifeLab Data Repository,2023
doi-10-17044-scilifelab-22188583,Lund University,SciLifeLab Data Repository,2023
doi-10-17044-scilifelab-22193854,Karolinska Institutet,SciLifeLab Data Repository,2023
doi-10-17044-scilifelab-22225942,Royal Institute of Technology,SciLifeLab Data Repository,2023
doi-10-17044-scilifelab-22226350,Royal Institute of Technology,SciLifeLab Data Repository,2023
doi-10-17044-scilifelab-22249933,Karolinska Institutet,SciLifeLab Data Repository,2023
doi-10-17044-scilifelab-22269211,Royal Institute of Technology,SciLifeLab Data Repository,2023
doi-10-17044-scilifelab-22270225,Stockholm University,SciLifeLab Data Repository,2023
doi-10-17044-scilifelab-22284709,Karolinska Institutet,SciLifeLab Data Repository,2023
doi-10-17044-scilifelab-22303531,Uppsala University,SciLifeLab Data Repository,2024
doi-10-17044-scilifelab-22305991,Karolinska Institutet,SciLifeLab Data Repository,2023
doi-10-17044-scilifelab-22348714,Uppsala University,SciLifeLab Data Repository,2023
doi-10-17044-scilifelab-22361761,Uppsala University,SciLifeLab Data Repository,2023
doi-10-17044-scilifelab-22510501,University of Gothenburg,SciLifeLab Data Repository,2023
doi-10-17044-scilifelab-22670290,Uppsala University,SciLifeLab Data Repository,2023
doi-10-17044-scilifelab-22722361,Uppsala University,SciLifeLab Data Repository,2023
doi-10-17044-scilifelab-22730684,Karolinska Institutet,SciLifeLab Data Repository,2023
doi-10-17044-scilifelab-22769996,Linköping University,SciLifeLab Data Repository,2023
doi-10-17044-scilifelab-22770161,Uppsala University,SciLifeLab Data Repository,2023
doi-10-17044-scilifelab-22778920,Royal Institute of Technology,SciLifeLab Data Repository,2023
doi-10-17044-scilifelab-22785269,Uppsala University,SciLifeLab Data Repository,2024
doi-10-17044-scilifelab-22785968,Uppsala University,SciLifeLab Data Repository,2024
doi-10-17044-scilifelab-22786925,Uppsala University,SciLifeLab Data Repository,2024
doi-10-17044-scilifelab-22786928,Uppsala University,SciLifeLab Data Repository,2024
doi-10-17044-scilifelab-22792943,Uppsala University,SciLifeLab Data Repository,2024
doi-10-17044-scilifelab-22806255,Uppsala University,SciLifeLab Data Repository,2024
doi-10-17044-scilifelab-22817410,Uppsala University,SciLifeLab Data Repository,2024
doi-10-17044-scilifelab-22825277,Uppsala University,SciLifeLab Data Repository,2024
doi-10-17044-scilifelab-23180981,Uppsala University,SciLifeLab Data Repository,2023
doi-10-17044-scilifelab-23217512,Uppsala University,SciLifeLab Data Repository,2023
doi-10-17044-scilifelab-23220164,Uppsala University,SciLifeLab Data Repository,2023
doi-10-17044-scilifelab-23220416,Uppsala University,SciLifeLab Data Repository,2023
doi-10-17044-scilifelab-23530605,Karolinska Institutet,SciLifeLab Data Repository,2023
doi-10-17044-scilifelab-23532288,Stockholm University,SciLifeLab Data Repository,2023
doi-10-17044-scilifelab-23553426,Uppsala University,SciLifeLab Data Repository,2024
doi-10-17044-scilifelab-23592270,Lund University,SciLifeLab Data Repository,2025
doi-10-17044-scilifelab-23592303,Lund University,SciLifeLab Data Repository,2025
doi-10-17044-scilifelab-23641749,Umeå University,SciLifeLab Data Repository,2023
doi-10-17044-scilifelab-23715648,Lund University,SciLifeLab Data Repository,2025
doi-10-17044-scilifelab-23856609,Uppsala University,SciLifeLab Data Repository,2025
doi-10-17044-scilifelab-23865126,Stockholm University,SciLifeLab Data Repository,2023
doi-10-17044-scilifelab-23987985,Uppsala University,SciLifeLab Data Repository,2023
doi-10-17044-scilifelab-24039510,Uppsala University,SciLifeLab Data Repository,2023
doi-10-17044-scilifelab-24198669,Linköping University,SciLifeLab Data Repository,2024
doi-10-17044-scilifelab-24211584,Stockholm University,SciLifeLab Data Repository,2023
doi-10-17044-scilifelab-24241237,Uppsala University,SciLifeLab Data Repository,2024
doi-10-17044-scilifelab-24260710,Lund University,SciLifeLab Data Repository,2023
doi-10-17044-scilifelab-24324310,Stockholm University,SciLifeLab Data Repository,2024
doi-10-17044-scilifelab-24324382,Stockholm University,SciLifeLab Data Repository,2024
doi-10-17044-scilifelab-24340378,Stockholm University,SciLifeLab Data Repository,2024
doi-10-17044-scilifelab-24343000,Stockholm University,SciLifeLab Data Repository,2024
doi-10-17044-scilifelab-24407893,Uppsala University,SciLifeLab Data Repository,2023
doi-10-17044-scilifelab-24764697,Uppsala University,SciLifeLab Data Repository,2023
doi-10-17044-scilifelab-24787353,University of Gothenburg,SciLifeLab Data Repository,2023
doi-10-17044-scilifelab-24941913,Karolinska Institutet,SciLifeLab Data Repository,2024
doi-10-17044-scilifelab-24999260,Royal Institute of Technology,SciLifeLab Data Repository,2024
doi-10-17044-scilifelab-25050422,Royal Institute of Technology,SciLifeLab Data Repository,2024
doi-10-17044-scilifelab-25186151,Karolinska Institutet,SciLifeLab Data Repository,2024
doi-10-17044-scilifelab-25237765,Uppsala University,SciLifeLab Data Repository,2024
doi-10-17044-scilifelab-25315867,Umeå University,SciLifeLab Data Repository,2024
doi-10-17044-scilifelab-25323256,Karolinska Institutet,SciLifeLab Data Repository,2024
doi-10-17044-scilifelab-25334122,Uppsala University,SciLifeLab Data Repository,2024
doi-10-17044-scilifelab-25335448,Umeå University,SciLifeLab Data Repository,2024
doi-10-17044-scilifelab-25348405,Karolinska Institutet,SciLifeLab Data Repository,2024
doi-10-17044-scilifelab-25441789,Royal Institute of Technology,SciLifeLab Data Repository,2024
doi-10-17044-scilifelab-25471861,Uppsala University,SciLifeLab Data Repository,2024
doi-10-17044-scilifelab-25480681,Swedish Museum of Natural History,SciLifeLab Data Repository,2024
doi-10-17044-scilifelab-25593405,Umeå University,SciLifeLab Data Repository,2024
doi-10-17044-scilifelab-25593480,Umeå University,SciLifeLab Data Repository,2024
doi-10-17044-scilifelab-25593528,Umeå University,SciLifeLab Data Repository,2024
doi-10-17044-scilifelab-25653297,Stockholm University,SciLifeLab Data Repository,2024
doi-10-17044-scilifelab-25705512,Uppsala University,SciLifeLab Data Repository,2024
doi-10-17044-scilifelab-25836238,Uppsala University,SciLifeLab Data Repository,2024
doi-10-17044-scilifelab-25883455,SMHI - Swedish Meteorological and Hydrological Institute,SciLifeLab Data Repository,2024
doi-10-17044-scilifelab-25907971,Uppsala University,SciLifeLab Data Repository,2024
doi-10-17044-scilifelab-25908748,Uppsala University,SciLifeLab Data Repository,2024
doi-10-17044-scilifelab-25966867,Uppsala University,SciLifeLab Data Repository,2024
doi-10-17044-scilifelab-25998934,Uppsala University,SciLifeLab Data Repository,2024
doi-10-17044-scilifelab-26063056,Lund University,SciLifeLab Data Repository,2024
doi-10-17044-scilifelab-26064754,Lund University,SciLifeLab Data Repository,2024
doi-10-17044-scilifelab-26067604,Karolinska Institutet,SciLifeLab Data Repository,2024
doi-10-17044-scilifelab-26096371,Uppsala University,SciLifeLab Data Repository,2024
doi-10-17044-scilifelab-26233184,Karolinska Institutet,SciLifeLab Data Repository,2024
doi-10-17044-scilifelab-26318929,Royal Institute of Technology,SciLifeLab Data Repository,2024
doi-10-17044-scilifelab-26425576,Uppsala University,SciLifeLab Data Repository,2025
doi-10-17044-scilifelab-26927146,Uppsala University,SciLifeLab Data Repository,2025
doi-10-17044-scilifelab-26936965,Stockholm University,SciLifeLab Data Repository,2024
doi-10-17044-scilifelab-26937202,Stockholm University,SciLifeLab Data Repository,2024
doi-10-17044-scilifelab-26937271,Stockholm University,SciLifeLab Data Repository,2024
doi-10-17044-scilifelab-26937304,Stockholm University,SciLifeLab Data Repository,2024
doi-10-17044-scilifelab-26976952,Uppsala University,SciLifeLab Data Repository,2025
doi-10-17044-scilifelab-27202368,Swedish Museum of Natural History,SciLifeLab Data Repository,2024
doi-10-17044-scilifelab-27233412,Uppsala University,SciLifeLab Data Repository,2025
doi-10-17044-scilifelab-27336156,Umeå University,SciLifeLab Data Repository,2025
doi-10-17044-scilifelab-27368322,Karolinska Institutet,SciLifeLab Data Repository,2025
doi-10-17044-scilifelab-27637464,Uppsala University,SciLifeLab Data Repository,2024
doi-10-17044-scilifelab-27688668,Uppsala University,SciLifeLab Data Repository,2025
doi-10-17044-scilifelab-28008872,Uppsala University,SciLifeLab Data Repository,2025
doi-10-17044-scilifelab-28033754,Lund University,SciLifeLab Data Repository,2025
doi-10-17044-scilifelab-28033793,Lund University,SciLifeLab Data Repository,2025
doi-10-17044-scilifelab-28062272,Karolinska Institutet,SciLifeLab Data Repository,2025
doi-10-17044-scilifelab-28062323,Karolinska Institutet,SciLifeLab Data Repository,2025
doi-10-17044-scilifelab-28202864,Uppsala University,SciLifeLab Data Repository,2025
doi-10-17044-scilifelab-28210955,Swedish University of Agricultural Sciences,SciLifeLab Data Repository,2025
doi-10-17044-scilifelab-28211678,Linnaeus University,SciLifeLab Data Repository,2025
doi-10-17044-scilifelab-28212173,Swedish University of Agricultural Sciences,SciLifeLab Data Repository,2025
doi-10-17044-scilifelab-28217918,Uppsala University,SciLifeLab Data Repository,2025
doi-10-17044-scilifelab-28254575,Lund University,SciLifeLab Data Repository,2025
doi-10-17044-scilifelab-28263911,Lund University,SciLifeLab Data Repository,2025
doi-10-17044-scilifelab-28327964,Stockholm University,SciLifeLab Data Repository,2025
doi-10-17044-scilifelab-28342484,Uppsala University,SciLifeLab Data Repository,2025
doi-10-17044-scilifelab-28351367,Uppsala University,SciLifeLab Data Repository,2025
doi-10-17044-scilifelab-28359677,Uppsala University,SciLifeLab Data Repository,2025
doi-10-17044-scilifelab-28367732,Uppsala University,SciLifeLab Data Repository,2025
doi-10-17044-scilifelab-28380476,Stockholm University,SciLifeLab Data Repository,2025
doi-10-17044-scilifelab-28577390,Royal Institute of Technology,SciLifeLab Data Repository,2025
doi-10-17044-scilifelab-28606814,Chalmers University of Technology,SciLifeLab Data Repository,2025
doi-10-17044-scilifelab-28661375,Stockholm University,SciLifeLab Data Repository,2025
doi-10-17044-scilifelab-28673273,Royal Institute of Technology,SciLifeLab Data Repository,2025
doi-10-17044-scilifelab-28711088,Umeå University,SciLifeLab Data Repository,2025
doi-10-17044-scilifelab-28746086,Stockholm University,SciLifeLab Data Repository,2025
doi-10-17044-scilifelab-28795805,Uppsala University,SciLifeLab Data Repository,2025
doi-10-17044-scilifelab-28832492,Uppsala University,SciLifeLab Data Repository,2025
doi-10-17044-scilifelab-28868468,Swedish Museum of Natural History,SciLifeLab Data Repository,2025
doi-10-17044-scilifelab-28869398,Uppsala University,SciLifeLab Data Repository,2025
doi-10-17044-scilifelab-29128325,University of Gothenburg,SciLifeLab Data Repository,2025
doi-10-17044-scilifelab-29291642,Region Uppsala,SciLifeLab Data Repository,2025
doi-10-17044-scilifelab-29328587,Uppsala University,SciLifeLab Data Repository,2025
doi-10-17044-scilifelab-29444201,SciLifeLab,SciLifeLab Data Repository,2025
doi-10-17044-scilifelab-29479973,Luleå University of Technology,SciLifeLab Data Repository,2025
doi-10-17044-scilifelab-29666605,Swedish Museum of Natural History,SciLifeLab Data Repository,2025
doi-10-17044-scilifelab-29686349,University of Gothenburg,SciLifeLab Data Repository,2025
doi-10-17044-scilifelab-29835419,Uppsala University,SciLifeLab Data Repository,2025
doi-10-5879-bils-ga00001,Uppsala University,SciLifeLab Data Repository,2014
doi-10-5281-zenodo-10419469,Royal Institute of Technology,KTH Zenodo,2023
doi-10-5281-zenodo-10445868,Royal Institute of Technology,KTH Zenodo,2023
doi-10-5281-zenodo-10996743,Royal Institute of Technology,KTH Zenodo,2024
doi-10-5281-zenodo-12605480,Royal Institute of Technology,KTH Zenodo,2024
doi-10-5281-zenodo-12750436,Royal Institute of Technology,KTH Zenodo,2024
doi-10-5281-zenodo-14191104,Royal Institute of Technology,KTH Zenodo,2024
doi-10-5281-zenodo-15972470,Royal Institute of Technology,KTH Zenodo,2025
doi-10-5281-zenodo-4030660,Royal Institute of Technology,KTH Zenodo,2020
doi-10-5281-zenodo-5084811,Royal Institute of Technology,KTH Zenodo,2021
doi-10-5281-zenodo-5085869,Royal Institute of Technology,KTH Zenodo,2021
doi-10-5281-zenodo-5113208,Royal Institute of Technology,KTH Zenodo,2021
doi-10-5281-zenodo-5496034,Royal Institute of Technology,KTH Zenodo,2021
doi-10-5281-zenodo-5643563,Royal Institute of Technology,KTH Zenodo,2021
doi-10-5281-zenodo-5896641,Royal Institute of Technology,KTH Zenodo,2021
doi-10-5281-zenodo-6090875,Royal Institute of Technology,KTH Zenodo,2021
doi-10-5281-zenodo-6480220,Royal Institute of Technology,KTH Zenodo,2022
doi-10-5281-zenodo-6760230,Royal Institute of Technology,KTH Zenodo,2022
doi-10-5281-zenodo-6778824,Royal Institute of Technology,KTH Zenodo,2022
doi-10-5281-zenodo-7348563,Royal Institute of Technology,KTH Zenodo,2021
doi-10-5281-zenodo-7405074,Royal Institute of Technology,KTH Zenodo,2022
doi-10-5281-zenodo-7520618,Royal Institute of Technology,KTH Zenodo,2023
doi-10-5281-zenodo-7726192,Royal Institute of Technology,KTH Zenodo,2023
doi-10-5281-zenodo-7750658,Royal Institute of Technology,KTH Zenodo,2023
doi-10-5281-zenodo-7928614,Royal Institute of Technology,KTH Zenodo,2023
doi-10-5281-zenodo-8006451,Royal Institute of Technology,KTH Zenodo,2023
doi-10-5281-zenodo-8308137,Royal Institute of Technology,KTH Zenodo,2023
doi-10-23698-aida-affai,AIDA Data Hub,SciLifeLab AIDA Data Hub,2021
doi-10-23698-aida-anklefx,AIDA Data Hub,SciLifeLab AIDA Data Hub,2024
doi-10-23698-aida-bccc,AIDA Data Hub,SciLifeLab AIDA Data Hub,2023
doi-10-23698-aida-brln,AIDA Data Hub,SciLifeLab AIDA Data Hub,2019
doi-10-23698-aida-brmbr,AIDA Data Hub,SciLifeLab AIDA Data Hub,2023
doi-10-23698-aida-ctpa,AIDA Data Hub,SciLifeLab AIDA Data Hub,2019
doi-10-23698-aida-ctpel,AIDA Data Hub,SciLifeLab AIDA Data Hub,2019
doi-10-23698-aida-ctskull,AIDA Data Hub,SciLifeLab AIDA Data Hub,2021
doi-10-23698-aida-drbr,AIDA Data Hub,SciLifeLab AIDA Data Hub,2019
doi-10-23698-aida-drco,AIDA Data Hub,SciLifeLab AIDA Data Hub,2019
doi-10-23698-aida-drli,AIDA Data Hub,SciLifeLab AIDA Data Hub,2019
doi-10-23698-aida-drov,AIDA Data Hub,SciLifeLab AIDA Data Hub,2019
doi-10-23698-aida-drsk,AIDA Data Hub,SciLifeLab AIDA Data Hub,2019
doi-10-23698-aida-drske,AIDA Data Hub,SciLifeLab AIDA Data Hub,2019
doi-10-23698-aida-ejr2023,AIDA Data Hub,SciLifeLab AIDA Data Hub,2023
doi-10-23698-aida-kf2020,AIDA Data Hub,SciLifeLab AIDA Data Hub,2021
doi-10-23698-aida-koa2021,AIDA Data Hub,SciLifeLab AIDA Data Hub,2021
doi-10-23698-aida-lesser,AIDA Data Hub,SciLifeLab AIDA Data Hub,2023
doi-10-23698-aida-lnco,AIDA Data Hub,SciLifeLab AIDA Data Hub,2019
doi-10-23698-aida-lnco2,AIDA Data Hub,SciLifeLab AIDA Data Hub,2020
doi-10-23698-aida-lund-probe,AIDA Data Hub,SciLifeLab AIDA Data Hub,2025
doi-10-23698-aida-mbtst-dm,AIDA Data Hub,SciLifeLab AIDA Data Hub,2019
doi-10-23698-aida-megre,AIDA Data Hub,SciLifeLab AIDA Data Hub,2020
doi-10-23698-aida-micromen,AIDA Data Hub,SciLifeLab AIDA Data Hub,2023
doi-10-23698-aida-sr2023,AIDA Data Hub,SciLifeLab AIDA Data Hub,2023
doi-10-23698-aida-synthetic-brgandi,AIDA Data Hub,SciLifeLab AIDA Data Hub,2023
doi-10-23698-aida-synthetic-shbamri,AIDA Data Hub,SciLifeLab AIDA Data Hub,2023
doi-10-5281-zenodo-10556299,Swedish National Heritage Board,RAÄ Heritage Laboratory,2024
doi-10-5281-zenodo-10572676,Swedish National Heritage Board,RAÄ Heritage Laboratory,2024
doi-10-5281-zenodo-12633274,Swedish National Heritage Board,RAÄ Heritage Laboratory,2024
doi-10-5281-zenodo-15114005,Swedish National Heritage Board,RAÄ Heritage Laboratory,2025
doi-10-5281-zenodo-5006507,Swedish National Heritage Board,RAÄ Heritage Laboratory,2018
doi-10-5281-zenodo-5006689,Swedish National Heritage Board,RAÄ Heritage Laboratory,2021
doi-10-5281-zenodo-7355017,Swedish National Heritage Board,RAÄ Heritage Laboratory,2024
doi-10-5281-zenodo-7387416,Swedish National Heritage Board,RAÄ Heritage Laboratory,2022
doi-10-5281-zenodo-7767090,Swedish National Heritage Board,RAÄ Heritage Laboratory,2022
doi-10-5281-zenodo-7839804,Swedish National Heritage Board,RAÄ Heritage Laboratory,2023
doi-10-5281-zenodo-7839828,Swedish National Heritage Board,RAÄ Heritage Laboratory,2023
doi-10-5281-zenodo-7839842,Swedish National Heritage Board,RAÄ Heritage Laboratory,2023
doi-10-5281-zenodo-8390335,Swedish National Heritage Board,RAÄ Heritage Laboratory,2023
doi-10-5281-zenodo-11951255,Swedish National Heritage Board,RAÄ Runverket,2024
doi-10-5281-zenodo-13347851,Swedish National Heritage Board,RAÄ Runverket,2024
doi-10-5281-zenodo-14046713,Swedish National Heritage Board,RAÄ Runverket,2024
doi-10-5281-zenodo-14141222,Swedish National Heritage Board,RAÄ Runverket,2024
doi-10-5281-zenodo-14444660,Swedish National Heritage Board,RAÄ Runverket,2024
doi-10-5281-zenodo-6838483,RISE Research Institutes of Sweden,RISE Research Institutes of Sweden Zenodo,2022
doi-10-5281-zenodo-7057458,RISE Research Institutes of Sweden,RISE Research Institutes of Sweden Zenodo,2023
doi-10-5281-zenodo-16094903,Lund University,"Lund University, Division of Fire Safety Engineering Zenodo",2023
doi-10-5281-zenodo-7404656,Lund University,"Lund University, Division of Fire Safety Engineering Zenodo",2022
doi-10-5281-zenodo-7410114,Lund University,"Lund University, Division of Fire Safety Engineering Zenodo",2022
doi-10-5281-zenodo-7483487,Lund University,"Lund University, Division of Fire Safety Engineering Zenodo",2023
doi-10-5281-zenodo-7519859,Lund University,"Lund University, Division of Fire Safety Engineering Zenodo",2023
doi-10-5281-zenodo-13342006,Mid Sweden University,Mid Sweden University Zenodo,2024
doi-10-5281-zenodo-16778671,Mid Sweden University,Mid Sweden University Zenodo,2025
doi-10-5281-zenodo-14262280,Linköping University,LiU Zenodo,2024
doi-10-5281-zenodo-15017715,Linköping University,LiU Zenodo,2025
doi-10-48391-52813eb9-df48-4f4c-911b-f24f8d079419,Lund University,MAX IV data repository,2023
doi-10-48391-91a3a886-df6f-434a-9a1d-7304a0061e00,Lund University,MAX IV data repository,2022
doi-10-48391-b0179486-47c5-4e5c-8301-cde7bfcb2ce1,Lund University,MAX IV data repository,2022
doi-10-48391-b0c36bb8-a00c-4519-8dcc-08d5ca60a313,Lund University,MAX IV data repository,2023
doi-10-48391-cff474da-2b3f-4a3a-9226-9c4f1d62470e,Lund University,MAX IV data repository,2024
doi-10-48391-d7dcf27a-5f2f-4dad-b8f2-d7a54c105815,Lund University,MAX IV data repository,2025
doi-10-5281-zenodo-15285784,Lund University,SWINNO Zenodo,2025
doi-10-5281-zenodo-1226887,Karlstad University,Computer Science at Karlstad University Zenodo,2018
doi-10-5281-zenodo-1227085,Karlstad University,Computer Science at Karlstad University Zenodo,2018
doi-10-5281-zenodo-1227123,Karlstad University,Computer Science at Karlstad University Zenodo,2018
doi-10-5281-zenodo-1227131,Karlstad University,Computer Science at Karlstad University Zenodo,2018
doi-10-5281-zenodo-2556784,Karlstad University,Computer Science at Karlstad University Zenodo,2019
doi-10-18161-20211127,Lund University,Lund University DataGURU,2021
doi-10-18161-data-selection-201806,Lund University,Lund University DataGURU,2018
doi-10-18161-habitat-201412,Lund University,Lund University DataGURU,2014
doi-10-18161-late-blight-201703,Lund University,Lund University DataGURU,2017
doi-10-18161-lpj-guess-plum-201708,Lund University,Lund University DataGURU,2017
doi-10-18161-plum-201610,Lund University,Lund University DataGURU,2016
doi-10-18161-plum-energy-201708,Lund University,Lund University DataGURU,2017
doi-10-18161-plum-normative-201801,Lund University,Lund University DataGURU,2018
doi-10-18161-popcount-201610,Lund University,Lund University DataGURU,2016
doi-10-18161-sahel-npp-201712,Lund University,Lund University DataGURU,2017
sites--0k14w4g5euxrdki0itjnkw0,Swedish University of Agricultural Sciences,SITES data portal,2021
sites--0udgnifutu4t9c38yeeslaj,Swedish University of Agricultural Sciences,SITES data portal,2025
sites--2jq9tlzxkdlfmmaotby4v3x,Swedish University of Agricultural Sciences,SITES data portal,2025
sites--6-hdnvsk7-p7efmqpgkedbd,Swedish University of Agricultural Sciences,SITES data portal,2024
sites--7adotz0krq-elv-wngjw889,Swedish University of Agricultural Sciences,SITES data portal,2023
sites--dpmezlm2tivwvd5m2j3rrhv,University of Gothenburg,SITES data portal,2025
sites--dzt-uwgbfvrt6qpqfpzf3ag,Swedish University of Agricultural Sciences,SITES data portal,2025
sites--jahaewmlrjw0810vzscdnq3,Stockholm University,SITES data portal,2025
sites--jlj98nnwfj9ebwwmlxv4v1w,Stockholm University,SITES data portal,2025
sites--kg9vypinemyx1u0kd3fl-uu,University of Gothenburg,SITES data portal,2019
sites--kwiq5s2ouy4b9qlvi6hxd8e,Swedish Polar Research Secretariat,SITES data portal,2022
sites--ld2wc44bl48y1vvoneynbsq,Swedish Polar Research Secretariat,SITES data portal,2024
sites--moqqjhzrqpcrbv-va1j1lyd,Swedish University of Agricultural Sciences,SITES data portal,2021
sites--mzv3qjbg4lkllgbx6-vaiou,Swedish University of Agricultural Sciences,SITES data portal,2025
sites--ngggbvzbgkiekh1qr0jauz1,Swedish Polar Research Secretariat,SITES data portal,2022
sites--odjovdbrri2ql0ldltexu15,Swedish University of Agricultural Sciences,SITES data portal,2025
sites--rbsxwdzm-ked-sgf4ytl3tm,Swedish University of Agricultural Sciences,SITES data portal,2025
sites--tvl-mas6bfhpfiepjjyjvg5,University of Gothenburg,SITES data portal,2022
sites--ubmqyln4wepb20kx8o5jfha,Swedish University of Agricultural Sciences,SITES data portal,2022
sites--uuive249iaqkuzl5vqmri-x,University of Gothenburg,SITES data portal,2025
sites--zhhc4bcg8quvgpl7yo-5bex,Swedish University of Agricultural Sciences,SITES data portal,2022
sites--zslgmikt-ubh8qd-0c22qhx,University of Gothenburg,SITES data portal,2022
sites-01w7oklvlp0wjd7a8sxilfin,Uppsala University,SITES data portal,2025
sites-05f4vuot9nu4n-0yzbmjbh3s,Stockholm University,SITES data portal,2023
sites-05pjcy4j5ioycdo8q6mofhx8,Swedish University of Agricultural Sciences,SITES data portal,2022
sites-0af9pyvcwogpxvgehnfcf2ss,Swedish Polar Research Secretariat,SITES data portal,2022
sites-0ahhcrfwyclqawavnjzdhujy,Uppsala University,SITES data portal,2024
sites-0c1upfpuogdfr-tcic04cfuu,Swedish Polar Research Secretariat,SITES data portal,2022
sites-0derafc3vbpmko-t-012gyud,Swedish University of Agricultural Sciences,SITES data portal,2021
sites-0jdr8tqzbupkabiisn0wrhcb,Swedish University of Agricultural Sciences,SITES data portal,2022
sites-0lu5zxmojxg3y3vji78vbj02,Swedish University of Agricultural Sciences,SITES data portal,2022
sites-0ndrf6pbjlf26bsla5r6o16n,Swedish University of Agricultural Sciences,SITES data portal,2023
sites-0nkkishnbw6pls70hlhoqgcw,Swedish Polar Research Secretariat,SITES data portal,2025
sites-0ocxjyabjptuup19kkoolnhn,University of Gothenburg,SITES data portal,2022
sites-0shz2h-m0mce7rzyehekg5nd,Swedish University of Agricultural Sciences,SITES data portal,2025
sites-0ufbbwt9tlpqrbixzo8zaly-,Swedish University of Agricultural Sciences,SITES data portal,2022
sites-0vpijg900usobgvamoecddca,Uppsala University,SITES data portal,2022
sites-0xffi0vjupaxb2bl4tpfbwai,Swedish University of Agricultural Sciences,SITES data portal,2023
sites-0ypnkod3ne--feqhbpngttjl,Swedish University of Agricultural Sciences,SITES data portal,2022
sites-12lma5s3ad4vvnioehktbjyx,Stockholm University,SITES data portal,2025
sites-1aa08d599eda1fllvswsit27,Swedish University of Agricultural Sciences,SITES data portal,2019
sites-1b73abdpznggnicbywdfbub2,Uppsala University,SITES data portal,2020
sites-1e76faidxt2wemklix4hzcoh,Swedish University of Agricultural Sciences,SITES data portal,2023
sites-1gs81p-7yqkps8n8puggq7ep,Swedish Polar Research Secretariat,SITES data portal,2024
sites-1kk0lckuyomiirk4kxhq72ct,Swedish University of Agricultural Sciences,SITES data portal,2023
sites-1may1eaumar-kl1x7a6ldb0j,Swedish University of Agricultural Sciences,SITES data portal,2024
sites-1n-n0uscw6mkxzwgluwqnhew,Sweden Water Research,SITES data portal,2019
sites-1nplzd0otkcuyek6zdxa6zwo,Stockholm University,SITES data portal,2025
sites-1qdzf0igvpgygcu7kqe-czox,Swedish University of Agricultural Sciences,SITES data portal,2022
sites-1rlmhmb8ekjtstg-tq2jn3k4,Swedish University of Agricultural Sciences,SITES data portal,2025
sites-1sagad-qhwydlu-b-kf1ojzd,University of Gothenburg,SITES data portal,2022
sites-1sidt3qv1q61xp2zbbnn94c8,Uppsala University,SITES data portal,2020
sites-1urnspz59iohbjgdk0gzzwkb,Stockholm University,SITES data portal,2025
sites-1vrge8youtkfohyti9awmhqh,Swedish University of Agricultural Sciences,SITES data portal,2022
sites-1wohprbqgajggw7pmgd5bh1h,Uppsala University,SITES data portal,2020
sites-1xmcqebs7aq-zi-6k-blsgwf,Swedish University of Agricultural Sciences,SITES data portal,2024
sites-23qww2k51wc5nmlnqhynyzg5,University of Gothenburg,SITES data portal,2022
sites-29y2voosblndvjx9ejcweyt1,Swedish Polar Research Secretariat,SITES data portal,2023
sites-2cfppoprziszj9noeokizczb,Uppsala University,SITES data portal,2020
sites-2ckorzgnmdzbzv-hneol8i0l,Sweden Water Research,SITES data portal,2024
sites-2jvbfrazisv44hwgrbslzy6z,Stockholm University,SITES data portal,2020
sites-2p7p4zbtwvdy5gytulvfzmin,Swedish University of Agricultural Sciences,SITES data portal,2025
sites-2qhpnoxeyunlkmpqy4fuqj2g,University of Gothenburg,SITES data portal,2025
sites-2u5vcvhv5cyrvbiuec1sg5ml,Swedish University of Agricultural Sciences,SITES data portal,2024
sites-2uyepwc575v65xccyisvtnrm,Swedish University of Agricultural Sciences,SITES data portal,2024
sites-2ye91j-1zfyeb6czivyorvuo,Swedish University of Agricultural Sciences,SITES data portal,2022
sites-2yh4lwele3s9ltu3ncujnga-,Swedish University of Agricultural Sciences,SITES data portal,2024
sites-2ymxm3dteczjpqkmnld30gil,Swedish University of Agricultural Sciences,SITES data portal,2025
sites-33g2dxcff4og4h16ddhoowap,University of Gothenburg,SITES data portal,2025
sites-39pbppqknsb6njwjs7t61jq9,Swedish University of Agricultural Sciences,SITES data portal,2024
sites-3anv-dd3bd9n2mykmc-jlv5o,Swedish Polar Research Secretariat,SITES data portal,2022
sites-3bmzs0zinwjqrwwlya55jw5x,Swedish University of Agricultural Sciences,SITES data portal,2025
sites-3cl602gjrb70-jqpquho8ukh,Swedish Polar Research Secretariat,SITES data portal,2023
sites-3deb4oiuqmklwnloeswse5qb,Stockholm University,SITES data portal,2025
sites-3ion5pl6x1pz-bc2brs917od,Stockholm University,SITES data portal,2025
sites-3kcu3x2xfm-9r-eixqdz1-q4,University of Gothenburg,SITES data portal,2022
sites-3n2wnbd4wvrqa-nfyfblbszr,Uppsala University,SITES data portal,2022
sites-3s9ml9qnuwlqyqjdfvscbb-o,University of Gothenburg,SITES data portal,2024
sites-3vme7tfzmbj8fspqvh1qzlf0,Swedish University of Agricultural Sciences,SITES data portal,2022
sites-3wwnevpmdbqyya7li5kkc0bq,Swedish University of Agricultural Sciences,SITES data portal,2025
sites-3xqimoeskoo9m0d5gvvxkgux,Swedish University of Agricultural Sciences,SITES data portal,2020
sites-3yuvjtjbucjj7nna1t4vmnvz,Swedish University of Agricultural Sciences,SITES data portal,2022
sites-4-ecxwmp5sabvdm5h6ak7or0,Sweden Water Research,SITES data portal,2024
sites-407o2jo47l0hlglgynmco-5w,Swedish University of Agricultural Sciences,SITES data portal,2025
sites-4jqc5-shamtow5mkwceuimev,Uppsala University,SITES data portal,2025
sites-4lnlg70vkqxawai0so624jqd,Swedish University of Agricultural Sciences,SITES data portal,2024
sites-4osqw2kgdkrokurt5fbm5ywg,University of Gothenburg,SITES data portal,2022
sites-4qqc9wwjdmztybjsualu5lb7,University of Gothenburg,SITES data portal,2025
sites-4un63ki3hkeutdn-bkui1gnb,University of Gothenburg,SITES data portal,2025
sites-4uo9ft-t-8hojlg7368rh0ur,Swedish Polar Research Secretariat,SITES data portal,2025
sites-4v1bftckxidja-nyuwhetznu,Stockholm University,SITES data portal,2025
sites-5167fjjogjjjii102iorvyx1,Swedish University of Agricultural Sciences,SITES data portal,2023
sites-5d5gg474tkj1bt0djdwcvdr1,Swedish University of Agricultural Sciences,SITES data portal,2024
sites-5dvpxxrnzhrk82jbln4gm7p3,Stockholm University,SITES data portal,2021
sites-5gxqr0yf2w21khfscygfj6bv,Swedish Polar Research Secretariat,SITES data portal,2022
sites-5h35pnx86ztfsrojdkvvilpu,Swedish University of Agricultural Sciences,SITES data portal,2021
sites-5hzgn9vrixbs0qn5ncrz7r95,Swedish University of Agricultural Sciences,SITES data portal,2025
sites-5iuzltkka7kwboyy4d3zaqmi,Stockholm University,SITES data portal,2025
sites-5ljwxpgyv0jvzc--dk0zzhuy,Uppsala University,SITES data portal,2020
sites-5unmlxdzobo3mofnk6picpu7,Stockholm University,SITES data portal,2025
sites-5xlhd53wqlvkzekvjit6zdx2,Swedish University of Agricultural Sciences,SITES data portal,2024
sites-5yppb3pbjhykxtok8oiyhzwf,Swedish University of Agricultural Sciences,SITES data portal,2023
sites-5z7hygoun-ilkwqik4lzsvua,University of Gothenburg,SITES data portal,2022
sites-5zn3-9teqjvet7eum-jesdim,Uppsala University,SITES data portal,2023
sites-64f-3j8ytdi-dtfaqsdt-l3n,Swedish University of Agricultural Sciences,SITES data portal,2019
sites-6b09jqjwpjypizad7vlwxkuj,Swedish University of Agricultural Sciences,SITES data portal,2022
sites-6ecuttpzjfpqbxlswh3qgll2,University of Gothenburg,SITES data portal,2020
sites-6f8arnvjrc-gusr7tmmii-ol,Stockholm University,SITES data portal,2025
sites-6fdd9r61iulhotfmjgaigo3y,Swedish University of Agricultural Sciences,SITES data portal,2025
sites-6ilvubiyckazhwmol9i16vzv,University of Gothenburg,SITES data portal,2022
sites-6ke9mj85eeuahcrfcwq5eu6v,Swedish University of Agricultural Sciences,SITES data portal,2022
sites-6lzydmtyn5p6e2y3ntiga0mk,Swedish University of Agricultural Sciences,SITES data portal,2025
sites-6nrv0jc8jsaariclam-tgzie,Uppsala University,SITES data portal,2022
sites-6t6-dajen4l6ordzs2qt3h5n,Swedish University of Agricultural Sciences,SITES data portal,2021
sites-6v0kq5fnc-jfapmwfqggqatx,Swedish University of Agricultural Sciences,SITES data portal,2022
sites-6w-lshwue7hhikm3wn42zxvv,Swedish University of Agricultural Sciences,SITES data portal,2023
sites-6wdiplosxtcvy9xd-knvltnp,Uppsala University,SITES data portal,2025
sites-6xpbqcxcslqbufchlw-nen6p,Swedish University of Agricultural Sciences,SITES data portal,2025
sites-6xsyui1owyv8uu74d96sexqj,University of Gothenburg,SITES data portal,2024
sites-6ygabj-q78z--u5lpyryrqac,Uppsala University,SITES data portal,2023
sites-713zw2bcip1ccgmytnkxdlj9,Uppsala University,SITES data portal,2024
sites-71ia-gmteolarum047dd83li,Stockholm University,SITES data portal,2023
sites-73hbcxdgdckewbvuheqyrlec,Swedish University of Agricultural Sciences,SITES data portal,2022
sites-77gubpk7q-bllnhu--ynkypx,Swedish Polar Research Secretariat,SITES data portal,2022
sites-7b5-bnfl5omkmaiywjaqgnp8,Sweden Water Research,SITES data portal,2025
sites-7btw0fvjft50qdjoppfjxgmp,Uppsala University,SITES data portal,2024
sites-7cyh4rlssygqqpfoeuas6gab,Swedish University of Agricultural Sciences,SITES data portal,2025
sites-7ei0rqk1p9v4pv84m2vpmqj5,Swedish University of Agricultural Sciences,SITES data portal,2024
sites-7j2qi1qg0krft0mzemkgrydj,Swedish University of Agricultural Sciences,SITES data portal,2022
sites-7lgajetjjzwwn1qgqev-meih,Swedish University of Agricultural Sciences,SITES data portal,2022
sites-7oed9i9x357pwl-hrptv-krz,Uppsala University,SITES data portal,2022
sites-7othpwza06-twhwlmo-ftunf,Swedish University of Agricultural Sciences,SITES data portal,2022
sites-7qsxgq-evis8bfudp0y2i-su,Swedish Polar Research Secretariat,SITES data portal,2025
sites-7rzou5v-z2twfzmb6dpbmg8,Swedish University of Agricultural Sciences,SITES data portal,2023
sites-7x6rar7zvsbkonzdgb51cktf,Uppsala University,SITES data portal,2025
sites-7xiiahmo48mmgwnxc0s-hlzz,Swedish University of Agricultural Sciences,SITES data portal,2022
sites-7xlub4mxyd1ivylq7c57mu5y,Uppsala University,SITES data portal,2020
sites-81gdmp2xbuxq7ezffu6mm2r0,Swedish University of Agricultural Sciences,SITES data portal,2023
sites-82sbh01da0n6fferyhcxsyih,University of Gothenburg,SITES data portal,2024
sites-8awym8knfpwuuldxms17akcz,Swedish Polar Research Secretariat,SITES data portal,2024
sites-8ehachnfoordwgqeqmyls8wu,Swedish University of Agricultural Sciences,SITES data portal,2022
sites-8gdkv8mhlbfkzerddpw6cfip,Swedish University of Agricultural Sciences,SITES data portal,2023
sites-8n-hydmnflclojfobq8xifqe,Uppsala University,SITES data portal,2023
sites-8pscpie-4kejq1wrsnaa2wft,Uppsala University,SITES data portal,2020
sites-8tgyofsvnd-022cfvt5btkbl,University of Gothenburg,SITES data portal,2024
sites-8ufoftv7ynax-afntj1leukj,Swedish University of Agricultural Sciences,SITES data portal,2021
sites-8vqiedc9wmyeyqrqxar0s2r5,Uppsala University,SITES data portal,2023
sites-8z-jal6okafiejoguva-hhky,University of Gothenburg,SITES data portal,2020
sites-8zlld4xjjkfyqbbdgao7lq9e,Swedish Polar Research Secretariat,SITES data portal,2022
sites-9dgfjezj5wuympsw4dsl4hfx,Swedish University of Agricultural Sciences,SITES data portal,2025
sites-9djx2f-x27-uyc28ku9ic2zt,Swedish University of Agricultural Sciences,SITES data portal,2022
sites-9g0arnanz0onf0bzofgcrddx,Uppsala University,SITES data portal,2020
sites-9j6q6r2yrs8l1yevocohresc,Uppsala University,SITES data portal,2024
sites-9jznuq-lcuj96lbosmkm3xdt,Swedish University of Agricultural Sciences,SITES data portal,2022
sites-9lvmbfwdjz5qc195ovcpaabo,Stockholm University,SITES data portal,2021
sites-9pdsvtepxlurflymt-ym4jpc,Stockholm University,SITES data portal,2025
sites-9ra-lb4dwxdnaofegdh-ejvw,Stockholm University,SITES data portal,2021
sites-9rmlyegrtnfn27ntah-rsbja,University of Gothenburg,SITES data portal,2024
sites-9t-sne9wmuybu58kw6lbse4o,Swedish University of Agricultural Sciences,SITES data portal,2025
sites-9ughywyrpxmi197bcri4la9u,Stockholm University,SITES data portal,2025
sites-9wysoik6gibsu2uaitshwjpu,Swedish University of Agricultural Sciences,SITES data portal,2024
sites-9ynfn-3fdknnlaxfdzlrqeux,Stockholm University,SITES data portal,2025
sites-a0tziqd4dbnd2iqgmhu-m4lu,Swedish University of Agricultural Sciences,SITES data portal,2025
sites-a3t3sgnuwizuluqmaf04ts3b,Swedish University of Agricultural Sciences,SITES data portal,2025
sites-a3w5cxdbr5jau-oc-nfl7gbc,Swedish University of Agricultural Sciences,SITES data portal,2022
sites-a47tskbkatvkopmdvyh6pop0,Swedish University of Agricultural Sciences,SITES data portal,2024
sites-a6tjsr6lurwhrxins950ptfm,Swedish University of Agricultural Sciences,SITES data portal,2022
sites-a9h4rsivpxbvwc7zzuy5r55v,Stockholm University,SITES data portal,2025
sites-acdhco2c-egworsc0jma3lrg,University of Gothenburg,SITES data portal,2020
sites-adix-rfghmhntc8bcqreg5wc,University of Gothenburg,SITES data portal,2022
sites-aeocd-dyshxq2wzbzrgs7q7j,Uppsala University,SITES data portal,2020
sites-af-zk5olvqvgu9xork2pwdd2,Swedish University of Agricultural Sciences,SITES data portal,2024
sites-aflyklwp5yvzgmyvhtvrs0wy,Swedish University of Agricultural Sciences,SITES data portal,2023
sites-aghjuagkxbexcdwxjzarwpj-,Swedish University of Agricultural Sciences,SITES data portal,2022
sites-aimpwhjpvytehdrnsjtk9x0o,Swedish University of Agricultural Sciences,SITES data portal,2025
sites-ajs0gdo-gjequzxdlkqbzxtk,Uppsala University,SITES data portal,2025
sites-akzh2ibx5rxjfm7xjapkaajb,Swedish University of Agricultural Sciences,SITES data portal,2024
sites-an7l3emg1xl9sp6nx0hqmaqk,Stockholm University,SITES data portal,2023
sites-anmutyiikju5oph1syy2srdq,Swedish University of Agricultural Sciences,SITES data portal,2024
sites-aq-j5f9bp-fghjp6vcxpe32o,Swedish University of Agricultural Sciences,SITES data portal,2025
sites-aqcj3nrtrq6jcn35ej9q5b-6,Swedish University of Agricultural Sciences,SITES data portal,2025
sites-asd0smrenosiigramawjds95,Swedish University of Agricultural Sciences,SITES data portal,2024
sites-asp5hc97v-7gygsoqubabzyq,Stockholm University,SITES data portal,2021
sites-at1tcvrqbovkld5o5oxjcpmh,Swedish University of Agricultural Sciences,SITES data portal,2023
sites-atznyfhpursdvmxt-eybdbuw,Swedish Polar Research Secretariat,SITES data portal,2023
sites-audocdlmgp1lf1vf2muigctg,University of Gothenburg,SITES data portal,2022
sites-av-w7tmejzfjtz9ubyv-fepr,Stockholm University,SITES data portal,2025
sites-aw-kw-sfkixjnfpg1ndt6u82,Uppsala University,SITES data portal,2020
sites-az5w-bk7fj-dpoigfakv3fbi,Swedish University of Agricultural Sciences,SITES data portal,2022
sites-b-1kwm51qef037ztxlnh6ztr,Swedish University of Agricultural Sciences,SITES data portal,2025
sites-b-qb1kl9ysqtck7lrdnfs-e9,Swedish University of Agricultural Sciences,SITES data portal,2025
sites-b68nkr8eh7vv1akgst8i-ja3,Swedish University of Agricultural Sciences,SITES data portal,2023
sites-b8v6po5krwafncglcvypr6xg,University of Gothenburg,SITES data portal,2022
sites-b9qixmm4qopv6eqesscjryfo,Swedish University of Agricultural Sciences,SITES data portal,2022
sites-bbub8ovmacy7sqwhh6ich5ht,University of Gothenburg,SITES data portal,2024
sites-begplvvgzrwre5awl7eprilr,University of Gothenburg,SITES data portal,2022
sites-bekxudzutjtsjgr1lcojn7dl,Swedish Polar Research Secretariat,SITES data portal,2022
sites-bi-vut50hlud4cbslvt8cxmu,Swedish University of Agricultural Sciences,SITES data portal,2022
sites-bikwmikfokpkm5kzpsi3gim-,Swedish University of Agricultural Sciences,SITES data portal,2025
sites-bpawlyik5zen7mufbjgu-z8c,Uppsala University,SITES data portal,2020
sites-bpgvkzds8rqf-xbunl7e9k5e,Uppsala University,SITES data portal,2020
sites-bpydiuxcp9j63o4t-6e28vof,Swedish University of Agricultural Sciences,SITES data portal,2022
sites-bq-y4spoupf7qvvv0lmyrjdc,University of Gothenburg,SITES data portal,2022
sites-bqtfbjzgtluyzxt1mp1ujk9u,University of Gothenburg,SITES data portal,2024
sites-brdd9jw7qkty2bhslhkzsfj-,University of Gothenburg,SITES data portal,2022
sites-btf85ce6wtuhwud8g6iucwz1,Swedish University of Agricultural Sciences,SITES data portal,2024
sites-bvuhotjnesbjlxblp-actwce,Swedish Polar Research Secretariat,SITES data portal,2025
sites-bwdvdfqjzkb7a1qhhrckrgvw,Stockholm University,SITES data portal,2025
sites-byce2bzyehi4tuu3zyl7wgkn,Swedish University of Agricultural Sciences,SITES data portal,2023
sites-byqusm5lubdrkezhhcuhnsgk,Swedish University of Agricultural Sciences,SITES data portal,2024
sites-bzqfgpqa-kc0emnbhjgzxdgb,Uppsala University,SITES data portal,2020
sites-bzvblyktx4cnevaeumsfvqek,Stockholm University,SITES data portal,2021
sites-c4qlfczazykggoseyhks6uys,Swedish University of Agricultural Sciences,SITES data portal,2021
sites-c8jyelobvprpbdhvphyqkf-c,Swedish University of Agricultural Sciences,SITES data portal,2023
sites-c8ly3newhzmsrowc9qmxeei9,Swedish Polar Research Secretariat,SITES data portal,2022
sites-c98rw9m0fdy7p1o3ujelp5pw,University of Gothenburg,SITES data portal,2024
sites-cabartr6qgvjwitrdrnuxonp,Uppsala University,SITES data portal,2020
sites-cbuw6t-kg8qrqp--itxlztt8,Uppsala University,SITES data portal,2020
sites-cbwav7axgxqa6ibe-c6n7f7d,Swedish Polar Research Secretariat,SITES data portal,2024
sites-cczjyiofmoxlxirlifjtfnwo,Swedish University of Agricultural Sciences,SITES data portal,2022
sites-cf-zez773hl7gb-mfxsz-lk-,University of Gothenburg,SITES data portal,2022
sites-cjxqlizdizesmxwyqiwutvy1,Uppsala University,SITES data portal,2020
sites-cjxrrgm4blhvk6rcwf8wi6mq,Stockholm University,SITES data portal,2025
sites-cqdd72dwrrtilwvteg2zmebb,University of Gothenburg,SITES data portal,2022
sites-crpqwlqycn3kstt-qah9iird,Swedish University of Agricultural Sciences,SITES data portal,2025
sites-cshrmrfitijkrytdbsy0zhsy,University of Gothenburg,SITES data portal,2022
sites-cv5r-hdeto5arrbykdlb22ke,Swedish University of Agricultural Sciences,SITES data portal,2022
sites-cw4xhugmikxkhtt-sciprot8,Swedish Polar Research Secretariat,SITES data portal,2024
sites-cwt5dhncpd00c8iwgaztcmrt,Swedish Polar Research Secretariat,SITES data portal,2025
sites-cx-v-mj05r-qu1pnyzqekqt9,Uppsala University,SITES data portal,2020
sites-cx0anoroojjzlvjb1zqqe7es,Swedish University of Agricultural Sciences,SITES data portal,2022
sites-cxf5cg-mtbcd9fg2q-8pt6ht,Swedish University of Agricultural Sciences,SITES data portal,2022
sites-cyegxvjyrsz8rfm5wqxtgbrm,Uppsala University,SITES data portal,2019
sites-d16fzbgosagmv1fkpiqmrl6b,Stockholm University,SITES data portal,2025
sites-d1oxoamiywrn9zgyjb3ix4wa,Swedish University of Agricultural Sciences,SITES data portal,2024
sites-d2behjazdli0uo4psibbhc-s,Sweden Water Research,SITES data portal,2024
sites-d9-kpti8ohqpyn0tr0caeuzl,Swedish Polar Research Secretariat,SITES data portal,2025
sites-db17ny9bqilwvzeblibfyybm,Swedish University of Agricultural Sciences,SITES data portal,2022
sites-dbjcoxq-36miwevynyglwzbo,Stockholm University,SITES data portal,2025
sites-dccjpnbr17qnztohbhslrvpr,University of Gothenburg,SITES data portal,2024
sites-dcq0mpwbwlv5xqc3wya43e3q,University of Gothenburg,SITES data portal,2022
sites-dddpb679tkni9h5dbu6i-wy0,Swedish University of Agricultural Sciences,SITES data portal,2024
sites-de4ynebxqljxfvwcvj82jfkr,University of Gothenburg,SITES data portal,2022
sites-deawk17v02mxuihta4rr7fzh,Uppsala University,SITES data portal,2020
sites-denpnzkaxfmaxku14qm0mt5v,Swedish University of Agricultural Sciences,SITES data portal,2024
sites-detgxa4bu3mgz20dzabpkdiq,University of Gothenburg,SITES data portal,2025
sites-dfojpt-sbc-krnx6x3vrmtxj,Swedish Polar Research Secretariat,SITES data portal,2025
sites-dhyk4jb05ke9tc7mzt2vszix,Swedish Polar Research Secretariat,SITES data portal,2022
sites-diilecqrlbh-atpy7x5e30ki,Swedish Polar Research Secretariat,SITES data portal,2022
sites-djefxck9xz0mrepeiq7tb99a,Swedish University of Agricultural Sciences,SITES data portal,2024
sites-dkv1ad734tkrw5wba504buoc,Stockholm University,SITES data portal,2023
sites-dlkaoxxk452re3p8l62ojjlp,University of Gothenburg,SITES data portal,2022
sites-dmmfvxxudltbavmikxxafkty,Stockholm University,SITES data portal,2022
sites-dn4vuue3jjhfofa445-mze5z,Swedish University of Agricultural Sciences,SITES data portal,2025
sites-doncpphahyn5xp8tvsmcnlfr,Stockholm University,SITES data portal,2025
sites-drw-n1wmtb7zd8u6dbxb3gra,Uppsala University,SITES data portal,2020
sites-dscs-amdlkgfuk5hck-jtv-6,Swedish University of Agricultural Sciences,SITES data portal,2024
sites-dt-hg-l-vvfantzih-suenvk,University of Gothenburg,SITES data portal,2022
sites-dwkws9xkc8yquew-y83oohfn,Swedish Polar Research Secretariat,SITES data portal,2022
sites-dwvfqfllll6ljz7bzfcnzmxe,Sweden Water Research,SITES data portal,2020
sites-dwxv-9dglvccif6r1c1b2ik0,Sweden Water Research,SITES data portal,2019
sites-dxi-a-lgxl9um0vaw3d2fkgb,University of Gothenburg,SITES data portal,2022
sites-dz6gxxf-netekqevxtdahkv,Swedish Polar Research Secretariat,SITES data portal,2025
sites-e15behrp6t2l7ose-1ii4pmc,University of Gothenburg,SITES data portal,2022
sites-e1urnuk9idopo8pa8ger2mig,Uppsala University,SITES data portal,2020
sites-e3-e26wi2vdazaea2wqqtgvu,University of Gothenburg,SITES data portal,2024
sites-e3j-nwhvpsaz0lcznmd3plq6,University of Gothenburg,SITES data portal,2023
sites-e3q-b3k-gsbe58aeiiaqzxfn,Uppsala University,SITES data portal,2023
sites-e3wera-dyw4loosdpxrn9xpt,Swedish University of Agricultural Sciences,SITES data portal,2023
sites-e8p6tvn8jjbmyzlwhd4e6geh,Swedish University of Agricultural Sciences,SITES data portal,2019
sites-e8ti6xixvms3vxcmgh6z3pmb,Swedish University of Agricultural Sciences,SITES data portal,2021
sites-e8z8vctnzqepxx407lzuunn1,Swedish University of Agricultural Sciences,SITES data portal,2023
sites-eavetod1c2cdbtq0iyn0xxqx,Stockholm University,SITES data portal,2025
sites-ectgzqaeu3lih2oyy-1s04yz,University of Gothenburg,SITES data portal,2025
sites-eircckw-ah31btpxv4vxmg6n,Stockholm University,SITES data portal,2025
sites-ejag4o2gq7aa401wxcx-eelp,Swedish University of Agricultural Sciences,SITES data portal,2022
sites-eju8dmn-z-iprleq10praum-,Swedish University of Agricultural Sciences,SITES data portal,2023
sites-ekxbysmsescf-u3h79xq0yzo,Swedish Polar Research Secretariat,SITES data portal,2022
sites-ekzaouthtcd8nrdjutl0bqjh,Stockholm University,SITES data portal,2025
sites-elgtba-0whknfzdhr26ewxuf,Stockholm University,SITES data portal,2020
sites-em5qr3yesjiue73kxc4udqha,Swedish University of Agricultural Sciences,SITES data portal,2025
sites-ep1wwua-qrgekuatmle3ms8d,Swedish University of Agricultural Sciences,SITES data portal,2022
sites-eppubckctlkexsgcviq2tgyi,Stockholm University,SITES data portal,2025
sites-eq-a-lzvmucm-uuq7lruwtlx,University of Gothenburg,SITES data portal,2022
sites-eqelg4gwfeee-nioldunagvy,Swedish University of Agricultural Sciences,SITES data portal,2022
sites-esmgsf7l7fi5tfkllhmivon4,Swedish Polar Research Secretariat,SITES data portal,2022
sites-etyakn9phpqmn0erlxchgcra,Swedish University of Agricultural Sciences,SITES data portal,2025
sites-eudl8wrc-osdd0rcga8or4s0,Uppsala University,SITES data portal,2020
sites-evog3di5arubsrl1fokrn7u2,Swedish University of Agricultural Sciences,SITES data portal,2022
sites-exzegeoqbn9ofjjjrtx2fmhh,Stockholm University,SITES data portal,2021
sites-ez-kt838oancy5w4rjahdvmw,Stockholm University,SITES data portal,2020
sites-f0ym5iw5dsc7hotos5mpnsxa,Stockholm University,SITES data portal,2020
sites-f7-w1hbrecbo-16x5e8x0v8e,Swedish University of Agricultural Sciences,SITES data portal,2023
sites-f81dukgygxpg2l5cpxliqf-g,University of Gothenburg,SITES data portal,2024
sites-f8d-f6le8igdelfmtwuhofcb,University of Gothenburg,SITES data portal,2022
sites-f90gabostmixrklpqzbzsri2,Swedish University of Agricultural Sciences,SITES data portal,2021
sites-fakmeqkxhas9kwsfgixrjaeu,Swedish University of Agricultural Sciences,SITES data portal,2022
sites-fb1e3ayet3527axqhwqvhoy9,Stockholm University,SITES data portal,2021
sites-fbwtyypm-7bm0vx9gk7vloh0,University of Gothenburg,SITES data portal,2022
sites-fdmjftltfzpxbss8etodavqc,University of Gothenburg,SITES data portal,2022
sites-ffbd3l5xljqazcmgu-57rzqt,Stockholm University,SITES data portal,2021
sites-ffhr9j-5xa-bm2bxm0gz1j2e,Sweden Water Research,SITES data portal,2020
sites-fh5rhssfga-9dhk44hylg7rc,Swedish University of Agricultural Sciences,SITES data portal,2022
sites-fjclwv43vrhiorti6gmgv2za,Swedish Polar Research Secretariat,SITES data portal,2022
sites-flrk0sxlybfzucrttbeinf-o,Swedish University of Agricultural Sciences,SITES data portal,2022
sites-fowuigduhrofbcde8vjcclbh,Stockholm University,SITES data portal,2025
sites-fpicrrobrxfqsozc6soddaio,Swedish University of Agricultural Sciences,SITES data portal,2025
sites-frls8os2t1l1ur0nuvtyzuto,Swedish Polar Research Secretariat,SITES data portal,2022
sites-frm1wrmilcltmvfhheq-bhmp,Stockholm University,SITES data portal,2025
sites-ftkwptonvabwrg1g-iuyy65d,Swedish University of Agricultural Sciences,SITES data portal,2022
sites-fuy4shnrlrkldbpp4cpxr48s,Swedish Polar Research Secretariat,SITES data portal,2024
sites-fv36faxbfognm-y8cpx9mixn,University of Gothenburg,SITES data portal,2024
sites-fxaxrcpi1eim97g2utufze27,Swedish University of Agricultural Sciences,SITES data portal,2022
sites-fxhdbj1v341uqdiea6sutdhd,University of Gothenburg,SITES data portal,2022
sites-fxjpdbxxdcw-fwj9-mld3ihk,Stockholm University,SITES data portal,2025
sites-fyomazw1xsb62jc-rvqy-zwg,Swedish University of Agricultural Sciences,SITES data portal,2024
sites-fywuk7f2l--cny08xfirdfz7,Swedish University of Agricultural Sciences,SITES data portal,2025
sites-fyzaifcla7bprt7atjy71nm9,Swedish Polar Research Secretariat,SITES data portal,2020
sites-fz0j-kiflon1j4nfprvgaf-l,Swedish University of Agricultural Sciences,SITES data portal,2021
sites-fzmnhqjm2qkaojbgf71exdff,Uppsala University,SITES data portal,2024
sites-fznqdejc-igooduilgcrsxyk,Stockholm University,SITES data portal,2022
sites-g-x7r5j-vil-xqtswu-t5tx4,Swedish University of Agricultural Sciences,SITES data portal,2022
sites-g0xgcoyuyawblapsgw60-rti,Uppsala University,SITES data portal,2019
sites-g4as1jjuaocazn3ibkwhfolw,Swedish University of Agricultural Sciences,SITES data portal,2024
sites-g6mwljnpiokzguklrxgyytqd,Swedish Polar Research Secretariat,SITES data portal,2022
sites-g6zkvfnxaed8vojgomqvbabn,Swedish University of Agricultural Sciences,SITES data portal,2024
sites-g9h8uq3uv2-1s7ut0zlbfv4e,Uppsala University,SITES data portal,2020
sites-gakwpfxfkqlgjyj1tg2cpvyi,University of Gothenburg,SITES data portal,2022
sites-gdussxtyp9cjdyhifajanadv,Swedish University of Agricultural Sciences,SITES data portal,2025
sites-gfpx2n80sqcpruzevpiuv0np,University of Gothenburg,SITES data portal,2022
sites-gfubx6b-dnt2fyyqrmu-6nlk,Stockholm University,SITES data portal,2025
sites-ggo4lg76jcwphcdohsju1ro4,Uppsala University,SITES data portal,2020
sites-ggxeis8mr9dm0l-win9swhbt,University of Gothenburg,SITES data portal,2025
sites-gkco3-gesy1fsxjqnq7syvep,Sweden Water Research,SITES data portal,2024
sites-gktb7ibc4-smlwnwapsvjysu,Swedish University of Agricultural Sciences,SITES data portal,2025
sites-gkwjpmmvvcnxfgcwgb7bnmba,Swedish Polar Research Secretariat,SITES data portal,2024
sites-glcmykimx61x05s3rmg4o1qv,Stockholm University,SITES data portal,2022
sites-glmnn9cyscsoezzssihxsclv,University of Gothenburg,SITES data portal,2025
sites-gn4dr8fnyu8s7onf3s1wr3yi,Stockholm University,SITES data portal,2025
sites-gnyflaz6tkag0pzhbutadm7o,Stockholm University,SITES data portal,2025
sites-gozsc83jwoujtpybq96e5haa,Swedish University of Agricultural Sciences,SITES data portal,2021
sites-gpes4pcrxevdgzsrds0g30qd,Swedish University of Agricultural Sciences,SITES data portal,2025
sites-gpfjzah9qzm3hlndfpoiemtx,Swedish University of Agricultural Sciences,SITES data portal,2022
sites-gryy8---h8n9cfj5ysawxj3o,University of Gothenburg,SITES data portal,2022
sites-gustdb-lgtgag85-d-rp-9nx,University of Gothenburg,SITES data portal,2022
sites-gvvxrql-a55i0dr5xyfmztgy,Swedish Polar Research Secretariat,SITES data portal,2024
sites-gx3nntqtwysndciefqmbwejg,Swedish University of Agricultural Sciences,SITES data portal,2025
sites-gxp8kxa6eda-9dvx5spbpvdn,University of Gothenburg,SITES data portal,2022
sites-h5eztop1nygyzpzvif6j-nht,University of Gothenburg,SITES data portal,2020
sites-h5vqm-veeyvx24s8u8pjzlpv,Swedish University of Agricultural Sciences,SITES data portal,2025
sites-h76keblhmlgijlq9q0pniei3,Swedish University of Agricultural Sciences,SITES data portal,2022
sites-ha-vo4uu9ueirxek8pxknt1q,Stockholm University,SITES data portal,2025
sites-hcicgcmfkz3pqydi4ist1dgc,Swedish University of Agricultural Sciences,SITES data portal,2024
sites-hd4bfudpavkwm5qatcliy6gf,Swedish University of Agricultural Sciences,SITES data portal,2024
sites-heml4qbtp8uanc4qbicsegbq,Sweden Water Research,SITES data portal,2024
sites-hhfxrqpiglit-9lf0wckpux5,Swedish University of Agricultural Sciences,SITES data portal,2023
sites-hhub2xhrv9ssk1sk9-diswvq,Swedish University of Agricultural Sciences,SITES data portal,2024
sites-hkeg1m2yqptk-gxj6wgirjr-,Swedish Polar Research Secretariat,SITES data portal,2022
sites-hkh-cipauwktliztzteocu-b,Swedish University of Agricultural Sciences,SITES data portal,2025
sites-hltfgssnh6jyvrjlldkqjhc3,Sweden Water Research,SITES data portal,2023
sites-hncyqvar2vudadujgsjvdec0,Stockholm University,SITES data portal,2020
sites-hodigrjfc1xgfk0-cdweijow,University of Gothenburg,SITES data portal,2022
sites-hpur7svslj1td9ndef1p9ksq,Swedish University of Agricultural Sciences,SITES data portal,2025
sites-hrz6wv7ff7qjkwuus-q7euky,Stockholm University,SITES data portal,2025
sites-htrrpic4taszkri4f1hkhkdy,Uppsala University,SITES data portal,2025
sites-hwlcjdba8dz2vuoqzrtahqir,Uppsala University,SITES data portal,2020
sites-hwulmbcnhtrvlazeijdsvb0u,Swedish Polar Research Secretariat,SITES data portal,2025
sites-hwwhu3fpmj71ele0jka6xnob,Swedish University of Agricultural Sciences,SITES data portal,2024
sites-hxjafwymqn34n6uusurffgz5,Sweden Water Research,SITES data portal,2025
sites-hzkimi5bdxsftx2hpzc8qtjc,Swedish Polar Research Secretariat,SITES data portal,2020
sites-i-nzvptug0de70myhz2gkvpz,Swedish Polar Research Secretariat,SITES data portal,2025
sites-i3lgsejxx3ewj51-np-teo7s,Swedish University of Agricultural Sciences,SITES data portal,2025
sites-i6k-ojhhos5qmf5n-t2d3dqj,Sweden Water Research,SITES data portal,2025
sites-i89z6n9t1js7ra7jeeqsnvsv,Swedish University of Agricultural Sciences,SITES data portal,2022
sites-i9j6hz49zq9xga1-n-9bnses,Swedish University of Agricultural Sciences,SITES data portal,2021
sites-ib3ki9gpllbuwp-tk6rbwiej,Stockholm University,SITES data portal,2021
sites-ibx7gam6hqvpwuanzlzbyobp,Uppsala University,SITES data portal,2020
sites-ieqyyyfsvwlomcucfvbd5ght,Swedish University of Agricultural Sciences,SITES data portal,2021
sites-ierbutvan12v9g4ezq3hl-ec,Swedish Polar Research Secretariat,SITES data portal,2025
sites-ierzvonhfrc9kjlkozn7uzpe,Swedish Polar Research Secretariat,SITES data portal,2025
sites-igpfyvtwtqzca7iqpyeqb9kp,University of Gothenburg,SITES data portal,2019
sites-igwnckt-9kjyzkvaugksrudq,Swedish University of Agricultural Sciences,SITES data portal,2022
sites-ihhs6dba5xfhrcoqtezhrfpc,Sweden Water Research,SITES data portal,2024
sites-ihsmt3slan6ahim-do5tv1h6,University of Gothenburg,SITES data portal,2022
sites-iiegmbnsvdzxjtmvjgf9xm1k,University of Gothenburg,SITES data portal,2024
sites-iih4q6-zctysnzroface4kmq,Stockholm University,SITES data portal,2021
sites-im4yfdohzafkcxnjognx7der,Uppsala University,SITES data portal,2020
sites-imaro0kwhmqc5ncwxvp-adhm,Swedish University of Agricultural Sciences,SITES data portal,2022
sites-imxtx4q8hbspwbp-grvfvil-,Uppsala University,SITES data portal,2022
sites-ip7o4nanrd6bgft-864jsqvu,Swedish University of Agricultural Sciences,SITES data portal,2021
sites-iqak9cd0g12xz-maqsrfsafd,University of Gothenburg,SITES data portal,2024
sites-irdrex1jgvg6jo7huszpqr-f,Stockholm University,SITES data portal,2025
sites-is-aiugn6ieawi-ebgebtijh,Swedish University of Agricultural Sciences,SITES data portal,2024
sites-isj5-6kkeyss1gtswenj2cdm,Stockholm University,SITES data portal,2023
sites-isqjzrdef-fn9vjzsax6tmxs,Stockholm University,SITES data portal,2025
sites-it-hvhfnle4puxylwd7che5t,Swedish University of Agricultural Sciences,SITES data portal,2019
sites-iugopxtjes80hffzlgo1wzhf,Swedish University of Agricultural Sciences,SITES data portal,2025
sites-iuvzlbbtyjz6osrcn8-dd9qc,Swedish University of Agricultural Sciences,SITES data portal,2021
sites-iwh9t3fnqru75um3vlsq76rk,Uppsala University,SITES data portal,2022
sites-ixc5n2bbsenbphlhw1-tkjel,Uppsala University,SITES data portal,2024
sites-ixsmylmasekwilh4ojgi9-an,Swedish University of Agricultural Sciences,SITES data portal,2023
sites-iynhhvtacimwz1admxq-xmdp,Sweden Water Research,SITES data portal,2019
sites-j-3i61yarglzzvf2otvnqpo1,Swedish University of Agricultural Sciences,SITES data portal,2021
sites-j-4hffb9-rj7oj2foin8ptsq,Stockholm University,SITES data portal,2025
sites-j-xhmjfizx4p9dfhue3wayb1,Swedish University of Agricultural Sciences,SITES data portal,2024
sites-j0bfl2ziki1yolaehudryt26,Swedish University of Agricultural Sciences,SITES data portal,2024
sites-j1jiiuwcjewjsg56te3eroim,University of Gothenburg,SITES data portal,2022
sites-j34bzsi5r9smr-uhesj-nzxf,Uppsala University,SITES data portal,2019
sites-j7aygyb6diycygyusdvzlcoj,Swedish University of Agricultural Sciences,SITES data portal,2019
sites-jboqx-ffmmee70wr22kaj6wi,Stockholm University,SITES data portal,2025
sites-jczu-4z1rjrsblzau9e1exls,Swedish University of Agricultural Sciences,SITES data portal,2025
sites-jdkvyftsnyojj1eijb4npuud,University of Gothenburg,SITES data portal,2022
sites-jex-np4hxlt88c0x3xt4-xow,Swedish University of Agricultural Sciences,SITES data portal,2023
sites-jglm0gznfggk-r1-xhjmvrdp,Swedish Polar Research Secretariat,SITES data portal,2022
sites-jh-1jn64x-ppvatwnrozdpvq,Sweden Water Research,SITES data portal,2024
sites-jirouvlmv0rl4vxtsfdnfe-z,Uppsala University,SITES data portal,2020
sites-jj0ige2trdfdgmodom-errbw,Stockholm University,SITES data portal,2025
sites-jjflkyxa3m8ttghd9nf1fog0,Swedish University of Agricultural Sciences,SITES data portal,2024
sites-jkyed2a7-vzoboue5hiib-xl,Swedish University of Agricultural Sciences,SITES data portal,2022
sites-jmqqrgmdgvhcykzdmntpgxqa,Swedish University of Agricultural Sciences,SITES data portal,2022
sites-jn2za8hs7ixsjag-i9forqyu,Swedish University of Agricultural Sciences,SITES data portal,2025
sites-jngwfq5ro9t0zeahz1fgy1ci,Swedish University of Agricultural Sciences,SITES data portal,2022
sites-jp5z6ihzqugclloi-bsearnf,Stockholm University,SITES data portal,2022
sites-jq8kkkwtc5lpxfqm-vdrlmrw,Swedish University of Agricultural Sciences,SITES data portal,2024
sites-jqizuonovvmfknknoekc5e-e,Swedish University of Agricultural Sciences,SITES data portal,2025
sites-jqnnn2m6ipheswnzb26e6j-s,Swedish University of Agricultural Sciences,SITES data portal,2025
sites-jqqr1b6cpx1ufi3czvwjjneu,Stockholm University,SITES data portal,2025
sites-jrhmj7yeoic1q0wtxl7gzen3,Swedish University of Agricultural Sciences,SITES data portal,2025
sites-jrqgc5lkly4x9yv7ct-o1pzo,Swedish University of Agricultural Sciences,SITES data portal,2022
sites-js-2nsjfbq0yvkykfw-hs5jw,Uppsala University,SITES data portal,2020
sites-jsesexw4nzv-y6m7gukddzjp,University of Gothenburg,SITES data portal,2025
sites-jtidvmf9q1dg6lnron9kuc6n,Swedish University of Agricultural Sciences,SITES data portal,2023
sites-juqowzajquvf77y7rethjech,University of Gothenburg,SITES data portal,2022
sites-jvcfxoeltdodbpj9f1kbcpq7,Uppsala University,SITES data portal,2022
sites-jvyjugtlowu5cfkqnxiztajw,Swedish University of Agricultural Sciences,SITES data portal,2022
sites-jw9pirxtdhgnjnjalw2gx54g,Uppsala University,SITES data portal,2023
sites-k064ik3iow6bikskhofm8dil,Stockholm University,SITES data portal,2025
sites-k0c96zsobbzlbxlcmula-zg-,Swedish University of Agricultural Sciences,SITES data portal,2023
sites-k3l6ztb5iaprtilozvpae8--,Swedish University of Agricultural Sciences,SITES data portal,2021
sites-k4qynoaon5evx36mnacm9kfz,Swedish University of Agricultural Sciences,SITES data portal,2022
sites-k5-3agjjmcsonwypddrnmas2,Swedish University of Agricultural Sciences,SITES data portal,2023
sites-k5jz2-3-n-6ilj0nmgbunjyu,Swedish University of Agricultural Sciences,SITES data portal,2025
sites-k76bft1pvrr7kfx1mo4u3gwl,University of Gothenburg,SITES data portal,2022
sites-k8arp5awtexxuhg-zu2v6cv2,Swedish University of Agricultural Sciences,SITES data portal,2022
sites-ka20qomucsf3m3ipnj-u6d2,Swedish University of Agricultural Sciences,SITES data portal,2022
sites-kb0beoo1fzf8ahmjc4qlbjbz,Swedish University of Agricultural Sciences,SITES data portal,2025
sites-kdt0wy19u-t2-eurtyhq5ylr,Swedish University of Agricultural Sciences,SITES data portal,2022
sites-kdv2xljecpmtivprenbs-isn,Uppsala University,SITES data portal,2024
sites-kegmouxxc00f78kzjxf7g3k4,Swedish University of Agricultural Sciences,SITES data portal,2022
sites-kev8hdvdsqtrjuucra7jjb2q,Uppsala University,SITES data portal,2020
sites-kga6bymr3n6cois5-yphc1uc,Swedish Polar Research Secretariat,SITES data portal,2022
sites-ki-zhxomwh8arxnunehzvqvu,Swedish University of Agricultural Sciences,SITES data portal,2022
sites-kkevvteufmtfsdkb-fvcgvec,Stockholm University,SITES data portal,2022
sites-kkfxtibyt0q3tczakpfouiic,Swedish University of Agricultural Sciences,SITES data portal,2023
sites-kkpfx6uccv0m093rb8bkqrdb,Stockholm University,SITES data portal,2025
sites-kl06flds-yuzlbvq2gmvktng,Stockholm University,SITES data portal,2021
sites-klmnumhjdsj0vavejma3oupc,Swedish Polar Research Secretariat,SITES data portal,2022
sites-kpdkfjvsywyfmjavu1xurqrx,Swedish University of Agricultural Sciences,SITES data portal,2025
sites-kq6e7t69zykjejmcanjqvohp,Uppsala University,SITES data portal,2024
sites-kqkdp9byolrspistvdvqrgtn,Stockholm University,SITES data portal,2025
sites-krhr5ucastfyvfss88pzfwtx,University of Gothenburg,SITES data portal,2022
sites-krqeccrpawhmto71gnrbhin3,Stockholm University,SITES data portal,2020
sites-ksflczjdffak9epf2ifnyugq,Stockholm University,SITES data portal,2023
sites-ksofs0fz3eldwd-6sfjdj3as,Swedish University of Agricultural Sciences,SITES data portal,2022
sites-ky2yre81gsh-ejsabsurfd3k,University of Gothenburg,SITES data portal,2022
sites-l1buhtasrogzededlflqo-1,Stockholm University,SITES data portal,2022
sites-l1dd2-dcawspu-ehxtceyhs7,Stockholm University,SITES data portal,2025
sites-l1qnqi-hdlm7z2cy7zmoefuk,University of Gothenburg,SITES data portal,2022
sites-l8rjccdhlwwdn1vq-mphvsfw,Swedish University of Agricultural Sciences,SITES data portal,2025
sites-lb-6yjdkpqo5h9klyemjiqmi,Swedish University of Agricultural Sciences,SITES data portal,2023
sites-lczy1ppgrxickd62i3qshbdq,Swedish University of Agricultural Sciences,SITES data portal,2025
sites-ldve--uwigzpzui-uyttn5am,Swedish University of Agricultural Sciences,SITES data portal,2021
sites-leodht0mdvybtuyewmkye1vf,Sweden Water Research,SITES data portal,2019
sites-lfpal8gttbjaxzvfr6mup1m3,Stockholm University,SITES data portal,2025
sites-lirnk6aszsd-5eqwymionlqv,Swedish University of Agricultural Sciences,SITES data portal,2022
sites-ljagfcn9usitu3hx1e-wzg1d,Swedish University of Agricultural Sciences,SITES data portal,2025
sites-ljskqiwgohbj5kcoc4znzm7z,Swedish University of Agricultural Sciences,SITES data portal,2022
sites-lktpkijzbq3lzjqz-x0-7cii,University of Gothenburg,SITES data portal,2022
sites-lkvjt8xhudwidzgrghnuamka,Swedish University of Agricultural Sciences,SITES data portal,2022
sites-lmgctgi7tneveeqay-ph3lue,University of Gothenburg,SITES data portal,2022
sites-lnaabhw4jnj1rx2bg6izybj6,Swedish Polar Research Secretariat,SITES data portal,2025
sites-lo7jhl00ojok3jv2girqvuf1,Swedish Polar Research Secretariat,SITES data portal,2024
sites-lqsuzgzfl30--jufdm1k6uow,Swedish University of Agricultural Sciences,SITES data portal,2025
sites-lrlwvbqoaa5ymees-bpdzz7w,Swedish University of Agricultural Sciences,SITES data portal,2024
sites-ltbamansh2spapy4vzgev0sd,Swedish University of Agricultural Sciences,SITES data portal,2025
sites-lysqtmhpn7pzyjmnu03r8zar,University of Gothenburg,SITES data portal,2022
sites-m0d6a9okwupavgjrcjaulgb6,University of Gothenburg,SITES data portal,2022
sites-m4i1odguqq9impme-dw55i6d,Swedish University of Agricultural Sciences,SITES data portal,2022
sites-m7hq75ndmctsbdcrgngzchbc,Swedish Polar Research Secretariat,SITES data portal,2023
sites-m7iakeyb81msvne8ouohx6q4,University of Gothenburg,SITES data portal,2022
sites-m8jn1emdarvuktnxqhnmcp64,University of Gothenburg,SITES data portal,2019
sites-m94y8jz2nkkwk56kbmlihf02,Swedish University of Agricultural Sciences,SITES data portal,2022
sites-m9duqghkhpqo4tmz7neau0wv,Swedish University of Agricultural Sciences,SITES data portal,2025
sites-mak922dr0izqjnbdgtu7b8dd,University of Gothenburg,SITES data portal,2022
sites-mb01qsj7srkjziqsfzaujgvs,Swedish Polar Research Secretariat,SITES data portal,2025
sites-mbvcktipa0zcu9w-kfwaxoo-,Stockholm University,SITES data portal,2025
sites-mdaelfbn5jgi03ege6sinklo,Stockholm University,SITES data portal,2021
sites-mdfpalvqcxblidn0keewq2ak,Swedish University of Agricultural Sciences,SITES data portal,2022
sites-mfenbvwskjuypbpgkaiax1bb,Swedish Polar Research Secretariat,SITES data portal,2024
sites-mfqmmk4gwxi3-tkhmhnenxjo,Swedish University of Agricultural Sciences,SITES data portal,2023
sites-mi66rnsi3u1dgsnd-rjwq9mh,Swedish University of Agricultural Sciences,SITES data portal,2024
sites-mj1xo71wblg3scr0ivc7hffr,Swedish Polar Research Secretariat,SITES data portal,2025
sites-mnsnginyo9qqq3hfhnyqyhzg,Swedish University of Agricultural Sciences,SITES data portal,2024
sites-mqcdpe7fcsa1oqwhikrhcgr9,Stockholm University,SITES data portal,2023
sites-mrqdh3tun4eg4e9ysxetrj-g,University of Gothenburg,SITES data portal,2020
sites-mrs0ovhs9thcimqjwyojuh7h,Swedish Polar Research Secretariat,SITES data portal,2025
sites-msyiyocvdmobxf3y--jt3-2o,Swedish University of Agricultural Sciences,SITES data portal,2020
sites-mtfjj6wa2fhd-eug633bejfz,Stockholm University,SITES data portal,2025
sites-mubug-qniscbl-kqn92dixxg,Uppsala University,SITES data portal,2020
sites-muchtxpsi9auojz6wzudjlaq,Swedish University of Agricultural Sciences,SITES data portal,2022
sites-mwdvf9jhbquywc2dhxnd5iiq,Uppsala University,SITES data portal,2024
sites-myep-g-x3rcxjpuku-kyhs6h,Swedish University of Agricultural Sciences,SITES data portal,2024
sites-myfqopddbj-cyudt-6yt2g7y,Swedish University of Agricultural Sciences,SITES data portal,2025
sites-myie6rexhhykorzabtercw7-,Swedish University of Agricultural Sciences,SITES data portal,2021
sites-n3jmvk3ifnnzzpasbkb4l6vt,University of Gothenburg,SITES data portal,2022
sites-n8rlvt7fcvjioml57u2faoyn,Swedish University of Agricultural Sciences,SITES data portal,2022
sites-n9f64ihbq1uqebdsa3vsejib,Stockholm University,SITES data portal,2022
sites-na8l21a6-9bo7wr3kfnpd6ob,Swedish Polar Research Secretariat,SITES data portal,2020
sites-nbnbj33f-k47ndmcc-0lw9wp,Swedish University of Agricultural Sciences,SITES data portal,2024
sites-nbuxkviy8j1gyv2k0jaar6qs,Swedish University of Agricultural Sciences,SITES data portal,2025
sites-ncemcjpvcluop4xextst7rff,Swedish University of Agricultural Sciences,SITES data portal,2024
sites-ncoi4qipdoksfxtmgmbaoqwv,Swedish University of Agricultural Sciences,SITES data portal,2022
sites-nd-esqjku3tdi9ghvc7i-msh,Swedish University of Agricultural Sciences,SITES data portal,2025
sites-ndfh-oxnm8b4uzycjyyd9zn-,Swedish University of Agricultural Sciences,SITES data portal,2023
sites-ndr5jkzm7fsfvorhduy7zxzm,Swedish University of Agricultural Sciences,SITES data portal,2022
sites-nee-0uk7ro948y8aopofprqh,Swedish University of Agricultural Sciences,SITES data portal,2024
sites-nhs-xekyxuic8p-fnjivweba,Swedish University of Agricultural Sciences,SITES data portal,2024
sites-nj1rzgs62ffh5d0xpxev-mf1,Stockholm University,SITES data portal,2021
sites-nmcj4in9h1vl-yyukhk3dlij,Swedish University of Agricultural Sciences,SITES data portal,2025
sites-nmjf5h-ycwy8bbz048nbwp5s,Uppsala University,SITES data portal,2020
sites-nmug6dxrcqmztag5ihfepukc,Uppsala University,SITES data portal,2024
sites-nq2-p1nd5mcbhvaxqvcqovws,Swedish University of Agricultural Sciences,SITES data portal,2025
sites-nt1iegbizpqkxtset78fm8rc,Swedish University of Agricultural Sciences,SITES data portal,2022
sites-nuwbh8hk9-pqasxqrwbmwmwb,Swedish University of Agricultural Sciences,SITES data portal,2023
sites-nvelomh8r0jqol6-cmeduohf,Stockholm University,SITES data portal,2020
sites-nwzjauhrwydyfjhhuljgvnyx,Swedish University of Agricultural Sciences,SITES data portal,2022
sites-nxyl4wx8-yfdt9fsadihqh25,Swedish University of Agricultural Sciences,SITES data portal,2022
sites-o-uvftverwn2gay3mgeqs8-d,University of Gothenburg,SITES data portal,2022
sites-o103sjzkcb4eb-4dmumj-9ly,University of Gothenburg,SITES data portal,2025
sites-o25q-busufzgbkyp4ysbg9nf,Swedish University of Agricultural Sciences,SITES data portal,2024
sites-o32wlozsbizxm3vzfmtrx3zd,University of Gothenburg,SITES data portal,2022
sites-o4ravg16aw04vxciwuq5cejz,University of Gothenburg,SITES data portal,2022
sites-o8-uz-jbi7ko-w2ldkqntfvw,Swedish University of Agricultural Sciences,SITES data portal,2022
sites-o8dmlhrmikutq-jt0dctz2bw,Stockholm University,SITES data portal,2022
sites-o8lw7zbmhj-qahxi-l60piqq,Swedish University of Agricultural Sciences,SITES data portal,2024
sites-o9natafbaj59a-pokqiaodac,University of Gothenburg,SITES data portal,2025
sites-odssak4faj9t3zrsjwfowz3z,University of Gothenburg,SITES data portal,2024
sites-oe11igp0lsiipdbqaeppz-os,Swedish University of Agricultural Sciences,SITES data portal,2025
sites-ol7g8xud95cnwm5zfeuouwnh,Swedish Polar Research Secretariat,SITES data portal,2025
sites-onpa1vqc8j0ysmyxntnsbeen,Swedish Polar Research Secretariat,SITES data portal,2025
sites-onspsuwvk1u4vtgoansowsac,Uppsala University,SITES data portal,2024
sites-oo-xjetuzi3czxi0hgvyf07d,Swedish University of Agricultural Sciences,SITES data portal,2022
sites-oqounpxrxa8u8o7kaxwibrbl,Uppsala University,SITES data portal,2025
sites-oqtuvccxlodlba9m8ntsqil9,Swedish Polar Research Secretariat,SITES data portal,2022
sites-orlzqapj71ad6hfp1tyihv0s,Swedish University of Agricultural Sciences,SITES data portal,2022
sites-os4jgewp6oqps8ql9uwkxljj,Swedish University of Agricultural Sciences,SITES data portal,2025
sites-osbjfpqivpvscidg-4-zy9oy,University of Gothenburg,SITES data portal,2022
sites-ot4js86yq47vwmzu-4coctwb,Uppsala University,SITES data portal,2020
sites-oti0lto5zopavq3sagr0-opj,Uppsala University,SITES data portal,2020
sites-otrdjd3eacr524ophmnjt-fp,University of Gothenburg,SITES data portal,2022
sites-ou3aljey5hoepl4u2c7-eyse,University of Gothenburg,SITES data portal,2025
sites-ouog-q4tjz8yxiqlcemro3oy,Uppsala University,SITES data portal,2020
sites-ov8l9gfmjjtskpkejit7btsc,University of Gothenburg,SITES data portal,2022
sites-owc0eqehda7q3nfruu8-9zd8,Swedish University of Agricultural Sciences,SITES data portal,2023
sites-p-veqerdh7pzx-kym-atjj5a,Swedish University of Agricultural Sciences,SITES data portal,2025
sites-p4-x7jvwiiu82xh4udwycqbn,Stockholm University,SITES data portal,2025
sites-p7dqyn9mv0qvb7wgineskeli,Sweden Water Research,SITES data portal,2025
sites-padgrzevbfb8-evqv6e0xd4j,Swedish University of Agricultural Sciences,SITES data portal,2025
sites-pbtaxpft-rsmnitsc2telm1z,Swedish University of Agricultural Sciences,SITES data portal,2022
sites-pcktfwoohb-3daivpiixwoiu,Swedish University of Agricultural Sciences,SITES data portal,2022
sites-pcnuacqa3xqnfvl38dqol5-b,University of Gothenburg,SITES data portal,2019
sites-pdrz9kgcdnpzgy6ecfjxpuuy,Swedish University of Agricultural Sciences,SITES data portal,2019
sites-pdyzyqfuxuw1e9gpdhlzj-xe,Swedish Polar Research Secretariat,SITES data portal,2021
sites-pf-injp6fwku0bzi6jiqxeje,Swedish University of Agricultural Sciences,SITES data portal,2024
sites-pf8-u-nf3rvlrd5gpopaeal6,Swedish University of Agricultural Sciences,SITES data portal,2024
sites-pffpfw9ox-7txumyvrj9eqd6,Stockholm University,SITES data portal,2025
sites-pftudbs90g9o60w0z7ux6fkz,Stockholm University,SITES data portal,2025
sites-pg3jj6fnrx9dj46-hcmegk-4,Swedish Polar Research Secretariat,SITES data portal,2022
sites-phgvb3qk903rn6n3xs9ao-va,Swedish University of Agricultural Sciences,SITES data portal,2025
sites-pi3hj2pm9ekyhpgar66-zxis,Uppsala University,SITES data portal,2022
sites-pk15cb5g-zq9xqazam5-iuuc,Uppsala University,SITES data portal,2020
sites-pl1yhzyewu0shtrtimfp0wah,Swedish University of Agricultural Sciences,SITES data portal,2023
sites-pmg7jhy3vyeeopln-5yhf4mu,Swedish University of Agricultural Sciences,SITES data portal,2024
sites-pncmdjgcazphb3jsed0ebrtz,Uppsala University,SITES data portal,2025
sites-pnglwxsw7aawiqxnzgjsxwc9,Sweden Water Research,SITES data portal,2025
sites-po4yzohuhe5gi8wq8n-e--5p,University of Gothenburg,SITES data portal,2025
sites-pquigq71o1huoxff-vssvrax,University of Gothenburg,SITES data portal,2020
sites-prln9n6tbfitsfmgmzgqxsst,Swedish University of Agricultural Sciences,SITES data portal,2025
sites-psu6wekucq5u6jau55oy4hxy,Stockholm University,SITES data portal,2025
sites-ptxcnab03oeriopfoswgb1z0,University of Gothenburg,SITES data portal,2025
sites-pu2tskr-dm2kvevs-ucuv3-g,Swedish University of Agricultural Sciences,SITES data portal,2022
sites-pu7qk3ngqdjlr7-xkufg9spe,University of Gothenburg,SITES data portal,2025
sites-pv0vaolghipqpwlusg22429m,Swedish University of Agricultural Sciences,SITES data portal,2019
sites-pwsqjqoznfofkemzu5wgwa4o,Swedish University of Agricultural Sciences,SITES data portal,2025
sites-pza-hgz8jqddhgbn-ptexie4,Swedish Polar Research Secretariat,SITES data portal,2022
sites-q0viccmtfwwuuxtff2fvd3bm,Stockholm University,SITES data portal,2025
sites-q13iodebfqugbnkbxgcegunl,Swedish University of Agricultural Sciences,SITES data portal,2022
sites-q1gwv-bhbtsjgm03wu1rtgwx,Swedish Polar Research Secretariat,SITES data portal,2025
sites-q1nnfrw8eb8gwhva40kez84b,Swedish University of Agricultural Sciences,SITES data portal,2024
sites-q2oud2-0b8sj-go45kgg9pnv,Swedish University of Agricultural Sciences,SITES data portal,2023
sites-q3bcqvg0smph7vkuuwonorus,University of Gothenburg,SITES data portal,2022
sites-q53rapwnsu3k5--eyo4p9qub,University of Gothenburg,SITES data portal,2022
sites-q90zxfpizso2lqswl0qx83z2,Swedish University of Agricultural Sciences,SITES data portal,2021
sites-qaphc9ujheufwk4tizddrmdw,Swedish University of Agricultural Sciences,SITES data portal,2023
sites-qbfh-ug4msgp2t-jxcjmreoz,Swedish University of Agricultural Sciences,SITES data portal,2025
sites-qcgbar0r4dxpgwzoovlfsn1b,Swedish University of Agricultural Sciences,SITES data portal,2024
sites-qdbohasmjrmn--zbfxul17da,University of Gothenburg,SITES data portal,2022
sites-qdsxgjhjkc8xpzzem7lrv1qk,Swedish University of Agricultural Sciences,SITES data portal,2023
sites-qggycyhpvr7vinx1vyyrpzt3,Swedish University of Agricultural Sciences,SITES data portal,2025
sites-qgzt7vi2u4l2ys4whci1s32m,University of Gothenburg,SITES data portal,2022
sites-qi9malhowrtlrgrfxsxljlu2,Swedish Polar Research Secretariat,SITES data portal,2022
sites-qin-uh06tjaofilpj5ymgr73,University of Gothenburg,SITES data portal,2022
sites-qj6scxo-m4fxircpadcx729u,Swedish Polar Research Secretariat,SITES data portal,2023
sites-qj8dm5f00lscmzhwhp9f0dh5,Swedish Polar Research Secretariat,SITES data portal,2021
sites-qjbdxee1hj-7bl13pokms5yq,Stockholm University,SITES data portal,2022
sites-qjvjqkjt68ckf5nktjdjkub3,Swedish Polar Research Secretariat,SITES data portal,2022
sites-qkgmgzt-f27m6fglf7f4syhh,Stockholm University,SITES data portal,2025
sites-qlgbxsqch6uyruyt6tsf37-0,University of Gothenburg,SITES data portal,2022
sites-qn1xtczxdrn0scrohtf5rvfs,Swedish University of Agricultural Sciences,SITES data portal,2025
sites-qo-ii85ounh5iznxbtp3mqtx,Swedish University of Agricultural Sciences,SITES data portal,2025
sites-qoajnnstjqaezvpopzfrhc1o,Swedish University of Agricultural Sciences,SITES data portal,2024
sites-qq6lgjqbmfutjum1942p9aww,Swedish University of Agricultural Sciences,SITES data portal,2022
sites-qrtw6wb-n5bbgtbxupwjldqt,Stockholm University,SITES data portal,2025
sites-qthu8b5arn13kzcei0pgjvof,Swedish University of Agricultural Sciences,SITES data portal,2021
sites-qtqsqr6-z4iaphh4wxvqjyyl,Swedish University of Agricultural Sciences,SITES data portal,2023
sites-qvlqjafpdn2xc-c10qe-i15c,Swedish University of Agricultural Sciences,SITES data portal,2025
sites-qvp6ag61f-ewm3i0vn5qlwu7,Uppsala University,SITES data portal,2020
sites-qwvrzwrh7kdqzhqpqref62wb,Swedish University of Agricultural Sciences,SITES data portal,2022
sites-qyvgg7f-739-w71vr-fw-9il,Uppsala University,SITES data portal,2020
sites-r3gd4ymar5lbxqbtn833px9k,Swedish University of Agricultural Sciences,SITES data portal,2021
sites-r46mnd20v4rwukaznstfzriz,Swedish University of Agricultural Sciences,SITES data portal,2025
sites-r6lbpla47iuwvhdxtuj2v2v5,Swedish University of Agricultural Sciences,SITES data portal,2025
sites-r8fhs3mvw-jypk6mlvu0osex,Swedish University of Agricultural Sciences,SITES data portal,2025
sites-r9itp-sfr7yn-pbedsjaazog,Swedish Polar Research Secretariat,SITES data portal,2024
sites-razpa6wdntgd7fncu1wlwa0l,Swedish Polar Research Secretariat,SITES data portal,2025
sites-rbm-x9jdwcea1vst0gq6csi5,University of Gothenburg,SITES data portal,2022
sites-rbrfekawd-d8d-ot8-6xytst,Uppsala University,SITES data portal,2025
sites-rctjvtnkwxizxg39evbwcdlr,University of Gothenburg,SITES data portal,2025
sites-rdavjltd58myscohjankakg0,Stockholm University,SITES data portal,2025
sites-rf42tlo548byoaqn2luokce4,Swedish University of Agricultural Sciences,SITES data portal,2025
sites-rfakq6zonc5mx-uqe2z8oslz,Uppsala University,SITES data portal,2024
sites-rilakvcfwjte1801c7sl0ynm,Swedish University of Agricultural Sciences,SITES data portal,2023
sites-ritt1tw7qi9ljoppqiifwsfg,Stockholm University,SITES data portal,2025
sites-rjtsioc1wfpvdst-puevtxxh,Swedish Polar Research Secretariat,SITES data portal,2022
sites-rlma2tqwdsmqfvrvwtldmgy0,Swedish University of Agricultural Sciences,SITES data portal,2023
sites-rlmhkp9vkqqm4ylzstekjdr5,University of Gothenburg,SITES data portal,2023
sites-rmrvmrzew3itdn-ss8dyxfza,Swedish Polar Research Secretariat,SITES data portal,2022
sites-rmvtnnzro-v23cnwbbnfyedi,University of Gothenburg,SITES data portal,2024
sites-robm7auk9-tz8poja4csuf5v,Stockholm University,SITES data portal,2025
sites-rokbtgpztli3i8u929lrdapn,Swedish Polar Research Secretariat,SITES data portal,2021
sites-roruajazz1qvoi-zr235g7mt,Swedish University of Agricultural Sciences,SITES data portal,2023
sites-rp0fxqmtf3wdp954ybcehub9,Swedish University of Agricultural Sciences,SITES data portal,2025
sites-rpfnvr4qobtvk7-m0ie1q67a,Uppsala University,SITES data portal,2023
sites-rrm9c842fowvfcw7gklrtavq,Swedish University of Agricultural Sciences,SITES data portal,2025
sites-rs6ehfg8im-7ra2vwaeqru9d,Swedish University of Agricultural Sciences,SITES data portal,2023
sites-rthtspxucnanc3vzzcfajkxi,Stockholm University,SITES data portal,2023
sites-rthv-ozf1uot0wemxczvnr4p,University of Gothenburg,SITES data portal,2022
sites-ru9wjsljnr7smymglqhhfdhe,Stockholm University,SITES data portal,2025
sites-ruovzl3bflxrh3dfdwm31w8a,University of Gothenburg,SITES data portal,2022
sites-ruxfnr2oiwhpdxkl5eiloswk,Swedish University of Agricultural Sciences,SITES data portal,2025
sites-rxag8xegn4ggny0jkefq-nbq,Stockholm University,SITES data portal,2025
sites-rxf5jiospo1mv-pjhwzkqtc,Stockholm University,SITES data portal,2020
sites-s-cjcwulrjra2tfh-7dupfum,Swedish University of Agricultural Sciences,SITES data portal,2022
sites-s-exu2062xddjmkgmas1klgy,Swedish Polar Research Secretariat,SITES data portal,2025
sites-s2pkgta-9bycuzgcktovkdov,Swedish University of Agricultural Sciences,SITES data portal,2023
sites-s9ua4u5kaujrtaa9wm5az5md,Uppsala University,SITES data portal,2023
sites-sc-66ztxchejudq92pih9vee,Swedish University of Agricultural Sciences,SITES data portal,2024
sites-siaaygtmdtfpz9aq0bxnrmde,Swedish University of Agricultural Sciences,SITES data portal,2023
sites-skmiv1izvkw5jkw-pfoxoydp,University of Gothenburg,SITES data portal,2022
sites-slxdqo-0ewpa64bxa6zw3vwg,Stockholm University,SITES data portal,2025
sites-snx0oyk9thmh9o-nsvvt0xt2,Uppsala University,SITES data portal,2024
sites-sova1cvtwdlyngj3mnfcshxx,Swedish University of Agricultural Sciences,SITES data portal,2024
sites-spwycvbggflbthbr-peesvgb,Swedish Polar Research Secretariat,SITES data portal,2022
sites-srgvudsriojpjknlrgxygvyr,Swedish University of Agricultural Sciences,SITES data portal,2025
sites-srhco45jjwgv4aoy33sma1y4,Swedish University of Agricultural Sciences,SITES data portal,2023
sites-srx-mf-rt6jwmszr14ouicdb,Swedish Polar Research Secretariat,SITES data portal,2024
sites-ssmjvpk-dj5gzq7an2y2zzjp,Swedish University of Agricultural Sciences,SITES data portal,2025
sites-sstlrsk9oqyi88u-08bzy7eu,University of Gothenburg,SITES data portal,2022
sites-sstwkjajrjeltsenu1vocmmj,Uppsala University,SITES data portal,2025
sites-suvbzsaw-tt1ji8im6p-dqjv,Stockholm University,SITES data portal,2023
sites-svnnoh0-nkp-ezoo-ytrcwgx,University of Gothenburg,SITES data portal,2025
sites-sxyajwphk-r-fx-y2jyupwfv,Uppsala University,SITES data portal,2023
sites-sywgw9sejwixibwpfkcg41c-,Uppsala University,SITES data portal,2023
sites-szox6jnr3pq4hocsn8psii6c,Swedish University of Agricultural Sciences,SITES data portal,2025
sites-t-jy5dl9wctm0jytqrig3o8g,Stockholm University,SITES data portal,2025
sites-t0aejcjn3ruxzcvdy6x8kwi5,Swedish Polar Research Secretariat,SITES data portal,2025
sites-t1ydghgthuq8xadv8usvbaql,Stockholm University,SITES data portal,2025
sites-t4tn5vq1satwgtcr9smkezpl,University of Gothenburg,SITES data portal,2025
sites-t4z1lnxtvocnxg4-0ix01khw,Swedish Polar Research Secretariat,SITES data portal,2022
sites-t97iy9fvic6oqbfto-x7qyio,Swedish University of Agricultural Sciences,SITES data portal,2024
sites-td7qzxdplp-vtaq-9ph3cngx,Swedish University of Agricultural Sciences,SITES data portal,2025
sites-tdpt13jynruduqmcth2yisg3,Swedish Polar Research Secretariat,SITES data portal,2022
sites-tdscuvqs9liiidaobcs70pld,Swedish University of Agricultural Sciences,SITES data portal,2024
sites-tirzt7ss3ncpyghuowix0rdj,Swedish Polar Research Secretariat,SITES data portal,2025
sites-tkq3-lranwajodd6lyc3nkzf,University of Gothenburg,SITES data portal,2022
sites-tl-vu-8nbktloaqgh9qiiams,Swedish University of Agricultural Sciences,SITES data portal,2022
sites-tl5vgfbhk2ioh4r0i97f1qu6,Uppsala University,SITES data portal,2022
sites-tlwlfurkan9wrqoaaxsbrsd4,Swedish University of Agricultural Sciences,SITES data portal,2021
sites-tnce0auhp-6mzlfloztbs-a,Swedish Polar Research Secretariat,SITES data portal,2023
sites-to-nfrx5ndziw0lrlqz-qjlu,Swedish Polar Research Secretariat,SITES data portal,2025
sites-tr3sby17ln9pktloeszpdz-p,University of Gothenburg,SITES data portal,2024
sites-trhwfijlhwelk-22pmhuqbnf,Uppsala University,SITES data portal,2022
sites-tuhorwiorc1lfhsgo5pj70yz,Swedish University of Agricultural Sciences,SITES data portal,2022
sites-twuoqw7vyvs3gqgvxipakrbk,Swedish University of Agricultural Sciences,SITES data portal,2024
sites-txz10sftzcx6f2ifq3zbjz-r,University of Gothenburg,SITES data portal,2025
sites-tykoe43qfdjuqfn1x7mx2k6z,Swedish University of Agricultural Sciences,SITES data portal,2022
sites-u-u-kjhzt97tm95-oqqlhbth,Swedish University of Agricultural Sciences,SITES data portal,2022
sites-u4o8krpkeikw5rsficjzeegx,Swedish Polar Research Secretariat,SITES data portal,2020
sites-u6mcbuui4e7rdel39lb94fn7,Swedish University of Agricultural Sciences,SITES data portal,2022
sites-u8tlsls5ehtjblpeldr3kmem,Swedish Polar Research Secretariat,SITES data portal,2022
sites-uakhsegsdnvkduz-qombqx-h,Swedish University of Agricultural Sciences,SITES data portal,2023
sites-ub3pkprsg61ltpg83cax58pi,Stockholm University,SITES data portal,2025
sites-ubi9kslqohpoo22-oz5tqdfy,Stockholm University,SITES data portal,2025
sites-ubxics7pxu0bkq5s543mydbh,Stockholm University,SITES data portal,2022
sites-uibfcxhc9zhfg5xrijzfjmhu,University of Gothenburg,SITES data portal,2025
sites-uilbviovusnbizgcph5yziwk,University of Gothenburg,SITES data portal,2025
sites-uiru3hliv6t-7fxt6xes8w0i,Stockholm University,SITES data portal,2025
sites-ujkbwqgisotskbzqw1rezwpz,Swedish University of Agricultural Sciences,SITES data portal,2025
sites-ujlsa5jjt9uwpm-ng10qasia,Swedish University of Agricultural Sciences,SITES data portal,2024
sites-ujrwasdx2v0uguuopmmgfobx,Swedish Polar Research Secretariat,SITES data portal,2022
sites-uklhcf4paaqgfqfv5zjf7zhu,Swedish University of Agricultural Sciences,SITES data portal,2024
sites-ul6seqgb6thugyncrpbcdssn,Stockholm University,SITES data portal,2025
sites-ulca45mcsbfhtlafluapaty6,Swedish University of Agricultural Sciences,SITES data portal,2022
sites-umhxihupqceoa9dnqvp53u0z,Swedish University of Agricultural Sciences,SITES data portal,2023
sites-un4xqicttoqc8cpdiny3s0tg,Swedish Polar Research Secretariat,SITES data portal,2022
sites-unppep48dqqo-xmr2z2nulfa,Swedish University of Agricultural Sciences,SITES data portal,2024
sites-uo246mebyjqkxjkei9yciudc,University of Gothenburg,SITES data portal,2025
sites-uojryb6tbqj7pp3njtc7ie0h,Uppsala University,SITES data portal,2022
sites-upb0brg0qvzc4g5xfxgnjt3p,Uppsala University,SITES data portal,2022
sites-uptuxwlnasguhzf2qm54ixny,Stockholm University,SITES data portal,2022
sites-upuz1gr4zgbz5kejgxuddtte,Swedish University of Agricultural Sciences,SITES data portal,2024
sites-ur5dj21dvpume2d2-ioi8ug8,Swedish University of Agricultural Sciences,SITES data portal,2022
sites-utetna8wfnawqxje8xzlqwrn,Swedish University of Agricultural Sciences,SITES data portal,2021
sites-uttrnctrl9-62d71uksyxhtg,University of Gothenburg,SITES data portal,2024
sites-utuheaws0-frfpv6v6ohyhht,University of Gothenburg,SITES data portal,2022
sites-uuv45e-unv6vvyet9h6pyq3a,Uppsala University,SITES data portal,2020
sites-uxjrqop6dp-tunlvfgoioeih,Stockholm University,SITES data portal,2025
sites-uzqwbldmtcu2mogxruejhb0h,Swedish University of Agricultural Sciences,SITES data portal,2021
sites-v-gf-0cfk9wyj2qxfcubqcvr,Swedish University of Agricultural Sciences,SITES data portal,2025
sites-v4qdzj6ftm34fx0k6dpjanqs,Stockholm University,SITES data portal,2025
sites-v5xyn6w5q9swxdwcesewgewh,University of Gothenburg,SITES data portal,2025
sites-v8bmjoe4t0q0fl-jsrkdoazs,University of Gothenburg,SITES data portal,2025
sites-v9pg-afxf2heuq1n6iluezh3,Swedish University of Agricultural Sciences,SITES data portal,2023
sites-vanpx4a8n5cwu5cxaqi0pmfk,Swedish University of Agricultural Sciences,SITES data portal,2020
sites-vbiai9cszs5jaalhhlmvk4bt,Swedish Polar Research Secretariat,SITES data portal,2025
sites-vcwzh8cc3s3xr0-bdxjp-hau,Swedish University of Agricultural Sciences,SITES data portal,2025
sites-vflkdvj4bksm0kc6htofkpxg,Stockholm University,SITES data portal,2025
sites-vfyacvs6qqcfrusf23etjr4r,University of Gothenburg,SITES data portal,2022
sites-vgdvm4izy4isko1wbjchjt-b,University of Gothenburg,SITES data portal,2025
sites-vi3vfbxchntiflpskwilhvk7,Stockholm University,SITES data portal,2025
sites-vkezenpstvqv6846qqgvr0lo,University of Gothenburg,SITES data portal,2022
sites-vmcedfdmup9xlzrjrvzfgv1g,Stockholm University,SITES data portal,2020
sites-vqdox-l6yt8iq5mmf3opfhdl,University of Gothenburg,SITES data portal,2022
sites-vswfa-qmcyecskrpqifm8cb,University of Gothenburg,SITES data portal,2022
sites-vunv6w9jy8cbludvrcfhjpp8,Uppsala University,SITES data portal,2024
sites-vurwpyj-u-v2mtyep65tnxgy,Swedish Polar Research Secretariat,SITES data portal,2024
sites-vv0m3vbm2tg-ib40gegs4vc0,Swedish University of Agricultural Sciences,SITES data portal,2022
sites-vvvtqih2ul8u92rjps0zlbbf,University of Gothenburg,SITES data portal,2024
sites-vwyl-9fv0sammamd2qljovrb,Swedish University of Agricultural Sciences,SITES data portal,2022
sites-vz0cfjzbbfdvmyartl5qlmgy,Sweden Water Research,SITES data portal,2024
sites-vzehf7dakak2gyf33t2fu0hq,Swedish University of Agricultural Sciences,SITES data portal,2023
sites-vzzmmwyjs23ksyu5gm3wg-qm,Swedish University of Agricultural Sciences,SITES data portal,2025
sites-w-vyjnvkxhbbhu9mutrig9mj,Uppsala University,SITES data portal,2020
sites-w08ctw9sqsz2cqgqigg45tdd,Swedish University of Agricultural Sciences,SITES data portal,2025
sites-w0nboaheancjskhnpd3vtbx2,Swedish Polar Research Secretariat,SITES data portal,2022
sites-w2lndmrvxnol32ldjx4cfzlo,University of Gothenburg,SITES data portal,2025
sites-w2tyvp-vat-uu0okdrskpjyx,Swedish Polar Research Secretariat,SITES data portal,2023
sites-w3rrqrg-edbqlu89ln1yznob,University of Gothenburg,SITES data portal,2022
sites-w6qhzyiehgamljdske9l8thb,Uppsala University,SITES data portal,2022
sites-w9ty-e3snm7dhmpqzqdaapmc,Swedish University of Agricultural Sciences,SITES data portal,2024
sites-waosbu9qovnnufup50fnj-l6,University of Gothenburg,SITES data portal,2022
sites-wavgjantxbr3x056lewzp7b9,Swedish Polar Research Secretariat,SITES data portal,2020
sites-wbmqmqv3f1prykjnwydrmeg5,Swedish University of Agricultural Sciences,SITES data portal,2024
sites-wbvlf0bwapz89s3pwdilr-hi,Uppsala University,SITES data portal,2020
sites-wbwhlgdqpf8hrzfdmsotmvcz,University of Gothenburg,SITES data portal,2024
sites-wdjwsh0joqsphribqsc5w5ks,Swedish University of Agricultural Sciences,SITES data portal,2025
sites-wetwx2gavntswpjhp3jqko3n,Swedish University of Agricultural Sciences,SITES data portal,2025
sites-whcdm-jhydmzhoumfvpt2t7s,Uppsala University,SITES data portal,2022
sites-whzapm51nx4o-ro7p9elkvbw,Stockholm University,SITES data portal,2020
sites-wilpananlufahmmlkz0t3hxz,Swedish University of Agricultural Sciences,SITES data portal,2022
sites-wj4l8ccxnkxettz75hzne9vq,Uppsala University,SITES data portal,2020
sites-wkuffiyqiqx1afggxb2-kfe7,Stockholm University,SITES data portal,2023
sites-wmcfipnpiv5wyyeq5zyig34n,Swedish University of Agricultural Sciences,SITES data portal,2022
sites-wmo7oimrh9zt0e-cgugn-riq,Uppsala University,SITES data portal,2020
sites-woeniu9jyui0l3ryokuezuiy,Swedish Polar Research Secretariat,SITES data portal,2024
sites-wogsgceywc7mcedkmydbhji4,Swedish Polar Research Secretariat,SITES data portal,2025
sites-woqu0t8yb0a1p-wuefzj6r1e,Swedish University of Agricultural Sciences,SITES data portal,2022
sites-wspzoac-3hb19ezogxg5d52q,Swedish University of Agricultural Sciences,SITES data portal,2020
sites-wtf5sioaxmtcu61bch6syuz-,University of Gothenburg,SITES data portal,2025
sites-wuzjedvt8i9b8m1-t9kxs1ly,Swedish University of Agricultural Sciences,SITES data portal,2024
sites-wvfiol026fovwdpzhkmujbef,Swedish University of Agricultural Sciences,SITES data portal,2023
sites-wxeo-yyna4yergpn557xxw-d,Uppsala University,SITES data portal,2024
sites-wzdy2surlgee7-zqmuig4lqs,Swedish University of Agricultural Sciences,SITES data portal,2023
sites-x1ixesclrfkymtenizjft0ft,Swedish University of Agricultural Sciences,SITES data portal,2023
sites-x3chfbctotqsyjz5fvqs-vwv,Stockholm University,SITES data portal,2025
sites-x8-mobjq6jsa0ebhggbrbnvz,Swedish University of Agricultural Sciences,SITES data portal,2025
sites-x9dqkbhzg-mew6t6vue-gudl,Swedish Polar Research Secretariat,SITES data portal,2022
sites-xautpcb0keh8morf-fn66xlf,Swedish University of Agricultural Sciences,SITES data portal,2022
sites-xb2dnb4ntjqplsiliomkuno1,Uppsala University,SITES data portal,2025
sites-xcf8te7-gp-6nq7n4garawnr,University of Gothenburg,SITES data portal,2024
sites-xczhfjbnufekjpbmvex1l2ih,Uppsala University,SITES data portal,2024
sites-xdeqbdjkjwib52xtbldnaubh,Swedish Polar Research Secretariat,SITES data portal,2020
sites-xds6amwwdudh-69lnjlyplgz,University of Gothenburg,SITES data portal,2022
sites-xgozlqfkcgb2c63lisnnmf7v,Swedish University of Agricultural Sciences,SITES data portal,2021
sites-xhgnv5bjcrhjtal9-brsrhlq,Swedish Polar Research Secretariat,SITES data portal,2020
sites-xhuhhynszqfeq7gt6nad0i-k,University of Gothenburg,SITES data portal,2022
sites-xjakz8mawyx68z5ru0-sapzn,Swedish University of Agricultural Sciences,SITES data portal,2025
sites-xjhvro-d2nqjv2g9aaj64dse,Uppsala University,SITES data portal,2020
sites-xjrrv7rdhnjozp3ta2qcz0yx,Stockholm University,SITES data portal,2020
sites-xkzhzesqk-kw-d6zgjjik-o-,Swedish University of Agricultural Sciences,SITES data portal,2023
sites-xlm-kmxacclsgsyym7chr9e-,Swedish University of Agricultural Sciences,SITES data portal,2024
sites-xlzzpsolozvlb58hkookm5jm,Uppsala University,SITES data portal,2020
sites-xne2hd1fbxbq5vl5o1bm120s,Swedish University of Agricultural Sciences,SITES data portal,2025
sites-xnlmdzycwmlrqcna7-d8zm-w,Swedish University of Agricultural Sciences,SITES data portal,2024
sites-xnt7zp15xa0u42mmosquew-g,University of Gothenburg,SITES data portal,2022
sites-xo6t9amkxzyplztuswlbbeop,Swedish University of Agricultural Sciences,SITES data portal,2022
sites-xo8mlttuymsgq1z623i3gqtb,Stockholm University,SITES data portal,2025
sites-xoyrao05y2ztim8pbja4kdts,Swedish University of Agricultural Sciences,SITES data portal,2025
sites-xpf0akol79alshy2-vo6aehh,University of Gothenburg,SITES data portal,2022
sites-xpi8n2hqlz1z6ccy6um0jlgm,Stockholm University,SITES data portal,2025
sites-xthwlnp2xjfvaa4g9moigqx1,University of Gothenburg,SITES data portal,2025
sites-xugmviqqyu9jbg9paaf-a0nq,University of Gothenburg,SITES data portal,2020
sites-xur-amlnn6x7-yikuuy1s9sq,Stockholm University,SITES data portal,2020
sites-xvpzlqhxkkzdmz6bvd9lrff-,Swedish University of Agricultural Sciences,SITES data portal,2025
sites-xvxfwr8q-wtzzu9a8lrp9393,Swedish University of Agricultural Sciences,SITES data portal,2025
sites-xwtfea8hvidol-tehbcyfkt9,Uppsala University,SITES data portal,2024
sites-xxknxlitj93c4wxbp4y-vuax,Swedish University of Agricultural Sciences,SITES data portal,2021
sites-xzcy1v7wyiyhbuuwnpzlyotk,Swedish University of Agricultural Sciences,SITES data portal,2022
sites-y-c9tr96diyeb20vxz0ixabi,Swedish University of Agricultural Sciences,SITES data portal,2022
sites-y-ckcevi8l7wlncdjgeadav4,University of Gothenburg,SITES data portal,2024
sites-y-wbvabjvziispgkvog-yvtc,University of Gothenburg,SITES data portal,2025
sites-y0ecdejmfz2z2u0vxwbpk0sj,Swedish Polar Research Secretariat,SITES data portal,2022
sites-y1so8csb8zvhwh4hrjtnlg5m,Stockholm University,SITES data portal,2022
sites-y7i-37b0nl9qtnu3muxwsst8,Stockholm University,SITES data portal,2025
sites-y7ovsrmgcp33g-p11u8-vgf-,Swedish University of Agricultural Sciences,SITES data portal,2023
sites-y958zfs2hcxwllr733twnumw,University of Gothenburg,SITES data portal,2024
sites-ybb1qrmh-deqzbvgtr3wc1mg,Stockholm University,SITES data portal,2025
sites-ybhpjrddyxok828s257178wu,University of Gothenburg,SITES data portal,2020
sites-yc9b8rdy9vb2yfoniru-qdp2,Uppsala University,SITES data portal,2024
sites-yckfbm22ewysoi4xreit-ca9,Swedish University of Agricultural Sciences,SITES data portal,2025
sites-yen4o0phk21insztcya91z8i,Swedish University of Agricultural Sciences,SITES data portal,2022
sites-yepnauodaufv1rb0psyxwyju,Swedish Polar Research Secretariat,SITES data portal,2025
sites-yfun7-by6bcw1pum88iwfvfr,Stockholm University,SITES data portal,2025
sites-yfvuzumvv82t-sqks8n6-mb2,Swedish University of Agricultural Sciences,SITES data portal,2023
sites-yg4gbsxmapauh9r3negi7azw,Swedish University of Agricultural Sciences,SITES data portal,2022
sites-yjvsnsatw2-62pvy97cz2lxe,Swedish University of Agricultural Sciences,SITES data portal,2023
sites-ylsrxzteutvr24zmc--ndv5t,Swedish University of Agricultural Sciences,SITES data portal,2025
sites-ymxkziv3q-irdntiylw500em,University of Gothenburg,SITES data portal,2022
sites-yputupjcem4j599hzqfgzpbf,Swedish University of Agricultural Sciences,SITES data portal,2022
sites-yq54xrxdl1kroywqlbamss2-,Swedish University of Agricultural Sciences,SITES data portal,2025
sites-yrkgx-98dhzwfufryvtj-ryi,Swedish Polar Research Secretariat,SITES data portal,2021
sites-ys2ti7x1mlaf-1p-syvscj88,University of Gothenburg,SITES data portal,2024
sites-ytbpe8t6xtdrdgjoko9vrmwk,Swedish University of Agricultural Sciences,SITES data portal,2025
sites-yu3lfa2fhctnth3wr6cyj1lo,University of Gothenburg,SITES data portal,2025
sites-yuafxg-b2-t40fmavzsfb3ma,Uppsala University,SITES data portal,2020
sites-yukruy8a5xbwtjyk8r60ndpk,Swedish University of Agricultural Sciences,SITES data portal,2025
sites-yxi6wc3zzpbzvvccl2m6lkgq,University of Gothenburg,SITES data portal,2022
sites-yxleb8sqn4ulzthrmgbcceh4,Uppsala University,SITES data portal,2019
sites-yy13bavmwxarzmedav58qitn,Swedish University of Agricultural Sciences,SITES data portal,2025
sites-z-lukg6pvdt510len81qyozv,Swedish Polar Research Secretariat,SITES data portal,2024
sites-z2lgx-um6aeanyb-finwatuy,Swedish University of Agricultural Sciences,SITES data portal,2023
sites-z5x2ddvdb96cnv5vqkehtcvk,Uppsala University,SITES data portal,2020
sites-z6ey7o0l0iqsnwlxwvpafw01,Stockholm University,SITES data portal,2022
sites-zb2bbbgtadf6v0xftqa2-m7h,Uppsala University,SITES data portal,2020
sites-zcl6fy2n0ozurqv7w-srgzkl,University of Gothenburg,SITES data portal,2021
sites-zcvcqntzejyj6dbbe0tq6if1,Swedish University of Agricultural Sciences,SITES data portal,2021
sites-zdd2jwmutrordoprd0i4wyhj,Swedish University of Agricultural Sciences,SITES data portal,2023
sites-zfvpellcqt0jopeb-qhkdgm,Stockholm University,SITES data portal,2025
sites-zl-mra0lnmjiucua7zhofi9w,Swedish University of Agricultural Sciences,SITES data portal,2022
sites-zlff0gagmjffgapwimmzpboq,Stockholm University,SITES data portal,2022
sites-zmx0tgesglnrpqp3jof9whgq,Swedish University of Agricultural Sciences,SITES data portal,2024
sites-zo-okq8gte28v4dkainhy1m-,Swedish University of Agricultural Sciences,SITES data portal,2021
sites-zoh-pfhmrewbwlej048bo4k3,Swedish University of Agricultural Sciences,SITES data portal,2019
sites-zpixwusbb5xrqsujga8boear,Swedish Polar Research Secretariat,SITES data portal,2022
sites-zqps5iatlvgbcni1-4j2qj0,Swedish University of Agricultural Sciences,SITES data portal,2022
sites-zrx1o3xnoqagsqquer9zy4xy,University of Gothenburg,SITES data portal,2022
sites-zsq3alx9zzojpvo-bf3zkbb9,Swedish University of Agricultural Sciences,SITES data portal,2022
sites-zstw16bwmvppqrjxox6wwe8b,Swedish University of Agricultural Sciences,SITES data portal,2024
sites-zuitw1nxr6wplznxdly5ehex,Stockholm University,SITES data portal,2025
sites-zveytjtzdyqjr2y0olnjisy1,University of Gothenburg,SITES data portal,2022
sites-zw6sdj5e8lvcoomna2lzvij5,Stockholm University,SITES data portal,2025
sites-zwzkiflh6rf-u73l6rtqdm-w,Uppsala University,SITES data portal,2024
sites-zx0nqxjhccy6btyw46jconfx,University of Gothenburg,SITES data portal,2022
sites-zxczun92eu6eo9ntl3r3y-qb,Uppsala University,SITES data portal,2020
doi-10-17045-sthlmuni-10318046,Stockholm University,Stockholm University Figshare,2019
doi-10-17045-sthlmuni-10318610,Stockholm University,Stockholm University Figshare,2019
doi-10-17045-sthlmuni-11359673,Stockholm University,Stockholm University Figshare,2019
doi-10-17045-sthlmuni-11558187,Stockholm University,Stockholm University Figshare,2020
doi-10-17045-sthlmuni-11576505,Stockholm University,Stockholm University Figshare,2020
doi-10-17045-sthlmuni-11897850,Stockholm University,Stockholm University Figshare,2020
doi-10-17045-sthlmuni-11920242,Stockholm University,Stockholm University Figshare,2020
doi-10-17045-sthlmuni-12248576,Stockholm University,Stockholm University Figshare,2020
doi-10-17045-sthlmuni-12378125,Stockholm University,Stockholm University Figshare,2020
doi-10-17045-sthlmuni-12582002,Stockholm University,Stockholm University Figshare,2020
doi-10-17045-sthlmuni-12962963,Stockholm University,Stockholm University Figshare,2023
doi-10-17045-sthlmuni-13067018,Stockholm University,Stockholm University Figshare,2021
doi-10-17045-sthlmuni-13143158,Stockholm University,Stockholm University Figshare,2020
doi-10-17045-sthlmuni-13182563,Stockholm University,Stockholm University Figshare,2020
doi-10-17045-sthlmuni-13211204,Stockholm University,Stockholm University Figshare,2021
doi-10-17045-sthlmuni-14260211,Stockholm University,Stockholm University Figshare,2021
doi-10-17045-sthlmuni-14610381,Stockholm University,Stockholm University Figshare,2022
doi-10-17045-sthlmuni-14614263,Stockholm University,Stockholm University Figshare,2021
doi-10-17045-sthlmuni-14784924,Stockholm University,Stockholm University Figshare,2022
doi-10-17045-sthlmuni-14891607,Stockholm University,Stockholm University Figshare,2022
doi-10-17045-sthlmuni-14980251,Stockholm University,Stockholm University Figshare,2021
doi-10-17045-sthlmuni-16573364,Stockholm University,Stockholm University Figshare,2022
doi-10-17045-sthlmuni-17032511,Stockholm University,Stockholm University Figshare,2022
doi-10-17045-sthlmuni-17032724,Stockholm University,Stockholm University Figshare,2022
doi-10-17045-sthlmuni-19173965,Stockholm University,Stockholm University Figshare,2022
doi-10-17045-sthlmuni-19174268,Stockholm University,Stockholm University Figshare,2022
doi-10-17045-sthlmuni-2000796,Stockholm University,Stockholm University Figshare,2015
doi-10-17045-sthlmuni-2000799,Stockholm University,Stockholm University Figshare,2015
doi-10-17045-sthlmuni-20418804,Stockholm University,Stockholm University Figshare,2022
doi-10-17045-sthlmuni-21311154,Stockholm University,Stockholm University Figshare,2023
doi-10-17045-sthlmuni-21354195,Stockholm University,Stockholm University Figshare,2023
doi-10-17045-sthlmuni-21360978,Stockholm University,Stockholm University Figshare,2022
doi-10-17045-sthlmuni-21362397,Stockholm University,Stockholm University Figshare,2022
doi-10-17045-sthlmuni-21724262,Stockholm University,Stockholm University Figshare,2023
doi-10-17045-sthlmuni-22193683,Stockholm University,Stockholm University Figshare,2023
doi-10-17045-sthlmuni-22555465,Stockholm University,Stockholm University Figshare,2025
doi-10-17045-sthlmuni-22555474,Stockholm University,Stockholm University Figshare,2025
doi-10-17045-sthlmuni-22555525,Stockholm University,Stockholm University Figshare,2025
doi-10-17045-sthlmuni-22756400,Stockholm University,Stockholm University Figshare,2023
doi-10-17045-sthlmuni-23295626,Stockholm University,Stockholm University Figshare,2023
doi-10-17045-sthlmuni-23609580,Stockholm University,Stockholm University Figshare,2023
doi-10-17045-sthlmuni-23735529,Stockholm University,Stockholm University Figshare,2024
doi-10-17045-sthlmuni-24247090,Stockholm University,Stockholm University Figshare,2023
doi-10-17045-sthlmuni-24324886,Stockholm University,Stockholm University Figshare,2023
doi-10-17045-sthlmuni-25610217,Stockholm University,Stockholm University Figshare,2024
doi-10-17045-sthlmuni-25650579,Stockholm University,Stockholm University Figshare,2024
doi-10-17045-sthlmuni-25794087,Stockholm University,Stockholm University Figshare,2024
doi-10-17045-sthlmuni-26267995,Stockholm University,Stockholm University Figshare,2024
doi-10-17045-sthlmuni-27283353,Stockholm University,Stockholm University Figshare,2025
doi-10-17045-sthlmuni-27939792,Stockholm University,Stockholm University Figshare,2025
doi-10-17045-sthlmuni-28052888,Stockholm University,Stockholm University Figshare,2025
doi-10-17045-sthlmuni-28152689,Stockholm University,Stockholm University Figshare,2025
doi-10-17045-sthlmuni-28615514,Stockholm University,Stockholm University Figshare,2025
doi-10-17045-sthlmuni-28824275,Stockholm University,Stockholm University Figshare,2025
doi-10-17045-sthlmuni-29117846,Stockholm University,Stockholm University Figshare,2025
doi-10-17045-sthlmuni-29802809,Stockholm University,Stockholm University Figshare,2025
doi-10-17045-sthlmuni-3119662,Stockholm University,Stockholm University Figshare,2016
doi-10-17045-sthlmuni-3171646,Stockholm University,Stockholm University Figshare,2016
doi-10-17045-sthlmuni-3171829,Stockholm University,Stockholm University Figshare,2016
doi-10-17045-sthlmuni-3171838,Stockholm University,Stockholm University Figshare,2016
doi-10-17045-sthlmuni-3171847,Stockholm University,Stockholm University Figshare,2016
doi-10-17045-sthlmuni-3171856,Stockholm University,Stockholm University Figshare,2016
doi-10-17045-sthlmuni-3171862,Stockholm University,Stockholm University Figshare,2016
doi-10-17045-sthlmuni-3171868,Stockholm University,Stockholm University Figshare,2016
doi-10-17045-sthlmuni-3171871,Stockholm University,Stockholm University Figshare,2016
doi-10-17045-sthlmuni-3171883,Stockholm University,Stockholm University Figshare,2016
doi-10-17045-sthlmuni-3171886,Stockholm University,Stockholm University Figshare,2016
doi-10-17045-sthlmuni-3171892,Stockholm University,Stockholm University Figshare,2016
doi-10-17045-sthlmuni-3171898,Stockholm University,Stockholm University Figshare,2016
doi-10-17045-sthlmuni-3171907,Stockholm University,Stockholm University Figshare,2016
doi-10-17045-sthlmuni-3171916,Stockholm University,Stockholm University Figshare,2016
doi-10-17045-sthlmuni-3171925,Stockholm University,Stockholm University Figshare,2016
doi-10-17045-sthlmuni-3171931,Stockholm University,Stockholm University Figshare,2016
doi-10-17045-sthlmuni-3171934,Stockholm University,Stockholm University Figshare,2016
doi-10-17045-sthlmuni-3171937,Stockholm University,Stockholm University Figshare,2016
doi-10-17045-sthlmuni-3171940,Stockholm University,Stockholm University Figshare,2016
doi-10-17045-sthlmuni-3171943,Stockholm University,Stockholm University Figshare,2016
doi-10-17045-sthlmuni-3171946,Stockholm University,Stockholm University Figshare,2016
doi-10-17045-sthlmuni-3171949,Stockholm University,Stockholm University Figshare,2016
doi-10-17045-sthlmuni-3171952,Stockholm University,Stockholm University Figshare,2016
doi-10-17045-sthlmuni-3171958,Stockholm University,Stockholm University Figshare,2016
doi-10-17045-sthlmuni-3171961,Stockholm University,Stockholm University Figshare,2016
doi-10-17045-sthlmuni-3171964,Stockholm University,Stockholm University Figshare,2016
doi-10-17045-sthlmuni-3171967,Stockholm University,Stockholm University Figshare,2016
doi-10-17045-sthlmuni-3171970,Stockholm University,Stockholm University Figshare,2016
doi-10-17045-sthlmuni-3198700,Stockholm University,Stockholm University Figshare,2016
doi-10-17045-sthlmuni-3207787,Stockholm University,Stockholm University Figshare,2016
doi-10-17045-sthlmuni-3393493,Stockholm University,Stockholm University Figshare,2016
doi-10-17045-sthlmuni-4216869,Stockholm University,Stockholm University Figshare,2016
doi-10-17045-sthlmuni-4229399,Stockholm University,Stockholm University Figshare,2016
doi-10-17045-sthlmuni-4246631,Stockholm University,Stockholm University Figshare,2016
doi-10-17045-sthlmuni-4246691,Stockholm University,Stockholm University Figshare,2016
doi-10-17045-sthlmuni-4253402,Stockholm University,Stockholm University Figshare,2016
doi-10-17045-sthlmuni-4254335,Stockholm University,Stockholm University Figshare,2016
doi-10-17045-sthlmuni-4649854,Stockholm University,Stockholm University Figshare,2017
doi-10-17045-sthlmuni-4789408,Stockholm University,Stockholm University Figshare,2017
doi-10-17045-sthlmuni-4801627,Stockholm University,Stockholm University Figshare,2017
doi-10-17045-sthlmuni-4989773,Stockholm University,Stockholm University Figshare,2017
doi-10-17045-sthlmuni-5171860,Stockholm University,Stockholm University Figshare,2017
doi-10-17045-sthlmuni-5178415,Stockholm University,Stockholm University Figshare,2017
doi-10-17045-sthlmuni-5178424,Stockholm University,Stockholm University Figshare,2017
doi-10-17045-sthlmuni-5468455,Stockholm University,Stockholm University Figshare,2017
doi-10-17045-sthlmuni-5480962,Stockholm University,Stockholm University Figshare,2017
doi-10-17045-sthlmuni-5514127,Stockholm University,Stockholm University Figshare,2017
doi-10-17045-sthlmuni-5607112,Stockholm University,Stockholm University Figshare,2017
doi-10-17045-sthlmuni-5616304,Stockholm University,Stockholm University Figshare,2017
doi-10-17045-sthlmuni-5734887,Stockholm University,Stockholm University Figshare,2017
doi-10-17045-sthlmuni-5857716,Stockholm University,Stockholm University Figshare,2018
doi-10-17045-sthlmuni-5938246,Stockholm University,Stockholm University Figshare,2018
doi-10-17045-sthlmuni-6075923,Stockholm University,Stockholm University Figshare,2018
doi-10-17045-sthlmuni-6181760,Stockholm University,Stockholm University Figshare,2018
doi-10-17045-sthlmuni-6181763,Stockholm University,Stockholm University Figshare,2018
doi-10-17045-sthlmuni-6181766,Stockholm University,Stockholm University Figshare,2018
doi-10-17045-sthlmuni-6181772,Stockholm University,Stockholm University Figshare,2018
doi-10-17045-sthlmuni-6384200,Stockholm University,Stockholm University Figshare,2018
doi-10-17045-sthlmuni-7016369,Stockholm University,Stockholm University Figshare,2018
doi-10-17045-sthlmuni-7072139,Stockholm University,Stockholm University Figshare,2018
doi-10-17045-sthlmuni-7117430,Stockholm University,Stockholm University Figshare,2018
doi-10-17045-sthlmuni-7165300,Stockholm University,Stockholm University Figshare,2018
doi-10-17045-sthlmuni-7177040,Stockholm University,Stockholm University Figshare,2018
doi-10-17045-sthlmuni-7265675,Stockholm University,Stockholm University Figshare,2018
doi-10-17045-sthlmuni-7324898,Stockholm University,Stockholm University Figshare,2018
doi-10-17045-sthlmuni-7364033,Stockholm University,Stockholm University Figshare,2018
doi-10-17045-sthlmuni-7364036,Stockholm University,Stockholm University Figshare,2018
doi-10-17045-sthlmuni-7364039,Stockholm University,Stockholm University Figshare,2018
doi-10-17045-sthlmuni-7364042,Stockholm University,Stockholm University Figshare,2018
doi-10-17045-sthlmuni-7364063,Stockholm University,Stockholm University Figshare,2018
doi-10-17045-sthlmuni-7642343,Stockholm University,Stockholm University Figshare,2019
doi-10-17045-sthlmuni-7642463,Stockholm University,Stockholm University Figshare,2019
doi-10-17045-sthlmuni-7658315,Stockholm University,Stockholm University Figshare,2019
doi-10-17045-sthlmuni-7886641,Stockholm University,Stockholm University Figshare,2019
doi-10-17045-sthlmuni-8051717,Stockholm University,Stockholm University Figshare,2019
doi-10-17045-sthlmuni-8281406,Stockholm University,Stockholm University Figshare,2019
doi-10-17045-sthlmuni-8386652,Stockholm University,Stockholm University Figshare,2019
doi-10-17045-sthlmuni-9488804,Stockholm University,Stockholm University Figshare,2019
doi-10-17045-sthlmuni-9577118,Stockholm University,Stockholm University Figshare,2019
doi-10-17045-sthlmuni-9577454,Stockholm University,Stockholm University Figshare,2022
doi-10-17045-sthlmuni-9601187,Stockholm University,Stockholm University Figshare,2019
doi-10-17045-sthlmuni-9724280,Stockholm University,Stockholm University Figshare,2019
doi-10-17045-sthlmuni-9907991,Stockholm University,Stockholm University Figshare,2019
doi-10-5281-zenodo-13365877,Stockholm University,Stockholm University Library Zenodo,2025
doi-10-5281-zenodo-2276777,Stockholm University,Stockholm University Library Zenodo,2019
doi-10-5281-zenodo-3997222,Stockholm University,Stockholm University Library Zenodo,2018
doi-10-5281-zenodo-7451326,Stockholm University,Stockholm University Library Zenodo,2022
doi-10-5281-zenodo-7506220,Stockholm University,Stockholm University Library Zenodo,2023
doi-10-5281-zenodo-7907474,Stockholm University,Stockholm University Library Zenodo,2023
doi-10-17197-folknetdb-v01,Umeå University,Umeå University Centre for Demographic and Ageing Research,2022
doi-10-17197-sumfolkdb-v01-02,Umeå University,Umeå University Centre for Demographic and Ageing Research,2022
doi-10-17197-sumfolkdb-v01-03,Umeå University,Umeå University Centre for Demographic and Ageing Research,2023
doi-10-17197-sumfolkdb-v01,Umeå University,Umeå University Centre for Demographic and Ageing Research,2021
doi-10-17197-u14005,Umeå University,Umeå University Centre for Demographic and Ageing Research,2014
doi-10-17197-u14015,Umeå University,Umeå University Centre for Demographic and Ageing Research,2017
doi-10-17197-u14017,Umeå University,Umeå University Centre for Demographic and Ageing Research,2017
doi-10-17197-u15002,Umeå University,Umeå University Centre for Demographic and Ageing Research,2018
doi-10-17197-u15014,Umeå University,Umeå University Centre for Demographic and Ageing Research,2015
doi-10-17197-u16003,Umeå University,Umeå University Centre for Demographic and Ageing Research,2017
doi-10-17197-u16010,Umeå University,Umeå University Centre for Demographic and Ageing Research,2021
doi-10-17197-u16018,Umeå University,Umeå University Centre for Demographic and Ageing Research,2018
doi-10-17197-u17003,Umeå University,Umeå University Centre for Demographic and Ageing Research,2018
doi-10-17197-u17004,Umeå University,Umeå University Centre for Demographic and Ageing Research,2019
doi-10-17197-u19005,Umeå University,Umeå University Centre for Demographic and Ageing Research,2019
doi-10-17197-u19007,Umeå University,Umeå University Centre for Demographic and Ageing Research,2019
doi-10-17197-u19010,Umeå University,Umeå University Centre for Demographic and Ageing Research,2019
doi-10-17197-u19011,Umeå University,Umeå University Centre for Demographic and Ageing Research,2019
doi-10-17197-u19012,Umeå University,Umeå University Centre for Demographic and Ageing Research,2019
doi-10-17197-u19013,Umeå University,Umeå University Centre for Demographic and Ageing Research,2020
doi-10-17197-u19014,Umeå University,Umeå University Centre for Demographic and Ageing Research,2020
doi-10-17197-u20001,Umeå University,Umeå University Centre for Demographic and Ageing Research,2020
doi-10-17197-u20002,Umeå University,Umeå University Centre for Demographic and Ageing Research,2024
doi-10-17197-u20003,Umeå University,Umeå University Centre for Demographic and Ageing Research,2021
doi-10-17197-u20006,Umeå University,Umeå University Centre for Demographic and Ageing Research,2021
doi-10-17197-u21001,Umeå University,Umeå University Centre for Demographic and Ageing Research,2020
doi-10-17197-u21002,Umeå University,Umeå University Centre for Demographic and Ageing Research,2022
doi-10-17197-u21003,Umeå University,Umeå University Centre for Demographic and Ageing Research,2021
doi-10-17197-u21005,Umeå University,Umeå University Centre for Demographic and Ageing Research,2022
doi-10-17197-u21006,Umeå University,Umeå University Centre for Demographic and Ageing Research,2021
doi-10-17197-u21008,Umeå University,Umeå University Centre for Demographic and Ageing Research,2023
doi-10-17197-u21009,Umeå University,Umeå University Centre for Demographic and Ageing Research,2022
doi-10-17197-u21010,Umeå University,Umeå University Centre for Demographic and Ageing Research,2022
doi-10-17197-u21011,Umeå University,Umeå University Centre for Demographic and Ageing Research,2022
doi-10-17197-u21012,Umeå University,Umeå University Centre for Demographic and Ageing Research,2021
doi-10-17197-u22002,Umeå University,Umeå University Centre for Demographic and Ageing Research,2022
doi-10-17197-u22003,Umeå University,Umeå University Centre for Demographic and Ageing Research,2022
doi-10-17197-u22004,Umeå University,Umeå University Centre for Demographic and Ageing Research,2022
doi-10-17197-u22005,Umeå University,Umeå University Centre for Demographic and Ageing Research,2023
doi-10-17197-u22006,Umeå University,Umeå University Centre for Demographic and Ageing Research,2023
doi-10-17197-u23001,Umeå University,Umeå University Centre for Demographic and Ageing Research,2023
doi-10-17197-u23002,Umeå University,Umeå University Centre for Demographic and Ageing Research,2023
doi-10-17197-u23003,Umeå University,Umeå University Centre for Demographic and Ageing Research,2023
doi-10-17197-u23004,Umeå University,Umeå University Centre for Demographic and Ageing Research,2025
doi-10-17197-u24001,Umeå University,Umeå University Centre for Demographic and Ageing Research,2024
doi-10-17197-u24006,Umeå University,Umeå University Centre for Demographic and Ageing Research,2024
doi-10-17197-u24009,Umeå University,Umeå University Centre for Demographic and Ageing Research,2025
doi-10-17197-u24010,Umeå University,Umeå University Centre for Demographic and Ageing Research,2024
doi-10-17197-u25006,Umeå University,Umeå University Centre for Demographic and Ageing Research,2025
doi-10-18159-kir-ebi23,Uppsala University,Swedish National Seismic Network,2024
doi-10-18159-snsn,Uppsala University,Swedish National Seismic Network,1904
icos-sweden-bbfbmdfkohxbxtoucp6rh1fh,Integrated Carbon Observation System,ICOS Sweden data portal,2025
doi-10-17045-sthlmuni-30122545,Stockholm University,Stockholm University Figshare,2025
doi-10-17045-sthlmuni-26116891,Stockholm University,Stockholm University Figshare,2025
doi-10-23695-wjvp-jh34,University of Gothenburg,Språkbanken Text,2025
sites-htemtfc4-3bg1mwbzfhkzhc6,University of Gothenburg,SITES data portal,2025
sites-njrzo6czv7b1lg4m-rfxxaxn,Swedish University of Agricultural Sciences,SITES data portal,2025
doi-10-5281-zenodo-17349648,Swedish National Heritage Board,RAÄ Heritage Laboratory,2025
doi-10-23695-480x-yp94,University of Gothenburg,Språkbanken Text,2024
icos-sweden-am6x1davioq09xtw40e5yeky,Integrated Carbon Observation System,ICOS Sweden data portal,2025
icos-sweden-l1doq3vxknaong3bmv0adapa,Integrated Carbon Observation System,ICOS Sweden data portal,2025
icos-sweden-n7c3ki8t8qqrnci2pr6wgrwc,Integrated Carbon Observation System,ICOS Sweden data portal,2025
doi-10-17045-sthlmuni-22551715,Stockholm University,Stockholm University Figshare,2025
sites-ahsftwzjdc6uxpb637nsv837,University of Gothenburg,SITES data portal,2025
sites-vgrl3pjhfnw472jd3ylglocg,University of Gothenburg,SITES data portal,2025
doi-10-17045-sthlmuni-7813439,Stockholm University,Stockholm University Figshare,2019
icos-sweden-hnyzmpfjzxlbpfmkaqc1wu5y,Integrated Carbon Observation System,ICOS Sweden data portal,2025
icos-sweden-mlouzqfir7e0ml3kzu8xx14z,Integrated Carbon Observation System,ICOS Sweden data portal,2025
gbif-sweden-10-15468-kcpxjw,Stockholm University,GBIF Sweden,2025
icos-sweden-xcpoujjw4lu11-5smdm4-aqb,Integrated Carbon Observation System,ICOS Sweden data portal,2025
2025-187,Swedish University of Agricultural Sciences,DORIS (only metadata),2025
doi-10-17045-sthlmuni-22555414,Stockholm University,Stockholm University Figshare,2025
sites-2rxkzwbgorebe2fiz--rv7zl,University of Gothenburg,SITES data portal,2025
icos-sweden-1nurjwmlj-h9kwf5cht16-zs,Integrated Carbon Observation System,ICOS Sweden data portal,2025
doi-10-17045-sthlmuni-22555123,Stockholm University,Stockholm University Figshare,2025
doi-10-23695-08hf-2n30,University of Gothenburg,Språkbanken Text,2025
doi-10-17045-sthlmuni-23703327,Stockholm University,Stockholm University Figshare,2023
icos-sweden-od-nzfk9ry8zgkclhp9bwcyp,Integrated Carbon Observation System,ICOS Sweden data portal,2025
doi-10-5281-zenodo-16976501,University of Gothenburg,FLOW-Lab : Fluxes in Low Oxygen Waters Zenodo,2025
doi-10-5281-zenodo-10869498,Swedish National Heritage Board,RAÄ Heritage Laboratory,2024
doi-10-17045-sthlmuni-21688262,Stockholm University,Stockholm University Figshare,2022
sites-fnz1dhr3u9had6whzkpgwstx,University of Gothenburg,SITES data portal,2025
doi-10-23695-y988-cw53,University of Gothenburg,Språkbanken Text,2024
doi-10-23695-jaqy-ab71,University of Gothenburg,Språkbanken Text,2024
doi-10-23695-ztdr-7614,University of Gothenburg,Språkbanken Text,2025
doi-10-17045-sthlmuni-20198975,Stockholm University,Stockholm University Figshare,2022
doi-10-23695-b33z-r221,University of Gothenburg,Språkbanken Text,2025
sites-ggixxkupop9nlueyffxnlogj,University of Gothenburg,SITES data portal,2025
doi-10-17197-tabellverket-v01,Umeå University,Umeå University Centre for Demographic and Ageing Research,2025
doi-10-23695-045z-g140,University of Gothenburg,Språkbanken Text,2024
icos-sweden--pgte57hoxkgibywd2xiwss6,Integrated Carbon Observation System,ICOS Sweden data portal,2025
sites-oorombnhmxlzbni7uk875xf7,University of Gothenburg,SITES data portal,2025
sites-bvqyvp5rkmhekmn75rxlylyl,Swedish University of Agricultural Sciences,SITES data portal,2025
doi-10-5281-zenodo-17104677,Blekinge Institute of Technology,BTH Zenodo,2025
doi-10-5281-zenodo-17349785,Swedish National Heritage Board,RAÄ Heritage Laboratory,2025
2024-540,Swedish University of Agricultural Sciences,DORIS (only metadata),2025
gbif-sweden-10-15468-f3k8r9,GBIF Sweden,GBIF Sweden,2025
icos-sweden-ojg0copv-zhnurwo-dnblzwr,Integrated Carbon Observation System,ICOS Sweden data portal,2025
doi-10-23695-6f59-9334,University of Gothenburg,Språkbanken Text,2025
icos-sweden-ks5vlysnybvnm3dvqfquhrpq,Integrated Carbon Observation System,ICOS Sweden data portal,2025
sites-sfh9iq-3z9udb-rfflv3vaxu,Swedish Polar Research Secretariat,SITES data portal,2025
doi-10-17044-scilifelab-30084382,Uppsala University,SciLifeLab Data Repository,2025
sites-w1di9z4rhvxirqr7fxm02trb,Uppsala University,SITES data portal,2025
doi-10-17045-sthlmuni-27952080,Stockholm University,Stockholm University Figshare,2025
sites-tztqilqfevhvaxzrhohpn5rz,University of Gothenburg,SITES data portal,2025
sites-69plgm9wmyr-yjr16keyxbxz,University of Gothenburg,SITES data portal,2025
2025-271,IHE Delft Institute for Water Education,DORIS (only metadata),2025
doi-10-17045-sthlmuni-22550041,Stockholm University,Stockholm University Figshare,2025
icos-sweden-e3bfyfae5vu-s1bmhp8mm5at,Integrated Carbon Observation System,ICOS Sweden data portal,2025
icos-sweden-d7tcf1aivfkyyv8p7-fklykh,Integrated Carbon Observation System,ICOS Sweden data portal,2025
sites-d44zrxwcldnpuivo21s-owla,University of Gothenburg,SITES data portal,2025
sites-w-ob4jitawhzog3yrykp0brk,University of Gothenburg,SITES data portal,2025
doi-10-23695-mgyb-za60,University of Gothenburg,Språkbanken Text,2024
2025-197,Swedish University of Agricultural Sciences,DORIS (only metadata),2025
sites-ahwrso9tzz-ra5oqkvvyq553,University of Gothenburg,SITES data portal,2025
2025-282,Swedish University of Agricultural Sciences,DORIS (only metadata),2025
doi-10-23695-8r8g-4565,University of Gothenburg,Språkbanken Text,2024
sites-umcnwlnayqermr90dalynfz3,University of Gothenburg,SITES data portal,2025
2025-165,Swedish University of Agricultural Sciences,DORIS (only metadata),2025
sites-v6n1x9ojyikdhoff5jo5-xhj,University of Gothenburg,SITES data portal,2025
doi-10-5281-zenodo-12567153,Swedish National Heritage Board,RAÄ Heritage Laboratory,2024
doi-10-17197-u25002,Umeå University,Umeå University Centre for Demographic and Ageing Research,2025
doi-10-23695-3m0b-9e75,University of Gothenburg,Språkbanken Text,2025
doi-10-5281-zenodo-17065288,Linköping University,LiU Zenodo,2025
sites-ipomtv4suoevxtlcwarq9dd9,Swedish Polar Research Secretariat,SITES data portal,2025
icos-sweden-txjkbgweoyrgrrvzsjflhz5j,Integrated Carbon Observation System,ICOS Sweden data portal,2025
sites-uskpulrpihvxxswouv7qleal,Swedish Polar Research Secretariat,SITES data portal,2025
doi-10-5281-zenodo-6556750,Royal Institute of Technology,KTH Zenodo,2022
2025-156,University of Gothenburg,DORIS (only metadata),2025
2021-245-1,University of Gothenburg,DORIS,2025
2025-265,Karolinska Institutet,DORIS (only metadata),2025
sites-64hndqk3inj0914bdng2pf-r,University of Gothenburg,SITES data portal,2025
doi-10-17045-sthlmuni-25027709,Stockholm University,Stockholm University Figshare,2025
doi-10-5281-zenodo-17360768,Swedish National Heritage Board,RAÄ Heritage Laboratory,2025
doi-10-5281-zenodo-17350113,Swedish National Heritage Board,RAÄ Heritage Laboratory,2025
doi-10-5281-zenodo-8042256,Blekinge Institute of Technology,BTH Zenodo,2023
2025-91,Swedish University of Agricultural Sciences,DORIS (only metadata),2025
doi-10-5281-zenodo-17158220,Blekinge Institute of Technology,BTH Zenodo,2025
sites-ylfedggliv-c3cyngq9jfia,University of Gothenburg,SITES data portal,2025
2025-221,Kristianstad University,DORIS (only metadata),2025
sites-8vocdvm0tcmkd-tfasqt1fxe,Swedish Polar Research Secretariat,SITES data portal,2025
doi-10-17045-sthlmuni-5173477,Stockholm University,Stockholm University Figshare,2017
sites-iquevql1ev5cltrqqbs-hat-,University of Gothenburg,SITES data portal,2025
sites-e3klsr5p33s2nerr7aw7d2ot,University of Gothenburg,SITES data portal,2025
2025-102,Swedish University of Agricultural Sciences,DORIS (only metadata),2025
doi-10-17045-sthlmuni-27940407,Stockholm University,Stockholm University Figshare,2025
doi-10-23695-7cn4-7126,University of Gothenburg,Språkbanken Text,2025
sites-vjwhtkpxvnojpcggncqe3kx-,University of Gothenburg,SITES data portal,2025
doi-10-5281-zenodo-17358227,Swedish National Heritage Board,RAÄ Heritage Laboratory,2025
icos-sweden-qj02fyyw49jge-bcc855l4z5,Integrated Carbon Observation System,ICOS Sweden data portal,2025
doi-10-17045-sthlmuni-22555663,Stockholm University,Stockholm University Figshare,2025
2024-129,Karolinska Institutet,DORIS (only metadata),2025
2023-303,Swedish Defence University,DORIS (only metadata),2025
doi-10-17044-scilifelab-28172552,Uppsala University,SciLifeLab Data Repository,2025
2025-260,Swedish University of Agricultural Sciences,DORIS (only metadata),2025
sites-ceaygeofyns1e-2zaztwjl3m,University of Gothenburg,SITES data portal,2025
sites-szxgn9tn5pho-ds9pfrdrwoe,Swedish University of Agricultural Sciences,SITES data portal,2025
2025-168,Swedish University of Agricultural Sciences,DORIS (only metadata),2025
icos-sweden-kqhzho9ulrbyuk3tdt-xfgyx,Integrated Carbon Observation System,ICOS Sweden data portal,2025
2025-249,Swedish Polar Research Secretariat,DORIS (only metadata),2025
2025-160,Swedish University of Agricultural Sciences,DORIS (only metadata),2025
doi-10-5281-zenodo-8060722,Blekinge Institute of Technology,BTH Zenodo,2023
doi-10-17045-sthlmuni-27940497,Stockholm University,Stockholm University Figshare,2025
2024-526,University of Gothenburg,DORIS (only metadata),2025
doi-10-23695-xep7-qb64,University of Gothenburg,Språkbanken Text,2024
2025-218,University of Gothenburg,DORIS (only metadata),2025
icos-sweden-epy-0ix-ebjhnj6ckwh-ifjt,Integrated Carbon Observation System,ICOS Sweden data portal,2025
2025-181,Luleå University of Technology,DORIS (only metadata),2025
2025-259,Swedish University of Agricultural Sciences,DORIS (only metadata),2025
doi-10-17045-sthlmuni-29910311,Stockholm University,Stockholm University Figshare,2025
2025-43,University of Gothenburg,DORIS (only metadata),2025
2025-247,Karolinska Institutet,DORIS (only metadata),2025
icos-sweden-3rv1usn90gqisdkg1sr0ojp6,Integrated Carbon Observation System,ICOS Sweden data portal,2025
doi-10-17045-sthlmuni-22557340,Stockholm University,Stockholm University Figshare,2025
doi-10-23695-d24m-ja14,University of Gothenburg,Språkbanken Text,2024
sites-kpxrrook-mn1ltfiq7wbm6r9,University of Gothenburg,SITES data portal,2025
icos-sweden-acr-ep32snhuejj10rda2kcc,Integrated Carbon Observation System,ICOS Sweden data portal,2025
2025-68,Chalmers University of Technology,DORIS (only metadata),2025
doi-10-17044-scilifelab-30084331,Uppsala University,SciLifeLab Data Repository,2025
2025-97,Karolinska Institutet,DORIS (only metadata),2025
sites-lplkozbftbgf1othvu976mts,University of Gothenburg,SITES data portal,2025
sites-xdfol04ixs9ufe-aob3ijhxc,University of Gothenburg,SITES data portal,2025
doi-10-17045-sthlmuni-27940434,Stockholm University,Stockholm University Figshare,2025
doi-10-5281-zenodo-17241303,Swedish National Heritage Board,RAÄ Heritage Laboratory,2025
2025-254,Lund University,DORIS (only metadata),2025
icos-sweden-lja5fnaopfw6nh5f2sw5nm3q,Integrated Carbon Observation System,ICOS Sweden data portal,2025
2025-242,Swedish University of Agricultural Sciences,DORIS (only metadata),2025
2025-86,Karolinska Institutet,DORIS (only metadata),2025
sites-p1fiq4hvycb8fvmsopz9ntn7,University of Gothenburg,SITES data portal,2025
doi-10-17044-scilifelab-30009196,Uppsala University,SciLifeLab Data Repository,2025
2025-183,Swedish University of Agricultural Sciences,DORIS (only metadata),2025
2025-227,Lund University,DORIS (only metadata),2025
gbif-sweden-10-15468-7ek6d9,GBIF Sweden,GBIF Sweden,2025
gbif-sweden-10-15468-tkstjq,Stockholm University,GBIF Sweden,2025
doi-10-17045-sthlmuni-22353466,Stockholm University,Stockholm University Figshare,2025
2025-210,University of Gothenburg,DORIS (only metadata),2025
sites-tbm3vzvomjxzofqkatwxihov,University of Gothenburg,SITES data portal,2025
doi-10-17045-sthlmuni-28616144,Stockholm University,Stockholm University Figshare,2025
icos-sweden-rhc6rihgvxqog67kemg9d-qj,Integrated Carbon Observation System,ICOS Sweden data portal,2025
doi-10-17197-u24007,Umeå University,Umeå University Centre for Demographic and Ageing Research,2025
icos-sweden-atsd0h6zdpqhnj642dcbcnyx,Integrated Carbon Observation System,ICOS Sweden data portal,2025
sites-kpidstjpil0-hffvpu--t4ad,University of Gothenburg,SITES data portal,2025
icos-sweden-ukhjhu8w1dmnu7q00potgfh6,Integrated Carbon Observation System,ICOS Sweden data portal,2025
doi-10-23695-dqdn-zq31,University of Gothenburg,Språkbanken Text,2025
sites-yo-lqvzcuhhfgspsmekmvyx3,University of Gothenburg,SITES data portal,2025
icos-sweden-11psu0cqc1k-eprw37vcieya,Integrated Carbon Observation System,ICOS Sweden data portal,2025
doi-10-5281-zenodo-17525235,Swedish National Heritage Board,RAÄ Heritage Laboratory,2025
doi-10-17045-sthlmuni-29098307,Stockholm University,Stockholm University Figshare,2025
icos-sweden-9v4ph-0kmcanqypzgcq4zlnj,Integrated Carbon Observation System,ICOS Sweden data portal,2025
sites-uqudbwamrvrzrj-c0hkazxxx,University of Gothenburg,SITES data portal,2025
doi-10-17045-sthlmuni-22555564,Stockholm University,Stockholm University Figshare,2025
sites-84u3n2cfbmt6b9c9lf0z8vm4,University of Gothenburg,SITES data portal,2025
sites-srw3sqzfm-i0ta4muczeli6e,University of Gothenburg,SITES data portal,2025
doi-10-17045-sthlmuni-30018595,Stockholm University,Stockholm University Figshare,2025
doi-10-5281-zenodo-8233989,Blekinge Institute of Technology,BTH Zenodo,2023
2025-176,Swedish University of Agricultural Sciences,DORIS (only metadata),2025
2025-273,Karolinska Institutet,DORIS (only metadata),2025
sites-hmmwqhwx0i0suocc-nb-eexr,Swedish Polar Research Secretariat,SITES data portal,2025
icos-sweden-kqkwda5cfzgrhwqq8lo8jg9n,Integrated Carbon Observation System,ICOS Sweden data portal,2025
doi-10-23695-pev8-dx66,University of Gothenburg,Språkbanken Text,2024
doi-10-23695-jz0m-sg71,University of Gothenburg,Språkbanken Text,2025
doi-10-23695-xwz6-jv19,University of Gothenburg,Språkbanken Text,2025
sites-nt3mj9tlvntv-a4i2hfvlsir,University of Gothenburg,SITES data portal,2025
doi-10-23695-6bcv-5386,University of Gothenburg,Språkbanken Text,2024
doi-10-23695-0evp-4557,University of Gothenburg,Språkbanken Text,2024
doi-10-23695-zbf0-wk91,University of Gothenburg,Språkbanken Text,2025
icos-sweden-wsno3ilau8mlcc4msgydv6ym,Integrated Carbon Observation System,ICOS Sweden data portal,2025
doi-10-5281-zenodo-17193077,Linköping University,LiU Zenodo,2025
doi-10-23695-fqh2-af42,University of Gothenburg,Språkbanken Text,2025
2025-155,University of Gothenburg,DORIS (only metadata),2025
doi-10-23695-tdz5-nb96,University of Gothenburg,Språkbanken Text,2025
sites-gzw1tgjn6ajbawhpn8hfmwux,University of Gothenburg,SITES data portal,2025
doi-10-17045-sthlmuni-27939381,Stockholm University,Stockholm University Figshare,2025
icos-sweden-skejar9zuahdq0owxgyepjaf,Integrated Carbon Observation System,ICOS Sweden data portal,2025
2025-175,Karolinska Institutet,DORIS (only metadata),2025
doi-10-17044-scilifelab-30305140,University of Gothenburg,SciLifeLab Data Repository,2025
doi-10-5281-zenodo-13752773,Swedish National Heritage Board,RAÄ Heritage Laboratory,2024
doi-10-23695-fzyd-6m60,University of Gothenburg,Språkbanken Text,2024
doi-10-5281-zenodo-17350872,Swedish National Heritage Board,RAÄ Heritage Laboratory,2025
icos-sweden-txzl5-w10bpfgfajwmgia6u2,Integrated Carbon Observation System,ICOS Sweden data portal,2025
2025-251,Karolinska Institutet,DORIS (only metadata),2025
doi-10-17045-sthlmuni-30040633,Stockholm University,Stockholm University Figshare,2025
2025-281,Chalmers University of Technology,DORIS (only metadata),2025
doi-10-23695-d0b3-6g48,University of Gothenburg,Språkbanken Text,2025
sites-ib-rzm-cz7nuixrofscgpdac,Swedish Polar Research Secretariat,SITES data portal,2025
doi-10-17045-sthlmuni-14696598,Stockholm University,Stockholm University Figshare,2021
doi-10-17044-scilifelab-30042580,Uppsala University,SciLifeLab Data Repository,2025
2025-177,Region Skåne,DORIS (only metadata),2025
sites-jt-9xgwoqtqk8znhqcty8xrx,University of Gothenburg,SITES data portal,2025
doi-10-23695-7qyc-2956,University of Gothenburg,Språkbanken Text,2025
doi-10-17044-scilifelab-30103798,Uppsala University,SciLifeLab Data Repository,2025
2025-108,University of Gothenburg,DORIS (only metadata),2025
2025-255,Swedish University of Agricultural Sciences,DORIS (only metadata),2025
sites-63gyouykjig7d02gpupqztww,University of Gothenburg,SITES data portal,2025
icos-sweden-gc-rzmibbwigyr-sjktjcn2j,Integrated Carbon Observation System,ICOS Sweden data portal,2025
doi-10-17044-scilifelab-29392007,Umeå University,SciLifeLab Data Repository,2025
sites-mlmmgl2dfjl1wakjkoidmywd,University of Gothenburg,SITES data portal,2025
doi-10-17045-sthlmuni-27188004,Stockholm University,Stockholm University Figshare,2025
doi-10-17044-scilifelab-30138382,Uppsala University,SciLifeLab Data Repository,2025
sites-i0uaa46vimwbdpyt9tgekwob,University of Gothenburg,SITES data portal,2025
sites-7bshppvjtckfbyfj18th4jj7,University of Gothenburg,SITES data portal,2025
2025-192,Karolinska Institutet,DORIS (only metadata),2025
doi-10-23695-5xjp-xe08,University of Gothenburg,Språkbanken Text,2024
doi-10-17044-scilifelab-30084340,Uppsala University,SciLifeLab Data Repository,2025
doi-10-17045-sthlmuni-22553326,Stockholm University,Stockholm University Figshare,2025
icos-sweden-kzp-bxpssnxyv01uvv1wugan,Integrated Carbon Observation System,ICOS Sweden data portal,2025
doi-10-5281-zenodo-10572840,Swedish National Heritage Board,RAÄ Heritage Laboratory,2024
icos-sweden-yvkp9vn2o9b8ke8axrv3-qfv,Integrated Carbon Observation System,ICOS Sweden data portal,2025
doi-10-23695-c237-e922,University of Gothenburg,Språkbanken Text,2025
2025-50,University of Gothenburg,DORIS (only metadata),2025
doi-10-17044-scilifelab-30084184,Royal Institute of Technology,SciLifeLab Data Repository,2025
2025-178,Swedish University of Agricultural Sciences,DORIS (only metadata),2025
doi-10-17045-sthlmuni-27020581,Stockholm University,Stockholm University Figshare,2024
doi-10-17045-sthlmuni-26164570,Stockholm University,Stockholm University Figshare,2025
sites-no74djblfauqgd-y4kv3lkm-,University of Gothenburg,SITES data portal,2025
sites-sro2jb1eukvynao4tww0tzmx,University of Gothenburg,SITES data portal,2025
sites-9tnj7aapkgcvino01f02g0p0,University of Gothenburg,SITES data portal,2025
doi-10-17045-sthlmuni-8047259,Stockholm University,Stockholm University Figshare,2019
2025-157,University of Gothenburg,DORIS (only metadata),2025
