Publisher,SourceRepository,YearPublished
Stockholm University,DORIS,2018
Institute for Language and Folklore,DORIS (only metadata),2024
Luleå University of Technology,DORIS,2024
Swedish University of Agricultural Sciences,DORIS,2024
Umeå University,DORIS,2024
Swedish University of Agricultural Sciences,DORIS,2025
RISE Research Institutes of Sweden,DORIS,2022
Swedish University of Agricultural Sciences,DORIS,2022
Luleå University of Technology,DORIS,2022
Lund University,DORIS,2021
Swedish University of Agricultural Sciences,DORIS (only metadata),2022
Karolinska Institutet,DORIS,2022
Swedish University of Agricultural Sciences,DORIS,2022
Mid Sweden University,DORIS,2021
University of Skövde,DORIS,2022
Swedish Institute of Space Physics,DORIS,2020
Swedish University of Agricultural Sciences,DORIS,2023
Uppsala University,DORIS (only metadata),2022
Uppsala University,DORIS (only metadata),2022
University of Tromsø,DORIS (only metadata),2020
Uppsala University,DORIS (only metadata),2020
Uppsala University,DORIS (only metadata),2022
Uppsala University,DORIS (only metadata),2022
Uppsala University,DORIS (only metadata),2022
Uppsala University,DORIS (only metadata),2022
Umeå University,DORIS (only metadata),2021
Umeå University,DORIS (only metadata),2021
Karolinska Institutet,DORIS (only metadata),2015
Uppsala University,DORIS,2012
Uppsala University,DORIS,2012
National Food Agency,DORIS (only metadata),2016
Statistics Sweden,DORIS (only metadata),2011
National Food Agency,DORIS (only metadata),2016
National Food Agency,DORIS (only metadata),2016
Statistics Sweden,DORIS (only metadata),2011
University of Gothenburg,DORIS,2014
"Information not available, contact SND for more information",DORIS,2014
"Information not available, contact SND for more information",DORIS (only metadata),2014
Uppsala University,DORIS,2014
"Faculty of Engineering, Lund University",DORIS,2015
Uppsala University,DORIS (only metadata),2015
Stockholm University,DORIS,2014
Statistics Sweden,DORIS (only metadata),2011
Statistics Sweden,DORIS (only metadata),2011
Statistics Sweden,DORIS (only metadata),2011
Statistics Sweden,DORIS (only metadata),2011
University of Gothenburg,DORIS,2002
Uppsala University,DORIS (only metadata),2011
University of Gothenburg,DORIS (only metadata),2011
Umeå University,DORIS (only metadata),2012
Umeå University,DORIS (only metadata),2012
Umeå University,DORIS (only metadata),2012
Umeå University,DORIS (only metadata),2012
Umeå University,DORIS (only metadata),2012
Uppsala University,DORIS,2014
Uppsala University,DORIS,2014
Uppsala University,DORIS,2014
Uppsala University,DORIS,2014
Uppsala University,DORIS,2014
Arkeologikonsult,DORIS,2014
Uppsala University,DORIS,2014
Uppsala University,DORIS,2014
Arkeologikonsult,DORIS,2014
Uppsala University,DORIS,2014
Uppsala University,DORIS,2014
Uppsala University,DORIS,2014
Uppsala University,DORIS,2014
Uppsala University,DORIS,2014
Uppsala University,DORIS,2014
Umeå University,DORIS (only metadata),2012
Södertörns högskola,DORIS,2011
University of Gothenburg,DORIS (only metadata),2012
Uppsala University,DORIS,2012
Uppsala University,DORIS,2014
Uppsala University,DORIS,2012
Uppsala University,DORIS,2012
Uppsala University,DORIS,2014
Uppsala University,DORIS,2012
Uppsala University,DORIS,2014
Uppsala University,DORIS,2012
Uppsala University,DORIS,2012
Uppsala University,DORIS,2012
Uppsala University,DORIS,2012
Uppsala University,DORIS,2014
Uppsala University,DORIS,2014
Karolinska Institutet,DORIS (only metadata),2012
Karolinska Institutet,DORIS (only metadata),2012
Umeå University,DORIS (only metadata),2012
Uppsala University,DORIS,2014
Uppsala University,DORIS,2014
Uppsala University,DORIS,2014
Karolinska Institutet,DORIS (only metadata),2012
Karolinska Institutet,DORIS (only metadata),2012
Karolinska Institutet,DORIS (only metadata),2012
Karolinska Institutet,DORIS (only metadata),2012
Karolinska Institutet,DORIS (only metadata),2012
Karolinska Institutet,DORIS (only metadata),2012
Uppsala University,DORIS (only metadata),2012
University of Gothenburg,DORIS (only metadata),2013
University of Gothenburg,DORIS (only metadata),2013
University of Gothenburg,DORIS (only metadata),2013
University of Gothenburg,DORIS (only metadata),2013
Uppsala University,DORIS (only metadata),2012
Uppsala University,DORIS (only metadata),2011
Uppsala University,DORIS (only metadata),2011
Uppsala University,DORIS (only metadata),2011
Uppsala University,DORIS,2014
Uppsala University,DORIS,2012
Uppsala University,DORIS,2014
Uppsala University,DORIS,2012
Uppsala University,DORIS,2014
Uppsala University,DORIS,2012
Uppsala University,DORIS,2014
Uppsala University,DORIS,2012
Uppsala University,DORIS,2014
Uppsala University,DORIS,2012
Uppsala University,DORIS,2014
Uppsala University,DORIS,2012
Uppsala University,DORIS,2014
Uppsala University,DORIS,2012
Uppsala University,DORIS,2014
Uppsala University,DORIS,2012
Uppsala University,DORIS,2014
Uppsala University,DORIS,2012
Uppsala University,DORIS,2014
Uppsala University,DORIS,2012
Uppsala University,DORIS,2014
Uppsala University,DORIS,2012
Uppsala University,DORIS,2014
Uppsala University,DORIS,2012
Uppsala University,DORIS,2014
Uppsala University,DORIS,2012
Uppsala University,DORIS,2014
Uppsala University,DORIS,2012
Uppsala University,DORIS,2014
Uppsala University,DORIS,2012
Uppsala University,DORIS,2014
Uppsala University,DORIS,2012
Uppsala University,DORIS,2012
Uppsala University,DORIS,2014
Uppsala University,DORIS,2012
Uppsala University,DORIS,2014
Uppsala University,DORIS,2012
Uppsala University,DORIS,2014
Uppsala University,DORIS,2012
Uppsala University,DORIS,2014
Uppsala University,DORIS,2012
Uppsala University,DORIS,2014
Uppsala University,DORIS,2012
Uppsala University,DORIS,2014
Uppsala University,DORIS,2012
Uppsala University,DORIS,2014
Uppsala University,DORIS,2012
Uppsala University,DORIS,2014
Uppsala University,DORIS,2012
Uppsala University,DORIS,2014
Uppsala University,DORIS,2012
Uppsala University,DORIS,2014
Uppsala University,DORIS,2012
Uppsala University,DORIS,2014
Uppsala University,DORIS,2012
Uppsala University,DORIS,2014
Uppsala University,DORIS,2012
Uppsala University,DORIS,2012
Uppsala University,DORIS,2014
Royal Institute of Technology,DORIS,2018
"Uganda Ministry of Health, AIDS Control Program",DORIS,2019
Stockholm University,DORIS,2018
Lund University,DORIS (only metadata),2018
Stockholm University,DORIS,2020
University of Gothenburg,DORIS,2018
Karolinska Institutet,DORIS,2018
Stockholm University,DORIS,2018
University of Gothenburg,DORIS,2018
Uppsala University,DORIS,2018
Uppsala University,DORIS,2018
Swedish University of Agricultural Sciences,DORIS,2018
Uppsala University,DORIS,2018
Uppsala University,DORIS,2018
Uppsala University,DORIS,2018
Uppsala University,DORIS,2018
Handelshögskolan i Stockholm,DORIS,2018
Handelshögskolan i Stockholm,DORIS,2020
Handelshögskolan i Stockholm,DORIS,2020
Uppsala University,DORIS,2018
Institute for Language and Folklore,DORIS (only metadata),2020
Institute for Language and Folklore,DORIS (only metadata),2020
Institute for Language and Folklore,DORIS (only metadata),2020
Institute for Language and Folklore,DORIS (only metadata),2020
Institute for Language and Folklore,DORIS (only metadata),2020
Institute for Language and Folklore,DORIS (only metadata),2020
Institute for Language and Folklore,DORIS (only metadata),2020
Institute for Language and Folklore,DORIS (only metadata),2020
Institute for Language and Folklore,DORIS (only metadata),2020
Institute for Language and Folklore,DORIS (only metadata),2020
Institute for Language and Folklore,DORIS (only metadata),2020
Umeå University,DORIS (only metadata),2017
Umeå University,DORIS (only metadata),2017
Swedish Institute of Space Physics,DORIS,2019
SMHI - Swedish Meteorological and Hydrological Institute,DORIS,2019
Chalmers University of Technology,DORIS,2019
SMHI - Swedish Meteorological and Hydrological Institute,DORIS,2019
Lund University,DORIS,2019
Stockholm University,DORIS,2019
Umeå University,DORIS (only metadata),2019
Lund University,DORIS,2019
Uppsala University,DORIS,2019
Uppsala University,DORIS,2019
University of Gothenburg,DORIS,2018
Tokyo Metropolitan University,DORIS,2017
Linnaeus University,DORIS,2021
Linnaeus University,DORIS,2017
Linnaeus University,DORIS,2019
Linnaeus University,DORIS,2017
Uppsala University,DORIS,2019
Uppsala University,DORIS,2018
University of Gothenburg,DORIS,2019
University of Gothenburg,DORIS,2019
SMHI - Swedish Meteorological and Hydrological Institute,DORIS,2019
SMHI - Swedish Meteorological and Hydrological Institute,DORIS,2019
Uppsala University,DORIS,2019
Lund University,DORIS,2019
Stockholm University,DORIS,2019
SMHI - Swedish Meteorological and Hydrological Institute,DORIS,2019
University of Gothenburg,DORIS,2019
University of Gothenburg,DORIS,2019
University of Gothenburg,DORIS,2019
Uppsala University,DORIS,2019
University of Gothenburg,DORIS,2019
Umeå University,DORIS,2018
Stockholm University,DORIS,2018
University of Gothenburg,DORIS,2022
Karolinska Institutet,DORIS,2019
Swedish University of Agricultural Sciences,DORIS,2018
University of Gothenburg,DORIS,2019
University of Gothenburg,DORIS,2019
Uppsala University,DORIS,2018
SMHI - Swedish Meteorological and Hydrological Institute,DORIS,2019
Uppsala University,DORIS,2012
Uppsala University,DORIS,2012
Uppsala University,DORIS,2012
Arkeologikonsult,DORIS,2012
Uppsala University,DORIS,2012
Uppsala University,DORIS,2012
Arkeologikonsult,DORIS,2012
Arkeologikonsult,DORIS,2012
Uppsala University,DORIS,2012
Uppsala University,DORIS,2012
Umeå University,DORIS,2010
Arbetslivsinstitutet,DORIS,2007
University of Gothenburg,DORIS,2002
University of Gothenburg,DORIS,2002
Stockholm University,DORIS,2008
Stockholm University,DORIS,2003
University of Gothenburg,DORIS,2002
Linnaeus University,DORIS,2009
Arbetslivsinstitutet,DORIS,2007
Lund University,DORIS,2016
University of Gothenburg,DORIS,2017
University of Gothenburg,DORIS,2017
University of Gothenburg,DORIS,2017
University of Gothenburg,DORIS,2017
University of Gothenburg,DORIS,2017
University of Gothenburg,DORIS,2017
Lund University,DORIS,2016
University of Gothenburg,DORIS,2017
University of Gothenburg,DORIS,2017
University of Gothenburg,DORIS,2017
University of Gothenburg,DORIS,2017
Lund University,DORIS,2019
University of Gothenburg,DORIS,2018
Uppsala University,DORIS,2012
Uppsala University,DORIS,2012
Uppsala University,DORIS,2012
Uppsala University,DORIS,2012
Uppsala University,DORIS,2012
Uppsala University,DORIS,2012
Uppsala University,DORIS,2012
Uppsala University,DORIS,2012
Uppsala University,DORIS,2012
Uppsala University,DORIS,2012
Uppsala University,DORIS,2012
Uppsala University,DORIS,2014
Uppsala University,DORIS,2012
Uppsala University,DORIS,2014
Uppsala University,DORIS,2012
Uppsala University,DORIS,2014
Uppsala University,DORIS,2012
Uppsala University,DORIS,2012
Uppsala University,DORIS,2014
Uppsala University,DORIS,2012
Uppsala University,DORIS,2014
Uppsala University,DORIS,2012
Uppsala University,DORIS,2014
Uppsala University,DORIS,2012
Uppsala University,DORIS,2014
Uppsala University,DORIS,2012
Uppsala University,DORIS,2014
Uppsala University,DORIS,2012
Uppsala University,DORIS,2014
Uppsala University,DORIS,2012
Uppsala University,DORIS,2014
Uppsala University,DORIS,2012
Uppsala University,DORIS,2014
Uppsala University,DORIS,2012
Uppsala University,DORIS,2014
Uppsala University,DORIS,2012
Linköping University,DORIS,2017
Uppsala University,DORIS,2018
Royal Institute of Technology,DORIS,2017
Uppsala University,DORIS,2024
Linköping University,DORIS,2016
Uppsala University,DORIS (only metadata),2022
Linköping University,DORIS,2018
Luleå University of Technology,DORIS (only metadata),2024
Uppsala University,DORIS,2017
Linköping University,DORIS,2022
Swedish University of Agricultural Sciences,DORIS,2024
Linköping University,DORIS,2022
Luleå University of Technology,DORIS,2018
Uppsala University,DORIS,2014
Linköping University,DORIS,2018
Linköping University,DORIS,2018
Royal Institute of Technology,DORIS,2019
Royal Institute of Technology,DORIS,2019
Umeå University,DORIS,2025
Swedish University of Agricultural Sciences,DORIS,2024
University West,DORIS,2022
Swedish University of Agricultural Sciences,DORIS (only metadata),2024
Uppsala University,DORIS,2020
Institute for Language and Folklore,DORIS (only metadata),2020
Malmö University,DORIS,2020
Swedish University of Agricultural Sciences,DORIS,2024
University of Gothenburg,DORIS,2024
Malmö University,DORIS,2020
Karolinska Institutet,DORIS,2024
Uppsala University,DORIS,2021
University of Gothenburg,DORIS,2024
Uppsala University,DORIS,2021
Uppsala University,DORIS,2020
Uppsala University,DORIS,2022
Uppsala University,DORIS,2021
Uppsala University,DORIS (only metadata),2024
Luleå University of Technology,DORIS,2023
Uppsala University,DORIS,2021
Uppsala University,DORIS,2025
University of Gävle,DORIS,2025
University of Gothenburg,DORIS,1992
Religionssociologiska institutet,DORIS,1987
Religionssociologiska institutet,DORIS,1987
Religionssociologiska institutet,DORIS,1987
Religionssociologiska institutet,DORIS,1987
University of Gothenburg,DORIS,1991
University of Gothenburg,DORIS,1991
University of Gothenburg,DORIS,1991
University of Gothenburg,DORIS,1991
University of Gothenburg,DORIS,1991
University of Gothenburg,DORIS,1991
University of Gothenburg,DORIS,1991
University of Gothenburg,DORIS,1991
Uppsala University,DORIS,2021
Uppsala University,DORIS,2022
Uppsala University,DORIS,2020
Royal Institute of Technology,DORIS,2019
Jönköping University,DORIS,2018
Linköping University,DORIS,2018
Umeå University,DORIS,2019
Linköping University,DORIS,2020
Luleå University of Technology,DORIS,2022
Linköping University,DORIS,2021
Uppsala University,DORIS,1983
Uppsala University,DORIS,2023
Uppsala University,DORIS,1984
Stockholm University of the Arts,DORIS,2023
Royal Institute of Technology,DORIS,2019
Uppsala University,DORIS,2021
Uppsala University,DORIS,2024
Uppsala University,DORIS,1984
Uppsala University,DORIS,2024
Uppsala University,DORIS,1984
Uppsala University,DORIS,2024
Uppsala University,DORIS,2022
Uppsala University,DORIS,2020
Uppsala University,DORIS,2020
Uppsala University,DORIS,2020
Jönköping University,DORIS,2016
Linköping University,DORIS,2016
Uppsala University,DORIS,1983
Linköping University,DORIS,2018
Linköping University,DORIS,2016
Linköping University,DORIS,2023
Nordic Institute for Studies in Urban and Regional Planning,DORIS,2025
Lund University,DORIS,2016
Uppsala University,DORIS,2012
University of Gothenburg,DORIS,2017
University of Gothenburg,DORIS,2017
University of Gothenburg,DORIS,2018
University of Gothenburg,DORIS,2017
Uppsala University,DORIS,2012
Swedish Institute in Rome,DORIS,2012
Uppsala University,DORIS,2012
Uppsala University,DORIS,2012
Uppsala University,DORIS,2012
Uppsala University,DORIS,2012
Uppsala University,DORIS,2012
Uppsala University,DORIS,2012
Uppsala University,DORIS,2012
Chalmers University of Technology,DORIS,2021
Uppsala University,DORIS,2017
University of Gothenburg,DORIS (only metadata),2017
SMHI - Swedish Meteorological and Hydrological Institute,DORIS,2021
Arbetslivsinstitutet,DORIS,2006
Stockholm Historical Database,DORIS,1997
Stockholm Historical Database,DORIS,2013
University of Gothenburg,DORIS,2009
Statistics Sweden,DORIS (only metadata),2011
Mid Sweden University,DORIS,2025
Uppsala University,DORIS,2020
Uppsala University,DORIS,2020
Uppsala University,DORIS,2022
Royal Institute of Technology,DORIS,2021
Uppsala University,DORIS,2021
Uppsala University,DORIS,2016
Uppsala University,DORIS,2017
University of Gothenburg,DORIS,2024
Uppsala University,DORIS,2017
Lund University,DORIS,2024
Uppsala University,DORIS,2017
Swedish University of Agricultural Sciences,DORIS,2024
Uppsala University,DORIS,2017
Royal Institute of Technology,DORIS,2021
Uppsala University,DORIS,2018
Uppsala University,DORIS,2012
Uppsala University,DORIS,2012
Uppsala University,DORIS,2014
Uppsala University,DORIS,2014
Uppsala University,DORIS,2012
Uppsala University,DORIS,2014
Uppsala University,DORIS,2012
Uppsala University,DORIS,2014
Uppsala University,DORIS,2012
Uppsala University,DORIS,2014
Uppsala University,DORIS,2012
Uppsala University,DORIS,2014
Uppsala University,DORIS,2012
Uppsala University,DORIS,2014
Uppsala University,DORIS,2012
Uppsala University,DORIS,2014
Uppsala University,DORIS,2012
Uppsala University,DORIS,2014
Uppsala University,DORIS,2012
Uppsala University,DORIS,2012
Uppsala University,DORIS,2014
Uppsala University,DORIS,2012
Uppsala University,DORIS,2014
Uppsala University,DORIS,2012
Uppsala University,DORIS,2014
Uppsala University,DORIS,2012
Uppsala University,DORIS,2014
Uppsala University,DORIS,2012
Uppsala University,DORIS,2014
Uppsala University,DORIS,2012
Uppsala University,DORIS,2014
Uppsala University,DORIS,2014
Uppsala University,DORIS,2012
Uppsala University,DORIS,2013
Uppsala University,DORIS,2013
Uppsala University,DORIS,2012
Uppsala University,DORIS,2012
Uppsala University,DORIS,2012
Uppsala University,DORIS,2012
Uppsala University,DORIS,2012
Uppsala University,DORIS,2012
Uppsala University,DORIS,2012
Uppsala University,DORIS,2013
Uppsala University,DORIS,2012
Uppsala University,DORIS,2012
Uppsala University,DORIS,2012
Uppsala University,DORIS,2012
Uppsala University,DORIS,2012
University of Gothenburg,DORIS,1998
University of Gothenburg,DORIS,1998
University of Tampere,DORIS,1997
University of Gothenburg,DORIS,1996
University of Gothenburg,DORIS,1996
Lund University,DORIS,2022
Linnaeus University,DORIS,2022
Kristianstad University,DORIS,2021
Uppsala University,DORIS (only metadata),2022
University of Gothenburg,DORIS,2020
Lund University,DORIS,2022
Uppsala University,DORIS,2012
Uppsala University,DORIS,2012
Uppsala University,DORIS,2012
Uppsala University,DORIS,2012
Lund University,DORIS,2006
University of Gothenburg,DORIS,2001
Stockholm University,DORIS,1982
Uppsala University,DORIS,2022
Uppsala University,DORIS,2022
Swedish University of Agricultural Sciences,DORIS,2025
Uppsala University,DORIS,2022
Uppsala University,DORIS,2014
Uppsala University,DORIS,2012
Uppsala University,DORIS,2014
Uppsala University,DORIS,2012
Uppsala University,DORIS,2014
Uppsala University,DORIS,2012
Uppsala University,DORIS,2012
Uppsala University,DORIS,2014
Uppsala University,DORIS,2012
Uppsala University,DORIS,2014
Uppsala University,DORIS,2012
Uppsala University,DORIS,2014
Uppsala University,DORIS,2012
Uppsala University,DORIS,2012
Uppsala University,DORIS,2014
Uppsala University,DORIS,2012
Uppsala University,DORIS,2014
Uppsala University,DORIS,2012
Uppsala University,DORIS,2014
Uppsala University,DORIS,2012
Uppsala University,DORIS,2014
Uppsala University,DORIS,2012
Uppsala University,DORIS,2014
Uppsala University,DORIS,2012
Uppsala University,DORIS,2012
Uppsala University,DORIS,2014
Uppsala University,DORIS,2012
Uppsala University,DORIS,2014
Uppsala University,DORIS,2012
Uppsala University,DORIS,2014
Uppsala University,DORIS,2012
Uppsala University,DORIS,2012
Uppsala University,DORIS,2014
Uppsala University,DORIS,2012
Uppsala University,DORIS,2014
Uppsala University,DORIS,2012
Uppsala University,DORIS,2014
Uppsala University,DORIS,2012
Uppsala University,DORIS,2014
Uppsala University,DORIS,2012
Uppsala University,DORIS,2014
Uppsala University,DORIS,2012
Uppsala University,DORIS,2014
Uppsala University,DORIS,2012
Uppsala University,DORIS,2014
Uppsala University,DORIS,2012
Uppsala University,DORIS,2014
Uppsala University,DORIS,2012
Uppsala University,DORIS,2014
Uppsala University,DORIS,2012
Uppsala University,DORIS,2014
Uppsala University,DORIS,2012
Uppsala University,DORIS,2014
Uppsala University,DORIS,2012
Uppsala University,DORIS,2014
Uppsala University,DORIS,2012
"Information not available, contact SND for more information",DORIS,2013
"Information not available, contact SND for more information",DORIS,2013
"Information not available, contact SND for more information",DORIS,2013
Uppsala University,DORIS,2014
Uppsala University,DORIS,2012
Uppsala University,DORIS,2012
Uppsala University,DORIS,2014
Uppsala University,DORIS,2018
Uppsala University,DORIS,2012
Uppsala University,DORIS,2013
Uppsala University,DORIS,2012
Uppsala University,DORIS,2014
Uppsala University,DORIS,2012
Uppsala University,DORIS,2012
Societas Archaeologica Upsaliensis,DORIS,2012
Uppsala University,DORIS,2012
Uppsala University,DORIS,2014
Uppsala University,DORIS,2012
Uppsala University,DORIS,2012
Uppsala University,DORIS,2012
Uppsala University,DORIS,2014
Uppsala University,DORIS,2012
University of Gothenburg,DORIS,1994
University of Gothenburg,DORIS,1995
University of Gothenburg,DORIS,1995
Stockholm University,DORIS,1995
Stockholm University,DORIS,1995
Umeå University,DORIS,1993
University of Gothenburg,DORIS,1992
Swedish University of Agricultural Sciences,DORIS,2023
University of Gothenburg,DORIS (only metadata),2024
Linnaeus University,DORIS,2021
University of Gothenburg,DORIS,2024
Uppsala University,DORIS,2018
Chalmers University of Technology,DORIS,2024
University of Gothenburg,DORIS,2024
University of Gothenburg,DORIS,2024
Mid Sweden University,DORIS,2017
University of Gothenburg,DORIS,2024
Stockholm University,DORIS,2023
Swedish University of Agricultural Sciences,DORIS,2023
Umeå University,DORIS,2024
Chalmers University of Technology,DORIS,2024
University of Gothenburg,DORIS,2025
Luleå University of Technology,DORIS,2023
Lund University,DORIS,2023
Swedish University of Agricultural Sciences,DORIS,2024
Karolinska Institutet,DORIS,2023
Swedish University of Agricultural Sciences,DORIS (only metadata),2023
University of Gävle,DORIS,2023
Swedish Geotechnical Institute,DORIS,2024
Stockholm University,DORIS,2023
Stockholm University,DORIS,2024
Stockholm University,DORIS,2024
Swedish University of Agricultural Sciences,DORIS,2024
Uppsala University,DORIS,2024
Swedish University of Agricultural Sciences,DORIS,2022
Umeå University,DORIS,2024
Uppsala University,DORIS,2025
Swedish University of Agricultural Sciences,DORIS,2025
Luleå University of Technology,DORIS,2025
Swedish University of Agricultural Sciences,DORIS,2025
Linköping University,DORIS,2023
Linköping University,DORIS,2020
Swedish University of Agricultural Sciences,DORIS,2024
Royal Institute of Technology,DORIS,2019
Karolinska Institutet,DORIS,2020
Swedish University of Agricultural Sciences,DORIS,2019
Stockholm University,DORIS,2021
Stockholm University,DORIS (only metadata),2020
University of Borås,DORIS,2019
Umeå University,DORIS (only metadata),2013
University of Gothenburg,DORIS,2019
Stockholm University,DORIS,2019
University of Gothenburg,DORIS,2019
Swedish University of Agricultural Sciences,DORIS,2019
Swedish University of Agricultural Sciences,DORIS,2019
Uppsala University,DORIS (only metadata),2015
University of Gothenburg,DORIS,2014
Uppsala University,DORIS (only metadata),2015
Uppsala University,DORIS (only metadata),2015
Uppsala University,DORIS (only metadata),2015
Uppsala University,DORIS (only metadata),2015
Uppsala University,DORIS,2014
Uppsala University,DORIS,2014
Karolinska Institutet,DORIS,2013
Uppsala University,DORIS,2014
Uppsala University,DORIS,2021
Uppsala University,DORIS,2022
Swedish University of Agricultural Sciences,DORIS,2024
University of Gothenburg,DORIS,2024
University of Gothenburg,DORIS,2024
University of Gothenburg,DORIS,2024
Uppsala University,DORIS (only metadata),2024
Uppsala University,DORIS,2021
Örebro University,DORIS,2018
Uppsala University,DORIS,2021
Uppsala University,DORIS,2021
Lund University,DORIS,2024
Linköping University,DORIS,2024
Uppsala University,DORIS,2021
Uppsala University,DORIS,2020
Örebro University,DORIS (only metadata),2024
Uppsala University,DORIS,2021
Uppsala University,DORIS,2024
Statistics Sweden,DORIS (only metadata),2011
Uppsala University,DORIS,2020
Uppsala University,DORIS,2020
Uppsala University,DORIS,2022
University of Gothenburg,DORIS,2024
University of Gothenburg,DORIS (only metadata),2013
Jönköping University,DORIS,2020
University of Gothenburg,DORIS,2024
Uppsala University,DORIS,2022
Lund University,DORIS,2021
Kristianstad University,DORIS,2020
University of Skövde,DORIS (only metadata),2021
Lund University,DORIS,2020
Umeå University,DORIS (only metadata),2021
SMHI - Swedish Meteorological and Hydrological Institute,DORIS,2022
Umeå University,DORIS (only metadata),2021
Umeå University,DORIS (only metadata),2021
Umeå University,DORIS (only metadata),2021
Umeå University,DORIS (only metadata),2021
Huddinge municipality,DORIS,2020
Swedish University of Agricultural Sciences,DORIS,2021
Swedish University of Agricultural Sciences,DORIS,2021
Linnaeus University,DORIS,2022
Stockholm University,DORIS,2021
Umeå University,DORIS (only metadata),2021
Umeå University,DORIS (only metadata),2021
Umeå University,DORIS (only metadata),2021
Swedish University of Agricultural Sciences,DORIS,2021
SMHI - Swedish Meteorological and Hydrological Institute,DORIS (only metadata),2021
Royal Institute of Technology,DORIS,2021
Uppsala University,DORIS,2020
Uppsala University,DORIS,2017
Uppsala University,DORIS,2020
Uppsala University,DORIS,2020
Uppsala University,DORIS,2016
Uppsala University,DORIS,2021
Royal Institute of Technology,DORIS,2019
Uppsala University,DORIS,2017
Royal Institute of Technology,DORIS,2019
Uppsala University,DORIS,2014
Uppsala University,DORIS,2012
Uppsala University,DORIS,2014
Uppsala University,DORIS,2012
Uppsala University,DORIS,2014
Uppsala University,DORIS,2012
Uppsala University,DORIS,2014
Uppsala University,DORIS,2012
Uppsala University,DORIS,2012
Uppsala University,DORIS,2014
Uppsala University,DORIS,2012
Uppsala University,DORIS,2014
Uppsala University,DORIS,2014
Uppsala University,DORIS,2012
Uppsala University,DORIS,2014
Uppsala University,DORIS,2012
Uppsala University,DORIS,2014
Uppsala University,DORIS,2012
Uppsala University,DORIS,2014
Uppsala University,DORIS,2012
Uppsala University,DORIS,2014
Uppsala University,DORIS,2012
Uppsala University,DORIS,2014
Uppsala University,DORIS,2012
Uppsala University,DORIS,2014
Uppsala University,DORIS,2012
Uppsala University,DORIS,2014
Uppsala University,DORIS,2012
Uppsala University,DORIS,2014
Uppsala University,DORIS,2012
Uppsala University,DORIS,2014
Uppsala University,DORIS,2012
Uppsala University,DORIS,2014
Uppsala University,DORIS,2012
Uppsala University,DORIS,2014
Uppsala University,DORIS,2012
Uppsala University,DORIS,2014
Uppsala University,DORIS,2012
Uppsala University,DORIS,2014
Uppsala University,DORIS,2012
Uppsala University,DORIS,2014
Uppsala University,DORIS,2012
Uppsala University,DORIS,2014
Uppsala University,DORIS,2012
Uppsala University,DORIS,2014
Uppsala University,DORIS,2012
Uppsala University,DORIS,2014
Uppsala University,DORIS,2012
Uppsala University,DORIS,2014
Uppsala University,DORIS,2012
Uppsala University,DORIS,2014
Uppsala University,DORIS,2012
Uppsala University,DORIS,2014
Uppsala University,DORIS,2012
Uppsala University,DORIS,2014
Uppsala University,DORIS,2012
Uppsala University,DORIS,2014
Uppsala University,DORIS,2012
Uppsala University,DORIS,2012
Uppsala University,DORIS,2012
Uppsala University,DORIS,2014
Uppsala University,DORIS,2012
Uppsala University,DORIS,2014
Uppsala University,DORIS,2012
Uppsala University,DORIS,2014
Uppsala University,DORIS,2012
Uppsala University,DORIS,2014
Uppsala University,DORIS,2012
Uppsala University,DORIS,2014
Uppsala University,DORIS,2012
Uppsala University,DORIS,2014
Uppsala University,DORIS,2012
Uppsala University,DORIS,2014
Uppsala University,DORIS,2012
Uppsala University,DORIS,2014
Uppsala University,DORIS,2012
Uppsala University,DORIS,2014
Uppsala University,DORIS,2012
Uppsala University,DORIS,2014
Uppsala University,DORIS,2012
Uppsala University,DORIS,2014
Uppsala University,DORIS,2012
Uppsala University,DORIS,2014
Uppsala University,DORIS,2012
Uppsala University,DORIS,2014
Uppsala University,DORIS,2012
Uppsala University,DORIS,2014
Uppsala University,DORIS,2012
Uppsala University,DORIS,2014
Uppsala University,DORIS,2014
Uppsala University,DORIS,2014
Norrbotten County Council,DORIS (only metadata),2017
Swedish University of Agricultural Sciences,DORIS,2022
University of Gothenburg,DORIS,2024
Swedish University of Agricultural Sciences,DORIS (only metadata),2022
University of Gothenburg,DORIS (only metadata),2017
Stockholm University,DORIS (only metadata),2016
Uppsala University,DORIS,2022
Stockholm University,DORIS (only metadata),2015
University of Gothenburg,DORIS,2022
University of Gothenburg,DORIS (only metadata),2014
University of Gothenburg,DORIS (only metadata),2023
University of Gothenburg,DORIS (only metadata),2023
University of Gothenburg,DORIS (only metadata),2012
Swedish University of Agricultural Sciences,DORIS (only metadata),2022
University of Gothenburg,DORIS (only metadata),2012
Swedish University of Agricultural Sciences,DORIS (only metadata),2022
Uppsala University,DORIS (only metadata),2012
University of Gothenburg,DORIS (only metadata),2012
Swedish Institute of Space Physics,DORIS,2023
Riksteatern,DORIS (only metadata),2012
Umeå University,DORIS (only metadata),2011
Karolinska Institutet,DORIS,2023
University of Gothenburg,DORIS,2002
Karolinska Institutet,DORIS,2022
University of Gothenburg,DORIS,2002
University of Gothenburg,DORIS,2002
​SAMBAH – Static Acoustic Monitoring of the Baltic Sea Harbour Porpoise,DORIS,2017
Lund University,DORIS,2017
Chalmers University of Technology,DORIS,2017
Karolinska Institutet,DORIS,2019
Lund University,DORIS,2017
Lund University,DORIS,2017
Lund University,DORIS,2017
University of Gothenburg,DORIS,2018
Uppsala University,DORIS,2018
University of Gothenburg,DORIS,2018
Uppsala University,DORIS,2018
Uppsala University,DORIS,2018
Uppsala University,DORIS,2018
Uppsala University,DORIS,2018
Uppsala University,DORIS,2018
University of Gothenburg,DORIS (only metadata),2014
University of Gothenburg,DORIS (only metadata),2014
University of Gothenburg,DORIS (only metadata),2014
Lund University,DORIS,2014
University of Gothenburg,DORIS,2014
University of Gothenburg,DORIS,2014
Stockholm Gerontology Research Center Foundation,DORIS (only metadata),2016
Stockholm Gerontology Research Center Foundation,DORIS (only metadata),2016
"Information not available, contact SND for more information",DORIS,2022
Linköping University,DORIS,2021
University of Gothenburg,DORIS,2024
Swedish University of Agricultural Sciences,DORIS,2024
Linköping University,DORIS,2023
Linköping University,DORIS,2023
Institute for Language and Folklore,DORIS (only metadata),2020
Swedish University of Agricultural Sciences,DORIS,2024
Karolinska Institutet,DORIS (only metadata),2012
Swedish University of Agricultural Sciences,DORIS,2024
Uppsala University,DORIS,2021
Linköping University,DORIS,2020
Uppsala University,DORIS,2024
Swedish University of Agricultural Sciences,DORIS,2025
Uppsala University,DORIS,2021
Uppsala University,DORIS (only metadata),2024
University of Gothenburg,DORIS,2024
Uppsala University,DORIS,2018
University of Gothenburg,DORIS,2024
Swedish University of Agricultural Sciences,DORIS,2019
Lund University,DORIS,2024
University of Borås,DORIS (only metadata),2024
Swedish University of Agricultural Sciences,DORIS,2025
Stockholm University,DORIS,2025
Swedish National Road and Transport Research Institute,DORIS (only metadata),2024
Stockholm University,DORIS,2017
Umeå University,DORIS (only metadata),2017
Uppsala University,DORIS,2025
Luleå University of Technology,DORIS (only metadata),2024
Region Uppsala,DORIS (only metadata),2011
University of Borås,DORIS (only metadata),2024
Uppsala University,DORIS,2024
Karolinska Institutet,DORIS,2025
Umeå University,DORIS,2016
Royal Institute of Technology,DORIS (only metadata),2024
Linköping University,DORIS,2018
Linköping University,DORIS,2018
Uppsala University,DORIS,2014
Stockholm University,DORIS,2024
Södertörns högskola,DORIS,2023
Uppsala University,DORIS,2018
Uppsala University,DORIS,2018
Uppsala University,DORIS,2023
Uppsala University,DORIS,2017
Uppsala University,DORIS,2017
Uppsala University,DORIS,2019
Swedish University of Agricultural Sciences,DORIS,2019
Uppsala University,DORIS,2019
Uppsala University,DORIS,2020
University of Gothenburg,DORIS,2024
Uppsala University,DORIS,2019
Uppsala University,DORIS,2018
Karolinska Institutet,DORIS,2023
Uppsala University,DORIS,2018
Umeå University,DORIS,2024
Uppsala University,DORIS,2019
Uppsala University,DORIS,2020
Uppsala University,DORIS,2020
Uppsala University,DORIS,2020
University of Gothenburg,DORIS,2023
Uppsala University,DORIS,2020
Uppsala University,DORIS,2020
Södertörns högskola,DORIS,2023
Luleå University of Technology,DORIS,2023
Uppsala University,DORIS,2019
Uppsala University,DORIS,2020
Uppsala University,DORIS,2020
Uppsala University,DORIS,2020
Stockholm University,DORIS,2023
Uppsala University,DORIS,2019
Chalmers University of Technology,DORIS,2023
Uppsala University,DORIS,2019
Uppsala University,DORIS,2019
Uppsala University,DORIS,2019
Chalmers University of Technology,DORIS,2025
University of Gothenburg,DORIS,2024
Uppsala University,DORIS (only metadata),2019
University of Gothenburg,DORIS,2024
Swedish University of Agricultural Sciences,DORIS,2024
University of Gothenburg,DORIS,2023
Lund University,DORIS,2022
Uppsala University,DORIS,2024
Swedish University of Agricultural Sciences,DORIS,2024
Karolinska Institutet,DORIS,2024
Uppsala University,DORIS,2024
Uppsala University,DORIS,2019
Uppsala University,DORIS,2012
Södertörns högskola,DORIS,2023
Örebro University,DORIS,2024
Lund University,DORIS,2023
University of Gothenburg,DORIS,2024
Swedish University of Agricultural Sciences,DORIS,2024
University of Gothenburg,DORIS,2024
Uppsala University,DORIS,2024
University College Stockholm,DORIS,2024
Chalmers University of Technology,DORIS,2024
Umeå University,DORIS,2024
University of Gothenburg,DORIS,2025
Swedish University of Agricultural Sciences,DORIS,2024
Swedish University of Agricultural Sciences,DORIS (only metadata),2024
Uppsala University,DORIS,2024
Uppsala University,DORIS,2025
University of Skövde,DORIS,2024
Swedish University of Agricultural Sciences,DORIS,2024
Lund University,DORIS,2023
Uppsala University,DORIS,2024
Chalmers University of Technology,DORIS,2024
Lund University,DORIS,2024
University of Gothenburg,DORIS,2024
University of Gothenburg,DORIS,2024
Uppsala University,DORIS,2014
Umeå University,DORIS,2024
University of Gothenburg,DORIS,2023
Uppsala University,DORIS,2024
Swedish University of Agricultural Sciences,DORIS,2024
Umeå University,DORIS,2022
Uppsala University,DORIS,2024
University of Gothenburg,DORIS,2024
Uppsala University,DORIS,2024
Karolinska Institutet,DORIS,2024
Lund University,DORIS,2020
Swedish University of Agricultural Sciences,DORIS,2024
Karolinska Institutet,DORIS,2024
Uppsala University,DORIS,2016
Uppsala University,DORIS,2018
Karolinska Institutet,DORIS,2024
Uppsala University,DORIS,2018
Uppsala University,DORIS,2017
Stockholm University,DORIS,2023
Uppsala University,DORIS,2017
Lund University,DORIS,2022
University of Gävle,DORIS,2024
Swedish University of Agricultural Sciences,DORIS,2024
Umeå University,DORIS,2024
Uppsala University,DORIS,2018
University of Gothenburg,DORIS,2020
Swedish University of Agricultural Sciences,DORIS,2024
Örebro University,DORIS,2024
Linnaeus University,DORIS,2025
Lund University,DORIS,2024
Swedish University of Agricultural Sciences,DORIS (only metadata),2024
Swedish Institute of Space Physics,DORIS,2024
Halmstad University,DORIS,2024
Karlstad University,DORIS,2024
Swedish University of Agricultural Sciences,DORIS,2023
Linnaeus University,DORIS,2020
Chalmers University of Technology,DORIS,2024
Chalmers University of Technology,DORIS,2024
Södertörns högskola,DORIS,2023
Uppsala University,DORIS,2024
Huddinge municipality,DORIS,2023
Stockholm University,DORIS,2023
Royal Institute of Technology,DORIS,2018
Lund University,DORIS,2023
Södertörns högskola,DORIS,2023
University of Borås,DORIS (only metadata),2023
Stockholm University,DORIS,2023
Södertörns högskola,DORIS,2023
Swedish University of Agricultural Sciences,DORIS,2024
Uppsala University,DORIS,2014
Uppsala University,DORIS,2023
University of Skövde,DORIS,2024
Uppsala University,DORIS,2024
University of Gothenburg,DORIS,2024
Umeå University,DORIS,2023
Uppsala University,DORIS,2023
Lund University,DORIS,2024
Stockholm University,DORIS,2021
Stockholm University,DORIS,2021
University of Gothenburg,DORIS,2021
University of Gothenburg,DORIS,2021
Karolinska Institutet,DORIS,2021
"Information not available, contact SND for more information",DORIS (only metadata),2021
Chalmers University of Technology,DORIS,2021
Swedish University of Agricultural Sciences,DORIS,2021
University of Gothenburg,DORIS,2021
Chalmers University of Technology,DORIS,2021
Swedish University of Agricultural Sciences,DORIS,2021
Swedish National Data Service,DORIS,2021
Karlstad University,DORIS,2023
Chalmers University of Technology,DORIS,2024
University of Gothenburg,DORIS,2005
Swedish University of Agricultural Sciences,DORIS,2021
Institute for Language and Folklore,DORIS (only metadata),2023
University of Gothenburg,DORIS (only metadata),1995
Luleå University of Technology,DORIS,2023
Swedish University of Agricultural Sciences,DORIS (only metadata),2023
Lund University,DORIS,2023
Linnaeus University,DORIS,2023
Umeå University,DORIS,2023
Linnaeus University,DORIS,2023
Luleå University of Technology,DORIS,2023
Luleå University of Technology,DORIS,2024
Mid Sweden University,DORIS,2017
Uppsala University,DORIS,2017
Luleå University of Technology,DORIS,2022
Institute for Future Studies,DORIS,2020
Chalmers University of Technology,DORIS,2023
Institute for Future Studies,DORIS,2020
Institute for Future Studies,DORIS,2020
Institute for Future Studies,DORIS,2020
Uppsala University,DORIS,2022
Swedish University of Agricultural Sciences,DORIS,2022
Swedish University of Agricultural Sciences,DORIS,2022
RISE Research Institutes of Sweden,DORIS,2022
Swedish University of Agricultural Sciences,DORIS,2022
University of Gothenburg,DORIS,2021
Swedish University of Agricultural Sciences,DORIS,2022
Swedish University of Agricultural Sciences,DORIS,2022
University of Gothenburg,DORIS (only metadata),1995
University of Gothenburg,DORIS (only metadata),1995
Swedish University of Agricultural Sciences,DORIS,2021
Chalmers University of Technology,DORIS,2021
University of Gothenburg,DORIS (only metadata),1995
Swedish University of Agricultural Sciences,DORIS (only metadata),2021
Lund University,DORIS,2021
University of Gothenburg,DORIS,2021
Umeå University,DORIS (only metadata),2021
University West,DORIS,2022
Swedish Institute of Space Physics,DORIS,2022
RISE Research Institutes of Sweden,DORIS,2020
University of Gothenburg,DORIS,2021
European Centre for Medium-Range Weather Forecasts (ECMWF),DORIS (only metadata),2020
Lund University,DORIS (only metadata),2020
Swedish University of Agricultural Sciences,DORIS,2021
Umeå University,DORIS,2021
Umeå University,DORIS,2021
Umeå University,DORIS,2021
Umeå University,DORIS,2021
Umeå University,DORIS,2021
Stockholm University,DORIS,2021
Umeå University,DORIS (only metadata),2021
University of Gothenburg,DORIS (only metadata),1995
University of Gothenburg,DORIS,2022
University of Gothenburg,DORIS (only metadata),1995
University of Gothenburg,DORIS (only metadata),1995
University of Gothenburg,DORIS (only metadata),1995
Stockholm University,DORIS,2021
University of Gothenburg,DORIS,2022
University of Gothenburg,DORIS,2021
Swedish University of Agricultural Sciences,DORIS,2021
Umeå University,DORIS,2021
Umeå University,DORIS,2022
Örebro University,DORIS,2023
Lund University,DORIS,2021
Luleå University of Technology,DORIS,2021
SMHI - Swedish Meteorological and Hydrological Institute,DORIS,2021
Luleå University of Technology,DORIS,2021
Stockholm University,DORIS,2021
Stockholm University,DORIS,2021
Stockholm University,DORIS,2021
Stockholm University,DORIS,2017
Stockholm University,DORIS,2021
Stockholm University,DORIS,2017
Stockholm University,DORIS,2017
University of Gothenburg,DORIS,2017
Karolinska Institutet,DORIS,2017
Stockholm University,DORIS,2017
"Faculty of Engineering, Lund University",DORIS,2018
"Faculty of Engineering, Lund University",DORIS,2018
Stockholm University,DORIS,2017
University of Gothenburg,DORIS,2017
Swedish University of Agricultural Sciences,DORIS,2024
University of Gothenburg,DORIS,2023
Umeå University,DORIS (only metadata),2014
Umeå University,DORIS (only metadata),2014
Karolinska Institutet,DORIS,2023
University of Gothenburg,DORIS,2002
University of Gothenburg,DORIS,2002
University of Gothenburg,DORIS,2023
University of Gothenburg,DORIS,2002
University of Gothenburg,DORIS,2024
Luleå University of Technology,DORIS,2023
Umeå University,DORIS,2023
Swedish University of Agricultural Sciences,DORIS,2022
Swedish University of Agricultural Sciences,DORIS,2023
Swedish University of Agricultural Sciences,DORIS,2023
Luleå University of Technology,DORIS,2023
University of Gothenburg,DORIS,2023
Swedish University of Agricultural Sciences,DORIS,2023
Karolinska Institutet,DORIS,2023
Swedish University of Agricultural Sciences,DORIS (only metadata),2024
University of Gothenburg,DORIS,2023
Swedish University of Agricultural Sciences,DORIS,2023
Stockholm University,DORIS,2023
Swedish University of Agricultural Sciences,DORIS,2023
Swedish University of Agricultural Sciences,DORIS,2024
Uppsala University,DORIS,2024
Swedish University of Agricultural Sciences,DORIS,2023
Institute for Language and Folklore,DORIS (only metadata),2023
Lund University,DORIS,2022
Swedish University of Agricultural Sciences,DORIS,2023
Institute for Language and Folklore,DORIS (only metadata),2022
"M 2022:03, Stärkta incitament för utbyggd vindkraft",DORIS,2023
"M 2022:03, Stärkta incitament för utbyggd vindkraft",DORIS,2023
Swedish University of Agricultural Sciences,DORIS,2023
"M 2022:03, Stärkta incitament för utbyggd vindkraft",DORIS,2023
Swedish University of Agricultural Sciences,DORIS,2023
Swedish University of Agricultural Sciences,DORIS (only metadata),2023
Swedish University of Agricultural Sciences,DORIS (only metadata),2023
Lund University,DORIS,2023
University of Gothenburg,DORIS,2023
University of Gothenburg,DORIS,2022
University of Gothenburg,DORIS,2006
University of Gothenburg,DORIS,2002
University of Gothenburg,DORIS,1992
University of Gothenburg,DORIS,2001
University of Gothenburg,DORIS,2001
University of Gothenburg,DORIS,2002
University of Gothenburg,DORIS,2002
Stockholm University,DORIS (only metadata),2007
Stockholm University,DORIS (only metadata),2007
Linköping University,DORIS (only metadata),2024
Stockholm University,DORIS (only metadata),2007
Stockholm University,DORIS (only metadata),2007
Linnaeus University,DORIS,2008
University of Gothenburg,DORIS,2002
University of Gothenburg,DORIS,2008
University of Gothenburg,DORIS,2008
University of Gothenburg,DORIS,2008
University of Gothenburg,DORIS,2008
University of Gothenburg,DORIS,2009
University of Gothenburg,DORIS,2009
University of Gothenburg,DORIS,2009
University of Gothenburg,DORIS,2010
University of Gothenburg,DORIS,2010
University of Gothenburg,DORIS,2010
University of Gothenburg,DORIS,2013
University of Gothenburg,DORIS,2009
University of Gothenburg,DORIS,2009
University of Gothenburg,DORIS,2009
University of Gothenburg,DORIS,2010
Umeå University,DORIS,2025
Swedish University of Agricultural Sciences,DORIS (only metadata),2023
Swedish University of Agricultural Sciences,DORIS (only metadata),2023
Swedish University of Agricultural Sciences,DORIS (only metadata),2024
Swedish University of Agricultural Sciences,DORIS (only metadata),2024
Lund University,DORIS,2025
Lund University,DORIS,1987
Lund University,DORIS,1987
Lund University,DORIS,1988
Lund University,DORIS,1988
University of Gothenburg,DORIS,2025
University of Gothenburg,DORIS,1991
University of Gothenburg,DORIS,1991
Swedish Institute of Space Physics,DORIS,2025
Swedish Institute of Space Physics,DORIS,2024
Swedish Institute of Space Physics,DORIS,2024
University of Gothenburg,DORIS,2025
University of Gothenburg,DORIS,2013
University of Gothenburg,DORIS,2013
University of Gothenburg,DORIS,2012
University of Gothenburg,DORIS,2012
University of Gothenburg,DORIS,2014
Stockholm University,DORIS,2025
Uppsala University,DORIS,2025
Uppsala University,DORIS,2014
Uppsala University,DORIS,2014
University of Gothenburg,DORIS,2023
Lund University,DORIS,2025
Lund University,DORIS,2014
Lund University,DORIS,2015
Lund University,DORIS,2014
Lund University,DORIS,2015
Lund University,DORIS,2025
Uppsala University,DORIS,2025
Uppsala University,DORIS,2025
"Information not available, contact SND for more information",DORIS,2025
"Information not available, contact SND for more information",DORIS,2015
"Information not available, contact SND for more information",DORIS,2015
Swedish University of Agricultural Sciences,DORIS,2025
Umeå University,DORIS,2025
Swedish University of Agricultural Sciences,DORIS,2025
Swedish University of Agricultural Sciences,DORIS,2025
University of Gothenburg,DORIS,2024
Uppsala University,DORIS,2014
Uppsala University,DORIS,2014
Uppsala University,DORIS,2014
Uppsala University,DORIS,2014
Uppsala University,DORIS,2014
Uppsala University,DORIS,2014
Uppsala University,DORIS,2014
Uppsala University,DORIS,2014
Uppsala University,DORIS,2014
Uppsala University,DORIS,2014
Uppsala University,DORIS,2014
Uppsala University,DORIS,2014
Uppsala University,DORIS,2014
Uppsala University,DORIS,2014
Uppsala University,DORIS,2014
Uppsala University,DORIS,2014
Uppsala University,DORIS,2014
Uppsala University,DORIS,2014
Uppsala University,DORIS,2014
Uppsala University,DORIS,2014
Uppsala University,DORIS,2014
Uppsala University,DORIS,2014
Uppsala University,DORIS,2014
Uppsala University,DORIS,2014
Uppsala University,DORIS,2014
Uppsala University,DORIS,2014
Uppsala University,DORIS,2014
Uppsala University,DORIS,2012
Uppsala University,DORIS,2012
Uppsala University,DORIS,2014
Uppsala University,DORIS,2012
Uppsala University,DORIS,2012
Uppsala University,DORIS,2014
Uppsala University,DORIS,2014
Uppsala University,DORIS,2014
Uppsala University,DORIS,2014
Uppsala University,DORIS,2014
Uppsala University,DORIS,2014
Uppsala University,DORIS,2014
Uppsala University,DORIS,2014
Uppsala University,DORIS,2014
Uppsala University,DORIS,2014
Uppsala University,DORIS,2014
Uppsala University,DORIS,2014
Uppsala University,DORIS,2014
Uppsala University,DORIS,2014
Uppsala University,DORIS,2014
Uppsala University,DORIS,2014
Uppsala University,DORIS,2014
Uppsala University,DORIS,2014
Uppsala University,DORIS,2014
Uppsala University,DORIS,2014
Uppsala University,DORIS,2020
Uppsala University,DORIS,2014
Uppsala University,DORIS,2014
Sörmland County Museum,DORIS,2014
Uppsala University,DORIS,2014
Uppsala University,DORIS,2014
Uppsala University,DORIS,2014
Uppsala University,DORIS,2014
Uppsala University,DORIS,2014
Uppsala University,DORIS,2014
Uppsala University,DORIS,2014
Uppsala University,DORIS,2014
Uppsala University,DORIS,2018
Uppsala University,DORIS,2014
Uppsala University,DORIS,2014
Uppsala University,DORIS,2015
Uppsala University,DORIS,2014
Uppsala University,DORIS,2014
Uppsala University,DORIS,2014
Uppsala University,DORIS,2014
Uppsala University,DORIS,2014
Uppsala University,DORIS,2014
Uppsala University,DORIS,2014
Uppsala University,DORIS,2014
Uppsala University,DORIS,2014
Uppsala University,DORIS,2014
Uppsala University,DORIS,2015
Uppsala University,DORIS,2015
Uppsala University,DORIS,2017
Uppsala University,DORIS,2017
Uppsala University,DORIS,2015
Uppsala University,DORIS,2017
Uppsala University,DORIS,2019
Uppsala University,DORIS,2020
Uppsala University,DORIS,2017
Uppsala University,DORIS,2017
Uppsala University,DORIS,2014
Uppsala University,DORIS,2024
Uppsala University,DORIS,2014
Uppsala University,DORIS,2014
Arkeologikonsult,DORIS,2014
Karolinska Institutet,DORIS (only metadata),2015
Luleå University of Technology,DORIS,2025
Luleå University of Technology,DORIS,2022
Luleå University of Technology,DORIS,2022
Norwegian Institute for Nature Research - NINA,DORIS,2025
University of Gothenburg,DORIS,2025
Uppsala University,DORIS,2024
Uppsala University,DORIS,2024
Uppsala University,DORIS,2014
Uppsala University,DORIS,2014
Uppsala University,DORIS,2014
Uppsala University,DORIS,2014
Uppsala University,DORIS,2014
Uppsala University,DORIS,2014
Uppsala University,DORIS,2014
Uppsala University,DORIS,2025
Uppsala University,DORIS,2014
Uppsala University,DORIS,2014
Uppsala University,DORIS,2014
Uppsala University,DORIS,2014
Uppsala University,DORIS,2014
Uppsala University,DORIS,2014
Uppsala University,DORIS,2014
Uppsala University,DORIS,2014
Uppsala University,DORIS,2014
Uppsala University,DORIS,2014
Uppsala University,DORIS,2014
Uppsala University,DORIS,2014
Uppsala University,DORIS,2014
Uppsala University,DORIS,2014
Uppsala University,DORIS,2014
Uppsala University,DORIS,2014
Uppsala University,DORIS,2014
Uppsala University,DORIS,2014
Uppsala University,DORIS,2014
Uppsala University,DORIS,2014
Uppsala University,DORIS,2014
Uppsala University,DORIS,2015
Uppsala University,DORIS,2016
Uppsala University,DORIS,2015
Uppsala University,DORIS,2015
Uppsala University,DORIS,2015
Uppsala University,DORIS,2016
Uppsala University,DORIS,2015
Uppsala University,DORIS,2016
Uppsala University,DORIS,2015
Uppsala University,DORIS,2015
Uppsala University,DORIS,2015
Swedish University of Agricultural Sciences,DORIS,2025
Scania CV AB,DORIS,2024
Scania CV AB,DORIS,2024
Scania CV AB,DORIS,2025
University of Gothenburg,Språkbanken Text,2025
University of Gothenburg,DORIS,2024
Lund University,DORIS,2025
Swedish University of Agricultural Sciences,DORIS,2025
University of Gothenburg,DORIS,2025
Statistics Sweden,DORIS,2025
Umeå University,DORIS (only metadata),2025
Swedish Institute of Public Opinion Research,DORIS,2025
University of Gothenburg,DORIS,2025
Swedish University of Agricultural Sciences,DORIS,2024
Umeå University,DORIS,2024
Swedish University of Agricultural Sciences,DORIS,2025
Karolinska Institutet,DORIS,2023
University of Gothenburg,DORIS,2024
University of Gothenburg,DORIS,2024
Mid Sweden University,DORIS (only metadata),2024
University of Skövde,DORIS,2024
Karolinska Institutet,DORIS,2021
Swedish University of Agricultural Sciences,DORIS,2024
Chalmers University of Technology,DORIS,2025
Chalmers University of Technology,DORIS,2025
University of Gothenburg,DORIS,2024
Swedish University of Agricultural Sciences,DORIS,2024
Swedish University of Agricultural Sciences,DORIS,2025
Swedish University of Agricultural Sciences,DORIS,2025
Uppsala University,DORIS,2022
Uppsala University,DORIS,2023
Stockholm University,DORIS,2023
University of Gothenburg,DORIS,2016
Lund University,DORIS,2020
University of Gothenburg,DORIS,2018
University of Gothenburg,DORIS,2018
Linnaeus University,DORIS,1999
University of Gothenburg,DORIS,2018
Linnaeus University,DORIS,1999
University of Gothenburg,DORIS,2018
University of Gothenburg,DORIS,2018
Linnaeus University,DORIS,1999
University of Gothenburg,DORIS,2014
University of Gothenburg,DORIS,2025
Linnaeus University,DORIS,1999
University of Gothenburg,DORIS,2018
University of Gothenburg,DORIS,2018
Linnaeus University,DORIS,1999
University of Gothenburg,DORIS,1984
University of Gothenburg,DORIS,2018
University of Gothenburg,DORIS,2018
Umeå University,DORIS,1998
University of Gothenburg,DORIS,1997
Statistics Sweden,DORIS,1995
University of Gothenburg,DORIS,1994
Stockholm University,DORIS,1994
Stockholm University,DORIS,1994
Institute for Korean Election Studies,DORIS,1994
Stockholm University,DORIS,1994
Swedish Institute of Public Opinion Research,DORIS,1994
Swedish Institute of Public Opinion Research,DORIS,1994
Swedish Institute of Public Opinion Research,DORIS,1994
Swedish Institute of Public Opinion Research,DORIS,1994
Swedish Institute of Public Opinion Research,DORIS,1994
University of Gothenburg,DORIS,1999
University of Gothenburg,DORIS,1999
University of Gothenburg,DORIS,1999
University of Gothenburg,DORIS,1999
Swedish Institute of Public Opinion Research,DORIS,1993
Swedish Institute of Public Opinion Research,DORIS,1993
Riksarkivet,DORIS,1992
University of Gothenburg,DORIS,1992
University of Gothenburg,DORIS,1982
Swedish Institute of Public Opinion Research,DORIS,1993
Swedish Institute of Public Opinion Research,DORIS,1993
Uppsala University,DORIS,1993
Handelshögskolan i Stockholm,DORIS,1982
Uppsala University,DORIS,1993
Uppsala University,DORIS,1993
University of Gothenburg,DORIS,1982
Uppsala University,DORIS,1991
University of Gothenburg,DORIS,1991
Uppsala University,DORIS,1993
Uppsala University,DORIS,1993
University of Gothenburg,DORIS,1982
Umeå University,DORIS,1988
University of Gothenburg,DORIS,1982
Lund University,DORIS,1988
Lund University,DORIS,1988
Uppsala University,DORIS,1984
Uppsala University,DORIS,1982
Uppsala University,DORIS,1993
Uppsala University,DORIS,1993
Stockholm city,DORIS,1982
Uppsala University,DORIS,1986
The Swedish Council for Information on Alcohol and Other Drugs,DORIS (only metadata),2017
The Swedish Council for Information on Alcohol and Other Drugs,DORIS (only metadata),2017
The Swedish Council for Information on Alcohol and Other Drugs,DORIS (only metadata),2017
The Swedish Council for Information on Alcohol and Other Drugs,DORIS (only metadata),2017
The Swedish Council for Information on Alcohol and Other Drugs,DORIS (only metadata),2017
The Swedish Council for Information on Alcohol and Other Drugs,DORIS (only metadata),2017
The Swedish Council for Information on Alcohol and Other Drugs,DORIS (only metadata),2017
The Swedish Council for Information on Alcohol and Other Drugs,DORIS (only metadata),2017
The Swedish Council for Information on Alcohol and Other Drugs,DORIS (only metadata),2017
The Swedish Council for Information on Alcohol and Other Drugs,DORIS (only metadata),2017
The Swedish Council for Information on Alcohol and Other Drugs,DORIS (only metadata),2017
The Swedish Council for Information on Alcohol and Other Drugs,DORIS (only metadata),2017
The Swedish Council for Information on Alcohol and Other Drugs,DORIS (only metadata),2017
The Swedish Council for Information on Alcohol and Other Drugs,DORIS (only metadata),2017
The Swedish Council for Information on Alcohol and Other Drugs,DORIS (only metadata),2017
The Swedish Council for Information on Alcohol and Other Drugs,DORIS (only metadata),2017
The Swedish Council for Information on Alcohol and Other Drugs,DORIS (only metadata),2017
The Swedish Council for Information on Alcohol and Other Drugs,DORIS (only metadata),2017
The Swedish Council for Information on Alcohol and Other Drugs,DORIS (only metadata),2017
The Swedish Council for Information on Alcohol and Other Drugs,DORIS (only metadata),2017
The Swedish Council for Information on Alcohol and Other Drugs,DORIS (only metadata),2017
The Swedish Council for Information on Alcohol and Other Drugs,DORIS (only metadata),2017
The Swedish Council for Information on Alcohol and Other Drugs,DORIS (only metadata),2017
The Swedish Council for Information on Alcohol and Other Drugs,DORIS (only metadata),2017
The Swedish Council for Information on Alcohol and Other Drugs,DORIS (only metadata),2017
The Swedish Council for Information on Alcohol and Other Drugs,DORIS (only metadata),2017
The Swedish Council for Information on Alcohol and Other Drugs,DORIS (only metadata),2017
The Swedish Council for Information on Alcohol and Other Drugs,DORIS (only metadata),2017
The Swedish Council for Information on Alcohol and Other Drugs,DORIS (only metadata),2017
The Swedish Council for Information on Alcohol and Other Drugs,DORIS (only metadata),2017
The Swedish Council for Information on Alcohol and Other Drugs,DORIS (only metadata),2017
The Swedish Council for Information on Alcohol and Other Drugs,DORIS (only metadata),2017
The Swedish Council for Information on Alcohol and Other Drugs,DORIS (only metadata),2017
Luleå University of Technology,DORIS,2025
Swedish University of Agricultural Sciences,DORIS (only metadata),2024
Swedish University of Agricultural Sciences,DORIS (only metadata),2025
Uppsala University,DORIS,2025
Uppsala University,DORIS,1999
Swedish University of Agricultural Sciences,DORIS,2024
University of Gothenburg,DORIS,2025
The Swedish Council for Information on Alcohol and Other Drugs,DORIS (only metadata),2017
The Swedish Council for Information on Alcohol and Other Drugs,DORIS (only metadata),2017
The Swedish Council for Information on Alcohol and Other Drugs,DORIS (only metadata),2017
The Swedish Council for Information on Alcohol and Other Drugs,DORIS (only metadata),2017
The Swedish Council for Information on Alcohol and Other Drugs,DORIS (only metadata),2017
The Swedish Council for Information on Alcohol and Other Drugs,DORIS (only metadata),2017
The Swedish Council for Information on Alcohol and Other Drugs,DORIS (only metadata),2017
The Swedish Council for Information on Alcohol and Other Drugs,DORIS (only metadata),2017
The Swedish Council for Information on Alcohol and Other Drugs,DORIS (only metadata),2017
The Swedish Council for Information on Alcohol and Other Drugs,DORIS (only metadata),2017
The Swedish Council for Information on Alcohol and Other Drugs,DORIS (only metadata),2017
The Swedish Council for Information on Alcohol and Other Drugs,DORIS (only metadata),2017
The Swedish Council for Information on Alcohol and Other Drugs,DORIS (only metadata),2017
The Swedish Council for Information on Alcohol and Other Drugs,DORIS (only metadata),2017
The Swedish Council for Information on Alcohol and Other Drugs,DORIS (only metadata),2017
The Swedish Council for Information on Alcohol and Other Drugs,DORIS (only metadata),2017
University of Gothenburg,DORIS,2010
University of Gothenburg,DORIS,2010
University of Gothenburg,DORIS,2010
University of Gothenburg,DORIS,2010
Karolinska Institutet,DORIS (only metadata),2012
Umeå University,DORIS,2011
University of Gothenburg,DORIS,2025
University of Gothenburg,DORIS,2002
University of Gothenburg,DORIS,2011
University of Gothenburg,DORIS,2011
University of Gothenburg,DORIS,2011
University of Gothenburg,DORIS,2011
Luleå University of Technology,DORIS,2025
Mid Sweden University,DORIS,2024
Mid Sweden University,DORIS,2024
Mid Sweden University,DORIS,2024
Mid Sweden University,DORIS,2024
Mid Sweden University,DORIS,2021
Arbetslivsinstitutet,DORIS,2006
Stockholm University,DORIS,2010
University of Gothenburg,DORIS,2006
University of Gothenburg,DORIS,1992
Arbetslivsinstitutet,DORIS,2006
Arbetslivsinstitutet,DORIS,2006
Stockholm University,DORIS,2014
Linköping University,DORIS,2024
Stockholm University,DORIS,2014
Aktiedata Oy,DORIS,1989
Stockholm University,DORIS,1989
Religionssociologiska institutet,DORIS,2013
Arbetslivsinstitutet,DORIS,2015
University of Gothenburg,DORIS,2006
Arbetslivsinstitutet,DORIS,2007
Södertörns högskola,DORIS,2011
Demoskop,DORIS,1999
Umeå University,DORIS,1998
Umeå University,DORIS,1998
Umeå University,DORIS,1998
University of Gothenburg,DORIS,2004
University of Gothenburg,DORIS,1996
Swedish Institute of Public Opinion Research,DORIS,1993
Statistics Sweden,DORIS,1992
Swedish Working Life Fund ,DORIS,1995
Umeå University,DORIS,1995
Uppsala University,DORIS,1995
Statistics Sweden,DORIS,1992
Statistics Sweden,DORIS,1992
Stockholm University,DORIS,1994
Stockholm University,DORIS,1994
Swedish Working Life Fund ,DORIS,1996
Swedish Working Life Fund ,DORIS,1996
Statistics Sweden,DORIS,1992
Statistics Sweden,DORIS,1992
Swedish Working Life Fund ,DORIS,1996
University of Gothenburg,DORIS,1993
University of Gothenburg,DORIS,1993
University of Gothenburg,DORIS,1993
University of Gothenburg,DORIS,1999
University of Gothenburg,DORIS,1993
University of Gothenburg,DORIS,1999
University of Gothenburg,DORIS,1999
University of Gothenburg,DORIS,1999
University of Gothenburg,DORIS,1984
Stockholm University,DORIS,1988
Forskningsgruppen för samhälls- och informationsstudier,DORIS,1986
Uppsala University,DORIS,1991
Uppsala University,DORIS,1993
Linnaeus University,DORIS,1999
Linnaeus University,DORIS,1999
Linnaeus University,DORIS,1999
Uppsala University,DORIS,1992
Uppsala University,DORIS,1993
Uppsala University,DORIS,1993
Uppsala University,DORIS,1992
Uppsala University,DORIS,1993
Uppsala University,DORIS,1993
Linnaeus University,DORIS,1999
Linnaeus University,DORIS,1999
City of Gothenburg,DORIS,1996
City of Gothenburg,DORIS,1996
Södertörns högskola,DORIS,2002
Uppsala University,DORIS,1993
Nordic Institute for Studies in Urban and Regional Planning,DORIS,2012
Uppsala University,DORIS,2013
Södertörns högskola,DORIS,2002
Uppsala University,DORIS,2010
Lund University,DORIS,1997
Umeå University,DORIS,1998
Lund University,DORIS,1998
Lund University,DORIS,1999
Lund University,DORIS,1997
Lund University,DORIS,1997
Umeå University,DORIS,1998
Swedish University of Agricultural Sciences,DORIS,2022
Uppsala University,DORIS,2023
Uppsala University,DORIS,2024
Swedish University of Agricultural Sciences,DORIS (only metadata),2022
University of Gothenburg,DORIS,2022
Swedish University of Agricultural Sciences,DORIS,2024
Umeå University,DORIS,2023
University of Gothenburg,DORIS,2022
Uppsala University,DORIS,2024
Uppsala University,DORIS,2014
Uppsala University,DORIS,2014
Södertörns högskola,DORIS,2023
Luleå University of Technology,DORIS,2024
Swedish National Data Service,DORIS,2021
University of Gothenburg,DORIS,2022
Chalmers University of Technology,DORIS,2020
Stockholm University,DORIS,2017
Umeå University,DORIS,2016
Uppsala University,DORIS,2024
Uppsala University,DORIS,2024
Uppsala University,DORIS,2024
Uppsala University,DORIS,2023
Uppsala University,DORIS,2024
Luleå University of Technology,DORIS,2024
Södertörns högskola,DORIS,2022
Stockholm University,DORIS,2023
Uppsala University,DORIS,2014
University of Skövde,DORIS,2023
Uppsala University,DORIS,2023
Swedish University of Agricultural Sciences,DORIS (only metadata),2022
Karolinska Institutet,DORIS,2022
Chalmers University of Technology,DORIS,2023
Royal Institute of Technology,DORIS,2025
"M 2022:03, Stärkta incitament för utbyggd vindkraft",DORIS,2023
Uppsala University,DORIS,2014
Chalmers University of Technology,DORIS,2023
University of Gothenburg,DORIS,2021
Swedish University of Agricultural Sciences,DORIS,2022
Karolinska Institutet,DORIS,2023
Karolinska Institutet,DORIS,2023
Linköping University,DORIS (only metadata),2022
Karolinska Institutet,DORIS,2023
Karolinska Institutet,DORIS,2023
Stockholm University,DORIS,2023
University of Gothenburg,DORIS,2022
Swedish University of Agricultural Sciences,DORIS,2022
University of Skövde,DORIS,2023
Luleå University of Technology,DORIS,2022
University of Gothenburg,DORIS (only metadata),2012
Stockholm University,DORIS (only metadata),2014
Lund University,DORIS,2022
Swedish University of Agricultural Sciences,DORIS (only metadata),2019
Linnaeus University,DORIS,2023
Swedish University of Agricultural Sciences,DORIS (only metadata),2019
Uppsala University,DORIS (only metadata),2019
Institute for Language and Folklore,DORIS (only metadata),2022
University of Gothenburg,DORIS (only metadata),2019
University of Gothenburg,DORIS (only metadata),2019
Lund University,DORIS,2022
Danish Meteorological Institute,DORIS (only metadata),2019
Danish Meteorological Institute,DORIS (only metadata),2019
Uppsala University,DORIS,2022
University of Gothenburg,DORIS,2024
University of Gothenburg,DORIS (only metadata),2019
Chalmers University of Technology,DORIS,2022
University of Gothenburg,DORIS (only metadata),2018
Halmstad University,DORIS,2023
Karolinska Institutet,DORIS,2013
Uppsala University,DORIS,2014
Uppsala University,DORIS,2014
Linköping University,DORIS,2014
University of Gothenburg,DORIS (only metadata),2015
University of Gothenburg,DORIS (only metadata),2015
University of Gothenburg,DORIS (only metadata),2013
University of Gothenburg,DORIS,2014
Umeå University,DORIS (only metadata),2013
Uppsala University,DORIS,2012
Royal Institute of Technology,DORIS,2019
Finnish-Swedish Winter Navigation Research Board,DORIS,2019
University of Gothenburg,DORIS,2021
Stockholm University,DORIS,2019
Luleå University of Technology,DORIS,2019
Swedish University of Agricultural Sciences,DORIS,2019
Luleå University of Technology,DORIS,2019
Lund University,DORIS,2019
Jönköping University,DORIS,2020
Institute for Language and Folklore,DORIS (only metadata),2020
Luleå University of Technology,DORIS,2019
Umeå University,DORIS (only metadata),2015
Stockholm University,DORIS,2019
University of Gothenburg,DORIS,2019
University of Gothenburg,DORIS (only metadata),2018
University of Gothenburg,DORIS,2020
Kristianstad University,DORIS,2020
Jönköping University,DORIS (only metadata),2017
Uppsala University,DORIS (only metadata),2020
Umeå University,DORIS,2020
"Faculty of Engineering, Lund University",DORIS,2020
University of Gothenburg,DORIS,2019
Uppsala University,DORIS,2014
University of Gothenburg,DORIS,2020
University of Gothenburg,DORIS,2022
Luleå University of Technology,DORIS,2020
Lund University,DORIS (only metadata),2020
Swedish Institute of Space Physics,DORIS,2020
Institute for Language and Folklore,DORIS (only metadata),2020
University of Gothenburg,DORIS,2020
Lund University,DORIS,2020
University of Gothenburg,DORIS,2019
Institute for Language and Folklore,DORIS (only metadata),2020
Umeå University,DORIS,2019
Uppsala University,DORIS,2020
Swedish University of Agricultural Sciences,DORIS,2020
Chalmers University of Technology,DORIS,2020
Institute for Language and Folklore,DORIS (only metadata),2020
Chalmers University of Technology,DORIS,2020
Institute for Language and Folklore,DORIS (only metadata),2020
University of Gothenburg,DORIS,2020
Institute for Language and Folklore,DORIS (only metadata),2020
University of Gothenburg,DORIS,2020
Institute for Language and Folklore,DORIS (only metadata),2020
Karolinska Institutet,DORIS,2021
Institute for Language and Folklore,DORIS (only metadata),2020
Lund University,DORIS,2020
Stockholm University,DORIS,2020
Institute for Language and Folklore,DORIS (only metadata),2020
Umeå University,DORIS (only metadata),2017
Umeå University,DORIS (only metadata),2017
Institute for Language and Folklore,DORIS (only metadata),2020
Institute for Language and Folklore,DORIS (only metadata),2020
Institute for Language and Folklore,DORIS (only metadata),2020
The Swedish Council for Information on Alcohol and Other Drugs,DORIS (only metadata),2017
The Swedish Council for Information on Alcohol and Other Drugs,DORIS (only metadata),2017
The Swedish Council for Information on Alcohol and Other Drugs,DORIS (only metadata),2017
The Swedish Council for Information on Alcohol and Other Drugs,DORIS (only metadata),2017
The Swedish Council for Information on Alcohol and Other Drugs,DORIS (only metadata),2017
The Swedish Council for Information on Alcohol and Other Drugs,DORIS (only metadata),2017
The Swedish Council for Information on Alcohol and Other Drugs,DORIS (only metadata),2017
The Swedish Council for Information on Alcohol and Other Drugs,DORIS (only metadata),2017
The Swedish Council for Information on Alcohol and Other Drugs,DORIS (only metadata),2017
The Swedish Council for Information on Alcohol and Other Drugs,DORIS (only metadata),2017
The Swedish Council for Information on Alcohol and Other Drugs,DORIS (only metadata),2017
The Swedish Council for Information on Alcohol and Other Drugs,DORIS (only metadata),2017
Swedish University of Agricultural Sciences,DORIS,2025
Lund University,DORIS,2025
Uppsala University,DORIS,2014
Uppsala University,DORIS,2012
Uppsala University,DORIS,2014
Uppsala University,DORIS,2012
Uppsala University,DORIS,2014
Uppsala University,DORIS,2012
Uppsala University,DORIS,2014
Uppsala University,DORIS,2012
Uppsala University,DORIS,2012
Uppsala University,DORIS,2012
Uppsala University,DORIS,2014
Uppsala University,DORIS,2012
Uppsala University,DORIS,2014
Uppsala University,DORIS,2012
Uppsala University,DORIS,2012
Uppsala University,DORIS,2012
Uppsala University,DORIS,2012
Uppsala University,DORIS,2014
Uppsala University,DORIS,2012
Uppsala University,DORIS,2014
Uppsala University,DORIS,2012
Uppsala University,DORIS,2014
Uppsala University,DORIS,2012
Uppsala University,DORIS,2014
Uppsala University,DORIS,2012
Uppsala University,DORIS,2014
Uppsala University,DORIS,2012
Uppsala University,DORIS,2012
Uppsala University,DORIS,2012
Uppsala University,DORIS,2012
Uppsala University,DORIS,2014
Uppsala University,DORIS,2012
Uppsala University,DORIS,2014
Uppsala University,DORIS,2012
Uppsala University,DORIS,2012
Uppsala University,DORIS,2012
Uppsala University,DORIS,2014
Uppsala University,DORIS,2012
Uppsala University,DORIS,2012
Uppsala University,DORIS,2014
Uppsala University,DORIS,2012
Uppsala University,DORIS,2012
Uppsala University,DORIS,2012
Uppsala University,DORIS,2014
Uppsala University,DORIS,2012
Uppsala University,DORIS,2012
Uppsala University,DORIS,2012
Uppsala University,DORIS,2014
Uppsala University,DORIS,2012
Uppsala University,DORIS,2012
Uppsala University,DORIS,2014
Uppsala University,DORIS,2012
Uppsala University,DORIS,2012
Uppsala University,DORIS,2014
Uppsala University,DORIS,2012
Uppsala University,DORIS,2014
Uppsala University,DORIS,2012
Uppsala University,DORIS,2014
Uppsala University,DORIS,2012
Uppsala University,DORIS,2012
Uppsala University,DORIS,2014
Uppsala University,DORIS,2012
Uppsala University,DORIS,2014
Uppsala University,DORIS,2012
Uppsala University,DORIS,2014
Uppsala University,DORIS,2012
Uppsala University,DORIS,2012
Uppsala University,DORIS,2012
Uppsala University,DORIS,2014
Uppsala University,DORIS,2012
Uppsala University,DORIS,2012
Uppsala University,DORIS,2014
Uppsala University,DORIS,2012
Uppsala University,DORIS,2012
Uppsala University,DORIS,2012
Uppsala University,DORIS,2012
Uppsala University,DORIS,2014
Uppsala University,DORIS,2012
Uppsala University,DORIS,2014
Uppsala University,DORIS,2014
Uppsala University,DORIS,2012
Uppsala University,DORIS,2014
Uppsala University,DORIS,2012
Uppsala University,DORIS,2014
Uppsala University,DORIS,2012
Uppsala University,DORIS,2014
Uppsala University,DORIS,2012
Uppsala University,DORIS,2014
Uppsala University,DORIS,2012
Uppsala University,DORIS,2012
Uppsala University,DORIS,2014
Uppsala University,DORIS,2012
Uppsala University,DORIS,2014
Uppsala University,DORIS,2012
Uppsala University,DORIS,2014
Uppsala University,DORIS,2012
Uppsala University,DORIS,2014
Uppsala University,DORIS,2012
Uppsala University,DORIS,2014
Uppsala University,DORIS,2012
Uppsala University,DORIS,2014
Uppsala University,DORIS,2012
Linnaeus University,DORIS,1999
Linnaeus University,DORIS,1999
University of Gothenburg,DORIS,2015
University of Gothenburg,DORIS,2018
University of Gothenburg,DORIS,1992
University of Gothenburg,DORIS,2018
University of Gothenburg,DORIS,2018
University of Gothenburg,DORIS,1992
University of Gothenburg,DORIS,2018
University of Gothenburg,DORIS,2018
University of Gothenburg,DORIS,2018
University of Gothenburg,DORIS,2017
University of Gothenburg,DORIS,2018
University of Gothenburg,DORIS,2018
University of Gothenburg,DORIS,2018
University of Gothenburg,DORIS,2018
University of Gothenburg,DORIS,2014
Arbetslivsinstitutet,DORIS,2014
Lund University,DORIS,2013
Lund University,DORIS,2013
Lund University,DORIS,2013
Lund University,DORIS,2014
Lund University,DORIS,2012
Arbetslivsinstitutet,DORIS,2014
Arbetslivsinstitutet,DORIS,2014
Arbetslivsinstitutet,DORIS,2014
University of Gothenburg,DORIS,1982
Uppsala University,DORIS,1993
Uppsala University,DORIS,1993
Uppsala University,DORIS,1993
Uppsala University,DORIS,1993
Uppsala University,DORIS,1993
Uppsala University,DORIS,1992
Uppsala University,DORIS,1993
Uppsala University,DORIS,1993
Uppsala University,DORIS,1993
Uppsala University,DORIS,1993
University of Gothenburg,DORIS,1996
University of Gothenburg,DORIS,1996
University of Gothenburg,DORIS,1996
University of Gothenburg,DORIS,1996
University of Gothenburg,DORIS,1996
University of Gothenburg,DORIS,1996
University of Gothenburg,DORIS,1996
University of Gothenburg,DORIS,1996
University of Gothenburg,DORIS,1996
University of Gothenburg,DORIS,1996
University of Gothenburg,DORIS,1996
University of Gothenburg,DORIS,1996
University of Gothenburg,DORIS,1996
University of Gothenburg,DORIS,1996
University of Gothenburg,DORIS,1996
University of Gothenburg,DORIS,1996
University of Gothenburg,DORIS,1996
Svenska Gallupinstitutet AB,DORIS,1986
Svenska Gallupinstitutet AB,DORIS,1986
Svenska Gallupinstitutet AB,DORIS,1986
Luleå University of Technology,DORIS,1995
Uppsala University,DORIS,1988
Lund University,DORIS,2020
Stockholm University,DORIS,2010
Stockholm University,DORIS,1991
Uppsala University,DORIS,2012
University of Gothenburg,DORIS,1982
Uppsala University,DORIS,1993
Uppsala University,DORIS,1993
University of Gothenburg,DORIS,1982
Uppsala University,DORIS,1993
Uppsala University,DORIS,1993
University of Gothenburg,DORIS,1982
Uppsala University,DORIS,1993
Uppsala University,DORIS,1993
Uppsala University,DORIS,1993
Uppsala University,DORIS,1993
Uppsala University,DORIS,1993
Uppsala University,DORIS,1993
Stockholm University,DORIS,1987
Uppsala University,DORIS,1993
Uppsala University,DORIS,1993
Umeå University,DORIS,1987
Stockholm University,DORIS,1987
Stockholm University,DORIS,1987
Stockholm University,DORIS,1987
Uppsala University,DORIS,1993
Uppsala University,DORIS,1993
Uppsala University,DORIS,1993
Uppsala University,DORIS,1993
Uppsala University,DORIS,1993
Uppsala University,DORIS,1993
Uppsala University,DORIS,1993
Linnaeus University,DORIS,1992
Linnaeus University,DORIS,1992
Linnaeus University,DORIS,1992
Uppsala University,DORIS,2009
Uppsala University,DORIS,2009
Uppsala University,DORIS,2014
Uppsala University,DORIS,1984
Swedish Working Life Fund ,DORIS,1996
Swedish Working Life Fund ,DORIS,1996
Swedish Working Life Fund ,DORIS,1996
Swedish Working Life Fund ,DORIS,1996
Swedish Working Life Fund ,DORIS,1996
Swedish Working Life Fund ,DORIS,1996
Swedish Working Life Fund ,DORIS,1996
Swedish Working Life Fund ,DORIS,1996
University of Gothenburg,DORIS,2007
Swedish Institute of Public Opinion Research,DORIS,1993
Swedish Institute of Public Opinion Research,DORIS,1993
Swedish Institute of Public Opinion Research,DORIS,1993
Swedish Institute of Public Opinion Research,DORIS,1993
Swedish Institute of Public Opinion Research,DORIS,1993
Swedish Institute of Public Opinion Research,DORIS,1993
Uppsala University,DORIS,1993
Uppsala University,DORIS,1990
Uppsala University,DORIS,1984
University of Gothenburg,DORIS,1982
University of Gothenburg,DORIS,1982
Uppsala University,DORIS,1991
Uppsala University,DORIS,1993
Uppsala University,DORIS,1993
Uppsala University,DORIS,1993
Uppsala University,DORIS,1993
Uppsala University,DORIS,1993
Uppsala University,DORIS,1993
Uppsala University,DORIS,1993
Uppsala University,DORIS,1993
Uppsala University,DORIS,1993
Uppsala University,DORIS,1993
Uppsala University,DORIS,1993
Uppsala University,DORIS,1993
Uppsala University,DORIS,1993
University of Gothenburg,DORIS,1983
Uppsala University,DORIS,1992
Uppsala University,DORIS,1993
Nordic Institute for Studies in Urban and Regional Planning,DORIS,1983
Linnaeus University,DORIS,1999
Linnaeus University,DORIS,1999
Uppsala University,DORIS,1993
Linnaeus University,DORIS,1999
University of Gothenburg,DORIS,2014
Uppsala University,DORIS,1993
Lund University,DORIS,2025
Linnaeus University,DORIS,1999
Uppsala University,DORIS,1999
The Swedish Council for Information on Alcohol and Other Drugs,DORIS (only metadata),2017
University of Gothenburg,DORIS,1986
University of Gothenburg,DORIS,2014
Linnaeus University,DORIS,1999
Uppsala University,DORIS,1993
Linnaeus University,DORIS,1999
Lund University,DORIS,1988
Linnaeus University,DORIS,1999
Linköping University,DORIS,2020
Swedish University of Agricultural Sciences,DORIS,2020
Linnaeus University,DORIS,1999
Linnaeus University,DORIS,1999
University of Borås,DORIS,2020
Karolinska Institutet,DORIS,2020
Linnaeus University,DORIS,1999
University of Gothenburg,DORIS,2019
Linnaeus University,DORIS,1999
Swedish University of Agricultural Sciences,DORIS,2020
Linnaeus University,DORIS,1999
Halmstad University,DORIS,2019
Region Västra Götaland,DORIS,2019
Linnaeus University,DORIS,1999
Swedish University of Agricultural Sciences,DORIS,2019
Swedish University of Agricultural Sciences,DORIS,2019
University of Gothenburg,DORIS,2009
Södertörns högskola,DORIS,2011
Södertörns högskola,DORIS,2011
Södertörns högskola,DORIS,2011
Lund University,DORIS,2013
Lund University,DORIS,2012
University of Gothenburg,DORIS,1983
Statistics Sweden,DORIS,1992
Uppsala University,DORIS,2015
University of Gothenburg,DORIS,2014
University of Gothenburg,DORIS,2014
Uppsala University,DORIS,2015
Lund University,DORIS,2014
University of Gothenburg,DORIS,2014
University of Gothenburg,DORIS,1991
University of Gothenburg,DORIS,1991
University of Gothenburg,DORIS,1996
University of Gothenburg,DORIS,1996
University of Gothenburg,DORIS,1996
University of Gothenburg,DORIS,1991
Lund University,DORIS,2013
University of Gothenburg,DORIS,1982
Uppsala University,DORIS,1984
Lund University,DORIS,2014
Uppsala University,DORIS,1984
Uppsala University,DORIS,2014
Uppsala University,DORIS,2014
Uppsala University,DORIS,2014
Uppsala University,DORIS,1984
Lund University,DORIS,2013
Uppsala University,DORIS,2013
Uppsala University,DORIS,1984
Uppsala University,DORIS,1984
Uppsala University,DORIS,2014
Uppsala University,DORIS,1984
University of Gothenburg,DORIS,1991
University of Gothenburg,DORIS,1996
University of Gothenburg,DORIS,1992
Linnaeus University,DORIS,1999
Lund University,DORIS,2020
University of Gothenburg,DORIS,1982
Karolinska Institutet,DORIS,2013
Lund University,DORIS,2013
University of Gothenburg,DORIS,1982
University of Gothenburg,DORIS,1982
Lund University,DORIS,1999
University of Gothenburg,DORIS,1982
University of Gothenburg,DORIS,1982
Statistics Sweden,DORIS,1992
Svenska Gallupinstitutet AB,DORIS,1986
Linnaeus University,DORIS,1999
University of Gothenburg,DORIS,2018
University of Gothenburg,DORIS,2018
Linnaeus University,DORIS,1999
Linnaeus University,DORIS,1999
Linnaeus University,DORIS,1999
University of Gothenburg,DORIS,2019
City of Gothenburg,DORIS,1996
Linnaeus University,DORIS,1999
Uppsala University,DORIS,1992
Lund University,DORIS,2018
Linnaeus University,DORIS,1999
Linnaeus University,DORIS,1999
Lund University,DORIS,2018
University of Gothenburg,DORIS,2018
University of Gothenburg,DORIS,1992
University of Gothenburg,DORIS,1984
Lund University,DORIS,2014
University of Gothenburg,DORIS,2014
Lund University,DORIS,2014
University of Gothenburg,DORIS,1996
University of Gothenburg,DORIS,1996
University of Gothenburg,DORIS,1996
Lund University,DORIS,1988
Nordic Institute for Studies in Urban and Regional Planning,DORIS,1983
Uppsala University,DORIS,1993
Uppsala University,DORIS,1993
Uppsala University,DORIS,2013
Uppsala University,DORIS,2013
Uppsala University,DORIS,1991
Statistics Sweden,DORIS,2006
Uppsala University,DORIS,1984
Uppsala University,DORIS,1991
Uppsala University,DORIS,1991
Uppsala University,DORIS,2013
Uppsala University,DORIS,2013
Umeå University,DORIS,1991
Stockholm University,DORIS,1992
Umeå University,DORIS,1991
Umeå University,DORIS,1991
University of Gothenburg,DORIS,2012
Linnaeus University,DORIS,1992
Umeå University,DORIS,1991
Umeå University,DORIS,1991
Uppsala University,DORIS,1991
Umeå University,DORIS,1991
Umeå University,DORIS,1991
University of Gothenburg,DORIS,1982
Umeå University,DORIS,1991
University of Gothenburg,DORIS,1984
Lund University,DORIS,2013
Lund University,DORIS,1999
Lund University,DORIS,2013
Linnaeus University,DORIS,1992
Lund University,DORIS,2013
Linnaeus University,DORIS,1992
Uppsala University,DORIS,2014
Lund University,DORIS,2025
Lund University,DORIS,1999
Lund University,DORIS,2013
Lund University,DORIS,1999
Umeå University,DORIS,1991
Karolinska Institutet,DORIS,1986
Linnaeus University,DORIS,1992
University of Gothenburg,DORIS,1982
Forskningsgruppen för samhälls- och informationsstudier,DORIS,2013
University of Gothenburg,DORIS,1982
University of Gothenburg,DORIS,1982
University of Gothenburg,DORIS,1982
University of Gothenburg,DORIS,1982
Stockholm University,DORIS,2010
Stockholm University,DORIS,2013
University of Gothenburg,DORIS,1982
University of Gothenburg,DORIS,1982
Swedish telecom,DORIS,1984
University of Gothenburg,DORIS,2021
Chalmers University of Technology,DORIS,2022
University of Skövde,DORIS,2021
Lund University,DORIS,2021
Mid Sweden University,DORIS,2021
Mid Sweden University,DORIS,2021
RISE Research Institutes of Sweden,DORIS,2021
Swedish University of Agricultural Sciences,DORIS,2021
Chalmers University of Technology,DORIS,2021
Royal Institute of Technology,DORIS,2021
Karolinska Institutet,DORIS,2022
RISE Research Institutes of Sweden,DORIS,2021
University of Skövde,DORIS,2021
Chalmers University of Technology,DORIS,2021
Tokyo Metropolitan University,DORIS,2021
Linnaeus University,DORIS,2022
University of Gothenburg,DORIS,2021
Swedish University of Agricultural Sciences,DORIS,2019
Swedish University of Agricultural Sciences,DORIS,2019
Umeå University,DORIS,2020
Swedish Institute of Space Physics,DORIS,2020
Swedish University of Agricultural Sciences,DORIS,2019
Karolinska Institutet,DORIS,2021
Umeå University,DORIS,2020
Umeå University,DORIS,2020
Uppsala University,DORIS,2019
Karolinska Institutet,DORIS,2021
Stockholm University,DORIS,2019
Swedish University of Agricultural Sciences,DORIS,2020
University of Gothenburg,DORIS,2020
Uppsala University,DORIS,2020
Lund University,DORIS,2019
Uppsala University,DORIS,2019
Karolinska Institutet,DORIS,2020
Swedish University of Agricultural Sciences,DORIS,2020
Uppsala University,DORIS,2019
University of Gothenburg,DORIS,2020
Uppsala University,DORIS,2014
Uppsala University,DORIS,2012
Uppsala University,DORIS,2014
Uppsala University,DORIS,2012
Uppsala University,DORIS,2012
Stockholm University,DORIS,2013
Uppsala University,DORIS,2012
Uppsala University,DORIS,2014
Uppsala University,DORIS,2014
Uppsala University,DORIS,2012
Uppsala University,DORIS,2014
Uppsala University,DORIS,2012
Uppsala University,DORIS,2014
Uppsala University,DORIS,2012
Uppsala University,DORIS,2014
Uppsala University,DORIS,2012
Uppsala University,DORIS,2014
Uppsala University,DORIS,2012
Uppsala University,DORIS,2014
Uppsala University,DORIS,2012
Uppsala University,DORIS,2014
Uppsala University,DORIS,2012
Uppsala University,DORIS,2014
Uppsala University,DORIS,2012
Uppsala University,DORIS,2012
Uppsala University,DORIS,2014
Uppsala University,DORIS,2012
Uppsala University,DORIS,2014
Uppsala University,DORIS,2012
Uppsala University,DORIS,2014
Uppsala University,DORIS,2012
Uppsala University,DORIS,2014
Uppsala University,DORIS,2012
Uppsala University,DORIS,2014
Uppsala University,DORIS,2012
Uppsala University,DORIS,2014
Uppsala University,DORIS,2012
Uppsala University,DORIS,2014
Uppsala University,DORIS,2012
Uppsala University,DORIS,2013
Uppsala University,DORIS,2012
Uppsala University,DORIS,2014
Uppsala University,DORIS,2012
Uppsala University,DORIS,2014
Uppsala University,DORIS,2012
Uppsala University,DORIS,2014
Uppsala University,DORIS,2012
Uppsala University,DORIS,2014
Uppsala University,DORIS,2012
Uppsala University,DORIS,2014
Uppsala University,DORIS,2012
Uppsala University,DORIS,2014
Uppsala University,DORIS,2014
Uppsala University,DORIS,2012
Uppsala University,DORIS,2014
Uppsala University,DORIS,2012
Uppsala University,DORIS,2014
Uppsala University,DORIS,2012
Uppsala University,DORIS,2014
Uppsala University,DORIS,2014
Uppsala University,DORIS,2012
Umeå University,DORIS,2024
Uppsala University,DORIS,2014
Uppsala University,DORIS,2014
Uppsala University,DORIS,2014
Uppsala University,DORIS,2012
Uppsala University,DORIS,2014
Uppsala University,DORIS,2014
Uppsala University,DORIS,2014
Uppsala University,DORIS,2012
Uppsala University,DORIS,2014
Uppsala University,DORIS,2012
Uppsala University,DORIS,2012
Uppsala University,DORIS,2014
Uppsala University,DORIS,2012
Uppsala University,DORIS,2014
Uppsala University,DORIS,2012
Uppsala University,DORIS,2014
Uppsala University,DORIS,2012
Uppsala University,DORIS,2014
Uppsala University,DORIS,2012
Uppsala University,DORIS,2014
Uppsala University,DORIS,2012
Uppsala University,DORIS,2014
Uppsala University,DORIS,2014
Uppsala University,DORIS,2014
Uppsala University,DORIS,2014
Uppsala University,DORIS,2012
Uppsala University,DORIS,2014
Uppsala University,DORIS,2012
Uppsala University,DORIS,2014
Uppsala University,DORIS,2012
Uppsala University,DORIS,2014
Uppsala University,DORIS,2012
Uppsala University,DORIS,2014
Uppsala University,DORIS,2012
Uppsala University,DORIS,2014
Uppsala University,DORIS,2012
Uppsala University,DORIS,2014
Uppsala University,DORIS,2012
Uppsala University,DORIS,2019
University of Gothenburg,DORIS,2020
Uppsala University,DORIS,2014
Uppsala University,DORIS,2012
Uppsala University,DORIS,2012
Uppsala University,DORIS,2014
Uppsala University,DORIS,2012
Luleå University of Technology,DORIS,2025
Luleå University of Technology,DORIS,2025
Luleå University of Technology,DORIS,2025
Chalmers University of Technology,DORIS,2023
Karolinska Institutet,DORIS,2025
Swedish University of Agricultural Sciences,DORIS,2024
Swedish University of Agricultural Sciences,DORIS,2024
Jönköping University,DORIS,2022
Luleå University of Technology,DORIS,2023
Lund University,DORIS,2015
Luleå University of Technology,DORIS,2023
Kristianstad University,DORIS (only metadata),2019
Uppsala University,DORIS (only metadata),2020
University of Gothenburg,DORIS,2018
Swedish University of Agricultural Sciences,DORIS,2021
Lund University,DORIS,2022
Lund University,DORIS,2015
University of Gothenburg,DORIS,2015
Uppsala University,DORIS,2019
University of Gothenburg,DORIS,2020
University of Gothenburg,DORIS,2020
University of Gothenburg,DORIS,2019
University of Gothenburg,DORIS,2020
University of Gothenburg,DORIS,2020
University of Gothenburg,DORIS,2020
University of Gothenburg,DORIS,2020
Linköping University,DORIS (only metadata),2019
University of Gothenburg,DORIS,2020
University of Gothenburg,DORIS,2020
Linköping University,DORIS (only metadata),2020
University of Gothenburg,DORIS,2020
Huddinge municipality,DORIS,2020
Royal Institute of Technology,DORIS,2020
Swedish University of Agricultural Sciences,DORIS,2020
Royal Institute of Technology,DORIS,2020
Stockholm University,DORIS (only metadata),2021
University of Gothenburg,DORIS,2021
Uppsala University,DORIS,2017
Uppsala University,DORIS,2021
Uppsala University,DORIS (only metadata),2022
Uppsala University,DORIS,2023
Uppsala University,DORIS,2025
Luleå University of Technology,DORIS,2024
Stockholm University,DORIS,2022
University of Gothenburg,DORIS,2022
Luleå University of Technology,DORIS,2024
Lund University,DORIS,2022
Swedish University of Agricultural Sciences,DORIS,2022
Swedish University of Agricultural Sciences,DORIS,2025
Chalmers University of Technology,DORIS,2025
Statistics Sweden,DORIS,1988
Uppsala University,DORIS,1987
Statistics Sweden,DORIS,1988
Uppsala University,DORIS,1986
Uppsala University,DORIS,1992
Statistics Sweden,DORIS,1988
Statistics Sweden,DORIS,1988
Uppsala University,DORIS,1984
Uppsala University,DORIS,1992
Uppsala University,DORIS,1992
University of Gothenburg,DORIS,2018
Uppsala University,DORIS,1992
Uppsala University,DORIS,1984
Uppsala University,DORIS,1993
Uppsala University,DORIS,1993
Uppsala University,DORIS,1993
Radio Sweden,DORIS,1984
University of Gothenburg,DORIS,1982
Arbetslivsinstitutet,DORIS,2006
University of Gothenburg,DORIS,2007
Uppsala University,DORIS,2005
Institute for Future Studies,DORIS,2005
Södertörns högskola,DORIS,2002
University of Gothenburg,DORIS,2007
University of Gothenburg,DORIS,1982
Uppsala University,DORIS,1984
Uppsala University,DORIS,1991
University of Gothenburg,DORIS,2013
University of Gothenburg,DORIS,1984
Uppsala University,DORIS,1993
Arbetslivsinstitutet,DORIS,2007
Uppsala University,DORIS,2005
Uppsala University,DORIS,2005
Swedish Working Life Fund ,DORIS,1996
Swedish Working Life Fund ,DORIS,1996
Swedish Working Life Fund ,DORIS,1996
Swedish Working Life Fund ,DORIS,1996
Swedish Working Life Fund ,DORIS,1996
Swedish Working Life Fund ,DORIS,1996
Swedish Working Life Fund ,DORIS,1996
Swedish Working Life Fund ,DORIS,1996
Swedish Working Life Fund ,DORIS,1996
Swedish Working Life Fund ,DORIS,1996
Swedish Working Life Fund ,DORIS,1996
Swedish Working Life Fund ,DORIS,1996
Swedish Working Life Fund ,DORIS,1996
Swedish Working Life Fund ,DORIS,1996
Swedish Working Life Fund ,DORIS,1996
Gallup Europe,DORIS,1993
Jung-Ang Daily News,DORIS,1992
Institute for Korean Election Studies,DORIS,1992
Swedish Institute of Public Opinion Research,DORIS,1993
Korea Research Gallup Polls Ltd.,DORIS,1992
Swedish Institute of Public Opinion Research,DORIS,1993
Swedish Institute of Public Opinion Research,DORIS,1993
Swedish Institute of Public Opinion Research,DORIS,1993
Swedish Institute of Public Opinion Research,DORIS,1993
University of Gothenburg,DORIS,1999
University of Gothenburg,DORIS,1999
University of Gothenburg,DORIS,1999
University of Gothenburg,DORIS,1999
University of Gothenburg,DORIS,1999
Uppsala University,DORIS,1993
Uppsala University,DORIS,2014
Uppsala University,DORIS,2012
Uppsala University,DORIS,2014
Uppsala University,DORIS,2012
Uppsala University,DORIS,2014
Uppsala University,DORIS,2012
Uppsala University,DORIS,2012
Uppsala University,DORIS,2012
Uppsala University,DORIS,2014
Uppsala University,DORIS,2012
Uppsala University,DORIS,2014
Uppsala University,DORIS,2012
Uppsala University,DORIS,2014
Uppsala University,DORIS,2012
Uppsala University,DORIS,2014
Uppsala University,DORIS,2012
Uppsala University,DORIS,2014
Uppsala University,DORIS,2012
Uppsala University,DORIS,2014
Uppsala University,DORIS,2012
Uppsala University,DORIS,2014
Uppsala University,DORIS,2012
Uppsala University,DORIS,2014
Uppsala University,DORIS,2012
Uppsala University,DORIS,2014
Uppsala University,DORIS,2012
Uppsala University,DORIS,2014
Uppsala University,DORIS,2012
Uppsala University,DORIS,2014
Uppsala University,DORIS,2012
Uppsala University,DORIS,2012
Uppsala University,DORIS,2014
Uppsala University,DORIS,2012
Uppsala University,DORIS,2014
Uppsala University,DORIS,2012
Uppsala University,DORIS,2012
Uppsala University,DORIS,2014
Uppsala University,DORIS,2012
Uppsala University,DORIS,2014
Uppsala University,DORIS,2012
Uppsala University,DORIS,2012
Uppsala University,DORIS,2014
Uppsala University,DORIS,2012
Uppsala University,DORIS,2014
Uppsala University,DORIS,2012
Uppsala University,DORIS,2014
Uppsala University,DORIS,2012
Uppsala University,DORIS,2014
Uppsala University,DORIS,2012
Uppsala University,DORIS,2014
Uppsala University,DORIS,2012
Uppsala University,DORIS,2014
Uppsala University,DORIS,2012
Uppsala University,DORIS,2014
Uppsala University,DORIS,2012
Uppsala University,DORIS,2014
Uppsala University,DORIS,2012
Uppsala University,DORIS,2014
Uppsala University,DORIS,2012
Uppsala University,DORIS,2014
Uppsala University,DORIS,2012
Uppsala University,DORIS,2014
Uppsala University,DORIS,2012
Uppsala University,DORIS,2014
Uppsala University,DORIS,2012
Uppsala University,DORIS,2012
Uppsala University,DORIS,2014
Uppsala University,DORIS,2012
Uppsala University,DORIS,2014
Uppsala University,DORIS,2012
Uppsala University,DORIS,2012
Uppsala University,DORIS,2014
Uppsala University,DORIS,2012
Uppsala University,DORIS,2014
Uppsala University,DORIS,2012
Uppsala University,DORIS,2014
Uppsala University,DORIS,2012
Uppsala University,DORIS,2014
Uppsala University,DORIS,2018
Uppsala University,DORIS,2014
Uppsala University,DORIS,2014
Uppsala University,DORIS,2020
Uppsala University,DORIS,2018
Uppsala University,DORIS,2014
University of Gothenburg,DORIS (only metadata),2016
Umeå University,DORIS,2016
Lund University,DORIS,2016
Umeå University,DORIS (only metadata),2012
Uppsala University,DORIS,2014
Uppsala University,DORIS,2020
Uppsala University,DORIS,2020
Uppsala University,DORIS,2020
Uppsala University,DORIS,2020
Uppsala University,DORIS,2014
Uppsala University,DORIS,2017
Uppsala University,DORIS,2017
Uppsala University,DORIS,2014
Uppsala University,DORIS,2016
Uppsala University,DORIS,2016
Uppsala University,DORIS,2014
Uppsala University,DORIS,2016
Lund University,DORIS,2016
Uppsala University,DORIS,2014
University of Gothenburg,DORIS,2015
University of Gothenburg,DORIS (only metadata),2014
University of Gothenburg,DORIS,2015
Lund University,DORIS,2015
University of Gothenburg,DORIS (only metadata),2014
University of Gothenburg,DORIS,2015
Uppsala University,DORIS,2014
University of Gothenburg,DORIS (only metadata),2014
Umeå University,DORIS (only metadata),2012
Uppsala University,DORIS,2014
Uppsala University,DORIS,2014
Linköping University,DORIS,2014
Uppsala University,DORIS,2014
Uppsala University,DORIS,2015
University of Gothenburg,DORIS (only metadata),2014
Kristianstad University,DORIS (only metadata),2015
Kristianstad University,DORIS (only metadata),2015
Uppsala University,DORIS,2012
Uppsala University,DORIS,2014
Uppsala University,DORIS,2012
Uppsala University,DORIS,2012
Uppsala University,DORIS,2012
Uppsala University,DORIS,2014
Uppsala University,DORIS,2012
Uppsala University,DORIS,2012
Uppsala University,DORIS,2012
Uppsala University,DORIS,2012
Uppsala University,DORIS,2012
Uppsala University,DORIS,2014
Uppsala University,DORIS,2012
Uppsala University,DORIS,2012
Uppsala University,DORIS,2012
Uppsala University,DORIS,2012
Uppsala University,DORIS,2014
Uppsala University,DORIS,2012
Uppsala University,DORIS,2012
Uppsala University,DORIS,2012
Uppsala University,DORIS,2012
Uppsala University,DORIS,2013
Uppsala University,DORIS,2014
Uppsala University,DORIS,2012
Uppsala University,DORIS,2012
Uppsala University,DORIS,2012
Lund University,DORIS,2014
Stockholm University,DORIS,2014
"KN 2023:01, Utredningen om havsbaserad vindkraft",DORIS,2024
University of Gothenburg,DORIS,1992
University of Gothenburg,DORIS,1983
University of Gothenburg,DORIS,2001
Arbetslivsinstitutet,DORIS,2006
University of Gothenburg,DORIS,2002
University of Gothenburg,DORIS,2002
University of Gothenburg,DORIS,2002
Uppsala University,DORIS,1985
Uppsala University,DORIS,1983
Uppsala University,DORIS,1986
Arbetslivsinstitutet,DORIS,2006
Arbetslivsinstitutet,DORIS,2015
Arbetslivsinstitutet,DORIS,2007
University of Gothenburg,DORIS,1997
University of Gothenburg,DORIS,1995
Stockholm University,DORIS,1988
Stockholm University,DORIS,1989
University of Gothenburg,DORIS,2015
University of Gothenburg,DORIS (only metadata),1995
Religionssociologiska institutet,DORIS,2013
Religionssociologiska institutet,DORIS,2013
University of Gothenburg,DORIS (only metadata),1995
Religionssociologiska institutet,DORIS,2013
Lund University,DORIS (only metadata),2017
University of Gothenburg,DORIS,2018
​SAMBAH – Static Acoustic Monitoring of the Baltic Sea Harbour Porpoise,DORIS,2017
​SAMBAH – Static Acoustic Monitoring of the Baltic Sea Harbour Porpoise,DORIS,2017
Lund University,DORIS,2017
Umeå University,DORIS,2022
Umeå University,DORIS,2022
Umeå University,DORIS,2022
Umeå University,DORIS,2022
Umeå University,DORIS,2022
Umeå University,DORIS,2022
Swedish University of Agricultural Sciences,DORIS,2022
RISE Research Institutes of Sweden,DORIS,2022
Swedish University of Agricultural Sciences,DORIS,2021
Uppsala University,DORIS (only metadata),2020
National Food Agency,DORIS (only metadata),2016
National Food Agency,DORIS (only metadata),2021
National Food Agency,DORIS (only metadata),2016
Karolinska Institutet,DORIS,2024
University of Gothenburg,DORIS,2025
Swedish University of Agricultural Sciences,DORIS,2023
Swedish University of Agricultural Sciences,DORIS,2025
Lund University,DORIS,2021
Swedish Museum of Natural History,DORIS,2025
Lund University,DORIS,2025
Södertörns högskola,DORIS,2025
Uppsala University,DORIS,2018
Swedish University of Agricultural Sciences,DORIS (only metadata),2019
Uppsala University,DORIS (only metadata),2021
Uppsala University,DORIS (only metadata),2016
Linköping University,DORIS (only metadata),2017
Uppsala University,DORIS,2018
Uppsala University,DORIS,2018
Statistics Sweden,DORIS (only metadata),2011
University of Skövde,DORIS,2020
Stockholm University,DORIS (only metadata),2020
Chalmers University of Technology,DORIS,2020
University of Gothenburg,DORIS,2023
Stockholm University,DORIS,2020
University of Gothenburg,DORIS (only metadata),2021
Uppsala University,DORIS,2018
Uppsala University,DORIS,2018
Chalmers University of Technology,DORIS,2020
Chalmers University of Technology,DORIS,2020
Chalmers University of Technology,DORIS,2020
Chalmers University of Technology,DORIS,2020
Chalmers University of Technology,DORIS,2020
Chalmers University of Technology,DORIS,2020
University of Gothenburg,DORIS,1994
Stiftelsen för opinionsanalyser,DORIS,1984
University of Gothenburg,DORIS,1997
Swedish Transport Administration,DORIS,1997
IMU-Testologen AB,DORIS,1986
Swedish Transport Administration,DORIS,1996
Statistics Sweden,DORIS,1987
Radio Sweden,DORIS,1998
Swedish Transport Administration,DORIS,1997
Swedish Transport Administration,DORIS,1997
Statistics Sweden,DORIS,1996
Statistics Sweden,DORIS,1999
IMU-Testologen AB,DORIS,1986
Lund University,DORIS,1982
Statistics Sweden,DORIS,1999
Swedish Transport Administration,DORIS,1997
Swedish Transport Administration,DORIS,1997
University of Gothenburg,DORIS,2024
University of Gothenburg,DORIS,2024
Karolinska Institutet,DORIS (only metadata),2025
University of Gothenburg,DORIS,2024
University of Gothenburg,DORIS,2024
Karolinska Institutet,DORIS (only metadata),2025
Karolinska Institutet,DORIS (only metadata),2025
University of Gothenburg,DORIS,2025
Swedish University of Agricultural Sciences,DORIS,2024
Karolinska Institutet,DORIS,2024
University of Gothenburg,DORIS,2024
University of Gothenburg,DORIS,2024
Swedish University of Agricultural Sciences,DORIS,2024
University of Gothenburg,DORIS,2024
Karolinska Institutet,DORIS,2024
University of Gothenburg,DORIS,2025
University of Gothenburg,DORIS (only metadata),2020
Stockholm Gerontology Research Center Foundation,DORIS (only metadata),2015
Institute for Language and Folklore,DORIS (only metadata),2020
Stockholm Gerontology Research Center Foundation,DORIS (only metadata),2015
Stockholm Gerontology Research Center Foundation,DORIS (only metadata),2015
Institute for Language and Folklore,DORIS (only metadata),2020
Institute for Language and Folklore,DORIS (only metadata),2020
Stockholm Gerontology Research Center Foundation,DORIS (only metadata),2015
Region Skåne,DORIS (only metadata),2014
Institute for Language and Folklore,DORIS (only metadata),2020
Region Skåne,DORIS (only metadata),2014
Institute for Language and Folklore,DORIS (only metadata),2020
Institute for Language and Folklore,DORIS (only metadata),2020
Lund University,DORIS (only metadata),2014
University of Gothenburg,DORIS (only metadata),2020
University of Gothenburg,DORIS (only metadata),2020
Institute for Language and Folklore,DORIS (only metadata),2020
Institute for Language and Folklore,DORIS (only metadata),2020
Institute for Language and Folklore,DORIS (only metadata),2020
Institute for Language and Folklore,DORIS (only metadata),2020
Swedish Transport Administration,DORIS,2001
Swedish Transport Administration,DORIS,1996
University of Gothenburg,DORIS,1986
Statistics Sweden,DORIS,1989
Swedish Transport Administration,DORIS,1996
Swedish Transport Administration,DORIS,1996
Swedish Transport Administration,DORIS,1996
Swedish Transport Administration,DORIS,2002
Swedish Transport Administration,DORIS,1996
Swedish Transport Administration,DORIS,2002
Swedish Transport Administration,DORIS,2002
Swedish Transport Administration,DORIS,1996
Statistics Sweden,DORIS,1993
Statistics Sweden,DORIS,1989
Karolinska Institutet,DORIS (only metadata),2024
Karolinska Institutet,DORIS (only metadata),2025
Sveriges Television,DORIS,2024
Swedish University of Agricultural Sciences,DORIS,2025
University of Gothenburg,DORIS,2024
University of Gothenburg,DORIS,2024
University of Gothenburg,DORIS,2024
Chalmers University of Technology,DORIS,2024
Karolinska Institutet,DORIS (only metadata),2024
Karolinska Institutet,DORIS,2024
Karolinska Institutet,DORIS,2024
Swedish University of Agricultural Sciences,DORIS,2025
University of Gothenburg,DORIS,2024
Institute for Language and Folklore,DORIS (only metadata),2020
Stockholm Gerontology Research Center Foundation,DORIS (only metadata),2015
Institute for Language and Folklore,DORIS (only metadata),2020
Stockholm Gerontology Research Center Foundation,DORIS (only metadata),2015
Institute for Language and Folklore,DORIS (only metadata),2020
University of Gothenburg,DORIS (only metadata),2020
University of Gothenburg,DORIS (only metadata),2020
Lund University,DORIS (only metadata),2014
Region Skåne,DORIS (only metadata),2014
Institute for Language and Folklore,DORIS (only metadata),2020
Institute for Language and Folklore,DORIS (only metadata),2020
University of Gothenburg,DORIS (only metadata),2020
Lund University,DORIS (only metadata),2014
University of Gothenburg,DORIS (only metadata),2020
Institute for Language and Folklore,DORIS (only metadata),2020
Region Skåne,DORIS (only metadata),2014
Lund University,DORIS (only metadata),2014
FoU Spenshult,DORIS (only metadata),2014
Institute for Language and Folklore,DORIS (only metadata),2020
University of Gothenburg,DORIS,1999
University of Gothenburg,DORIS,2001
University of Gothenburg,DORIS,2000
University of Gothenburg,DORIS,2004
University of Gothenburg,DORIS,2005
University of Gothenburg,DORIS,2000
Umeå University,DORIS,1986
University of Gothenburg,DORIS,2004
University of Gothenburg,DORIS,2001
University of Gothenburg,DORIS,2001
University of Gothenburg,DORIS,2001
University of Gothenburg,DORIS,2001
Swedish Transport Administration,DORIS,2002
Swedish Transport Administration,DORIS,1996
Swedish Transport Administration,DORIS,1996
Swedish Transport Administration,DORIS,1996
IMU-Testologen AB,DORIS,1983
IMU-Testologen AB,DORIS,1983
Swedish Transport Administration,DORIS,1996
Swedish Transport Administration,DORIS,1996
Swedish Transport Administration,DORIS,1996
Swedish Transport Administration,DORIS,2002
Swedish Transport Administration,DORIS,1996
Swedish Transport Administration,DORIS,2002
University of Gothenburg,DORIS,1991
University of Gothenburg,DORIS,1998
University of Gothenburg,DORIS (only metadata),2022
Lund University,DORIS (only metadata),2014
University of Gothenburg,DORIS (only metadata),2022
University of Gothenburg,DORIS (only metadata),2022
Lund University,DORIS (only metadata),2014
University of Gothenburg,DORIS (only metadata),2022
Lund University,DORIS (only metadata),2014
Lund University,DORIS (only metadata),2014
The Norwegian University of Science and Technology (NTNU),DORIS (only metadata),2023
Lund University,DORIS (only metadata),2014
Jönköping University,DORIS (only metadata),2022
Lund University,DORIS (only metadata),2014
Jönköping University,DORIS (only metadata),2022
Swedish Polar Research Secretariat,DORIS (only metadata),2022
Lund University,DORIS (only metadata),2014
Jönköping University,DORIS (only metadata),2022
Jönköping University,DORIS (only metadata),2022
The Norwegian University of Science and Technology (NTNU),DORIS (only metadata),2023
Lund University,DORIS (only metadata),2014
Stockholm University,DORIS (only metadata),2015
Institute for Language and Folklore,DORIS (only metadata),2020
Institute for Language and Folklore,DORIS (only metadata),2020
Institute for Language and Folklore,DORIS (only metadata),2020
Lund University,DORIS (only metadata),2015
Lund University,DORIS (only metadata),2014
Institute for Language and Folklore,DORIS (only metadata),2020
Institute for Language and Folklore,DORIS (only metadata),2020
Lund University,DORIS (only metadata),2015
Institute for Language and Folklore,DORIS (only metadata),2020
Lund University,DORIS (only metadata),2015
Institute for Language and Folklore,DORIS (only metadata),2020
Lund University,DORIS (only metadata),2014
Institute for Language and Folklore,DORIS (only metadata),2020
Institute for Language and Folklore,DORIS (only metadata),2020
Lund University,DORIS (only metadata),2015
Institute for Language and Folklore,DORIS (only metadata),2020
Institute for Language and Folklore,DORIS (only metadata),2020
Institute for Language and Folklore,DORIS (only metadata),2020
Institute for Language and Folklore,DORIS (only metadata),2020
Radio Sweden,DORIS,1984
Statistics Sweden,DORIS,1989
Radio Sweden,DORIS,1984
Radio Sweden,DORIS,1984
Radio Sweden,DORIS,1984
The Norwegian University of Science and Technology (NTNU),DORIS (only metadata),2023
Galway-Mayo Institute of Technology,DORIS (only metadata),2023
Umeå University,DORIS (only metadata),2014
IMU-Testologen AB,DORIS,1986
IMU-Testologen AB,DORIS,1986
Statistics Sweden,DORIS,1989
Statistics Sweden,DORIS,1999
IMU-Testologen AB,DORIS,1986
The Norwegian University of Science and Technology (NTNU),DORIS (only metadata),2023
The Norwegian University of Science and Technology (NTNU),DORIS (only metadata),2023
Chalmers University of Technology,DORIS (only metadata),2023
Chalmers University of Technology,DORIS (only metadata),2023
Chalmers University of Technology,DORIS (only metadata),2023
Public Health Agency of Sweden,DORIS (only metadata),2014
Stockholm Gerontology Research Center Foundation,DORIS (only metadata),2022
Karolinska Institutet,DORIS (only metadata),2022
Stockholm University,DORIS (only metadata),2015
Jönköping University,DORIS (only metadata),2022
Stockholm University,DORIS (only metadata),2015
SHARE ERIC,DORIS (only metadata),2021
SHARE ERIC,DORIS (only metadata),2021
Public Health Agency of Sweden,DORIS (only metadata),2014
Blekinge Institute of Technology,DORIS (only metadata),2022
Public Health Agency of Sweden,DORIS (only metadata),2014
Lund University,DORIS (only metadata),2021
SHARE ERIC,DORIS (only metadata),2021
Stockholm University,DORIS (only metadata),2015
Public Health Agency of Sweden,DORIS (only metadata),2014
SHARE ERIC,DORIS (only metadata),2021
SHARE ERIC,DORIS (only metadata),2021
Karolinska Institutet,DORIS (only metadata),2015
Karolinska Institutet,DORIS (only metadata),2018
Swedish University of Agricultural Sciences,DORIS,2025
Institute for Language and Folklore,DORIS (only metadata),2023
Swedish University of Agricultural Sciences,DORIS,2025
Statistics Sweden,DORIS,2025
Swedish University of Agricultural Sciences,DORIS,2025
Institute for Language and Folklore,DORIS (only metadata),2020
Swedish University of Agricultural Sciences,DORIS,2025
Swedish University of Agricultural Sciences,DORIS,2025
Swedish University of Agricultural Sciences,DORIS,2025
Institute for Language and Folklore,DORIS (only metadata),2023
Institute for Language and Folklore,DORIS (only metadata),2023
University of Gothenburg,DORIS,2025
Institute for Language and Folklore,DORIS (only metadata),2023
Umeå University,DORIS (only metadata),2014
Institute for Language and Folklore,DORIS (only metadata),2023
Swedish University of Agricultural Sciences,DORIS,2025
University of Gothenburg,DORIS,2025
Institute for Language and Folklore,DORIS (only metadata),2023
Swedish Polar Research Secretariat,DORIS,2024
University of Gothenburg,DORIS,2025
Swedish University of Agricultural Sciences,DORIS,2024
Karolinska Institutet,DORIS (only metadata),2025
Swedish Polar Research Secretariat,DORIS,2025
University of Gothenburg,DORIS,2025
Karolinska Institutet,DORIS (only metadata),2025
University of Gothenburg,DORIS,2025
University of Gothenburg,DORIS,2025
University of Gothenburg,DORIS,2025
University of Gothenburg,DORIS,2025
Swedish University of Agricultural Sciences,DORIS,2025
Public Health Agency of Sweden,DORIS (only metadata),2014
Karolinska Institutet,DORIS (only metadata),2022
University of Gothenburg,DORIS (only metadata),2022
Public Health Agency of Sweden,DORIS (only metadata),2014
SHARE ERIC,DORIS (only metadata),2020
Public Health Agency of Sweden,DORIS (only metadata),2014
SHARE ERIC,DORIS (only metadata),2020
Public Health Agency of Sweden,DORIS (only metadata),2014
Institute for Language and Folklore,DORIS (only metadata),2020
Institute for Language and Folklore,DORIS (only metadata),2020
Institute for Language and Folklore,DORIS (only metadata),2020
Institute for Language and Folklore,DORIS (only metadata),2020
Public Health Agency of Sweden,DORIS (only metadata),2014
Public Health Agency of Sweden,DORIS (only metadata),2014
University of Gothenburg,DORIS (only metadata),2023
Umeå University,DORIS (only metadata),2022
Lund University,DORIS (only metadata),2014
Lund University,DORIS (only metadata),2014
Institute for Language and Folklore,DORIS (only metadata),2020
Institute for Language and Folklore,DORIS (only metadata),2020
Uppsala University,DORIS (only metadata),2015
Institute for Language and Folklore,DORIS (only metadata),2020
Uppsala University,DORIS (only metadata),2015
Public Health Agency of Sweden,DORIS (only metadata),2015
Uppsala University,DORIS (only metadata),2015
Uppsala University,DORIS (only metadata),2015
Uppsala University,DORIS (only metadata),2015
Karolinska Institutet,DORIS (only metadata),2015
Karolinska Institutet,DORIS (only metadata),2015
Public Health Agency of Sweden,DORIS (only metadata),2015
Uppsala University,DORIS (only metadata),2015
Institute for Language and Folklore,DORIS (only metadata),2020
Swedish University of Agricultural Sciences,DORIS (only metadata),2023
Umeå University,DORIS (only metadata),2018
Swedish University of Agricultural Sciences,DORIS,2025
Swedish University of Agricultural Sciences,DORIS,2025
Swedish University of Agricultural Sciences,DORIS,2024
Linköping University,DORIS,2019
Linnaeus University,DORIS,2019
Linköping University,DORIS,2019
Linköping University,DORIS,2021
Mid Sweden University,DORIS,2023
Lund University,DORIS,2025
University of Gothenburg,DORIS,2025
Uppsala University,DORIS,2025
Mid Sweden University,DORIS,2021
Mid Sweden University,DORIS,2021
Mid Sweden University,DORIS,2025
University of Gothenburg,DORIS,2013
University of Gothenburg,DORIS,2014
Södertörns högskola,DORIS,2023
Luleå University of Technology,DORIS,2022
Stockholm University,DORIS,2019
Stockholm University,DORIS,2022
Swedish Defence University,DORIS,2023
Swedish Geotechnical Institute,DORIS,2025
Swedish Geotechnical Institute,DORIS,2025
University of Gothenburg,DORIS,2025
Uppsala University,DORIS,2021
Uppsala University,DORIS,2016
Stockholm University,DORIS,2025
Umeå University,DORIS (only metadata),2019
Umeå University,DORIS,2021
Karolinska Institutet,DORIS,2022
University of Gothenburg,DORIS,2024
Swedish University of Agricultural Sciences,DORIS (only metadata),2022
Karolinska Institutet,DORIS,2023
Umeå University,DORIS (only metadata),2021
Karolinska Institutet,DORIS,2021
Umeå University,DORIS (only metadata),2013
Swedish University of Agricultural Sciences,DORIS,2024
Malmö University,DORIS (only metadata),2020
Umeå University,DORIS (only metadata),2020
Linköping University,DORIS,2022
Linköping University,DORIS,2023
Linköping University,DORIS,2021
Linköping University,DORIS,2022
Karlstad University,DORIS,2017
Uppsala University,DORIS,2018
Linköping University,DORIS,2022
Linköping University,DORIS,2022
Malmö University,DORIS,2020
Mid Sweden University,DORIS,2021
Malmö University,DORIS,2020
Malmö University,DORIS,2020
Uppsala University,DORIS,2023
Uppsala University,DORIS,2022
Linnaeus University,DORIS,2019
Mid Sweden University,DORIS,2022
Linköping University,DORIS,2021
Uppsala University,DORIS,2022
Mid Sweden University,DORIS,2019
Linköping University,DORIS,2020
Uppsala University,DORIS,2023
Mid Sweden University,DORIS,2018
Arbetslivsinstitutet,DORIS,2018
Linköping University,DORIS,2019
Blekinge Institute of Technology,DORIS,2019
Linköping University,DORIS,2022
Mid Sweden University,DORIS,2021
Uppsala University,DORIS,2022
Luleå University of Technology,DORIS,2017
Linköping University,DORIS,2023
Linköping University,DORIS (only metadata),2023
Arbetslivsinstitutet,DORIS,2025
Arbetslivsinstitutet,DORIS,2013
Arbetslivsinstitutet,DORIS,2006
Arbetslivsinstitutet,DORIS,2013
Arbetslivsinstitutet,DORIS,2006
Arbetslivsinstitutet,DORIS,2025
Arbetslivsinstitutet,DORIS,2007
Arbetslivsinstitutet,DORIS,2007
Swedish University of Agricultural Sciences,DORIS,2025
Karolinska Institutet,DORIS,2025
Chalmers University of Technology,DORIS,2025
University of Gothenburg,DORIS,2025
University of Gothenburg,DORIS,2025
Swedish University of Agricultural Sciences,DORIS,2025
Karolinska Institutet,DORIS,2025
Karolinska Institutet,DORIS,2024
Karolinska Institutet,DORIS,2025
Karolinska Institutet,DORIS,2025
Karolinska Institutet,DORIS,2025
Karolinska Institutet,DORIS,2025
Karolinska Institutet,DORIS,2025
Karolinska Institutet,DORIS,2024
Public Health Agency of Sweden,DORIS (only metadata),2017
Uppsala University,DORIS (only metadata),2015
Public Health Agency of Sweden,DORIS (only metadata),2017
Karolinska Institutet,DORIS (only metadata),2015
Uppsala University,DORIS (only metadata),2015
Institute for Language and Folklore,DORIS (only metadata),2020
University of Gothenburg,DORIS (only metadata),2020
University of Gothenburg,DORIS (only metadata),2020
Karolinska Institutet,DORIS (only metadata),2015
Uppsala University,DORIS (only metadata),2015
Public Health Agency of Sweden,DORIS (only metadata),2017
Uppsala University,DORIS (only metadata),2015
Uppsala University,DORIS (only metadata),2015
Public Health Agency of Sweden,DORIS (only metadata),2016
Public Health Agency of Sweden,DORIS (only metadata),2016
Public Health Agency of Sweden,DORIS (only metadata),2016
Public Health Agency of Sweden,DORIS (only metadata),2016
Public Health Agency of Sweden,DORIS (only metadata),2016
Umeå University,DORIS (only metadata),2015
Umeå University,DORIS (only metadata),2012
University of Gothenburg,DORIS,2021
Umeå University,DORIS (only metadata),2012
Umeå University,DORIS (only metadata),2012
Umeå University,DORIS (only metadata),2012
Umeå University,DORIS (only metadata),2012
Lund University,DORIS (only metadata),2014
Stockholm University,DORIS (only metadata),2015
University of Gothenburg,DORIS,2021
"Information not available, contact SND for more information",DORIS (only metadata),2014
Region Skåne,DORIS (only metadata),2014
"Information not available, contact SND for more information",DORIS (only metadata),2014
University of Gothenburg,DORIS,2021
Public Health Agency of Sweden,DORIS (only metadata),2014
University of Gothenburg,DORIS,2021
Region Skåne,DORIS (only metadata),2014
University of Gothenburg,DORIS,2021
Swedish University of Agricultural Sciences,DORIS,2021
Region Skåne,DORIS (only metadata),2013
University of Gothenburg,DORIS,2021
Region Skåne,DORIS (only metadata),2013
Lund University,DORIS (only metadata),2013
Swedish Polar Research Secretariat,DORIS,2021
Lund University,DORIS (only metadata),2013
Region Skåne,DORIS (only metadata),2013
Swedish Polar Research Secretariat,DORIS,2021
Lund University,DORIS (only metadata),2013
University of Gothenburg,DORIS,2021
Lund University,DORIS (only metadata),2013
Lund University,DORIS (only metadata),2013
Lund University,DORIS (only metadata),2013
Lund University,DORIS (only metadata),2013
Lund University,DORIS (only metadata),2013
Lund University,DORIS (only metadata),2013
University of Gothenburg,DORIS,2021
University of Gothenburg,DORIS (only metadata),2012
University of Gothenburg,DORIS (only metadata),2011
University of Gothenburg,DORIS (only metadata),2011
University of Gothenburg,DORIS (only metadata),2011
Swedish Transport Administration,DORIS,2002
University of Gothenburg,DORIS (only metadata),2011
University of Gothenburg,DORIS,1998
University of Gothenburg,DORIS,1993
University of Gothenburg,DORIS (only metadata),2011
University of Gothenburg,DORIS (only metadata),2011
University of Gothenburg,DORIS (only metadata),2011
University of Gothenburg,DORIS (only metadata),2011
University of Gothenburg,DORIS,2010
Swedish Transport Administration,DORIS,2002
University of Gothenburg,DORIS,2020
University of Gothenburg,DORIS,2020
IMU-Testologen AB,DORIS,1983
University of Gothenburg,DORIS,2020
University of Gothenburg,DORIS,2022
University of Gothenburg,DORIS,2020
University of Gothenburg,DORIS,2019
University of Gothenburg,DORIS,2019
University of Gothenburg,DORIS,2019
University of Gothenburg,DORIS,2019
Sveriges Television,DORIS,2019
IMU-Testologen AB,DORIS,1983
Statistics Sweden,DORIS,2020
IMU-Testologen AB,DORIS,1983
IMU-Testologen AB,DORIS,1983
Stiftelsen för opinionsanalyser,DORIS,1984
Swedish University of Agricultural Sciences,DORIS,2022
Swedish University of Agricultural Sciences,DORIS,2022
Umeå University,DORIS (only metadata),2012
University of Gothenburg,DORIS,2023
Swedish Polar Research Secretariat,DORIS,2022
University of Gothenburg,DORIS,2023
University of Gothenburg,DORIS,2023
University of Gothenburg,DORIS,2023
University of Gothenburg,DORIS,2022
University of Gothenburg,DORIS,2008
University of Gothenburg,DORIS,2008
University of Gothenburg,DORIS,1995
University of Gothenburg,DORIS,1995
University of Gothenburg,DORIS,2008
University of Gothenburg,DORIS,1997
University of Gothenburg,DORIS,1998
University of Gothenburg,DORIS,1999
University of Gothenburg,DORIS (only metadata),2011
University of Gothenburg,DORIS (only metadata),2011
University of Gothenburg,DORIS,1999
University of Gothenburg,DORIS (only metadata),2011
University of Gothenburg,DORIS (only metadata),2011
Swedish Transport Administration,DORIS,2002
University of Gothenburg,DORIS (only metadata),2011
University of Gothenburg,DORIS,2006
Uppsala University,DORIS (only metadata),2025
Swedish Transport Administration,DORIS,2008
Swedish Transport Administration,DORIS,2013
University of Gothenburg,DORIS,2002
Swedish Transport Administration,DORIS,2013
Swedish Transport Administration,DORIS,2008
University of Gothenburg,DORIS,2006
University of Gothenburg,DORIS,2021
University of Gothenburg,DORIS,1997
University of Gothenburg,DORIS,2006
University of Gothenburg,DORIS,2021
University of Gothenburg,DORIS,2021
University of Gothenburg,DORIS,2001
University of Gothenburg,DORIS,2021
University of Gothenburg,DORIS,2021
University of Gothenburg,DORIS,2020
University of Gothenburg,DORIS,2002
University of Gothenburg,DORIS,2021
University of Gothenburg,DORIS,2003
University of Gothenburg,DORIS,2021
University of Gothenburg,DORIS,2021
University of Gothenburg,DORIS,2001
University of Gothenburg,DORIS,2020
University of Gothenburg,DORIS,2021
University of Gothenburg,DORIS,2019
University of Gothenburg,DORIS,2019
Swedish University of Agricultural Sciences,DORIS,2019
University of Gothenburg,DORIS,2019
University of Gothenburg,DORIS,2019
University of Gothenburg,DORIS,1987
Stiftelsen för opinionsanalyser,DORIS,1985
University of Gothenburg,DORIS,2019
Umeå University,DORIS,2018
Statistics Sweden,DORIS,1989
Umeå University,DORIS,2018
Stiftelsen för opinionsanalyser,DORIS,1984
Stiftelsen för opinionsanalyser,DORIS,1985
University of Gothenburg,DORIS,2019
Statistics Sweden,DORIS,1989
Stiftelsen för opinionsanalyser,DORIS,1984
Lund University,DORIS (only metadata),2013
Lund University,DORIS (only metadata),2011
University of Gothenburg,DORIS,2023
IMU-Testologen AB,DORIS,1983
IMU-Testologen AB,DORIS,1984
Sveriges Television,DORIS,2022
University of Gothenburg,DORIS,2024
University of Gothenburg,DORIS,2024
University of Gothenburg,DORIS,2024
University of Gothenburg,DORIS,2024
University of Gothenburg,DORIS,2023
University of Gothenburg,DORIS,2003
University of Gothenburg,DORIS,2003
University of Gothenburg,DORIS,2003
University of Gothenburg,DORIS,2004
University of Gothenburg,DORIS,2007
University of Gothenburg,DORIS,2010
University of Gothenburg,DORIS,2007
University of Gothenburg,DORIS,2007
University of Gothenburg,DORIS,2008
University of Gothenburg,DORIS,2009
University of Gothenburg,DORIS (only metadata),2015
University of Gothenburg,DORIS (only metadata),2013
University of Gothenburg,DORIS,2007
University of Gothenburg,DORIS (only metadata),2013
University of Gothenburg,DORIS (only metadata),2013
IMU-Testologen AB,DORIS,1984
Karolinska Institutet,DORIS (only metadata),2012
University of Gothenburg,DORIS,1993
University of Gothenburg,DORIS (only metadata),2013
University of Gothenburg,DORIS,2007
University of Gothenburg,DORIS,2007
University of Gothenburg,DORIS (only metadata),2013
University of Gothenburg,DORIS (only metadata),2013
IMU-Testologen AB,DORIS,1984
IMU-Testologen AB,DORIS,1984
University of Gothenburg,DORIS,1992
IMU-Testologen AB,DORIS,1984
IMU-Testologen AB,DORIS,1984
University of Gothenburg,DORIS (only metadata),2011
University of Gothenburg,DORIS (only metadata),2011
University of Gothenburg,DORIS (only metadata),2011
Stockholm University,DORIS (only metadata),1999
Stockholm University,DORIS (only metadata),1999
Stockholm University,DORIS (only metadata),2007
Stockholm University,DORIS (only metadata),2007
Stockholm University,DORIS (only metadata),2017
Stockholm University,DORIS (only metadata),1999
University of Gothenburg,DORIS (only metadata),2011
Stockholm University,DORIS (only metadata),2007
Stockholm University,DORIS (only metadata),2017
Stockholm University,DORIS (only metadata),2017
Stockholm University,DORIS (only metadata),1999
Stockholm University,DORIS (only metadata),1999
University of Gothenburg,DORIS,1991
University of Gothenburg,DORIS,1993
Region Skåne,DORIS (only metadata),2013
University of Gothenburg,DORIS,2022
Swedish Polar Research Secretariat,DORIS,2021
Lund University,DORIS (only metadata),2013
Region Skåne,DORIS (only metadata),2013
University of Gothenburg,DORIS,2022
Lund University,DORIS (only metadata),2013
Lund University,DORIS (only metadata),2013
University of Gothenburg,DORIS,2022
Karolinska Institutet,DORIS (only metadata),2012
Karolinska Institutet,DORIS (only metadata),2016
Swedish University of Agricultural Sciences,DORIS,2022
University of Gothenburg,DORIS,2023
Region Skåne,DORIS (only metadata),2013
Region Skåne,DORIS (only metadata),2013
University of Gothenburg,DORIS (only metadata),2011
Stockholm University,DORIS (only metadata),1999
Stockholm University,DORIS (only metadata),1999
University of Gothenburg,DORIS (only metadata),2011
University of Gothenburg,DORIS (only metadata),2011
University of Gothenburg,DORIS (only metadata),2011
University of Gothenburg,DORIS,2023
Swedish Transport Administration,DORIS,2002
University of Gothenburg,DORIS,2023
Swedish University of Agricultural Sciences,DORIS,2024
University of Gothenburg,DORIS,2023
Swedish Transport Administration,DORIS,2008
Swedish Transport Administration,DORIS,2008
Sveriges Television,DORIS,2023
Swedish University of Agricultural Sciences,DORIS,2024
University of Gothenburg,DORIS,2021
University of Gothenburg,DORIS,2008
University of Gothenburg,DORIS,2021
IMU-Testologen AB,DORIS,1986
IMU-Testologen AB,DORIS,1983
University of Gothenburg,DORIS,2022
IMU-Testologen AB,DORIS,1983
University of Gothenburg,DORIS,2012
University of Gothenburg,DORIS,2021
University of Gothenburg,DORIS,2021
University of Gothenburg,DORIS,2021
Environment for Development Initiative,DORIS,2020
University of Gothenburg,DORIS,2020
IMU-Testologen AB,DORIS,1983
IMU-Testologen AB,DORIS,1983
University of Gothenburg,DORIS,2021
University of Gothenburg,DORIS,2021
Region Skåne,DORIS (only metadata),2013
University of Gothenburg,DORIS,2022
University of Gothenburg,DORIS,2023
Lund University,DORIS (only metadata),2013
Region Skåne,DORIS (only metadata),2013
Swedish University of Agricultural Sciences,DORIS,2021
Lund University,DORIS (only metadata),2013
University of Gothenburg,DORIS,2023
University of Gothenburg,DORIS,2023
University of Gothenburg,DORIS (only metadata),2013
University of Gothenburg,DORIS,2023
University of Gothenburg,DORIS (only metadata),2013
Karolinska Institutet,DORIS,2024
University of Gothenburg,DORIS (only metadata),2013
Region Skåne,DORIS (only metadata),2013
Region Skåne,DORIS (only metadata),2013
Karolinska Institutet,DORIS,2024
Region Skåne,DORIS (only metadata),2013
University of Gothenburg,DORIS (only metadata),2012
University of Gothenburg,DORIS,1993
Uppsala University,DORIS (only metadata),2011
University of Gothenburg,DORIS,1993
Uppsala University,DORIS (only metadata),2012
University of Gothenburg,DORIS,1993
Lund University,DORIS (only metadata),2011
Lund University,DORIS (only metadata),2011
University of Gothenburg,DORIS,1993
University of Gothenburg,DORIS (only metadata),2011
University of Gothenburg,DORIS,1993
University of Gothenburg,DORIS (only metadata),2011
University of Gothenburg,DORIS (only metadata),2011
University of Gothenburg,DORIS (only metadata),2011
Public Health Agency of Sweden,DORIS (only metadata),2012
University of Gothenburg,DORIS (only metadata),2013
University of Gothenburg,DORIS,1993
University of Gothenburg,DORIS,2018
University of Gothenburg,DORIS,2018
Swedish Polar Research Secretariat,DORIS,2018
University of Gothenburg,DORIS,2011
Sveriges Television,DORIS,2018
University of Gothenburg,DORIS,2018
University of Gothenburg,DORIS,2018
Statistics Sweden,DORIS,1996
Statistics Sweden,DORIS,1992
University of Gothenburg,DORIS,2018
University of Gothenburg,DORIS,1994
Swedish Polar Research Secretariat,DORIS,2017
University of Gothenburg,DORIS,2017
Uppsala University,DORIS,2003
Umeå University,DORIS,2015
Swedish Polar Research Secretariat,DORIS,2017
University of Gothenburg,DORIS,2017
University of Gothenburg,DORIS,2017
University of Gothenburg,DORIS,1997
Umeå University,DORIS,2003
Umeå University,DORIS,1995
Statistics Sweden,DORIS,1999
Swedish Polar Research Secretariat,DORIS,2017
Statistics Sweden,DORIS,1994
Statistics Sweden,DORIS,1989
Statistics Sweden,DORIS,2008
Statistics Sweden,DORIS,2008
IMU-Testologen AB,DORIS,1983
IMU-Testologen AB,DORIS,1983
IMU-Testologen AB,DORIS,1983
IMU-Testologen AB,DORIS,1983
IMU-Testologen AB,DORIS,1983
IMU-Testologen AB,DORIS,1983
IMU-Testologen AB,DORIS,1983
IMU-Testologen AB,DORIS,1983
IMU-Testologen AB,DORIS,1983
IMU-Testologen AB,DORIS,1983
IMU-Testologen AB,DORIS,1983
University of Gothenburg,DORIS,2016
University of Gothenburg,DORIS,2016
University of Gothenburg,DORIS,2012
University of Gothenburg,DORIS,2017
Umeå University,DORIS,2011
University of Gothenburg,DORIS,2013
University of Gothenburg,DORIS,1988
University of Gothenburg,DORIS,2017
Umeå University,DORIS,2017
Umeå University,DORIS,2005
University of Gothenburg,DORIS,1984
University of Gothenburg,DORIS,1983
University of Gothenburg,DORIS,1984
Umeå University,DORIS,2017
Umeå University,DORIS,2017
Umeå University,DORIS,2009
University of Gothenburg,DORIS,1986
Umeå University,DORIS,2003
Umeå University,DORIS,2009
Umeå University,DORIS,2009
University of Gothenburg,DORIS,2014
Umeå University,DORIS,2005
Umeå University,DORIS,2009
University of Gothenburg,DORIS,2014
Umeå University,DORIS,2009
Umeå University,DORIS,2009
University of Gothenburg,DORIS,2012
Umeå University,DORIS,2004
Umeå University,DORIS,2009
University of Gothenburg,DORIS,2014
University of Gothenburg,DORIS,2012
Sveriges Television,DORIS,2014
University of Gothenburg,DORIS,1982
University of Gothenburg,DORIS,2014
University of Gothenburg,DORIS,2014
Stockholm University,DORIS,1983
Stockholm University,DORIS,1983
University of Gothenburg,DORIS,2014
University of Gothenburg,DORIS,2014
University of Gothenburg,DORIS,2014
University of Gothenburg,DORIS,2014
University of Gothenburg,DORIS,2014
University of Gothenburg,DORIS,2014
University of Gothenburg,DORIS,2014
University of Gothenburg,DORIS,2014
University of Gothenburg,DORIS,2014
University of Gothenburg,DORIS,2014
University of Gothenburg,DORIS,2014
University of Gothenburg,DORIS,2014
University of Gothenburg,DORIS,2011
University of Gothenburg,DORIS,1998
University of Gothenburg,DORIS,1987
University of Gothenburg,DORIS,1989
University of Gothenburg,DORIS,2011
University of Gothenburg,DORIS,2001
University of Gothenburg,DORIS,2008
University of Gothenburg,DORIS,2008
University of Gothenburg,DORIS,2011
Radio Sweden,DORIS,1998
University of Gothenburg,DORIS,2003
Radio Sweden,DORIS,1998
University of Gothenburg,DORIS,2005
University of Gothenburg,DORIS,2004
Radio Sweden,DORIS,1998
University of Gothenburg,DORIS,2001
University of Gothenburg,DORIS,1999
University of Gothenburg,DORIS,2015
Uppsala University,DORIS,1995
Uppsala University,DORIS,1995
Statistics Sweden,DORIS,2008
University of Gothenburg,DORIS,2017
Statistics Sweden,DORIS,2008
Statistics Sweden,DORIS,1999
Statistics Sweden,DORIS,1989
Statistics Sweden,DORIS,1989
Statistics Sweden,DORIS,1989
Statistics Sweden,DORIS,1989
Statistics Sweden,DORIS,1989
Statistics Sweden,DORIS,1996
Statistics Sweden,DORIS,1992
Statistics Sweden,DORIS,1994
Statistics Sweden,DORIS,2008
Statistics Sweden,DORIS,2008
Statistics Sweden,DORIS,2008
IMU-Testologen AB,DORIS,1983
IMU-Testologen AB,DORIS,1983
IMU-Testologen AB,DORIS,1983
IMU-Testologen AB,DORIS,1983
Umeå University,DORIS,2013
IMU-Testologen AB,DORIS,1983
IMU-Testologen AB,DORIS,1983
IMU-Testologen AB,DORIS,1983
IMU-Testologen AB,DORIS,1983
IMU-Testologen AB,DORIS,1983
IMU-Testologen AB,DORIS,1983
University of Gothenburg,DORIS,2016
University of Gothenburg,DORIS,2016
University of Gothenburg,DORIS,2016
University of Gothenburg,DORIS,2016
University of Gothenburg,DORIS,2016
Umeå University,DORIS,2015
IMU-Testologen AB,DORIS,1985
IMU-Testologen AB,DORIS,1985
IMU-Testologen AB,DORIS,1985
IMU-Testologen AB,DORIS,1985
IMU-Testologen AB,DORIS,1985
IMU-Testologen AB,DORIS,1985
IMU-Testologen AB,DORIS,1985
IMU-Testologen AB,DORIS,1985
IMU-Testologen AB,DORIS,1985
Umeå University,DORIS,2013
IMU-Testologen AB,DORIS,1983
IMU-Testologen AB,DORIS,1983
Umeå University,DORIS,2009
Umeå University,DORIS,2011
Swedish Transport Administration,DORIS,2014
IMU-Testologen AB,DORIS,1983
IMU-Testologen AB,DORIS,1983
Umeå University,DORIS,2009
IMU-Testologen AB,DORIS,1983
IMU-Testologen AB,DORIS,1983
Umeå University,DORIS,2000
IMU-Testologen AB,DORIS,1983
University of Gothenburg,DORIS,2008
Swedish Transport Administration,DORIS,2014
University of Gothenburg,DORIS,2009
University of Gothenburg,DORIS,2011
University of Gothenburg,DORIS,2011
Umeå University,DORIS,2008
Swedish Transport Administration,DORIS,2014
University of Gothenburg,DORIS,2006
Umeå University,DORIS,2002
Swedish Transport Administration,DORIS,2014
University of Gothenburg,DORIS,2006
University of Gothenburg,DORIS,2007
University of Gothenburg,DORIS,2014
University of Gothenburg,DORIS,2014
University of Gothenburg,DORIS,2014
Stockholm University,DORIS,1983
University of Gothenburg,DORIS,2014
University of Gothenburg,DORIS,2014
University of Gothenburg,DORIS,2014
Stockholm University,DORIS,1983
University of Gothenburg,DORIS,2014
University of Gothenburg,DORIS,2014
University of Gothenburg,DORIS,1991
University of Gothenburg,DORIS,1982
University of Gothenburg,DORIS,2002
University of Gothenburg,DORIS,2014
University of Gothenburg,DORIS,2014
University of Gothenburg,DORIS,2014
University of Gothenburg,DORIS,2014
University of Gothenburg,DORIS,2014
University of Gothenburg,DORIS,2014
University of Gothenburg,DORIS,2014
University of Gothenburg,DORIS,2012
University of Gothenburg,DORIS,2013
University of Gothenburg,DORIS,2011
University of Gothenburg,DORIS,2008
University of Gothenburg,DORIS,2010
University of Gothenburg,DORIS,2007
University of Gothenburg,DORIS,2009
University of Gothenburg,DORIS,2009
University of Gothenburg,DORIS,2011
University of Gothenburg,DORIS,2014
University of Gothenburg,DORIS,1997
University of Gothenburg,DORIS,2014
University of Gothenburg,DORIS,2014
Umeå University,DORIS,2014
Swedish Transport Administration,DORIS,2014
Sveriges Television,DORIS,2014
University of Gothenburg,DORIS,2018
Sveriges Television,DORIS,2015
Swedish Polar Research Secretariat,DORIS,2017
Umeå University,DORIS,2015
Swedish Polar Research Secretariat,DORIS,2017
Swedish Polar Research Secretariat,DORIS,2017
Swedish Polar Research Secretariat,DORIS,2017
Statistics Sweden,DORIS,1989
Statistics Sweden,DORIS,1989
Statistics Sweden,DORIS,1989
Umeå University,DORIS,2015
University of Gothenburg,DORIS,2011
University of Gothenburg,DORIS,1998
University of Gothenburg,DORIS,1997
University of Gothenburg,DORIS,2015
Umeå University,DORIS,2015
Statistics Sweden,DORIS,2015
University of Gothenburg,DORIS,1995
Statistics Sweden,DORIS,2015
Statistics Sweden,DORIS,2015
Statistics Sweden,DORIS,2015
Statistics Sweden,DORIS,2015
Statistics Sweden,DORIS,2016
Statistics Sweden,DORIS,2016
Statistics Sweden,DORIS,2015
IMU-Testologen AB,DORIS,1983
IMU-Testologen AB,DORIS,1983
IMU-Testologen AB,DORIS,1983
IMU-Testologen AB,DORIS,1985
IMU-Testologen AB,DORIS,1985
IMU-Testologen AB,DORIS,1985
IMU-Testologen AB,DORIS,1985
IMU-Testologen AB,DORIS,1985
IMU-Testologen AB,DORIS,1985
IMU-Testologen AB,DORIS,1985
IMU-Testologen AB,DORIS,1985
IMU-Testologen AB,DORIS,1985
Umeå University,DORIS,2009
Umeå University,DORIS,1999
University of Gothenburg,DORIS,1992
IMU-Testologen AB,DORIS,1983
University of Gothenburg,DORIS,1993
Umeå University,DORIS,1999
Umeå University,DORIS,2009
University of Gothenburg,DORIS,1993
Umeå University,DORIS,2009
University of Gothenburg,DORIS,1992
University of Gothenburg,DORIS,1992
Umeå University,DORIS,2009
Umeå University,DORIS,1997
University of Gothenburg,DORIS,1993
IMU-Testologen AB,DORIS,1983
Swedish Transport Administration,DORIS,2014
IMU-Testologen AB,DORIS,1983
Swedish Transport Administration,DORIS,2014
IMU-Testologen AB,DORIS,1983
Swedish Transport Administration,DORIS,2014
Swedish Transport Administration,DORIS,2014
IMU-Testologen AB,DORIS,1983
IMU-Testologen AB,DORIS,1983
IMU-Testologen AB,DORIS,1983
IMU-Testologen AB,DORIS,1983
Umeå University,DORIS,2009
University of Gothenburg,DORIS,2010
Umeå University,DORIS,2009
University of Gothenburg,DORIS,2014
Umeå University,DORIS,2010
University of Gothenburg,DORIS,2014
University of Gothenburg,DORIS,2014
Umeå University,DORIS,2010
Umeå University,DORIS,2009
University of Gothenburg,DORIS,2014
University of Gothenburg,DORIS,2014
Umeå University,DORIS,2009
Umeå University,DORIS,2008
Umeå University,DORIS,2009
Umeå University,DORIS,2010
University of Gothenburg,DORIS,2014
University of Gothenburg,DORIS,2014
Umeå University,DORIS,2011
University of Gothenburg,DORIS,2013
University of Gothenburg,DORIS,2014
University of Gothenburg,DORIS,2014
University of Gothenburg,DORIS,2012
University of Gothenburg,DORIS,1991
University of Gothenburg,DORIS,2014
University of Gothenburg,DORIS,1990
University of Gothenburg,DORIS,2014
University of Gothenburg,DORIS,1992
University of Gothenburg,DORIS,1982
University of Gothenburg,DORIS,2014
University of Gothenburg,DORIS,2014
University of Gothenburg,DORIS,2014
University of Gothenburg,DORIS,2014
Umeå University,DORIS,2011
University of Gothenburg,DORIS,2001
Swedish Transport Administration,DORIS,2013
University of Gothenburg,DORIS,2001
Swedish Transport Administration,DORIS,2002
University of Gothenburg,DORIS,2011
IMU-Testologen AB,DORIS,1986
Swedish Transport Administration,DORIS,2013
Swedish Transport Administration,DORIS,2013
Umeå University,DORIS,2011
IMU-Testologen AB,DORIS,1986
Umeå University,DORIS,2011
IMU-Testologen AB,DORIS,1986
Statistics Sweden,DORIS,2008
Swedish Transport Administration,DORIS,2013
IMU-Testologen AB,DORIS,1986
University of Gothenburg,DORIS,2015
University of Gothenburg,DORIS,2015
University of Gothenburg,DORIS,1986
Swedish Polar Research Secretariat,DORIS,2017
University of Gothenburg,DORIS,2004
Swedish Polar Research Secretariat,DORIS,2018
University of Gothenburg,DORIS,1992
University of Gothenburg,DORIS,1994
University of Gothenburg,DORIS,2002
Swedish Polar Research Secretariat,DORIS,2017
Statistics Sweden,DORIS,1999
Swedish Polar Research Secretariat,DORIS,2017
Swedish Polar Research Secretariat,DORIS,2018
Swedish Polar Research Secretariat,DORIS,2017
Swedish Polar Research Secretariat,DORIS,2017
Swedish Transport Administration,DORIS,2015
Umeå University,DORIS,2015
IMU-Testologen AB,DORIS,1983
IMU-Testologen AB,DORIS,1983
IMU-Testologen AB,DORIS,1983
IMU-Testologen AB,DORIS,1983
IMU-Testologen AB,DORIS,1983
IMU-Testologen AB,DORIS,1983
IMU-Testologen AB,DORIS,1983
IMU-Testologen AB,DORIS,1983
IMU-Testologen AB,DORIS,1983
IMU-Testologen AB,DORIS,1983
Swedish Transport Administration,DORIS,2013
University of Gothenburg,DORIS,1982
University of Gothenburg,DORIS,1982
University of Gothenburg,DORIS,1982
University of Gothenburg,DORIS,1982
University of Gothenburg,DORIS,2013
University of Gothenburg,DORIS,2013
University of Gothenburg,DORIS,1982
Swedish Transport Administration,DORIS,2013
Umeå University,DORIS,1992
University of Gothenburg,DORIS,1995
Swedish Transport Administration,DORIS,2014
Swedish Transport Administration,DORIS,2013
University of Gothenburg,DORIS,1994
University of Gothenburg,DORIS,1993
University of Gothenburg,DORIS,1999
IMU-Testologen AB,DORIS,1983
Umeå University,DORIS,2011
IMU-Testologen AB,DORIS,1983
Swedish Transport Administration,DORIS,2014
Swedish Transport Administration,DORIS,2014
Swedish Transport Administration,DORIS,2014
University of Gothenburg,DORIS,2001
University of Gothenburg,DORIS,1999
Swedish Transport Administration,DORIS,2014
Umeå University,DORIS,1995
IMU-Testologen AB,DORIS,1983
University of Gothenburg,DORIS,2008
University of Gothenburg,DORIS,2007
Swedish Transport Administration,DORIS,1997
University of Gothenburg,DORIS,2013
Umeå University,DORIS,1995
Umeå University,DORIS,2009
University of Gothenburg,DORIS,2014
University of Gothenburg,DORIS,1997
University of Gothenburg,DORIS,1991
University of Gothenburg,DORIS,2008
University of Gothenburg,DORIS,2014
University of Gothenburg,DORIS,2006
University of Gothenburg,DORIS,2014
University of Gothenburg,DORIS,2010
University of Gothenburg,DORIS,2012
University of Gothenburg,DORIS,2014
University of Gothenburg,DORIS,2014
University of Gothenburg,DORIS,2014
University of Gothenburg,DORIS,2014
University of Gothenburg,DORIS,2014
University of Gothenburg,DORIS,2014
University of Gothenburg,DORIS,1982
University of Gothenburg,DORIS,1993
Umeå University,DORIS,2014
University of Gothenburg,DORIS,2014
Sveriges Television,DORIS,2014
Sveriges Television,DORIS,2014
University of Gothenburg,DORIS,2014
University of Gothenburg,DORIS,2014
University of Gothenburg,DORIS,1996
Sveriges Television,DORIS,2014
Sveriges Television,DORIS,2014
University of Gothenburg,DORIS,1994
University of Gothenburg,DORIS,1994
Sveriges Television,DORIS,2014
Sveriges Television,DORIS,2008
Sveriges Television,DORIS,2014
Swedish Transport Administration,DORIS,2013
Umeå University,DORIS,2009
University of Gothenburg,DORIS,1991
University of Gothenburg,DORIS,1991
Umeå University,DORIS,1992
Umeå University,DORIS,2013
University of Gothenburg,DORIS,1991
Swedish Transport Administration,DORIS,2013
University of Gothenburg,DORIS,2001
Swedish Transport Administration,DORIS,2013
University of Gothenburg,DORIS,2001
Swedish Transport Administration,DORIS,2013
University of Gothenburg,DORIS,1991
Stockholm County Council,DORIS (only metadata),2015
Public Health Agency of Sweden,DORIS (only metadata),2017
Region Västra Götaland,DORIS (only metadata),2015
Region Västra Götaland,DORIS (only metadata),2015
Region Västra Götaland,DORIS (only metadata),2015
City of Gothenburg,DORIS (only metadata),2015
Region Västra Götaland,DORIS (only metadata),2015
Region Västra Götaland,DORIS (only metadata),2015
Region Västra Götaland,DORIS (only metadata),2015
City of Gothenburg,DORIS (only metadata),2015
City of Gothenburg,DORIS (only metadata),2015
Region Västra Götaland,DORIS (only metadata),2015
City of Gothenburg,DORIS (only metadata),2015
City of Gothenburg,DORIS (only metadata),2015
Region Västra Götaland,DORIS (only metadata),2015
Lund University,DORIS (only metadata),2014
University of Gothenburg,DORIS,2021
Lund University,DORIS (only metadata),2013
Region Skåne,DORIS (only metadata),2014
Lund University,DORIS (only metadata),2013
University of Gothenburg,DORIS,2021
Public Health Agency of Sweden,DORIS (only metadata),2013
Lund University,DORIS (only metadata),2013
Region Skåne,DORIS (only metadata),2013
University of Gothenburg,DORIS,2021
University of Gothenburg,DORIS,2021
Lund University,DORIS (only metadata),2014
University of Gothenburg,DORIS,2021
Lund University,DORIS (only metadata),2013
University of Gothenburg,DORIS,2021
Institute for Language and Folklore,DORIS (only metadata),2020
University of Gothenburg,DORIS (only metadata),2014
Institute for Language and Folklore,DORIS (only metadata),2020
University of Gothenburg,DORIS (only metadata),2014
Institute for Language and Folklore,DORIS (only metadata),2020
Institute for Language and Folklore,DORIS (only metadata),2020
Stockholm University,DORIS (only metadata),2015
Uppsala University,DORIS (only metadata),2015
Institute for Language and Folklore,DORIS (only metadata),2020
Institute for Language and Folklore,DORIS (only metadata),2020
Uppsala University,DORIS (only metadata),2015
Institute for Language and Folklore,DORIS (only metadata),2020
Institute for Language and Folklore,DORIS (only metadata),2020
Uppsala University,DORIS (only metadata),2015
Institute for Language and Folklore,DORIS (only metadata),2020
Örebro University,DORIS (only metadata),2015
Uppsala University,DORIS (only metadata),2015
University of Gothenburg,DORIS (only metadata),2013
Institute for Language and Folklore,DORIS (only metadata),2020
Region Skåne,DORIS (only metadata),2015
Institute for Language and Folklore,DORIS (only metadata),2020
Institute for Language and Folklore,DORIS (only metadata),2020
Region Skåne,DORIS (only metadata),2017
Umeå University,DORIS (only metadata),2012
Lund University,DORIS (only metadata),2017
Region Skåne,DORIS (only metadata),2017
Lund University,DORIS (only metadata),2017
Lund University,DORIS (only metadata),2017
Stockholm County Council,DORIS (only metadata),2017
Uppsala University,DORIS (only metadata),2017
Lund University,DORIS (only metadata),2017
Lund University,DORIS (only metadata),2017
Region Skåne,DORIS (only metadata),2017
Uppsala University,DORIS (only metadata),2017
Uppsala University,DORIS (only metadata),2017
Stockholm County Council,DORIS (only metadata),2017
Stockholm County Council,DORIS (only metadata),2017
Stockholm Gerontology Research Center Foundation,DORIS (only metadata),2015
Lund University,DORIS (only metadata),2017
Stockholm Gerontology Research Center Foundation,DORIS (only metadata),2015
Public Health Agency of Sweden,DORIS (only metadata),2016
Umeå University,DORIS (only metadata),2016
Stockholm University,DORIS (only metadata),2017
Stockholm University,DORIS (only metadata),2007
University of Gothenburg,DORIS (only metadata),2020
Umeå University,DORIS (only metadata),2015
Stockholm University,DORIS (only metadata),2017
Stockholm Gerontology Research Center Foundation,DORIS (only metadata),2016
Region Västra Götaland,DORIS (only metadata),2015
The Swedish Council for Information on Alcohol and Other Drugs,DORIS (only metadata),2017
University of Gothenburg,DORIS (only metadata),2017
The Swedish Council for Information on Alcohol and Other Drugs,DORIS (only metadata),2017
Linköping University,DORIS (only metadata),2017
Linköping University,DORIS (only metadata),2017
University of Gothenburg,DORIS (only metadata),2020
University of Gothenburg,DORIS (only metadata),2020
University of Gothenburg,DORIS,2022
Public Health Agency of Sweden,DORIS (only metadata),2013
Public Health Agency of Sweden,DORIS (only metadata),2013
University of Gothenburg,DORIS,2022
Public Health Agency of Sweden,DORIS (only metadata),2013
University of Gothenburg,DORIS,2022
Environment for Development Initiative,DORIS,2021
Public Health Agency of Sweden,DORIS (only metadata),2013
University of Gothenburg,DORIS,2022
Region Skåne,DORIS (only metadata),2013
University of Gothenburg,DORIS,2021
University of Gothenburg,DORIS,2021
University of Gothenburg,DORIS,2021
Sveriges Television,DORIS,2008
Radio Sweden,DORIS,1998
Swedish Transport Administration,DORIS,2013
Radio Sweden,DORIS,1998
Sveriges Television,DORIS,2008
Radio Sweden,DORIS,1998
Radio Sweden,DORIS,1998
Sveriges Television,DORIS,1997
Umeå University,DORIS,2007
University of Gothenburg,DORIS,1991
Sveriges Television,DORIS,1999
Sveriges Television,DORIS,2008
Sveriges Television,DORIS,2008
Sveriges Television,DORIS,1997
Sveriges Television,DORIS,2008
Sveriges Television,DORIS,1997
Sveriges Television,DORIS,2008
Sveriges Television,DORIS,1999
University of Gothenburg,DORIS,1982
University of Gothenburg,DORIS,1982
Stiftelsen för opinionsanalyser,DORIS,1984
Sveriges Television,DORIS,1991
University of Gothenburg,DORIS,2011
University of Gothenburg,DORIS,2010
University of Gothenburg,DORIS,2013
University of Gothenburg,DORIS,2013
University of Gothenburg,DORIS,2010
University of Gothenburg,DORIS,2006
University of Gothenburg,DORIS,2006
Swedish Transport Administration,DORIS,2002
Swedish Transport Administration,DORIS,2002
University of Gothenburg,DORIS,2012
University of Gothenburg,DORIS,2013
Swedish Transport Administration,DORIS,1996
Sveriges Television,DORIS,2008
Radio Sweden,DORIS,1998
University of Gothenburg,DORIS,2003
University of Gothenburg,DORIS,2003
Radio Sweden,DORIS,1998
University of Gothenburg,DORIS,1998
University of Gothenburg,DORIS,1998
University of Gothenburg,DORIS,1998
University of Gothenburg,DORIS,2006
Statistics Sweden,DORIS,1987
Sveriges Television,DORIS,2008
Radio Sweden,DORIS,1998
Statistics Sweden,DORIS,1987
Statistics Sweden,DORIS,1987
Statistics Sweden,DORIS,1987
Umeå University,DORIS,2001
University of Gothenburg,DORIS,2006
University of Gothenburg,DORIS,2010
Umeå University,DORIS,2012
University of Gothenburg,DORIS,2001
Swedish Transport Administration,DORIS,2002
IMU-Testologen AB,DORIS,1994
IMU-Testologen AB,DORIS,1994
IMU-Testologen AB,DORIS,1994
IMU-Testologen AB,DORIS,1994
IMU-Testologen AB,DORIS,1994
IMU-Testologen AB,DORIS,1994
IMU-Testologen AB,DORIS,1994
IMU-Testologen AB,DORIS,1994
IMU-Testologen AB,DORIS,1994
IMU-Testologen AB,DORIS,1994
IMU-Testologen AB,DORIS,1994
IMU-Testologen AB,DORIS,1994
Swedish Transport Administration,DORIS,2013
University of Gothenburg,DORIS,2013
Sveriges Television,DORIS,2010
Sveriges Television,DORIS,2009
Sveriges Television,DORIS,2008
Sveriges Television,DORIS,2007
Sveriges Television,DORIS,2004
Karolinska Institutet,DORIS,2025
Linköping University,DORIS,2023
Swedish Transport Administration,DORIS,2013
Swedish Transport Administration,DORIS,2013
Swedish Transport Administration,DORIS,2002
Swedish Transport Administration,DORIS,2001
Stockholm University,DORIS,1992
University of Gothenburg,DORIS,1991
Swedish Transport Administration,DORIS,2009
Swedish Transport Administration,DORIS,2013
Swedish Transport Administration,DORIS,2013
Swedish Transport Administration,DORIS,2006
Swedish Transport Administration,DORIS,2013
Swedish Transport Administration,DORIS,2013
Swedish Transport Administration,DORIS,2013
Swedish Transport Administration,DORIS,2013
Swedish Transport Administration,DORIS,2013
Swedish Transport Administration,DORIS,2013
Stockholm University,DORIS,1999
University of Gothenburg,DORIS,2003
Commission of the European Communities,DORIS,1997
Sveriges Television,DORIS,2004
Sveriges Television,DORIS,2002
University of Gothenburg,DORIS,1994
University of Gothenburg,DORIS,1999
University of Gothenburg,DORIS,1994
Commission of the European Communities,DORIS,1997
Commission of the European Communities,DORIS,2001
Commission of the European Communities,DORIS,1997
Commission of the European Communities,DORIS,1997
IMU-Testologen AB,DORIS,1994
IMU-Testologen AB,DORIS,1994
IMU-Testologen AB,DORIS,1994
IMU-Testologen AB,DORIS,1994
IMU-Testologen AB,DORIS,1994
IMU-Testologen AB,DORIS,1994
Lund University,DORIS,2025
Uppsala University,GBIF Sweden,2010
Lund University,GBIF Sweden,2020
Station Linné,GBIF Sweden,2020
Station Linné,GBIF Sweden,2020
Station Linné,GBIF Sweden,2020
Lund University,GBIF Sweden,2020
GBIF Sweden,GBIF Sweden,2010
GBIF Sweden,GBIF Sweden,2025
Station Linné,GBIF Sweden,2020
Station Linné,GBIF Sweden,2020
Station Linné,GBIF Sweden,2020
Station Linné,GBIF Sweden,2020
Station Linné,GBIF Sweden,2020
Gothenburg Natural History Museum,GBIF Sweden,2020
Station Linné,GBIF Sweden,2020
Swedish Museum of Natural History,GBIF Sweden,2015
SMHI - Swedish Meteorological and Hydrological Institute,GBIF Sweden,2025
Station Linné,GBIF Sweden,2020
SMHI - Swedish Meteorological and Hydrological Institute,GBIF Sweden,2024
Station Linné,GBIF Sweden,2020
Royal Institute of Technology,GBIF Sweden,2022
Station Linné,GBIF Sweden,2020
Station Linné,GBIF Sweden,2020
Station Linné,GBIF Sweden,2020
Station Linné,GBIF Sweden,2020
Station Linné,GBIF Sweden,2020
Swedish Museum of Natural History,GBIF Sweden,2025
SMHI - Swedish Meteorological and Hydrological Institute,GBIF Sweden,2023
Swedish Museum of Natural History,GBIF Sweden,2024
Swedish Museum of Natural History,GBIF Sweden,2024
Swedish University of Agricultural Sciences,GBIF Sweden,2020
Station Linné,GBIF Sweden,2020
Station Linné,GBIF Sweden,2020
Swedish Museum of Natural History,GBIF Sweden,2024
Station Linné,GBIF Sweden,2020
Station Linné,GBIF Sweden,2020
Station Linné,GBIF Sweden,2020
Swedish University of Agricultural Sciences,GBIF Sweden,2010
Station Linné,GBIF Sweden,2020
Station Linné,GBIF Sweden,2020
Station Linné,GBIF Sweden,2020
Swedish Museum of Natural History,GBIF Sweden,2024
Station Linné,GBIF Sweden,2020
Swedish Museum of Natural History,GBIF Sweden,2010
GBIF Sweden,GBIF Sweden,2025
University of Gothenburg,GBIF Sweden,2021
Station Linné,GBIF Sweden,2020
SMHI - Swedish Meteorological and Hydrological Institute,GBIF Sweden,2023
Swedish Museum of Natural History,GBIF Sweden,2024
Station Linné,GBIF Sweden,2020
Station Linné,GBIF Sweden,2020
SMHI - Swedish Meteorological and Hydrological Institute,GBIF Sweden,2024
Swedish University of Agricultural Sciences,GBIF Sweden,2024
Swedish Museum of Natural History,GBIF Sweden,2010
Station Linné,GBIF Sweden,2020
SMHI - Swedish Meteorological and Hydrological Institute,GBIF Sweden,2021
Swedish University of Agricultural Sciences,GBIF Sweden,2010
Station Linné,GBIF Sweden,2020
Station Linné,GBIF Sweden,2020
Station Linné,GBIF Sweden,2020
GBIF Sweden,GBIF Sweden,2025
Lund University,GBIF Sweden,2010
Station Linné,GBIF Sweden,2020
GBIF Sweden,GBIF Sweden,2017
Station Linné,GBIF Sweden,2020
SMHI - Swedish Meteorological and Hydrological Institute,GBIF Sweden,2021
Swedish Museum of Natural History,GBIF Sweden,2011
University of Gothenburg,GBIF Sweden,2025
Station Linné,GBIF Sweden,2020
University of Gothenburg,GBIF Sweden,2023
Royal Institute of Technology,GBIF Sweden,2023
Swedish Museum of Natural History,GBIF Sweden,2012
Station Linné,GBIF Sweden,2020
Lund University,GBIF Sweden,2011
Station Linné,GBIF Sweden,2020
Lund University,GBIF Sweden,2024
GBIF Sweden,GBIF Sweden,2025
SMHI - Swedish Meteorological and Hydrological Institute,GBIF Sweden,2021
GBIF Sweden,GBIF Sweden,2013
Station Linné,GBIF Sweden,2020
Swedish Museum of Natural History,GBIF Sweden,2010
Station Linné,GBIF Sweden,2020
Station Linné,GBIF Sweden,2020
Station Linné,GBIF Sweden,2020
SMHI - Swedish Meteorological and Hydrological Institute,GBIF Sweden,2021
Swedish Museum of Natural History,GBIF Sweden,2015
Station Linné,GBIF Sweden,2020
Umeå University,GBIF Sweden,2010
Station Linné,GBIF Sweden,2020
Station Linné,GBIF Sweden,2020
Station Linné,GBIF Sweden,2020
Station Linné,GBIF Sweden,2020
Lund University,GBIF Sweden,2020
Station Linné,GBIF Sweden,2020
SMHI - Swedish Meteorological and Hydrological Institute,GBIF Sweden,2024
Lund University,GBIF Sweden,2024
Gothenburg Natural History Museum,GBIF Sweden,2010
Swedish University of Agricultural Sciences,GBIF Sweden,2012
SMHI - Swedish Meteorological and Hydrological Institute,GBIF Sweden,2023
GBIF Sweden,GBIF Sweden,2010
Station Linné,GBIF Sweden,2020
Swedish University of Agricultural Sciences,GBIF Sweden,2020
Station Linné,GBIF Sweden,2020
Swedish University of Agricultural Sciences,GBIF Sweden,2020
Swedish University of Agricultural Sciences,GBIF Sweden,2012
Station Linné,GBIF Sweden,2020
Uppsala University,GBIF Sweden,2025
Swedish University of Agricultural Sciences,GBIF Sweden,2010
Station Linné,GBIF Sweden,2020
GBIF Sweden,GBIF Sweden,2015
Lund University,GBIF Sweden,2010
Lund University,GBIF Sweden,2021
GBIF Sweden,GBIF Sweden,2016
Station Linné,GBIF Sweden,2020
Station Linné,GBIF Sweden,2020
Swedish University of Agricultural Sciences,GBIF Sweden,2024
GBIF Sweden,GBIF Sweden,2015
Lund University,GBIF Sweden,2020
Station Linné,GBIF Sweden,2020
Royal Institute of Technology,GBIF Sweden,2025
Swedish Museum of Natural History,GBIF Sweden,2025
SMHI - Swedish Meteorological and Hydrological Institute,GBIF Sweden,2023
Swedish Museum of Natural History,GBIF Sweden,2010
Lund University,GBIF Sweden,2024
Station Linné,GBIF Sweden,2020
Station Linné,GBIF Sweden,2020
Swedish Museum of Natural History,GBIF Sweden,2010
Uppsala University,GBIF Sweden,2022
GBIF Sweden,GBIF Sweden,2010
Station Linné,GBIF Sweden,2020
SMHI - Swedish Meteorological and Hydrological Institute,GBIF Sweden,2021
Station Linné,GBIF Sweden,2020
Station Linné,GBIF Sweden,2020
Swedish Museum of Natural History,GBIF Sweden,2010
Station Linné,GBIF Sweden,2020
Lund University,GBIF Sweden,2021
Station Linné,GBIF Sweden,2020
Station Linné,GBIF Sweden,2020
Gothenburg Natural History Museum,GBIF Sweden,2024
Royal Institute of Technology,GBIF Sweden,2025
Royal Institute of Technology,GBIF Sweden,2021
Umeå University,GBIF Sweden,2019
GBIF Sweden,GBIF Sweden,2010
Station Linné,GBIF Sweden,2020
GBIF Sweden,GBIF Sweden,2010
Swedish Museum of Natural History,GBIF Sweden,2015
Uppsala University,GBIF Sweden,2010
Uppsala University,GBIF Sweden,2022
Gothenburg Natural History Museum,GBIF Sweden,2012
Uppsala University,GBIF Sweden,2023
Swedish Museum of Natural History,GBIF Sweden,2024
SMHI - Swedish Meteorological and Hydrological Institute,GBIF Sweden,2021
Royal Institute of Technology,GBIF Sweden,2023
Station Linné,GBIF Sweden,2020
Station Linné,GBIF Sweden,2020
Station Linné,GBIF Sweden,2020
GBIF Sweden,GBIF Sweden,2010
Station Linné,GBIF Sweden,2020
Station Linné,GBIF Sweden,2020
Station Linné,GBIF Sweden,2020
Station Linné,GBIF Sweden,2020
GBIF Sweden,GBIF Sweden,2025
Station Linné,GBIF Sweden,2020
Gothenburg Natural History Museum,GBIF Sweden,2012
Station Linné,GBIF Sweden,2020
University of Gothenburg,GBIF Sweden,2022
Station Linné,GBIF Sweden,2020
Station Linné,GBIF Sweden,2020
Swedish Museum of Natural History,GBIF Sweden,2024
SMHI - Swedish Meteorological and Hydrological Institute,GBIF Sweden,2022
Swedish Museum of Natural History,GBIF Sweden,2010
Swedish Museum of Natural History,GBIF Sweden,2010
Swedish Museum of Natural History,GBIF Sweden,2010
GBIF Sweden,GBIF Sweden,2010
SMHI - Swedish Meteorological and Hydrological Institute,GBIF Sweden,2022
Swedish University of Agricultural Sciences,GBIF Sweden,2020
Swedish Museum of Natural History,GBIF Sweden,2010
Station Linné,GBIF Sweden,2020
Station Linné,GBIF Sweden,2020
GBIF Sweden,GBIF Sweden,2015
University of Gothenburg,GBIF Sweden,2023
Swedish Museum of Natural History,GBIF Sweden,2015
Station Linné,GBIF Sweden,2020
Stockholm University,GBIF Sweden,2025
Station Linné,GBIF Sweden,2020
Station Linné,GBIF Sweden,2020
Chalmers University of Technology,Chalmers OJUO,2020
Chalmers University of Technology,Chalmers OJUO,2020
Chalmers University of Technology,Chalmers OJUO,2020
Chalmers University of Technology,Chalmers OJUO,2020
Chalmers University of Technology,Chalmers OJUO,2020
Chalmers University of Technology,Chalmers OJUO,2020
Chalmers University of Technology,Chalmers OJUO,2020
Chalmers University of Technology,Chalmers OJUO,2020
Chalmers University of Technology,Chalmers OJUO,2020
Chalmers University of Technology,Chalmers OJUO,2020
Chalmers University of Technology,Chalmers OJUO,2020
Chalmers University of Technology,Chalmers OJUO,2020
Chalmers University of Technology,Chalmers OJUO,2020
Chalmers University of Technology,Chalmers OJUO,2020
Chalmers University of Technology,Chalmers OJUO,2020
Chalmers University of Technology,Chalmers OJUO,2020
Chalmers University of Technology,Chalmers OJUO,2020
Chalmers University of Technology,Chalmers OJUO,2020
Chalmers University of Technology,Chalmers OJUO,2020
Chalmers University of Technology,Chalmers OJUO,2020
Chalmers University of Technology,Chalmers OJUO,2020
Chalmers University of Technology,Chalmers OJUO,2020
Chalmers University of Technology,Chalmers OJUO,2020
Chalmers University of Technology,Chalmers OJUO,2020
Chalmers University of Technology,Chalmers OJUO,2020
Chalmers University of Technology,Chalmers OJUO,2020
Chalmers University of Technology,Chalmers OJUO,2020
Chalmers University of Technology,Chalmers OJUO,2020
Chalmers University of Technology,Chalmers OJUO,2020
Chalmers University of Technology,Chalmers OJUO,2020
Chalmers University of Technology,Chalmers OJUO,2020
Chalmers University of Technology,Chalmers OJUO,2020
Chalmers University of Technology,Chalmers Department of Physics Zenodo,2023
Chalmers University of Technology,Chalmers Department of Physics Zenodo,2023
Chalmers University of Technology,Chalmers Department of Physics Zenodo,2023
Chalmers University of Technology,Chalmers Department of Physics Zenodo,2023
Chalmers University of Technology,Chalmers Department of Physics Zenodo,2024
Chalmers University of Technology,Chalmers Department of Physics Zenodo,2024
Chalmers University of Technology,Chalmers Department of Physics Zenodo,2024
Chalmers University of Technology,Chalmers Department of Physics Zenodo,2024
Chalmers University of Technology,Chalmers Department of Physics Zenodo,2025
Chalmers University of Technology,Chalmers Department of Physics Zenodo,2025
Chalmers University of Technology,Chalmers Department of Physics Zenodo,2025
Chalmers University of Technology,Chalmers Department of Physics Zenodo,2019
Chalmers University of Technology,Chalmers Department of Physics Zenodo,2020
Chalmers University of Technology,Chalmers Department of Physics Zenodo,2020
Chalmers University of Technology,Chalmers Department of Physics Zenodo,2020
Chalmers University of Technology,Chalmers Department of Physics Zenodo,2021
Chalmers University of Technology,Chalmers Department of Physics Zenodo,2021
Chalmers University of Technology,Chalmers Department of Physics Zenodo,2022
Chalmers University of Technology,Chalmers Department of Physics Zenodo,2022
Chalmers University of Technology,Chalmers Department of Physics Zenodo,2022
Chalmers University of Technology,Chalmers Department of Physics Zenodo,2022
Chalmers University of Technology,Chalmers Department of Physics Zenodo,2022
Chalmers University of Technology,Chalmers Department of Physics Zenodo,2023
Chalmers University of Technology,Chalmers Department of Physics Zenodo,2023
Chalmers University of Technology,Chalmers Department of Physics Zenodo,2021
Chalmers University of Technology,Chalmers Department of Physics Zenodo,2023
Chalmers University of Technology,Chalmers Department of Physics Zenodo,2023
Chalmers University of Technology,Chalmers Department of Physics Zenodo,2023
University of Gothenburg,FLOW-Lab : Fluxes in Low Oxygen Waters Zenodo,2023
University of Gothenburg,FLOW-Lab : Fluxes in Low Oxygen Waters Zenodo,2024
University of Gothenburg,FLOW-Lab : Fluxes in Low Oxygen Waters Zenodo,2024
University of Gothenburg,FLOW-Lab : Fluxes in Low Oxygen Waters Zenodo,2025
FEGA Sweden,FEGA Sweden,2023
FEGA Sweden,FEGA Sweden,2024
FEGA Sweden,FEGA Sweden,2024
FEGA Sweden,FEGA Sweden,2024
FEGA Sweden,FEGA Sweden,2025
FEGA Sweden,FEGA Sweden,2025
FEGA Sweden,FEGA Sweden,2025
FEGA Sweden,FEGA Sweden,2025
FEGA Sweden,FEGA Sweden,2025
FEGA Sweden,FEGA Sweden,2025
FEGA Sweden,FEGA Sweden,2025
FEGA Sweden,FEGA Sweden,2025
FEGA Sweden,FEGA Sweden,2025
FEGA Sweden,FEGA Sweden,2025
Blekinge Institute of Technology,BTH Zenodo,2023
Blekinge Institute of Technology,BTH Zenodo,2025
Chalmers University of Technology,Chalmers Zenodo,2021
Chalmers University of Technology,Chalmers Zenodo,2025
Chalmers University of Technology,Chalmers Zenodo,2023
University of Gothenburg,Språkbanken Text,2024
University of Gothenburg,Språkbanken Text,2024
University of Gothenburg,Språkbanken Text,2024
University of Gothenburg,Språkbanken Text,2024
University of Gothenburg,Språkbanken Text,2024
University of Gothenburg,Språkbanken Text,2024
University of Gothenburg,Språkbanken Text,2024
University of Gothenburg,Språkbanken Text,2024
University of Gothenburg,Språkbanken Text,2024
University of Gothenburg,Språkbanken Text,2024
University of Gothenburg,Språkbanken Text,2024
University of Gothenburg,Språkbanken Text,2024
University of Gothenburg,Språkbanken Text,2024
University of Gothenburg,Språkbanken Text,2024
University of Gothenburg,DORIS,2001
University of Gothenburg,DORIS,2001
University of Gothenburg,DORIS,2001
University of Gothenburg,DORIS,2001
University of Gothenburg,DORIS,2001
University of Gothenburg,DORIS,2001
University of Gothenburg,DORIS,2001
University of Gothenburg,DORIS,2001
University of Gothenburg,DORIS,2001
University of Gothenburg,DORIS,2001
University of Gothenburg,DORIS,2001
University of Gothenburg,DORIS,2001
University of Gothenburg,DORIS,2001
University of Gothenburg,DORIS,2001
University of Gothenburg,DORIS,2005
University of Gothenburg,DORIS,2005
University of Gothenburg,DORIS,2001
University of Gothenburg,DORIS,2001
University of Gothenburg,DORIS,2005
University of Gothenburg,DORIS,2001
University of Gothenburg,DORIS,2001
University of Gothenburg,DORIS,2001
University of Gothenburg,DORIS,2007
University of Gothenburg,DORIS,2007
University of Gothenburg,DORIS,2002
University of Gothenburg,DORIS,2002
University of Gothenburg,DORIS,2007
University of Gothenburg,DORIS,2007
University of Gothenburg,DORIS,2002
University of Gothenburg,DORIS,2001
University of Gothenburg,DORIS,2001
University of Gothenburg,DORIS,2001
University of Gothenburg,DORIS,2001
University of Gothenburg,DORIS,2001
University of Gothenburg,DORIS,2001
University of Gothenburg,DORIS,2001
University of Gothenburg,DORIS,2001
University of Gothenburg,DORIS,2001
University of Gothenburg,DORIS,2001
University of Gothenburg,DORIS,2001
University of Gothenburg,DORIS,2001
University of Gothenburg,DORIS,2001
University of Gothenburg,DORIS,2001
University of Gothenburg,DORIS,2001
University of Gothenburg,DORIS,2025
University of Gothenburg,DORIS,2025
University of Gothenburg,DORIS,2025
Karolinska Institutet,DORIS,2007
Karolinska Institutet,DORIS,2007
Karolinska Institutet,DORIS,2007
Karolinska Institutet,DORIS,2007
Karolinska Institutet,DORIS,2007
Karolinska Institutet,DORIS,2007
Karolinska Institutet,DORIS,2025
Karolinska Institutet,DORIS,2013
Karolinska Institutet,DORIS,2006
Royal Institute of Technology,DORIS,2018
Karolinska Institutet,DORIS,2013
Stockholm University,DORIS,2025
Karolinska Institutet,DORIS,2013
Karolinska Institutet,DORIS,2007
Karolinska Institutet,DORIS,2007
Karolinska Institutet,DORIS,2007
Karolinska Institutet,DORIS,2007
Karolinska Institutet,DORIS,2007
Karolinska Institutet,DORIS,2007
Karolinska Institutet,DORIS,2025
Karolinska Institutet,DORIS,2007
University of Gävle,DORIS,2025
University of Skövde,DORIS,2025
Swedish University of Agricultural Sciences,DORIS,2025
Swedish University of Agricultural Sciences,DORIS,2025
University of Gothenburg,Språkbanken Text,2024
University of Gothenburg,Språkbanken Text,2024
University of Gothenburg,Språkbanken Text,2024
University of Gothenburg,Språkbanken Text,2024
University of Gothenburg,Språkbanken Text,2024
University of Gothenburg,Språkbanken Text,2024
University of Gothenburg,Språkbanken Text,2024
University of Gothenburg,Språkbanken Text,2024
University of Gothenburg,Språkbanken Text,2024
University of Gothenburg,Språkbanken Text,2024
University of Gothenburg,Språkbanken Text,2024
University of Gothenburg,Språkbanken Text,2024
University of Gothenburg,Språkbanken Text,2024
University of Gothenburg,Språkbanken Text,2024
University of Gothenburg,Språkbanken Text,2024
University of Gothenburg,Språkbanken Text,2024
University of Gothenburg,Språkbanken Text,2024
University of Gothenburg,Språkbanken Text,2024
University of Gothenburg,Språkbanken Text,2024
University of Gothenburg,Språkbanken Text,2024
University of Gothenburg,Språkbanken Text,2024
University of Gothenburg,Språkbanken Text,2024
University of Gothenburg,Språkbanken Text,2024
University of Gothenburg,Språkbanken Text,2024
University of Gothenburg,Språkbanken Text,2024
University of Gothenburg,Språkbanken Text,2024
University of Gothenburg,Språkbanken Text,2024
University of Gothenburg,Språkbanken Text,2024
University of Gothenburg,Språkbanken Text,2024
University of Gothenburg,Språkbanken Text,2024
University of Gothenburg,Språkbanken Text,2024
University of Gothenburg,Språkbanken Text,2024
University of Gothenburg,Språkbanken Text,2025
University of Gothenburg,Språkbanken Text,2024
University of Gothenburg,Språkbanken Text,2024
University of Gothenburg,Språkbanken Text,2025
University of Gothenburg,Språkbanken Text,2024
University of Gothenburg,Språkbanken Text,2016
University of Gothenburg,Språkbanken Text,2024
University of Gothenburg,Språkbanken Text,2024
University of Gothenburg,Språkbanken Text,2024
University of Gothenburg,Språkbanken Text,2024
University of Gothenburg,Språkbanken Text,2024
University of Gothenburg,Språkbanken Text,2024
University of Gothenburg,Språkbanken Text,2024
University of Gothenburg,Språkbanken Text,2024
University of Gothenburg,Språkbanken Text,2024
University of Gothenburg,Språkbanken Text,2024
University of Gothenburg,Språkbanken Text,2024
University of Gothenburg,Språkbanken Text,2024
University of Gothenburg,Språkbanken Text,2024
University of Gothenburg,Språkbanken Text,2024
University of Gothenburg,Språkbanken Text,2024
University of Gothenburg,Språkbanken Text,2024
University of Gothenburg,Språkbanken Text,2024
University of Gothenburg,Språkbanken Text,2024
University of Gothenburg,Språkbanken Text,2024
University of Gothenburg,Språkbanken Text,2024
University of Gothenburg,Språkbanken Text,2024
University of Gothenburg,Språkbanken Text,2024
University of Gothenburg,Språkbanken Text,2024
University of Gothenburg,Språkbanken Text,2024
University of Gothenburg,Språkbanken Text,2024
University of Gothenburg,Språkbanken Text,2024
University of Gothenburg,Språkbanken Text,2024
University of Gothenburg,Språkbanken Text,2024
University of Gothenburg,Språkbanken Text,2024
University of Gothenburg,Språkbanken Text,2024
University of Gothenburg,Språkbanken Text,2024
University of Gothenburg,Språkbanken Text,2024
University of Gothenburg,Språkbanken Text,2025
University of Gothenburg,Språkbanken Text,2024
University of Gothenburg,Språkbanken Text,2024
University of Gothenburg,Språkbanken Text,2024
University of Gothenburg,Språkbanken Text,2024
University of Gothenburg,Språkbanken Text,2024
University of Gothenburg,Språkbanken Text,2024
University of Gothenburg,Språkbanken Text,2024
University of Gothenburg,Språkbanken Text,2024
University of Gothenburg,Språkbanken Text,2024
University of Gothenburg,Språkbanken Text,2024
University of Gothenburg,Språkbanken Text,2024
University of Gothenburg,Språkbanken Text,2025
University of Gothenburg,Språkbanken Text,2024
University of Gothenburg,Språkbanken Text,2024
University of Gothenburg,Språkbanken Text,2024
University of Gothenburg,Språkbanken Text,2024
University of Gothenburg,Språkbanken Text,2024
University of Gothenburg,Språkbanken Text,2024
University of Gothenburg,Språkbanken Text,2024
University of Gothenburg,Språkbanken Text,2024
University of Gothenburg,Språkbanken Text,2024
University of Gothenburg,Språkbanken Text,2024
University of Gothenburg,Språkbanken Text,2024
University of Gothenburg,Språkbanken Text,2024
University of Gothenburg,Språkbanken Text,2024
University of Gothenburg,Språkbanken Text,2024
University of Gothenburg,Språkbanken Text,2024
University of Gothenburg,Språkbanken Text,2024
University of Gothenburg,Språkbanken Text,2024
University of Gothenburg,Språkbanken Text,2024
University of Gothenburg,Språkbanken Text,2024
University of Gothenburg,Språkbanken Text,2024
University of Gothenburg,Språkbanken Text,2024
University of Gothenburg,Språkbanken Text,2024
University of Gothenburg,Språkbanken Text,2024
University of Gothenburg,Språkbanken Text,2024
University of Gothenburg,Språkbanken Text,2024
University of Gothenburg,Språkbanken Text,2024
University of Gothenburg,Språkbanken Text,2024
University of Gothenburg,Språkbanken Text,2024
University of Gothenburg,Språkbanken Text,2024
University of Gothenburg,Språkbanken Text,2024
University of Gothenburg,Språkbanken Text,2024
University of Gothenburg,Språkbanken Text,2024
University of Gothenburg,Språkbanken Text,2024
University of Gothenburg,Språkbanken Text,2024
University of Gothenburg,Språkbanken Text,2024
University of Gothenburg,Språkbanken Text,2024
University of Gothenburg,Språkbanken Text,2024
University of Gothenburg,Språkbanken Text,2024
University of Gothenburg,Språkbanken Text,2024
University of Gothenburg,Språkbanken Text,2024
University of Gothenburg,Språkbanken Text,2024
University of Gothenburg,Språkbanken Text,2024
University of Gothenburg,Språkbanken Text,2024
University of Gothenburg,Språkbanken Text,2024
University of Gothenburg,Språkbanken Text,2024
University of Gothenburg,Språkbanken Text,2024
University of Gothenburg,Språkbanken Text,2024
University of Gothenburg,Språkbanken Text,2024
University of Gothenburg,Språkbanken Text,2024
University of Gothenburg,Språkbanken Text,2024
University of Gothenburg,Språkbanken Text,2024
University of Gothenburg,Språkbanken Text,2024
University of Gothenburg,Språkbanken Text,2024
University of Gothenburg,Språkbanken Text,2024
University of Gothenburg,Språkbanken Text,2024
University of Gothenburg,Språkbanken Text,2024
University of Gothenburg,Språkbanken Text,2024
University of Gothenburg,Språkbanken Text,2024
University of Gothenburg,Språkbanken Text,2024
University of Gothenburg,Språkbanken Text,2024
University of Gothenburg,Språkbanken Text,2024
University of Gothenburg,Språkbanken Text,2024
University of Gothenburg,Språkbanken Text,2024
University of Gothenburg,Språkbanken Text,2024
University of Gothenburg,Språkbanken Text,2024
University of Gothenburg,Språkbanken Text,2024
University of Gothenburg,Språkbanken Text,2024
University of Gothenburg,Språkbanken Text,2024
University of Gothenburg,Språkbanken Text,2024
University of Gothenburg,Språkbanken Text,2024
University of Gothenburg,Språkbanken Text,2024
University of Gothenburg,Språkbanken Text,2014
University of Gothenburg,Språkbanken Text,2024
University of Gothenburg,Språkbanken Text,2024
University of Gothenburg,Språkbanken Text,2024
University of Gothenburg,Språkbanken Text,2024
University of Gothenburg,Språkbanken Text,2024
University of Gothenburg,Språkbanken Text,2024
University of Gothenburg,Språkbanken Text,2024
University of Gothenburg,Språkbanken Text,2014
University of Gothenburg,Språkbanken Text,2024
University of Gothenburg,Språkbanken Text,2024
University of Gothenburg,Språkbanken Text,2024
University of Gothenburg,Språkbanken Text,2024
University of Gothenburg,Språkbanken Text,2024
University of Gothenburg,Språkbanken Text,2024
University of Gothenburg,Språkbanken Text,2024
University of Gothenburg,Språkbanken Text,2024
University of Gothenburg,Språkbanken Text,2024
University of Gothenburg,Språkbanken Text,2024
University of Gothenburg,Språkbanken Text,2024
University of Gothenburg,Språkbanken Text,2024
University of Gothenburg,Språkbanken Text,2024
University of Gothenburg,Språkbanken Text,2024
University of Gothenburg,Språkbanken Text,2024
University of Gothenburg,Språkbanken Text,2024
University of Gothenburg,Språkbanken Text,2025
University of Gothenburg,Språkbanken Text,2024
University of Gothenburg,Språkbanken Text,2024
University of Gothenburg,Språkbanken Text,2024
University of Gothenburg,Språkbanken Text,2024
University of Gothenburg,Språkbanken Text,2024
University of Gothenburg,Språkbanken Text,2024
University of Gothenburg,Språkbanken Text,2024
University of Gothenburg,Språkbanken Text,2024
University of Gothenburg,Språkbanken Text,2024
University of Gothenburg,Språkbanken Text,2024
University of Gothenburg,Språkbanken Text,2024
University of Gothenburg,Språkbanken Text,2024
University of Gothenburg,Språkbanken Text,2024
University of Gothenburg,Språkbanken Text,2024
University of Gothenburg,Språkbanken Text,2025
University of Gothenburg,Språkbanken Text,2024
University of Gothenburg,Språkbanken Text,2024
University of Gothenburg,Språkbanken Text,2024
University of Gothenburg,Språkbanken Text,2023
University of Gothenburg,Språkbanken Text,2024
University of Gothenburg,Språkbanken Text,2024
University of Gothenburg,Språkbanken Text,2024
University of Gothenburg,Språkbanken Text,2024
University of Gothenburg,Språkbanken Text,2024
University of Gothenburg,Språkbanken Text,2024
University of Gothenburg,Språkbanken Text,2024
University of Gothenburg,Språkbanken Text,2024
University of Gothenburg,Språkbanken Text,2025
University of Gothenburg,Språkbanken Text,2024
University of Gothenburg,Språkbanken Text,2024
University of Gothenburg,Språkbanken Text,2024
University of Gothenburg,Språkbanken Text,2024
University of Gothenburg,Språkbanken Text,2024
University of Gothenburg,Språkbanken Text,2024
University of Gothenburg,Språkbanken Text,2024
University of Gothenburg,Språkbanken Text,2024
University of Gothenburg,Språkbanken Text,2024
University of Gothenburg,Språkbanken Text,2024
University of Gothenburg,Språkbanken Text,2024
University of Gothenburg,Språkbanken Text,2024
University of Gothenburg,Språkbanken Text,2024
University of Gothenburg,Språkbanken Text,2024
University of Gothenburg,Språkbanken Text,2024
University of Gothenburg,Språkbanken Text,2024
University of Gothenburg,Språkbanken Text,2024
University of Gothenburg,Språkbanken Text,2024
University of Gothenburg,Språkbanken Text,2024
University of Gothenburg,Språkbanken Text,2024
University of Gothenburg,Språkbanken Text,2024
University of Gothenburg,Språkbanken Text,2024
University of Gothenburg,Språkbanken Text,2024
University of Gothenburg,Språkbanken Text,2024
University of Gothenburg,Språkbanken Text,2024
University of Gothenburg,Språkbanken Text,2024
University of Gothenburg,Språkbanken Text,2024
University of Gothenburg,Språkbanken Text,2024
University of Gothenburg,Språkbanken Text,2024
University of Gothenburg,Språkbanken Text,2024
University of Gothenburg,Språkbanken Text,2024
University of Gothenburg,Språkbanken Text,2024
University of Gothenburg,Språkbanken Text,2024
University of Gothenburg,Språkbanken Text,2024
University of Gothenburg,Språkbanken Text,2024
University of Gothenburg,Språkbanken Text,2024
University of Gothenburg,Språkbanken Text,2024
University of Gothenburg,Språkbanken Text,2024
University of Gothenburg,Språkbanken Text,2024
University of Gothenburg,Språkbanken Text,2024
University of Gothenburg,Språkbanken Text,2024
University of Gothenburg,Språkbanken Text,2024
University of Gothenburg,Språkbanken Text,2024
University of Gothenburg,Språkbanken Text,2024
University of Gothenburg,Språkbanken Text,2024
University of Gothenburg,Språkbanken Text,2024
University of Gothenburg,Språkbanken Text,2024
University of Gothenburg,Språkbanken Text,2024
University of Gothenburg,Språkbanken Text,2024
University of Gothenburg,Språkbanken Text,2017
University of Gothenburg,Språkbanken Text,2024
University of Gothenburg,Språkbanken Text,2024
University of Gothenburg,Språkbanken Text,2024
University of Gothenburg,Språkbanken Text,2024
University of Gothenburg,Språkbanken Text,2024
University of Gothenburg,Språkbanken Text,2024
University of Gothenburg,Språkbanken Text,2024
University of Gothenburg,Språkbanken Text,2024
University of Gothenburg,Språkbanken Text,2024
University of Gothenburg,Språkbanken Text,2024
University of Gothenburg,Språkbanken Text,2024
University of Gothenburg,Språkbanken Text,2024
University of Gothenburg,Språkbanken Text,2024
University of Gothenburg,Språkbanken Text,2024
University of Gothenburg,Språkbanken Text,2024
University of Gothenburg,Språkbanken Text,2024
University of Gothenburg,Språkbanken Text,2024
University of Gothenburg,Språkbanken Text,2024
University of Gothenburg,Språkbanken Text,2024
University of Gothenburg,Språkbanken Text,2024
University of Gothenburg,Språkbanken Text,2024
University of Gothenburg,Språkbanken Text,2024
University of Gothenburg,Språkbanken Text,2025
University of Gothenburg,Språkbanken Text,2024
University of Gothenburg,Språkbanken Text,2024
University of Gothenburg,Språkbanken Text,2024
University of Gothenburg,Språkbanken Text,2024
University of Gothenburg,Språkbanken Text,2024
University of Gothenburg,Språkbanken Text,2024
University of Gothenburg,Språkbanken Text,2024
University of Gothenburg,Språkbanken Text,2024
University of Gothenburg,Språkbanken Text,2024
University of Gothenburg,Språkbanken Text,2024
University of Gothenburg,Språkbanken Text,2024
University of Gothenburg,Språkbanken Text,2024
University of Gothenburg,Språkbanken Text,2024
University of Gothenburg,Språkbanken Text,2024
University of Gothenburg,Språkbanken Text,2024
University of Gothenburg,Språkbanken Text,2024
University of Gothenburg,Språkbanken Text,2024
University of Gothenburg,Språkbanken Text,2024
University of Gothenburg,Språkbanken Text,2024
University of Gothenburg,Språkbanken Text,2024
University of Gothenburg,Språkbanken Text,2024
University of Gothenburg,Språkbanken Text,2024
University of Gothenburg,Språkbanken Text,2024
University of Gothenburg,Språkbanken Text,2024
University of Gothenburg,Språkbanken Text,2024
University of Gothenburg,Språkbanken Text,2014
University of Gothenburg,Språkbanken Text,2024
University of Gothenburg,Språkbanken Text,2024
University of Gothenburg,Språkbanken Text,2024
University of Gothenburg,Språkbanken Text,2025
University of Gothenburg,Språkbanken Text,2024
University of Gothenburg,Språkbanken Text,2024
University of Gothenburg,Språkbanken Text,2024
University of Gothenburg,Språkbanken Text,2024
University of Gothenburg,Språkbanken Text,2024
University of Gothenburg,Språkbanken Text,2024
University of Gothenburg,Språkbanken Text,2024
University of Gothenburg,Språkbanken Text,2024
University of Gothenburg,Språkbanken Text,2024
University of Gothenburg,Språkbanken Text,2024
University of Gothenburg,Språkbanken Text,2024
University of Gothenburg,Språkbanken Text,2024
University of Gothenburg,Språkbanken Text,2024
University of Gothenburg,Språkbanken Text,2024
University of Gothenburg,Språkbanken Text,2024
University of Gothenburg,Språkbanken Text,2024
University of Gothenburg,Språkbanken Text,2024
University of Gothenburg,Språkbanken Text,2024
University of Gothenburg,Språkbanken Text,2024
University of Gothenburg,Språkbanken Text,2025
University of Gothenburg,Språkbanken Text,2024
University of Gothenburg,Språkbanken Text,2024
University of Gothenburg,Språkbanken Text,2024
University of Gothenburg,Språkbanken Text,2024
University of Gothenburg,Språkbanken Text,2024
University of Gothenburg,Språkbanken Text,2024
University of Gothenburg,Språkbanken Text,2024
University of Gothenburg,Språkbanken Text,2024
University of Gothenburg,Språkbanken Text,2024
University of Gothenburg,Språkbanken Text,2024
University of Gothenburg,Språkbanken Text,2024
University of Gothenburg,Språkbanken Text,2024
University of Gothenburg,Språkbanken Text,2024
University of Gothenburg,Språkbanken Text,2024
University of Gothenburg,Språkbanken Text,2024
University of Gothenburg,Språkbanken Text,2024
University of Gothenburg,Språkbanken Text,2024
University of Gothenburg,Språkbanken Text,2024
University of Gothenburg,Språkbanken Text,2024
University of Gothenburg,Språkbanken Text,2024
University of Gothenburg,Språkbanken Text,2024
University of Gothenburg,Språkbanken Text,2025
University of Gothenburg,Språkbanken Text,2024
University of Gothenburg,Språkbanken Text,2024
University of Gothenburg,Språkbanken Text,2024
University of Gothenburg,Språkbanken Text,2024
University of Gothenburg,Språkbanken Text,2024
University of Gothenburg,Språkbanken Text,2024
University of Gothenburg,Språkbanken Text,2025
University of Gothenburg,Språkbanken Text,2024
University of Gothenburg,Språkbanken Text,2024
University of Gothenburg,Språkbanken Text,2024
University of Gothenburg,Språkbanken Text,2024
University of Gothenburg,Språkbanken Text,2024
University of Gothenburg,Språkbanken Text,2024
University of Gothenburg,Språkbanken Text,2024
University of Gothenburg,Språkbanken Text,2024
University of Gothenburg,Språkbanken Text,2024
University of Gothenburg,Språkbanken Text,2024
University of Gothenburg,Språkbanken Text,2024
University of Gothenburg,Språkbanken Text,2024
University of Gothenburg,Språkbanken Text,2024
University of Gothenburg,Språkbanken Text,2024
University of Gothenburg,Språkbanken Text,2024
University of Gothenburg,Språkbanken Text,2025
University of Gothenburg,Språkbanken Text,2024
University of Gothenburg,Språkbanken Text,2024
University of Gothenburg,Språkbanken Text,2024
University of Gothenburg,Språkbanken Text,2024
University of Gothenburg,Språkbanken Text,2024
University of Gothenburg,Språkbanken Text,2025
University of Gothenburg,Språkbanken Text,2024
University of Gothenburg,Språkbanken Text,2024
University of Gothenburg,Språkbanken Text,2024
University of Gothenburg,Språkbanken Text,2024
University of Gothenburg,Språkbanken Text,2024
University of Gothenburg,Språkbanken Text,2024
University of Gothenburg,Språkbanken Text,2024
University of Gothenburg,Språkbanken Text,2024
University of Gothenburg,Språkbanken Text,2024
University of Gothenburg,Språkbanken Text,2024
University of Gothenburg,Språkbanken Text,2024
University of Gothenburg,Språkbanken Text,2024
University of Gothenburg,Språkbanken Text,2024
University of Gothenburg,Språkbanken Text,2024
University of Gothenburg,Språkbanken Text,2024
University of Gothenburg,Språkbanken Text,2024
University of Gothenburg,Språkbanken Text,2024
University of Gothenburg,Språkbanken Text,2025
University of Gothenburg,Språkbanken Text,2024
University of Gothenburg,Språkbanken Text,2024
University of Gothenburg,Språkbanken Text,2024
University of Gothenburg,Språkbanken Text,2024
University of Gothenburg,Språkbanken Text,2024
University of Gothenburg,Språkbanken Text,2024
University of Gothenburg,Språkbanken Text,2024
University of Gothenburg,Språkbanken Text,2024
University of Gothenburg,Språkbanken Text,2024
University of Gothenburg,Språkbanken Text,2024
University of Gothenburg,Språkbanken Text,2024
University of Gothenburg,Språkbanken Text,2024
University of Gothenburg,Språkbanken Text,2024
University of Gothenburg,Språkbanken Text,2025
University of Gothenburg,Språkbanken Text,2024
University of Gothenburg,Språkbanken Text,2024
University of Gothenburg,Språkbanken Text,2024
University of Gothenburg,Språkbanken Text,2024
University of Gothenburg,Språkbanken Text,2024
University of Gothenburg,Språkbanken Text,2024
University of Gothenburg,Språkbanken Text,2024
University of Gothenburg,Språkbanken Text,2024
University of Gothenburg,Språkbanken Text,2024
University of Gothenburg,Språkbanken Text,2024
University of Gothenburg,Språkbanken Text,2024
University of Gothenburg,Språkbanken Text,2024
University of Gothenburg,Språkbanken Text,2024
University of Gothenburg,Språkbanken Text,2024
University of Gothenburg,Språkbanken Text,2024
University of Gothenburg,Språkbanken Text,2025
University of Gothenburg,Språkbanken Text,2024
University of Gothenburg,Språkbanken Text,2024
University of Gothenburg,Språkbanken Text,2024
University of Gothenburg,Språkbanken Text,2024
University of Gothenburg,Språkbanken Text,2024
University of Gothenburg,Språkbanken Text,2024
University of Gothenburg,Språkbanken Text,2024
University of Gothenburg,Språkbanken Text,2024
University of Gothenburg,Språkbanken Text,2024
University of Gothenburg,Språkbanken Text,2024
University of Gothenburg,Språkbanken Text,2024
University of Gothenburg,Språkbanken Text,2024
University of Gothenburg,Språkbanken Text,2024
University of Gothenburg,Språkbanken Text,2024
University of Gothenburg,Språkbanken Text,2024
University of Gothenburg,Språkbanken Text,2025
University of Gothenburg,Språkbanken Text,2024
University of Gothenburg,Språkbanken Text,2024
University of Gothenburg,Språkbanken Text,2024
University of Gothenburg,Språkbanken Text,2024
University of Gothenburg,Språkbanken Text,2024
University of Gothenburg,Språkbanken Text,2024
University of Gothenburg,Språkbanken Text,2024
University of Gothenburg,Språkbanken Text,2024
University of Gothenburg,Språkbanken Text,2024
University of Gothenburg,Språkbanken Text,2024
University of Gothenburg,Språkbanken Text,2024
University of Gothenburg,Språkbanken Text,2024
University of Gothenburg,Språkbanken Text,2024
University of Gothenburg,Språkbanken Text,2024
University of Gothenburg,Språkbanken Text,2024
University of Gothenburg,Språkbanken Text,2024
University of Gothenburg,Språkbanken Text,2024
University of Gothenburg,Språkbanken Text,2024
University of Gothenburg,Språkbanken Text,2024
University of Gothenburg,Språkbanken Text,2024
University of Gothenburg,Språkbanken Text,2024
University of Gothenburg,Språkbanken Text,2024
University of Gothenburg,Språkbanken Text,2024
University of Gothenburg,Språkbanken Text,2024
University of Gothenburg,Språkbanken Text,2024
University of Gothenburg,Språkbanken Text,2024
University of Gothenburg,Språkbanken Text,2024
University of Gothenburg,Språkbanken Text,2024
University of Gothenburg,Språkbanken Text,2025
University of Gothenburg,Språkbanken Text,2024
University of Gothenburg,Språkbanken Text,2024
University of Gothenburg,Språkbanken Text,2024
University of Gothenburg,Språkbanken Text,2024
University of Gothenburg,Språkbanken Text,2024
University of Gothenburg,Språkbanken Text,2024
University of Gothenburg,Språkbanken Text,2024
University of Gothenburg,Språkbanken Text,2024
University of Gothenburg,Språkbanken Text,2024
University of Gothenburg,Språkbanken Text,2025
University of Gothenburg,Språkbanken Text,2024
University of Gothenburg,Språkbanken Text,2024
University of Gothenburg,Språkbanken Text,2024
University of Gothenburg,Språkbanken Text,2024
University of Gothenburg,Språkbanken Text,2024
University of Gothenburg,Språkbanken Text,2025
University of Gothenburg,Språkbanken Text,2024
University of Gothenburg,Språkbanken Text,2024
University of Gothenburg,Språkbanken Text,2024
University of Gothenburg,Språkbanken Text,2025
University of Gothenburg,Språkbanken Text,2024
University of Gothenburg,Språkbanken Text,2024
University of Gothenburg,Språkbanken Text,2024
University of Gothenburg,Språkbanken Text,2024
University of Gothenburg,Språkbanken Text,2024
University of Gothenburg,Språkbanken Text,2024
University of Gothenburg,Språkbanken Text,2024
University of Gothenburg,Språkbanken Text,2024
University of Gothenburg,Språkbanken Text,2024
University of Gothenburg,Språkbanken Text,2024
University of Gothenburg,Språkbanken Text,2024
University of Gothenburg,Språkbanken Text,2024
University of Gothenburg,Språkbanken Text,2024
University of Gothenburg,Språkbanken Text,2024
University of Gothenburg,Språkbanken Text,2024
University of Gothenburg,Språkbanken Text,2024
University of Gothenburg,Språkbanken Text,2024
University of Gothenburg,Språkbanken Text,2025
University of Gothenburg,Språkbanken Text,2024
University of Gothenburg,Språkbanken Text,2024
University of Gothenburg,Språkbanken Text,2024
University of Gothenburg,Språkbanken Text,2024
University of Gothenburg,Språkbanken Text,2024
University of Gothenburg,Språkbanken Text,2024
University of Gothenburg,Språkbanken Text,2024
University of Gothenburg,Språkbanken Text,2025
University of Gothenburg,Språkbanken Text,2024
University of Gothenburg,Språkbanken Text,2024
University of Gothenburg,Språkbanken Text,2024
University of Gothenburg,Språkbanken Text,2024
University of Gothenburg,Språkbanken Text,2024
University of Gothenburg,Språkbanken Text,2024
University of Gothenburg,Språkbanken Text,2024
University of Gothenburg,Språkbanken Text,2024
University of Gothenburg,Språkbanken Text,2024
University of Gothenburg,Språkbanken Text,2025
University of Gothenburg,Språkbanken Text,2024
University of Gothenburg,Språkbanken Text,2024
University of Gothenburg,Språkbanken Text,2024
University of Gothenburg,Språkbanken Text,2024
University of Gothenburg,Språkbanken Text,2024
University of Gothenburg,Språkbanken Text,2024
University of Gothenburg,Språkbanken Text,2025
University of Gothenburg,Språkbanken Text,2024
University of Gothenburg,Språkbanken Text,2024
University of Gothenburg,Språkbanken Text,2024
University of Gothenburg,Språkbanken Text,2024
University of Gothenburg,Språkbanken Text,2024
University of Gothenburg,Språkbanken Text,2024
University of Gothenburg,Språkbanken Text,2025
University of Gothenburg,Språkbanken Text,2024
University of Gothenburg,Språkbanken Text,2024
University of Gothenburg,Språkbanken Text,2024
University of Gothenburg,Språkbanken Text,2024
University of Gothenburg,Språkbanken Text,2024
University of Gothenburg,Språkbanken Text,2024
University of Gothenburg,Språkbanken Text,2024
University of Gothenburg,Språkbanken Text,2024
University of Gothenburg,Språkbanken Text,2024
University of Gothenburg,Språkbanken Text,2024
University of Gothenburg,Språkbanken Text,2024
University of Gothenburg,Språkbanken Text,2024
University of Gothenburg,Språkbanken Text,2024
University of Gothenburg,Språkbanken Text,2024
University of Gothenburg,Språkbanken Text,2024
University of Gothenburg,Språkbanken Text,2024
University of Gothenburg,Språkbanken Text,2024
University of Gothenburg,Språkbanken Text,2025
University of Gothenburg,Språkbanken Text,2024
University of Gothenburg,Språkbanken Text,2024
University of Gothenburg,Språkbanken Text,2024
University of Gothenburg,Språkbanken Text,2024
University of Gothenburg,Språkbanken Text,2024
University of Gothenburg,Språkbanken Text,2024
University of Gothenburg,Språkbanken Text,2024
University of Gothenburg,Språkbanken Text,2024
University of Gothenburg,Språkbanken Text,2024
University of Gothenburg,Språkbanken Text,2024
University of Gothenburg,Språkbanken Text,2025
University of Gothenburg,Språkbanken Text,2024
University of Gothenburg,Språkbanken Text,2024
University of Gothenburg,Språkbanken Text,2024
University of Gothenburg,Språkbanken Text,2024
University of Gothenburg,Språkbanken Text,2025
University of Gothenburg,Språkbanken Text,2024
University of Gothenburg,Språkbanken Text,2024
University of Gothenburg,Språkbanken Text,2025
University of Gothenburg,Språkbanken Text,2024
University of Gothenburg,Språkbanken Text,2024
University of Gothenburg,Språkbanken Text,2024
University of Gothenburg,Språkbanken Text,2024
University of Gothenburg,Språkbanken Text,2024
University of Gothenburg,Språkbanken Text,2025
University of Gothenburg,Språkbanken Text,2024
University of Gothenburg,Språkbanken Text,2024
University of Gothenburg,Språkbanken Text,2024
University of Gothenburg,Språkbanken Text,2024
University of Gothenburg,Språkbanken Text,2024
University of Gothenburg,Språkbanken Text,2024
University of Gothenburg,Språkbanken Text,2024
University of Gothenburg,Språkbanken Text,2024
University of Gothenburg,Språkbanken Text,2024
University of Gothenburg,Språkbanken Text,2024
University of Gothenburg,Språkbanken Text,2024
University of Gothenburg,Språkbanken Text,2024
University of Gothenburg,Språkbanken Text,2024
University of Gothenburg,Språkbanken Text,2024
University of Gothenburg,Språkbanken Text,2024
University of Gothenburg,Språkbanken Text,2024
University of Gothenburg,Språkbanken Text,2025
University of Gothenburg,Språkbanken Text,2024
University of Gothenburg,Språkbanken Text,2024
University of Gothenburg,Språkbanken Text,2024
University of Gothenburg,Språkbanken Text,2024
University of Gothenburg,Språkbanken Text,2024
University of Gothenburg,Språkbanken Text,2024
University of Gothenburg,Språkbanken Text,2024
University of Gothenburg,Språkbanken Text,2024
University of Gothenburg,Språkbanken Text,2024
University of Gothenburg,Språkbanken Text,2024
University of Gothenburg,Språkbanken Text,2024
University of Gothenburg,Språkbanken Text,2024
University of Gothenburg,Språkbanken Text,2024
University of Gothenburg,Språkbanken Text,2024
University of Gothenburg,Språkbanken Text,2024
University of Gothenburg,Språkbanken Text,2024
University of Gothenburg,Språkbanken Text,2024
University of Gothenburg,Språkbanken Text,2024
University of Gothenburg,Språkbanken Text,2024
University of Gothenburg,Språkbanken Text,2024
University of Gothenburg,Språkbanken Text,2024
University of Gothenburg,Språkbanken Text,2024
University of Gothenburg,Språkbanken Text,2024
University of Gothenburg,Språkbanken Text,2024
University of Gothenburg,Språkbanken Text,2024
University of Gothenburg,Språkbanken Text,2024
University of Gothenburg,Språkbanken Text,2025
University of Gothenburg,Språkbanken Text,2024
University of Gothenburg,Språkbanken Text,2024
University of Gothenburg,Språkbanken Text,2024
University of Gothenburg,Språkbanken Text,2024
University of Gothenburg,Språkbanken Text,2024
University of Gothenburg,Språkbanken Text,2024
University of Gothenburg,Språkbanken Text,2024
University of Gothenburg,Språkbanken Text,2024
University of Gothenburg,Språkbanken Text,2024
University of Gothenburg,Språkbanken Text,2024
University of Gothenburg,Språkbanken Text,2024
University of Gothenburg,Språkbanken Text,2024
University of Gothenburg,Språkbanken Text,2024
University of Gothenburg,Språkbanken Text,2024
University of Gothenburg,Språkbanken Text,2024
University of Gothenburg,Språkbanken Text,2024
University of Gothenburg,Språkbanken Text,2024
University of Gothenburg,Språkbanken Text,2024
University of Gothenburg,Språkbanken Text,2024
University of Gothenburg,Språkbanken Text,2024
University of Gothenburg,Språkbanken Text,2024
University of Gothenburg,Språkbanken Text,2024
University of Gothenburg,Språkbanken Text,2024
University of Gothenburg,Språkbanken Text,2024
University of Gothenburg,Språkbanken Text,2024
University of Gothenburg,Språkbanken Text,2024
University of Gothenburg,Språkbanken Text,2024
University of Gothenburg,Språkbanken Text,2024
University of Gothenburg,Språkbanken Text,2024
University of Gothenburg,Språkbanken Text,2024
University of Gothenburg,Språkbanken Text,2016
University of Gothenburg,Språkbanken Text,2024
University of Gothenburg,Språkbanken Text,2024
University of Gothenburg,Språkbanken Text,2024
University of Gothenburg,Språkbanken Text,2024
University of Gothenburg,Språkbanken Text,2024
University of Gothenburg,Språkbanken Text,2024
University of Gothenburg,Språkbanken Text,2024
University of Gothenburg,Språkbanken Text,2024
University of Gothenburg,Språkbanken Text,2024
University of Gothenburg,Språkbanken Text,2024
University of Gothenburg,Språkbanken Text,2024
University of Gothenburg,Språkbanken Text,2024
University of Gothenburg,Språkbanken Text,2024
University of Gothenburg,Språkbanken Text,2024
University of Gothenburg,Språkbanken Text,2024
University of Gothenburg,Språkbanken Text,2024
University of Gothenburg,Språkbanken Text,2024
University of Gothenburg,Språkbanken Text,2024
University of Gothenburg,Språkbanken Text,2024
University of Gothenburg,Språkbanken Text,2024
University of Gothenburg,Språkbanken Text,2024
University of Gothenburg,Språkbanken Text,2024
University of Gothenburg,Språkbanken Text,2024
University of Gothenburg,Språkbanken Text,2024
University of Gothenburg,Språkbanken Text,2024
University of Gothenburg,Språkbanken Text,2024
University of Gothenburg,Språkbanken Text,2024
University of Gothenburg,Språkbanken Text,2024
University of Gothenburg,Språkbanken Text,2024
University of Gothenburg,Språkbanken Text,2024
University of Gothenburg,Språkbanken Text,2024
University of Gothenburg,Språkbanken Text,2024
University of Gothenburg,Språkbanken Text,2024
University of Gothenburg,Språkbanken Text,2025
University of Gothenburg,Språkbanken Text,2024
University of Gothenburg,Språkbanken Text,2024
University of Gothenburg,Språkbanken Text,2024
University of Gothenburg,Språkbanken Text,2025
University of Gothenburg,Språkbanken Text,2024
University of Gothenburg,Språkbanken Text,2024
University of Gothenburg,Språkbanken Text,2024
University of Gothenburg,Språkbanken Text,2024
University of Gothenburg,Språkbanken Text,2024
University of Gothenburg,Språkbanken Text,2024
University of Gothenburg,Språkbanken Text,2024
University of Gothenburg,Språkbanken Text,2024
University of Gothenburg,Språkbanken Text,2024
University of Gothenburg,Språkbanken Text,2024
University of Gothenburg,Språkbanken Text,2024
University of Gothenburg,Språkbanken Text,2024
University of Gothenburg,Språkbanken Text,2024
University of Gothenburg,Språkbanken Text,2024
University of Gothenburg,Språkbanken Text,2024
University of Gothenburg,Språkbanken Text,2024
University of Gothenburg,Språkbanken Text,2024
University of Gothenburg,Språkbanken Text,2024
University of Gothenburg,Språkbanken Text,2024
University of Gothenburg,Språkbanken Text,2024
University of Gothenburg,Språkbanken Text,2024
University of Gothenburg,Språkbanken Text,2024
University of Gothenburg,Språkbanken Text,2024
University of Gothenburg,Språkbanken Text,2024
University of Gothenburg,Språkbanken Text,2024
University of Gothenburg,Språkbanken Text,2024
University of Gothenburg,Språkbanken Text,2024
University of Gothenburg,Språkbanken Text,2024
University of Gothenburg,Språkbanken Text,2024
University of Gothenburg,Språkbanken Text,2024
University of Gothenburg,Språkbanken Text,2024
University of Gothenburg,Språkbanken Text,2024
University of Gothenburg,Språkbanken Text,2024
University of Gothenburg,Språkbanken Text,2024
University of Gothenburg,Språkbanken Text,2024
University of Gothenburg,Språkbanken Text,2024
University of Gothenburg,Språkbanken Text,2024
University of Gothenburg,Språkbanken Text,2024
University of Gothenburg,Språkbanken Text,2024
University of Gothenburg,Språkbanken Text,2024
University of Gothenburg,Språkbanken Text,2024
University of Gothenburg,Språkbanken Text,2024
University of Gothenburg,Språkbanken Text,2025
University of Gothenburg,Språkbanken Text,2024
University of Gothenburg,Språkbanken Text,2024
University of Gothenburg,Språkbanken Text,2024
University of Gothenburg,Språkbanken Text,2024
University of Gothenburg,Språkbanken Text,2024
University of Gothenburg,Språkbanken Text,2024
University of Gothenburg,Språkbanken Text,2024
University of Gothenburg,Språkbanken Text,2024
University of Gothenburg,Språkbanken Text,2024
University of Gothenburg,Språkbanken Text,2024
University of Gothenburg,Språkbanken Text,2024
University of Gothenburg,Språkbanken Text,2025
University of Gothenburg,Språkbanken Text,2024
University of Gothenburg,Språkbanken Text,2024
University of Gothenburg,Språkbanken Text,2024
University of Gothenburg,Språkbanken Text,2024
University of Gothenburg,Språkbanken Text,2024
University of Gothenburg,Språkbanken Text,2024
University of Gothenburg,Språkbanken Text,2024
University of Gothenburg,Språkbanken Text,2024
University of Gothenburg,Språkbanken Text,2024
University of Gothenburg,Språkbanken Text,2024
University of Gothenburg,Språkbanken Text,2024
University of Gothenburg,Språkbanken Text,2024
University of Gothenburg,Språkbanken Text,2024
University of Gothenburg,Språkbanken Text,2024
University of Gothenburg,Språkbanken Text,2024
University of Gothenburg,Språkbanken Text,2024
University of Gothenburg,Språkbanken Text,2024
University of Gothenburg,Språkbanken Text,2024
University of Gothenburg,Språkbanken Text,2024
University of Gothenburg,Språkbanken Text,2024
University of Gothenburg,Språkbanken Text,2024
University of Gothenburg,Språkbanken Text,2024
University of Gothenburg,Språkbanken Text,2024
University of Gothenburg,Språkbanken Text,2025
University of Gothenburg,Språkbanken Text,2024
University of Gothenburg,Språkbanken Text,2024
University of Gothenburg,Språkbanken Text,2024
University of Gothenburg,Språkbanken Text,2024
University of Gothenburg,Språkbanken Text,2024
University of Gothenburg,Språkbanken Text,2024
University of Gothenburg,Språkbanken Text,2024
University of Gothenburg,Språkbanken Text,2024
University of Gothenburg,Språkbanken Text,2024
University of Gothenburg,Språkbanken Text,2024
University of Gothenburg,Språkbanken Text,2024
University of Gothenburg,Språkbanken Text,2024
University of Gothenburg,Språkbanken Text,2024
University of Gothenburg,Språkbanken Text,2024
University of Gothenburg,Språkbanken Text,2024
University of Gothenburg,Språkbanken Text,2024
University of Gothenburg,Språkbanken Text,2024
University of Gothenburg,Språkbanken Text,2024
University of Gothenburg,Språkbanken Text,2024
University of Gothenburg,Språkbanken Text,2025
University of Gothenburg,Språkbanken Text,2024
University of Gothenburg,Språkbanken Text,2024
University of Gothenburg,Språkbanken Text,2024
University of Gothenburg,Språkbanken Text,2024
University of Gothenburg,Språkbanken Text,2024
University of Gothenburg,Språkbanken Text,2024
University of Gothenburg,Språkbanken Text,2024
University of Gothenburg,Språkbanken Text,2024
University of Gothenburg,Språkbanken Text,2024
University of Gothenburg,Språkbanken Text,2024
University of Gothenburg,Språkbanken Text,2024
University of Gothenburg,Språkbanken Text,2024
University of Gothenburg,Språkbanken Text,2024
University of Gothenburg,Språkbanken Text,2024
University of Gothenburg,Språkbanken Text,2024
University of Gothenburg,Språkbanken Text,2024
University of Gothenburg,Språkbanken Text,2024
University of Gothenburg,Språkbanken Text,2024
University of Gothenburg,Språkbanken Text,2024
University of Gothenburg,Språkbanken Text,2024
University of Gothenburg,Språkbanken Text,2024
University of Gothenburg,Språkbanken Text,2024
University of Gothenburg,Språkbanken Text,2024
University of Gothenburg,Språkbanken Text,2024
University of Gothenburg,Språkbanken Text,2024
University of Gothenburg,Språkbanken Text,2024
University of Gothenburg,Språkbanken Text,2024
University of Gothenburg,Språkbanken Text,2024
University of Gothenburg,Språkbanken Text,2024
University of Gothenburg,Språkbanken Text,2024
University of Gothenburg,Språkbanken Text,2024
University of Gothenburg,Språkbanken Text,2024
University of Gothenburg,Språkbanken Text,2024
University of Gothenburg,Språkbanken Text,2025
University of Gothenburg,Språkbanken Text,2024
University of Gothenburg,Språkbanken Text,2024
University of Gothenburg,Språkbanken Text,2024
University of Gothenburg,Språkbanken Text,2024
University of Gothenburg,Språkbanken Text,2024
University of Gothenburg,Språkbanken Text,2024
University of Gothenburg,Språkbanken Text,2024
University of Gothenburg,Språkbanken Text,2024
University of Gothenburg,Språkbanken Text,2024
University of Gothenburg,Språkbanken Text,2024
University of Gothenburg,Språkbanken Text,2024
University of Gothenburg,Språkbanken Text,2024
University of Gothenburg,Språkbanken Text,2024
University of Gothenburg,Språkbanken Text,2024
University of Gothenburg,Språkbanken Text,2024
University of Gothenburg,Språkbanken Text,2025
University of Gothenburg,Språkbanken Text,2024
University of Gothenburg,Språkbanken Text,2024
University of Gothenburg,Språkbanken Text,2024
University of Gothenburg,Språkbanken Text,2024
University of Gothenburg,Språkbanken Text,2024
University of Gothenburg,Språkbanken Text,2024
University of Gothenburg,Språkbanken Text,2024
University of Gothenburg,Språkbanken Text,2024
University of Gothenburg,Språkbanken Text,2024
University of Gothenburg,Språkbanken Text,2024
University of Gothenburg,Språkbanken Text,2024
University of Gothenburg,Språkbanken Text,2024
University of Gothenburg,Språkbanken Text,2024
University of Gothenburg,Språkbanken Text,2024
University of Gothenburg,Språkbanken Text,2024
University of Gothenburg,Språkbanken Text,2024
University of Gothenburg,Språkbanken Text,2024
University of Gothenburg,Språkbanken Text,2024
University of Gothenburg,Språkbanken Text,2024
University of Gothenburg,Språkbanken Text,2024
University of Gothenburg,Språkbanken Text,2024
University of Gothenburg,Språkbanken Text,2024
University of Gothenburg,Språkbanken Text,2024
University of Gothenburg,Språkbanken Text,2024
University of Gothenburg,Språkbanken Text,2024
University of Gothenburg,Språkbanken Text,2024
University of Gothenburg,Språkbanken Text,2024
University of Gothenburg,Språkbanken Text,2024
University of Gothenburg,Språkbanken Text,2024
University of Gothenburg,Språkbanken Text,2024
University of Gothenburg,Språkbanken Text,2024
University of Gothenburg,Språkbanken Text,2024
University of Gothenburg,Språkbanken Text,2024
University of Gothenburg,Språkbanken Text,2024
University of Gothenburg,Språkbanken Text,2024
University of Gothenburg,Språkbanken Text,2024
University of Gothenburg,Språkbanken Text,2024
University of Gothenburg,Språkbanken Text,2024
University of Gothenburg,Språkbanken Text,2024
University of Gothenburg,Språkbanken Text,2024
University of Gothenburg,Språkbanken Text,2024
University of Gothenburg,Språkbanken Text,2024
University of Gothenburg,Språkbanken Text,2024
University of Gothenburg,Språkbanken Text,2024
University of Gothenburg,Språkbanken Text,2024
University of Gothenburg,Språkbanken Text,2024
University of Gothenburg,Språkbanken Text,2024
University of Gothenburg,Språkbanken Text,2024
University of Gothenburg,Språkbanken Text,2024
University of Gothenburg,Språkbanken Text,2024
University of Gothenburg,Språkbanken Text,2024
University of Gothenburg,Språkbanken Text,2024
University of Gothenburg,Språkbanken Text,2024
University of Gothenburg,Språkbanken Text,2024
University of Gothenburg,Språkbanken Text,2024
University of Gothenburg,Språkbanken Text,2024
University of Gothenburg,Språkbanken Text,2025
University of Gothenburg,Språkbanken Text,2023
University of Gothenburg,Språkbanken Text,2024
University of Gothenburg,Språkbanken Text,2024
University of Gothenburg,Språkbanken Text,2024
University of Gothenburg,Språkbanken Text,2024
University of Gothenburg,Språkbanken Text,2024
University of Gothenburg,Språkbanken Text,2024
University of Gothenburg,Språkbanken Text,2024
University of Gothenburg,Språkbanken Text,2024
University of Gothenburg,Språkbanken Text,2024
University of Gothenburg,Språkbanken Text,2024
University of Gothenburg,Språkbanken Text,2024
University of Gothenburg,Språkbanken Text,2024
University of Gothenburg,Språkbanken Text,2024
University of Gothenburg,Språkbanken Text,2024
University of Gothenburg,Språkbanken Text,2024
University of Gothenburg,Språkbanken Text,2024
University of Gothenburg,Språkbanken Text,2024
University of Gothenburg,Språkbanken Text,2024
University of Gothenburg,Språkbanken Text,2024
University of Gothenburg,Språkbanken Text,2024
University of Gothenburg,Språkbanken Text,2024
University of Gothenburg,Språkbanken Text,2024
University of Gothenburg,Språkbanken Text,2024
University of Gothenburg,Språkbanken Text,2024
University of Gothenburg,Språkbanken Text,2024
University of Gothenburg,Språkbanken Text,2024
University of Gothenburg,Språkbanken Text,2024
University of Gothenburg,Språkbanken Text,2024
University of Gothenburg,Språkbanken Text,2024
University of Gothenburg,Språkbanken Text,2024
University of Gothenburg,Språkbanken Text,2024
University of Gothenburg,Språkbanken Text,2024
University of Gothenburg,Språkbanken Text,2024
University of Gothenburg,Språkbanken Text,2024
Integrated Carbon Observation System,ICOS Sweden data portal,2025
Integrated Carbon Observation System,ICOS Sweden data portal,2025
Integrated Carbon Observation System,ICOS Sweden data portal,2022
Integrated Carbon Observation System,ICOS Sweden data portal,2025
Integrated Carbon Observation System,ICOS Sweden data portal,2025
Integrated Carbon Observation System,ICOS Sweden data portal,2025
Integrated Carbon Observation System,ICOS Sweden data portal,2025
Integrated Carbon Observation System,ICOS Sweden data portal,2022
Integrated Carbon Observation System,ICOS Sweden data portal,2025
Integrated Carbon Observation System,ICOS Sweden data portal,2022
Integrated Carbon Observation System,ICOS Sweden data portal,2022
Integrated Carbon Observation System,ICOS Sweden data portal,2025
Integrated Carbon Observation System,ICOS Sweden data portal,2025
Integrated Carbon Observation System,ICOS Sweden data portal,2025
Integrated Carbon Observation System,ICOS Sweden data portal,2025
Integrated Carbon Observation System,ICOS Sweden data portal,2025
Integrated Carbon Observation System,ICOS Sweden data portal,2022
Integrated Carbon Observation System,ICOS Sweden data portal,2025
Integrated Carbon Observation System,ICOS Sweden data portal,2025
Integrated Carbon Observation System,ICOS Sweden data portal,2025
Integrated Carbon Observation System,ICOS Sweden data portal,2022
Integrated Carbon Observation System,ICOS Sweden data portal,2025
Integrated Carbon Observation System,ICOS Sweden data portal,2025
Integrated Carbon Observation System,ICOS Sweden data portal,2025
Integrated Carbon Observation System,ICOS Sweden data portal,2025
Integrated Carbon Observation System,ICOS Sweden data portal,2025
Integrated Carbon Observation System,ICOS Sweden data portal,2025
Integrated Carbon Observation System,ICOS Sweden data portal,2025
Integrated Carbon Observation System,ICOS Sweden data portal,2025
Integrated Carbon Observation System,ICOS Sweden data portal,2022
Integrated Carbon Observation System,ICOS Sweden data portal,2025
Integrated Carbon Observation System,ICOS Sweden data portal,2025
Integrated Carbon Observation System,ICOS Sweden data portal,2025
Integrated Carbon Observation System,ICOS Sweden data portal,2022
Integrated Carbon Observation System,ICOS Sweden data portal,2024
Integrated Carbon Observation System,ICOS Sweden data portal,2022
Integrated Carbon Observation System,ICOS Sweden data portal,2025
Integrated Carbon Observation System,ICOS Sweden data portal,2025
Integrated Carbon Observation System,ICOS Sweden data portal,2025
Integrated Carbon Observation System,ICOS Sweden data portal,2022
Integrated Carbon Observation System,ICOS Sweden data portal,2025
Integrated Carbon Observation System,ICOS Sweden data portal,2025
Integrated Carbon Observation System,ICOS Sweden data portal,2025
Integrated Carbon Observation System,ICOS Sweden data portal,2025
Integrated Carbon Observation System,ICOS Sweden data portal,2025
Integrated Carbon Observation System,ICOS Sweden data portal,2025
Integrated Carbon Observation System,ICOS Sweden data portal,2025
Integrated Carbon Observation System,ICOS Sweden data portal,2022
Integrated Carbon Observation System,ICOS Sweden data portal,2022
Integrated Carbon Observation System,ICOS Sweden data portal,2022
Integrated Carbon Observation System,ICOS Sweden data portal,2025
Integrated Carbon Observation System,ICOS Sweden data portal,2025
Integrated Carbon Observation System,ICOS Sweden data portal,2025
Integrated Carbon Observation System,ICOS Sweden data portal,2025
Integrated Carbon Observation System,ICOS Sweden data portal,2025
Integrated Carbon Observation System,ICOS Sweden data portal,2025
Integrated Carbon Observation System,ICOS Sweden data portal,2022
Integrated Carbon Observation System,ICOS Sweden data portal,2025
Integrated Carbon Observation System,ICOS Sweden data portal,2025
Integrated Carbon Observation System,ICOS Sweden data portal,2025
Integrated Carbon Observation System,ICOS Sweden data portal,2025
Integrated Carbon Observation System,ICOS Sweden data portal,2025
Integrated Carbon Observation System,ICOS Sweden data portal,2022
Integrated Carbon Observation System,ICOS Sweden data portal,2025
Integrated Carbon Observation System,ICOS Sweden data portal,2025
Integrated Carbon Observation System,ICOS Sweden data portal,2025
Integrated Carbon Observation System,ICOS Sweden data portal,2025
Integrated Carbon Observation System,ICOS Sweden data portal,2022
Integrated Carbon Observation System,ICOS Sweden data portal,2022
Integrated Carbon Observation System,ICOS Sweden data portal,2025
Integrated Carbon Observation System,ICOS Sweden data portal,2022
Integrated Carbon Observation System,ICOS Sweden data portal,2025
Integrated Carbon Observation System,ICOS Sweden data portal,2025
Integrated Carbon Observation System,ICOS Sweden data portal,2025
Integrated Carbon Observation System,ICOS Sweden data portal,2025
Integrated Carbon Observation System,ICOS Sweden data portal,2022
Integrated Carbon Observation System,ICOS Sweden data portal,2025
Integrated Carbon Observation System,ICOS Sweden data portal,2025
Integrated Carbon Observation System,ICOS Sweden data portal,2025
Integrated Carbon Observation System,ICOS Sweden data portal,2025
Integrated Carbon Observation System,ICOS Sweden data portal,2022
Integrated Carbon Observation System,ICOS Sweden data portal,2025
Integrated Carbon Observation System,ICOS Sweden data portal,2022
Integrated Carbon Observation System,ICOS Sweden data portal,2025
Integrated Carbon Observation System,ICOS Sweden data portal,2025
Integrated Carbon Observation System,ICOS Sweden data portal,2025
Integrated Carbon Observation System,ICOS Sweden data portal,2025
Integrated Carbon Observation System,ICOS Sweden data portal,2025
Integrated Carbon Observation System,ICOS Sweden data portal,2022
Integrated Carbon Observation System,ICOS Sweden data portal,2025
Integrated Carbon Observation System,ICOS Sweden data portal,2025
Integrated Carbon Observation System,ICOS Sweden data portal,2025
Integrated Carbon Observation System,ICOS Sweden data portal,2022
Integrated Carbon Observation System,ICOS Sweden data portal,2025
Integrated Carbon Observation System,ICOS Sweden data portal,2022
Integrated Carbon Observation System,ICOS Sweden data portal,2025
Integrated Carbon Observation System,ICOS Sweden data portal,2022
Integrated Carbon Observation System,ICOS Sweden data portal,2022
Integrated Carbon Observation System,ICOS Sweden data portal,2025
Integrated Carbon Observation System,ICOS Sweden data portal,2025
Integrated Carbon Observation System,ICOS Sweden data portal,2025
Integrated Carbon Observation System,ICOS Sweden data portal,2025
Integrated Carbon Observation System,ICOS Sweden data portal,2025
Integrated Carbon Observation System,ICOS Sweden data portal,2025
Integrated Carbon Observation System,ICOS Sweden data portal,2022
Integrated Carbon Observation System,ICOS Sweden data portal,2025
Integrated Carbon Observation System,ICOS Sweden data portal,2025
Integrated Carbon Observation System,ICOS Sweden data portal,2025
Integrated Carbon Observation System,ICOS Sweden data portal,2025
Integrated Carbon Observation System,ICOS Sweden data portal,2025
Integrated Carbon Observation System,ICOS Sweden data portal,2022
Integrated Carbon Observation System,ICOS Sweden data portal,2025
Integrated Carbon Observation System,ICOS Sweden data portal,2025
Integrated Carbon Observation System,ICOS Sweden data portal,2025
Integrated Carbon Observation System,ICOS Sweden data portal,2025
Integrated Carbon Observation System,ICOS Sweden data portal,2025
Integrated Carbon Observation System,ICOS Sweden data portal,2025
Integrated Carbon Observation System,ICOS Sweden data portal,2025
Integrated Carbon Observation System,ICOS Sweden data portal,2025
Integrated Carbon Observation System,ICOS Sweden data portal,2025
Integrated Carbon Observation System,ICOS Sweden data portal,2022
Integrated Carbon Observation System,ICOS Sweden data portal,2022
Integrated Carbon Observation System,ICOS Sweden data portal,2025
Integrated Carbon Observation System,ICOS Sweden data portal,2025
Integrated Carbon Observation System,ICOS Sweden data portal,2022
Integrated Carbon Observation System,ICOS Sweden data portal,2022
Integrated Carbon Observation System,ICOS Sweden data portal,2025
Integrated Carbon Observation System,ICOS Sweden data portal,2025
Integrated Carbon Observation System,ICOS Sweden data portal,2022
Integrated Carbon Observation System,ICOS Sweden data portal,2025
Integrated Carbon Observation System,ICOS Sweden data portal,2025
Integrated Carbon Observation System,ICOS Sweden data portal,2025
Integrated Carbon Observation System,ICOS Sweden data portal,2022
Integrated Carbon Observation System,ICOS Sweden data portal,2025
Integrated Carbon Observation System,ICOS Sweden data portal,2025
Integrated Carbon Observation System,ICOS Sweden data portal,2025
Integrated Carbon Observation System,ICOS Sweden data portal,2025
Integrated Carbon Observation System,ICOS Sweden data portal,2022
Integrated Carbon Observation System,ICOS Sweden data portal,2025
Integrated Carbon Observation System,ICOS Sweden data portal,2025
Integrated Carbon Observation System,ICOS Sweden data portal,2020
Integrated Carbon Observation System,ICOS Sweden data portal,2025
Integrated Carbon Observation System,ICOS Sweden data portal,2025
Integrated Carbon Observation System,ICOS Sweden data portal,2025
Integrated Carbon Observation System,ICOS Sweden data portal,2025
Integrated Carbon Observation System,ICOS Sweden data portal,2025
Integrated Carbon Observation System,ICOS Sweden data portal,2025
Integrated Carbon Observation System,ICOS Sweden data portal,2022
Integrated Carbon Observation System,ICOS Sweden data portal,2025
Integrated Carbon Observation System,ICOS Sweden data portal,2022
Integrated Carbon Observation System,ICOS Sweden data portal,2025
Integrated Carbon Observation System,ICOS Sweden data portal,2025
Integrated Carbon Observation System,ICOS Sweden data portal,2022
Integrated Carbon Observation System,ICOS Sweden data portal,2022
Integrated Carbon Observation System,ICOS Sweden data portal,2022
Integrated Carbon Observation System,ICOS Sweden data portal,2025
Integrated Carbon Observation System,ICOS Sweden data portal,2024
Integrated Carbon Observation System,ICOS Sweden data portal,2025
Integrated Carbon Observation System,ICOS Sweden data portal,2022
Integrated Carbon Observation System,ICOS Sweden data portal,2025
Integrated Carbon Observation System,ICOS Sweden data portal,2025
Integrated Carbon Observation System,ICOS Sweden data portal,2025
Integrated Carbon Observation System,ICOS Sweden data portal,2025
Integrated Carbon Observation System,ICOS Sweden data portal,2025
Integrated Carbon Observation System,ICOS Sweden data portal,2025
Integrated Carbon Observation System,ICOS Sweden data portal,2025
Integrated Carbon Observation System,ICOS Sweden data portal,2025
Integrated Carbon Observation System,ICOS Sweden data portal,2025
Integrated Carbon Observation System,ICOS Sweden data portal,2022
Integrated Carbon Observation System,ICOS Sweden data portal,2022
Integrated Carbon Observation System,ICOS Sweden data portal,2022
Integrated Carbon Observation System,ICOS Sweden data portal,2022
Integrated Carbon Observation System,ICOS Sweden data portal,2025
Integrated Carbon Observation System,ICOS Sweden data portal,2022
Integrated Carbon Observation System,ICOS Sweden data portal,2025
Integrated Carbon Observation System,ICOS Sweden data portal,2022
Integrated Carbon Observation System,ICOS Sweden data portal,2020
Integrated Carbon Observation System,ICOS Sweden data portal,2025
Integrated Carbon Observation System,ICOS Sweden data portal,2025
Integrated Carbon Observation System,ICOS Sweden data portal,2025
Integrated Carbon Observation System,ICOS Sweden data portal,2022
Integrated Carbon Observation System,ICOS Sweden data portal,2025
Integrated Carbon Observation System,ICOS Sweden data portal,2025
Integrated Carbon Observation System,ICOS Sweden data portal,2025
Integrated Carbon Observation System,ICOS Sweden data portal,2025
Integrated Carbon Observation System,ICOS Sweden data portal,2022
Integrated Carbon Observation System,ICOS Sweden data portal,2022
Integrated Carbon Observation System,ICOS Sweden data portal,2022
Integrated Carbon Observation System,ICOS Sweden data portal,2025
Integrated Carbon Observation System,ICOS Sweden data portal,2025
Integrated Carbon Observation System,ICOS Sweden data portal,2022
Integrated Carbon Observation System,ICOS Sweden data portal,2022
Integrated Carbon Observation System,ICOS Sweden data portal,2025
Integrated Carbon Observation System,ICOS Sweden data portal,2025
Integrated Carbon Observation System,ICOS Sweden data portal,2025
Integrated Carbon Observation System,ICOS Sweden data portal,2022
Integrated Carbon Observation System,ICOS Sweden data portal,2025
Integrated Carbon Observation System,ICOS Sweden data portal,2022
Integrated Carbon Observation System,ICOS Sweden data portal,2025
Integrated Carbon Observation System,ICOS Sweden data portal,2025
Integrated Carbon Observation System,ICOS Sweden data portal,2025
Integrated Carbon Observation System,ICOS Sweden data portal,2025
Integrated Carbon Observation System,ICOS Sweden data portal,2025
Integrated Carbon Observation System,ICOS Sweden data portal,2025
Integrated Carbon Observation System,ICOS Sweden data portal,2025
Integrated Carbon Observation System,ICOS Sweden data portal,2022
Integrated Carbon Observation System,ICOS Sweden data portal,2022
Integrated Carbon Observation System,ICOS Sweden data portal,2025
Integrated Carbon Observation System,ICOS Sweden data portal,2022
Integrated Carbon Observation System,ICOS Sweden data portal,2025
Integrated Carbon Observation System,ICOS Sweden data portal,2025
Integrated Carbon Observation System,ICOS Sweden data portal,2025
Integrated Carbon Observation System,ICOS Sweden data portal,2025
Integrated Carbon Observation System,ICOS Sweden data portal,2025
Integrated Carbon Observation System,ICOS Sweden data portal,2025
Integrated Carbon Observation System,ICOS Sweden data portal,2022
Integrated Carbon Observation System,ICOS Sweden data portal,2022
Integrated Carbon Observation System,ICOS Sweden data portal,2025
Integrated Carbon Observation System,ICOS Sweden data portal,2025
Integrated Carbon Observation System,ICOS Sweden data portal,2025
Integrated Carbon Observation System,ICOS Sweden data portal,2022
Integrated Carbon Observation System,ICOS Sweden data portal,2022
Integrated Carbon Observation System,ICOS Sweden data portal,2025
Integrated Carbon Observation System,ICOS Sweden data portal,2022
Integrated Carbon Observation System,ICOS Sweden data portal,2022
Integrated Carbon Observation System,ICOS Sweden data portal,2025
Integrated Carbon Observation System,ICOS Sweden data portal,2025
University of Gothenburg,Språkbanken Text,2024
University of Gothenburg,Språkbanken Text,2024
University of Gothenburg,Språkbanken Text,2024
University of Gothenburg,Språkbanken Text,2024
University of Gothenburg,Språkbanken Text,2024
University of Gothenburg,Språkbanken Text,2024
University of Gothenburg,Språkbanken Text,2024
University of Gothenburg,Språkbanken Text,2024
University of Gothenburg,Språkbanken Text,2024
University of Gothenburg,Språkbanken Text,2014
University of Gothenburg,Språkbanken Text,2024
University of Gothenburg,Språkbanken Text,2024
University of Gothenburg,Språkbanken Text,2025
University of Gothenburg,Språkbanken Text,2024
University of Gothenburg,Språkbanken Text,2024
University of Gothenburg,Språkbanken Text,2024
University of Gothenburg,Språkbanken Text,2024
University of Gothenburg,Språkbanken Text,2024
University of Gothenburg,Språkbanken Text,2024
University of Gothenburg,Språkbanken Text,2024
University of Gothenburg,Språkbanken Text,2024
University of Gothenburg,Språkbanken Text,2024
University of Gothenburg,Språkbanken Text,2025
University of Gothenburg,Språkbanken Text,2024
University of Gothenburg,Språkbanken Text,2024
University of Gothenburg,Språkbanken Text,2024
University of Gothenburg,Språkbanken Text,2024
University of Gothenburg,Språkbanken Text,2024
University of Gothenburg,Språkbanken Text,2024
University of Gothenburg,Språkbanken Text,2024
University of Gothenburg,Språkbanken Text,2024
University of Gothenburg,Språkbanken Text,2024
University of Gothenburg,Språkbanken Text,2024
University of Gothenburg,Språkbanken Text,2024
University of Gothenburg,Språkbanken Text,2024
University of Gothenburg,Språkbanken Text,2024
University of Gothenburg,Språkbanken Text,2024
University of Gothenburg,Språkbanken Text,2024
University of Gothenburg,Språkbanken Text,2024
University of Gothenburg,Språkbanken Text,2024
University of Gothenburg,Språkbanken Text,2024
University of Gothenburg,Språkbanken Text,2024
University of Gothenburg,Språkbanken Text,2024
University of Gothenburg,Språkbanken Text,2024
University of Gothenburg,Språkbanken Text,2024
University of Gothenburg,Språkbanken Text,2024
University of Gothenburg,Språkbanken Text,2024
University of Gothenburg,Språkbanken Text,2024
University of Gothenburg,Språkbanken Text,2024
University of Gothenburg,Språkbanken Text,2024
University of Gothenburg,Språkbanken Text,2024
University of Gothenburg,Språkbanken Text,2024
University of Gothenburg,Språkbanken Text,2024
University of Gothenburg,Språkbanken Text,2024
University of Gothenburg,Språkbanken Text,2024
University of Gothenburg,Språkbanken Text,2024
University of Gothenburg,Språkbanken Text,2024
University of Gothenburg,Språkbanken Text,2024
University of Gothenburg,Språkbanken Text,2024
University of Gothenburg,Språkbanken Text,2024
University of Gothenburg,Språkbanken Text,2024
University of Gothenburg,Språkbanken Text,2024
University of Gothenburg,Språkbanken Text,2024
University of Gothenburg,Språkbanken Text,2024
University of Gothenburg,Språkbanken Text,2024
University of Gothenburg,Språkbanken Text,2024
University of Gothenburg,Språkbanken Text,2024
University of Gothenburg,Språkbanken Text,2024
University of Gothenburg,Språkbanken Text,2025
University of Gothenburg,Språkbanken Text,2024
University of Gothenburg,Språkbanken Text,2024
University of Gothenburg,Språkbanken Text,2024
University of Gothenburg,Språkbanken Text,2024
University of Gothenburg,Språkbanken Text,2024
University of Gothenburg,Språkbanken Text,2024
University of Gothenburg,Språkbanken Text,2024
University of Gothenburg,Språkbanken Text,2024
University of Gothenburg,Språkbanken Text,2024
University of Gothenburg,Språkbanken Text,2024
University of Gothenburg,Språkbanken Text,2025
University of Gothenburg,Språkbanken Text,2024
University of Gothenburg,Språkbanken Text,2024
University of Gothenburg,Språkbanken Text,2024
University of Gothenburg,Språkbanken Text,2024
University of Gothenburg,Språkbanken Text,2024
University of Gothenburg,Språkbanken Text,2024
University of Gothenburg,Språkbanken Text,2024
University of Gothenburg,Språkbanken Text,2024
University of Gothenburg,Språkbanken Text,2024
University of Gothenburg,Språkbanken Text,2024
University of Gothenburg,Språkbanken Text,2024
University of Gothenburg,Språkbanken Text,2024
University of Gothenburg,Språkbanken Text,2024
University of Gothenburg,Språkbanken Text,2024
University of Gothenburg,Språkbanken Text,2024
University of Gothenburg,Språkbanken Text,2024
University of Gothenburg,Språkbanken Text,2024
University of Gothenburg,Språkbanken Text,2024
University of Gothenburg,Språkbanken Text,2024
University of Gothenburg,Språkbanken Text,2025
University of Gothenburg,Språkbanken Text,2024
University of Gothenburg,Språkbanken Text,2024
University of Gothenburg,Språkbanken Text,2024
University of Gothenburg,Språkbanken Text,2024
University of Gothenburg,Språkbanken Text,2024
University of Gothenburg,Språkbanken Text,2024
University of Gothenburg,Språkbanken Text,2024
University of Gothenburg,Språkbanken Text,2024
University of Gothenburg,Språkbanken Text,2024
University of Gothenburg,Språkbanken Text,2024
University of Gothenburg,Språkbanken Text,2024
University of Gothenburg,Språkbanken Text,2024
University of Gothenburg,Språkbanken Text,2025
University of Gothenburg,Språkbanken Text,2024
University of Gothenburg,Språkbanken Text,2024
University of Gothenburg,Språkbanken Text,2024
University of Gothenburg,Språkbanken Text,2014
University of Gothenburg,Språkbanken Text,2024
University of Gothenburg,Språkbanken Text,2023
University of Gothenburg,Språkbanken Text,2024
University of Gothenburg,Språkbanken Text,2024
University of Gothenburg,Språkbanken Text,2024
University of Gothenburg,Språkbanken Text,2024
University of Gothenburg,Språkbanken Text,2024
University of Gothenburg,Språkbanken Text,2024
University of Gothenburg,Språkbanken Text,2024
University of Gothenburg,Språkbanken Text,2024
University of Gothenburg,Språkbanken Text,2024
University of Gothenburg,Språkbanken Text,2024
University of Gothenburg,Språkbanken Text,2024
University of Gothenburg,Språkbanken Text,2024
University of Gothenburg,Språkbanken Text,2024
University of Gothenburg,Språkbanken Text,2024
University of Gothenburg,Språkbanken Text,2024
University of Gothenburg,Språkbanken Text,2024
University of Gothenburg,Språkbanken Text,2024
University of Gothenburg,Språkbanken Text,2024
University of Gothenburg,Språkbanken Text,2023
University of Gothenburg,Språkbanken Text,2024
University of Gothenburg,Språkbanken Text,2024
University of Gothenburg,Språkbanken Text,2024
University of Gothenburg,Språkbanken Text,2024
University of Gothenburg,Språkbanken Text,2024
University of Gothenburg,Språkbanken Text,2024
University of Gothenburg,Språkbanken Text,2024
University of Gothenburg,Språkbanken Text,2024
University of Gothenburg,Språkbanken Text,2014
University of Gothenburg,Språkbanken Text,2024
University of Gothenburg,Språkbanken Text,2024
University of Gothenburg,Språkbanken Text,2024
University of Gothenburg,Språkbanken Text,2025
University of Gothenburg,Språkbanken Text,2024
University of Gothenburg,Språkbanken Text,2024
University of Gothenburg,Språkbanken Text,2024
University of Gothenburg,Språkbanken Text,2024
University of Gothenburg,Språkbanken Text,2024
University of Gothenburg,Språkbanken Text,2024
University of Gothenburg,Språkbanken Text,2025
University of Gothenburg,Språkbanken Text,2024
University of Gothenburg,Språkbanken Text,2024
University of Gothenburg,Språkbanken Text,2024
University of Gothenburg,Språkbanken Text,2024
University of Gothenburg,Språkbanken Text,2024
University of Gothenburg,Språkbanken Text,2024
University of Gothenburg,Språkbanken Text,2024
University of Gothenburg,Språkbanken Text,2024
University of Gothenburg,Språkbanken Text,2024
University of Gothenburg,Språkbanken Text,2024
University of Gothenburg,Språkbanken Text,2024
University of Gothenburg,Språkbanken Text,2024
University of Gothenburg,Språkbanken Text,2024
University of Gothenburg,Språkbanken Text,2024
University of Gothenburg,Språkbanken Text,2024
University of Gothenburg,Språkbanken Text,2024
University of Gothenburg,Språkbanken Text,2024
University of Gothenburg,Språkbanken Text,2024
University of Gothenburg,Språkbanken Text,2024
University of Gothenburg,Språkbanken Text,2024
University of Gothenburg,Språkbanken Text,2024
University of Gothenburg,Språkbanken Text,2024
University of Gothenburg,Språkbanken Text,2024
University of Gothenburg,Språkbanken Text,2024
University of Gothenburg,Språkbanken Text,2024
University of Gothenburg,Språkbanken Text,2024
University of Gothenburg,Språkbanken Text,2024
University of Gothenburg,Språkbanken Text,2024
University of Gothenburg,Språkbanken Text,2024
University of Gothenburg,Språkbanken Text,2025
University of Gothenburg,Språkbanken Text,2025
University of Gothenburg,Språkbanken Text,2024
University of Gothenburg,Språkbanken Text,2024
University of Gothenburg,Språkbanken Text,2024
University of Gothenburg,Språkbanken Text,2024
University of Gothenburg,Språkbanken Text,2024
University of Gothenburg,Språkbanken Text,2024
University of Gothenburg,Språkbanken Text,2024
University of Gothenburg,Språkbanken Text,2024
University of Gothenburg,Språkbanken Text,2024
University of Gothenburg,Språkbanken Text,2024
University of Gothenburg,Språkbanken Text,2024
University of Gothenburg,Språkbanken Text,2024
University of Gothenburg,Språkbanken Text,2024
University of Gothenburg,Språkbanken Text,2014
University of Borås,University of Borås Zenodo,2025
University of Borås,University of Borås Zenodo,2022
Uppsala University,SciLifeLab Data Repository,2015
Uppsala University,SciLifeLab Data Repository,2015
Karolinska Institutet,SciLifeLab Data Repository,2015
Uppsala University,SciLifeLab Data Repository,2017
Uppsala University,SciLifeLab Data Repository,2018
Uppsala University,SciLifeLab Data Repository,2018
Uppsala University,SciLifeLab Data Repository,2019
Uppsala University,SciLifeLab Data Repository,2019
Uppsala University,SciLifeLab Data Repository,2019
Karolinska Institutet,SciLifeLab Data Repository,2019
Lund University,SciLifeLab Data Repository,2020
University of Gothenburg,SciLifeLab Data Repository,2021
Uppsala University,SciLifeLab Data Repository,2021
Uppsala University,SciLifeLab Data Repository,2020
Uppsala University,SciLifeLab Data Repository,2025
Karolinska Institutet,SciLifeLab Data Repository,2020
Uppsala University,SciLifeLab Data Repository,2020
Uppsala University,SciLifeLab Data Repository,2020
Uppsala University,SciLifeLab Data Repository,2020
Swedish University of Agricultural Sciences,SciLifeLab Data Repository,2020
Karolinska Institutet,SciLifeLab Data Repository,2020
Uppsala University,SciLifeLab Data Repository,2021
Karolinska Institutet,SciLifeLab Data Repository,2020
Karolinska Institutet,SciLifeLab Data Repository,2021
Swedish University of Agricultural Sciences,SciLifeLab Data Repository,2020
Royal Institute of Technology,SciLifeLab Data Repository,2023
Karolinska Institutet,SciLifeLab Data Repository,2020
Karolinska Institutet,SciLifeLab Data Repository,2020
Lund University,SciLifeLab Data Repository,2022
Swedish University of Agricultural Sciences,SciLifeLab Data Repository,2021
Karolinska Institutet,SciLifeLab Data Repository,2022
Uppsala University,SciLifeLab Data Repository,2021
Uppsala University,SciLifeLab Data Repository,2021
Uppsala University,SciLifeLab Data Repository,2022
Linköping University,SciLifeLab Data Repository,2021
Uppsala University,SciLifeLab Data Repository,2021
Swedish University of Agricultural Sciences,SciLifeLab Data Repository,2023
Uppsala University,SciLifeLab Data Repository,2021
Uppsala University,SciLifeLab Data Repository,2022
Royal Institute of Technology,SciLifeLab Data Repository,2021
Royal Institute of Technology,SciLifeLab Data Repository,2022
University of Gothenburg,SciLifeLab Data Repository,2021
Karolinska Institutet,SciLifeLab Data Repository,2021
Swedish University of Agricultural Sciences,SciLifeLab Data Repository,2021
Swedish University of Agricultural Sciences,SciLifeLab Data Repository,2021
Karolinska Institutet,SciLifeLab Data Repository,2021
Karolinska Institutet,SciLifeLab Data Repository,2021
Royal Institute of Technology,SciLifeLab Data Repository,2021
Karolinska Institutet,SciLifeLab Data Repository,2023
Swedish University of Agricultural Sciences,SciLifeLab Data Repository,2021
Uppsala University,SciLifeLab Data Repository,2024
Royal Institute of Technology,SciLifeLab Data Repository,2021
Swedish University of Agricultural Sciences,SciLifeLab Data Repository,2021
Swedish University of Agricultural Sciences,SciLifeLab Data Repository,2021
Swedish University of Agricultural Sciences,SciLifeLab Data Repository,2021
Swedish University of Agricultural Sciences,SciLifeLab Data Repository,2021
Uppsala University,SciLifeLab Data Repository,2021
Linnaeus University,SciLifeLab Data Repository,2025
Karolinska Institutet,SciLifeLab Data Repository,2021
Royal Institute of Technology,SciLifeLab Data Repository,2021
Stockholm University,SciLifeLab Data Repository,2021
Stockholm University,SciLifeLab Data Repository,2021
Stockholm University,SciLifeLab Data Repository,2021
Uppsala University,SciLifeLab Data Repository,2021
Stockholm University,SciLifeLab Data Repository,2021
Royal Institute of Technology,SciLifeLab Data Repository,2021
Royal Institute of Technology,SciLifeLab Data Repository,2025
Stockholm University,SciLifeLab Data Repository,2022
Stockholm University,SciLifeLab Data Repository,2021
Karolinska Institutet,SciLifeLab Data Repository,2021
Karolinska Institutet,SciLifeLab Data Repository,2022
Lund University,SciLifeLab Data Repository,2022
Uppsala University,SciLifeLab Data Repository,2021
University of Gothenburg,SciLifeLab Data Repository,2022
Uppsala University,SciLifeLab Data Repository,2022
Uppsala University,SciLifeLab Data Repository,2022
Uppsala University,SciLifeLab Data Repository,2022
Lund University,SciLifeLab Data Repository,2022
Stockholm University,SciLifeLab Data Repository,2022
Uppsala University,SciLifeLab Data Repository,2022
Karolinska Institutet,SciLifeLab Data Repository,2023
Stockholm University,SciLifeLab Data Repository,2022
Lund University,SciLifeLab Data Repository,2022
Uppsala University,SciLifeLab Data Repository,2024
Karolinska Institutet,SciLifeLab Data Repository,2022
Karolinska Institutet,SciLifeLab Data Repository,2022
Uppsala University,SciLifeLab Data Repository,2022
Uppsala University,SciLifeLab Data Repository,2022
Stockholm University,SciLifeLab Data Repository,2022
Uppsala University,SciLifeLab Data Repository,2022
Uppsala University,SciLifeLab Data Repository,2022
Uppsala University,SciLifeLab Data Repository,2022
Karolinska Institutet,SciLifeLab Data Repository,2022
Uppsala University,SciLifeLab Data Repository,2023
Uppsala University,SciLifeLab Data Repository,2022
Uppsala University,SciLifeLab Data Repository,2022
Karolinska Institutet,SciLifeLab Data Repository,2023
Uppsala University,SciLifeLab Data Repository,2022
Uppsala University,SciLifeLab Data Repository,2022
Karolinska Institutet,SciLifeLab Data Repository,2022
Swedish Museum of Natural History,SciLifeLab Data Repository,2023
Karolinska Institutet,SciLifeLab Data Repository,2023
Royal Institute of Technology,SciLifeLab Data Repository,2025
Uppsala University,SciLifeLab Data Repository,2022
Uppsala University,SciLifeLab Data Repository,2023
Royal Institute of Technology,SciLifeLab Data Repository,2023
Uppsala University,SciLifeLab Data Repository,2022
Karolinska Institutet,SciLifeLab Data Repository,2022
Stockholm University,SciLifeLab Data Repository,2022
Uppsala University,SciLifeLab Data Repository,2024
Uppsala University,SciLifeLab Data Repository,2022
Karolinska Institutet,SciLifeLab Data Repository,2022
Karolinska Institutet,SciLifeLab Data Repository,2023
Karolinska Institutet,SciLifeLab Data Repository,2022
Stockholm University,SciLifeLab Data Repository,2022
Uppsala University,SciLifeLab Data Repository,2023
Karolinska Institutet,SciLifeLab Data Repository,2022
Karolinska Institutet,SciLifeLab Data Repository,2022
Uppsala University,SciLifeLab Data Repository,2022
Karolinska Institutet,SciLifeLab Data Repository,2023
Lund University,SciLifeLab Data Repository,2025
Lund University,SciLifeLab Data Repository,2022
Uppsala University,SciLifeLab Data Repository,2023
Uppsala University,SciLifeLab Data Repository,2023
Karolinska Institutet,SciLifeLab Data Repository,2023
Karolinska Institutet,SciLifeLab Data Repository,2024
Karolinska Institutet,SciLifeLab Data Repository,2023
Lund University,SciLifeLab Data Repository,2023
Lund University,SciLifeLab Data Repository,2023
Lund University,SciLifeLab Data Repository,2023
Lund University,SciLifeLab Data Repository,2023
Lund University,SciLifeLab Data Repository,2023
Lund University,SciLifeLab Data Repository,2023
Lund University,SciLifeLab Data Repository,2023
Lund University,SciLifeLab Data Repository,2023
Royal Institute of Technology,SciLifeLab Data Repository,2023
Lund University,SciLifeLab Data Repository,2023
Lund University,SciLifeLab Data Repository,2023
Stockholm University,SciLifeLab Data Repository,2023
Uppsala University,SciLifeLab Data Repository,2023
Lund University,SciLifeLab Data Repository,2023
Lund University,SciLifeLab Data Repository,2023
Uppsala University,SciLifeLab Data Repository,2023
Lund University,SciLifeLab Data Repository,2023
Karolinska Institutet,SciLifeLab Data Repository,2023
Royal Institute of Technology,SciLifeLab Data Repository,2023
Royal Institute of Technology,SciLifeLab Data Repository,2023
Karolinska Institutet,SciLifeLab Data Repository,2023
Royal Institute of Technology,SciLifeLab Data Repository,2023
Stockholm University,SciLifeLab Data Repository,2023
Karolinska Institutet,SciLifeLab Data Repository,2023
Uppsala University,SciLifeLab Data Repository,2024
Karolinska Institutet,SciLifeLab Data Repository,2023
Uppsala University,SciLifeLab Data Repository,2023
Uppsala University,SciLifeLab Data Repository,2023
University of Gothenburg,SciLifeLab Data Repository,2023
Uppsala University,SciLifeLab Data Repository,2023
Uppsala University,SciLifeLab Data Repository,2023
Karolinska Institutet,SciLifeLab Data Repository,2023
Linköping University,SciLifeLab Data Repository,2023
Uppsala University,SciLifeLab Data Repository,2023
Royal Institute of Technology,SciLifeLab Data Repository,2023
Uppsala University,SciLifeLab Data Repository,2024
Uppsala University,SciLifeLab Data Repository,2024
Uppsala University,SciLifeLab Data Repository,2024
Uppsala University,SciLifeLab Data Repository,2024
Uppsala University,SciLifeLab Data Repository,2024
Uppsala University,SciLifeLab Data Repository,2024
Uppsala University,SciLifeLab Data Repository,2024
Uppsala University,SciLifeLab Data Repository,2024
Uppsala University,SciLifeLab Data Repository,2023
Uppsala University,SciLifeLab Data Repository,2023
Uppsala University,SciLifeLab Data Repository,2023
Uppsala University,SciLifeLab Data Repository,2023
Karolinska Institutet,SciLifeLab Data Repository,2023
Stockholm University,SciLifeLab Data Repository,2023
Uppsala University,SciLifeLab Data Repository,2024
Lund University,SciLifeLab Data Repository,2025
Lund University,SciLifeLab Data Repository,2025
Umeå University,SciLifeLab Data Repository,2023
Lund University,SciLifeLab Data Repository,2025
Uppsala University,SciLifeLab Data Repository,2025
Stockholm University,SciLifeLab Data Repository,2023
Uppsala University,SciLifeLab Data Repository,2023
Uppsala University,SciLifeLab Data Repository,2023
Linköping University,SciLifeLab Data Repository,2024
Stockholm University,SciLifeLab Data Repository,2023
Uppsala University,SciLifeLab Data Repository,2024
Lund University,SciLifeLab Data Repository,2023
Stockholm University,SciLifeLab Data Repository,2024
Stockholm University,SciLifeLab Data Repository,2024
Stockholm University,SciLifeLab Data Repository,2024
Stockholm University,SciLifeLab Data Repository,2024
Uppsala University,SciLifeLab Data Repository,2023
Uppsala University,SciLifeLab Data Repository,2023
University of Gothenburg,SciLifeLab Data Repository,2023
Karolinska Institutet,SciLifeLab Data Repository,2024
Royal Institute of Technology,SciLifeLab Data Repository,2024
Royal Institute of Technology,SciLifeLab Data Repository,2024
Karolinska Institutet,SciLifeLab Data Repository,2024
Uppsala University,SciLifeLab Data Repository,2024
Umeå University,SciLifeLab Data Repository,2024
Karolinska Institutet,SciLifeLab Data Repository,2024
Uppsala University,SciLifeLab Data Repository,2024
Umeå University,SciLifeLab Data Repository,2024
Karolinska Institutet,SciLifeLab Data Repository,2024
Royal Institute of Technology,SciLifeLab Data Repository,2024
Uppsala University,SciLifeLab Data Repository,2024
Swedish Museum of Natural History,SciLifeLab Data Repository,2024
Umeå University,SciLifeLab Data Repository,2024
Umeå University,SciLifeLab Data Repository,2024
Umeå University,SciLifeLab Data Repository,2024
Stockholm University,SciLifeLab Data Repository,2024
Uppsala University,SciLifeLab Data Repository,2024
Uppsala University,SciLifeLab Data Repository,2024
SMHI - Swedish Meteorological and Hydrological Institute,SciLifeLab Data Repository,2024
Uppsala University,SciLifeLab Data Repository,2024
Uppsala University,SciLifeLab Data Repository,2024
Uppsala University,SciLifeLab Data Repository,2024
Uppsala University,SciLifeLab Data Repository,2024
Lund University,SciLifeLab Data Repository,2024
Lund University,SciLifeLab Data Repository,2024
Karolinska Institutet,SciLifeLab Data Repository,2024
Uppsala University,SciLifeLab Data Repository,2024
Karolinska Institutet,SciLifeLab Data Repository,2024
Royal Institute of Technology,SciLifeLab Data Repository,2024
Uppsala University,SciLifeLab Data Repository,2025
Uppsala University,SciLifeLab Data Repository,2025
Stockholm University,SciLifeLab Data Repository,2024
Stockholm University,SciLifeLab Data Repository,2024
Stockholm University,SciLifeLab Data Repository,2024
Stockholm University,SciLifeLab Data Repository,2024
Uppsala University,SciLifeLab Data Repository,2025
Swedish Museum of Natural History,SciLifeLab Data Repository,2024
Uppsala University,SciLifeLab Data Repository,2025
Umeå University,SciLifeLab Data Repository,2025
Karolinska Institutet,SciLifeLab Data Repository,2025
Uppsala University,SciLifeLab Data Repository,2024
Uppsala University,SciLifeLab Data Repository,2025
Uppsala University,SciLifeLab Data Repository,2025
Lund University,SciLifeLab Data Repository,2025
Lund University,SciLifeLab Data Repository,2025
Karolinska Institutet,SciLifeLab Data Repository,2025
Karolinska Institutet,SciLifeLab Data Repository,2025
Uppsala University,SciLifeLab Data Repository,2025
Swedish University of Agricultural Sciences,SciLifeLab Data Repository,2025
Linnaeus University,SciLifeLab Data Repository,2025
Swedish University of Agricultural Sciences,SciLifeLab Data Repository,2025
Uppsala University,SciLifeLab Data Repository,2025
Lund University,SciLifeLab Data Repository,2025
Lund University,SciLifeLab Data Repository,2025
Stockholm University,SciLifeLab Data Repository,2025
Uppsala University,SciLifeLab Data Repository,2025
Uppsala University,SciLifeLab Data Repository,2025
Uppsala University,SciLifeLab Data Repository,2025
Uppsala University,SciLifeLab Data Repository,2025
Stockholm University,SciLifeLab Data Repository,2025
Royal Institute of Technology,SciLifeLab Data Repository,2025
Chalmers University of Technology,SciLifeLab Data Repository,2025
Stockholm University,SciLifeLab Data Repository,2025
Royal Institute of Technology,SciLifeLab Data Repository,2025
Umeå University,SciLifeLab Data Repository,2025
Stockholm University,SciLifeLab Data Repository,2025
Uppsala University,SciLifeLab Data Repository,2025
Uppsala University,SciLifeLab Data Repository,2025
Swedish Museum of Natural History,SciLifeLab Data Repository,2025
Uppsala University,SciLifeLab Data Repository,2025
University of Gothenburg,SciLifeLab Data Repository,2025
Region Uppsala,SciLifeLab Data Repository,2025
Uppsala University,SciLifeLab Data Repository,2025
SciLifeLab,SciLifeLab Data Repository,2025
Luleå University of Technology,SciLifeLab Data Repository,2025
Swedish Museum of Natural History,SciLifeLab Data Repository,2025
University of Gothenburg,SciLifeLab Data Repository,2025
Uppsala University,SciLifeLab Data Repository,2025
Uppsala University,SciLifeLab Data Repository,2014
Royal Institute of Technology,KTH Zenodo,2023
Royal Institute of Technology,KTH Zenodo,2023
Royal Institute of Technology,KTH Zenodo,2024
Royal Institute of Technology,KTH Zenodo,2024
Royal Institute of Technology,KTH Zenodo,2024
Royal Institute of Technology,KTH Zenodo,2024
Royal Institute of Technology,KTH Zenodo,2025
Royal Institute of Technology,KTH Zenodo,2020
Royal Institute of Technology,KTH Zenodo,2021
Royal Institute of Technology,KTH Zenodo,2021
Royal Institute of Technology,KTH Zenodo,2021
Royal Institute of Technology,KTH Zenodo,2021
Royal Institute of Technology,KTH Zenodo,2021
Royal Institute of Technology,KTH Zenodo,2021
Royal Institute of Technology,KTH Zenodo,2021
Royal Institute of Technology,KTH Zenodo,2022
Royal Institute of Technology,KTH Zenodo,2022
Royal Institute of Technology,KTH Zenodo,2022
Royal Institute of Technology,KTH Zenodo,2021
Royal Institute of Technology,KTH Zenodo,2022
Royal Institute of Technology,KTH Zenodo,2023
Royal Institute of Technology,KTH Zenodo,2023
Royal Institute of Technology,KTH Zenodo,2023
Royal Institute of Technology,KTH Zenodo,2023
Royal Institute of Technology,KTH Zenodo,2023
Royal Institute of Technology,KTH Zenodo,2023
AIDA Data Hub,SciLifeLab AIDA Data Hub,2021
AIDA Data Hub,SciLifeLab AIDA Data Hub,2024
AIDA Data Hub,SciLifeLab AIDA Data Hub,2023
AIDA Data Hub,SciLifeLab AIDA Data Hub,2019
AIDA Data Hub,SciLifeLab AIDA Data Hub,2023
AIDA Data Hub,SciLifeLab AIDA Data Hub,2019
AIDA Data Hub,SciLifeLab AIDA Data Hub,2019
AIDA Data Hub,SciLifeLab AIDA Data Hub,2021
AIDA Data Hub,SciLifeLab AIDA Data Hub,2019
AIDA Data Hub,SciLifeLab AIDA Data Hub,2019
AIDA Data Hub,SciLifeLab AIDA Data Hub,2019
AIDA Data Hub,SciLifeLab AIDA Data Hub,2019
AIDA Data Hub,SciLifeLab AIDA Data Hub,2019
AIDA Data Hub,SciLifeLab AIDA Data Hub,2019
AIDA Data Hub,SciLifeLab AIDA Data Hub,2023
AIDA Data Hub,SciLifeLab AIDA Data Hub,2021
AIDA Data Hub,SciLifeLab AIDA Data Hub,2021
AIDA Data Hub,SciLifeLab AIDA Data Hub,2023
AIDA Data Hub,SciLifeLab AIDA Data Hub,2019
AIDA Data Hub,SciLifeLab AIDA Data Hub,2020
AIDA Data Hub,SciLifeLab AIDA Data Hub,2025
AIDA Data Hub,SciLifeLab AIDA Data Hub,2019
AIDA Data Hub,SciLifeLab AIDA Data Hub,2020
AIDA Data Hub,SciLifeLab AIDA Data Hub,2023
AIDA Data Hub,SciLifeLab AIDA Data Hub,2023
AIDA Data Hub,SciLifeLab AIDA Data Hub,2023
AIDA Data Hub,SciLifeLab AIDA Data Hub,2023
Swedish National Heritage Board,RAÄ Heritage Laboratory,2024
Swedish National Heritage Board,RAÄ Heritage Laboratory,2024
Swedish National Heritage Board,RAÄ Heritage Laboratory,2024
Swedish National Heritage Board,RAÄ Heritage Laboratory,2025
Swedish National Heritage Board,RAÄ Heritage Laboratory,2018
Swedish National Heritage Board,RAÄ Heritage Laboratory,2021
Swedish National Heritage Board,RAÄ Heritage Laboratory,2024
Swedish National Heritage Board,RAÄ Heritage Laboratory,2022
Swedish National Heritage Board,RAÄ Heritage Laboratory,2022
Swedish National Heritage Board,RAÄ Heritage Laboratory,2023
Swedish National Heritage Board,RAÄ Heritage Laboratory,2023
Swedish National Heritage Board,RAÄ Heritage Laboratory,2023
Swedish National Heritage Board,RAÄ Heritage Laboratory,2023
Swedish National Heritage Board,RAÄ Runverket,2024
Swedish National Heritage Board,RAÄ Runverket,2024
Swedish National Heritage Board,RAÄ Runverket,2024
Swedish National Heritage Board,RAÄ Runverket,2024
Swedish National Heritage Board,RAÄ Runverket,2024
RISE Research Institutes of Sweden,RISE Research Institutes of Sweden Zenodo,2022
RISE Research Institutes of Sweden,RISE Research Institutes of Sweden Zenodo,2023
Lund University,"Lund University, Division of Fire Safety Engineering Zenodo",2023
Lund University,"Lund University, Division of Fire Safety Engineering Zenodo",2022
Lund University,"Lund University, Division of Fire Safety Engineering Zenodo",2022
Lund University,"Lund University, Division of Fire Safety Engineering Zenodo",2023
Lund University,"Lund University, Division of Fire Safety Engineering Zenodo",2023
Mid Sweden University,Mid Sweden University Zenodo,2024
Mid Sweden University,Mid Sweden University Zenodo,2025
Linköping University,LiU Zenodo,2023
Linköping University,LiU Zenodo,2024
Linköping University,LiU Zenodo,2025
Lund University,MAX IV data repository,2023
Lund University,MAX IV data repository,2022
Lund University,MAX IV data repository,2022
Lund University,MAX IV data repository,2023
Lund University,MAX IV data repository,2024
Lund University,MAX IV data repository,2025
Lund University,SWINNO Zenodo,2025
Karlstad University,Computer Science at Karlstad University Zenodo,2018
Karlstad University,Computer Science at Karlstad University Zenodo,2018
Karlstad University,Computer Science at Karlstad University Zenodo,2018
Karlstad University,Computer Science at Karlstad University Zenodo,2018
Karlstad University,Computer Science at Karlstad University Zenodo,2019
Lund University,Lund University DataGURU,2021
Lund University,Lund University DataGURU,2018
Lund University,Lund University DataGURU,2014
Lund University,Lund University DataGURU,2017
Lund University,Lund University DataGURU,2017
Lund University,Lund University DataGURU,2016
Lund University,Lund University DataGURU,2017
Lund University,Lund University DataGURU,2018
Lund University,Lund University DataGURU,2016
Lund University,Lund University DataGURU,2017
Swedish University of Agricultural Sciences,SITES data portal,2021
Swedish University of Agricultural Sciences,SITES data portal,2025
Swedish University of Agricultural Sciences,SITES data portal,2025
Swedish University of Agricultural Sciences,SITES data portal,2024
Swedish University of Agricultural Sciences,SITES data portal,2023
University of Gothenburg,SITES data portal,2025
Swedish University of Agricultural Sciences,SITES data portal,2025
University of Gothenburg,SITES data portal,2024
Stockholm University,SITES data portal,2025
Stockholm University,SITES data portal,2025
University of Gothenburg,SITES data portal,2019
Swedish Polar Research Secretariat,SITES data portal,2022
Swedish Polar Research Secretariat,SITES data portal,2024
Swedish University of Agricultural Sciences,SITES data portal,2021
Swedish University of Agricultural Sciences,SITES data portal,2025
Swedish Polar Research Secretariat,SITES data portal,2022
Swedish University of Agricultural Sciences,SITES data portal,2025
Swedish University of Agricultural Sciences,SITES data portal,2025
University of Gothenburg,SITES data portal,2022
Swedish University of Agricultural Sciences,SITES data portal,2022
University of Gothenburg,SITES data portal,2025
Swedish University of Agricultural Sciences,SITES data portal,2022
University of Gothenburg,SITES data portal,2022
Uppsala University,SITES data portal,2025
Stockholm University,SITES data portal,2023
Swedish University of Agricultural Sciences,SITES data portal,2022
Swedish Polar Research Secretariat,SITES data portal,2022
Uppsala University,SITES data portal,2024
Swedish Polar Research Secretariat,SITES data portal,2022
Swedish University of Agricultural Sciences,SITES data portal,2021
University of Gothenburg,SITES data portal,2022
Swedish University of Agricultural Sciences,SITES data portal,2022
Swedish University of Agricultural Sciences,SITES data portal,2022
Swedish University of Agricultural Sciences,SITES data portal,2023
Swedish Polar Research Secretariat,SITES data portal,2025
University of Gothenburg,SITES data portal,2022
Swedish University of Agricultural Sciences,SITES data portal,2025
Swedish University of Agricultural Sciences,SITES data portal,2022
Uppsala University,SITES data portal,2022
Swedish University of Agricultural Sciences,SITES data portal,2023
Swedish University of Agricultural Sciences,SITES data portal,2022
Stockholm University,SITES data portal,2025
Swedish University of Agricultural Sciences,SITES data portal,2019
Uppsala University,SITES data portal,2020
Swedish University of Agricultural Sciences,SITES data portal,2023
Swedish Polar Research Secretariat,SITES data portal,2024
Swedish University of Agricultural Sciences,SITES data portal,2023
Swedish University of Agricultural Sciences,SITES data portal,2024
Sweden Water Research,SITES data portal,2019
Stockholm University,SITES data portal,2025
Swedish University of Agricultural Sciences,SITES data portal,2022
Swedish University of Agricultural Sciences,SITES data portal,2025
University of Gothenburg,SITES data portal,2022
Uppsala University,SITES data portal,2020
Stockholm University,SITES data portal,2025
Swedish University of Agricultural Sciences,SITES data portal,2022
Uppsala University,SITES data portal,2020
Swedish University of Agricultural Sciences,SITES data portal,2024
University of Gothenburg,SITES data portal,2022
Swedish Polar Research Secretariat,SITES data portal,2023
Uppsala University,SITES data portal,2020
Sweden Water Research,SITES data portal,2024
Stockholm University,SITES data portal,2020
Swedish University of Agricultural Sciences,SITES data portal,2025
University of Gothenburg,SITES data portal,2025
Swedish University of Agricultural Sciences,SITES data portal,2024
Swedish University of Agricultural Sciences,SITES data portal,2024
Swedish University of Agricultural Sciences,SITES data portal,2022
Swedish University of Agricultural Sciences,SITES data portal,2024
Swedish University of Agricultural Sciences,SITES data portal,2025
University of Gothenburg,SITES data portal,2025
Swedish University of Agricultural Sciences,SITES data portal,2024
Swedish Polar Research Secretariat,SITES data portal,2022
Swedish University of Agricultural Sciences,SITES data portal,2025
Swedish Polar Research Secretariat,SITES data portal,2023
Stockholm University,SITES data portal,2025
University of Gothenburg,SITES data portal,2022
Stockholm University,SITES data portal,2025
University of Gothenburg,SITES data portal,2022
Uppsala University,SITES data portal,2022
University of Gothenburg,SITES data portal,2024
Swedish University of Agricultural Sciences,SITES data portal,2022
Swedish University of Agricultural Sciences,SITES data portal,2025
Swedish University of Agricultural Sciences,SITES data portal,2020
Swedish University of Agricultural Sciences,SITES data portal,2022
Sweden Water Research,SITES data portal,2024
Swedish University of Agricultural Sciences,SITES data portal,2025
Uppsala University,SITES data portal,2025
Swedish University of Agricultural Sciences,SITES data portal,2024
University of Gothenburg,SITES data portal,2022
University of Gothenburg,SITES data portal,2025
University of Gothenburg,SITES data portal,2025
Swedish Polar Research Secretariat,SITES data portal,2025
Stockholm University,SITES data portal,2025
Swedish University of Agricultural Sciences,SITES data portal,2023
Swedish University of Agricultural Sciences,SITES data portal,2024
Stockholm University,SITES data portal,2021
Swedish Polar Research Secretariat,SITES data portal,2022
Swedish University of Agricultural Sciences,SITES data portal,2021
Swedish University of Agricultural Sciences,SITES data portal,2025
Stockholm University,SITES data portal,2025
Uppsala University,SITES data portal,2020
Stockholm University,SITES data portal,2025
Swedish University of Agricultural Sciences,SITES data portal,2024
Swedish University of Agricultural Sciences,SITES data portal,2023
University of Gothenburg,SITES data portal,2022
Uppsala University,SITES data portal,2023
Swedish University of Agricultural Sciences,SITES data portal,2019
Swedish University of Agricultural Sciences,SITES data portal,2022
University of Gothenburg,SITES data portal,2020
Stockholm University,SITES data portal,2025
Swedish University of Agricultural Sciences,SITES data portal,2025
University of Gothenburg,SITES data portal,2022
Swedish University of Agricultural Sciences,SITES data portal,2022
Swedish University of Agricultural Sciences,SITES data portal,2025
Uppsala University,SITES data portal,2022
Swedish University of Agricultural Sciences,SITES data portal,2021
Swedish University of Agricultural Sciences,SITES data portal,2022
Swedish University of Agricultural Sciences,SITES data portal,2023
Uppsala University,SITES data portal,2025
Swedish University of Agricultural Sciences,SITES data portal,2025
University of Gothenburg,SITES data portal,2024
Uppsala University,SITES data portal,2023
Uppsala University,SITES data portal,2024
Stockholm University,SITES data portal,2023
Swedish University of Agricultural Sciences,SITES data portal,2022
Swedish Polar Research Secretariat,SITES data portal,2022
Sweden Water Research,SITES data portal,2025
Uppsala University,SITES data portal,2024
Swedish University of Agricultural Sciences,SITES data portal,2025
Swedish University of Agricultural Sciences,SITES data portal,2024
Swedish University of Agricultural Sciences,SITES data portal,2022
Swedish University of Agricultural Sciences,SITES data portal,2022
Uppsala University,SITES data portal,2022
Swedish University of Agricultural Sciences,SITES data portal,2022
Swedish Polar Research Secretariat,SITES data portal,2025
Swedish University of Agricultural Sciences,SITES data portal,2023
Uppsala University,SITES data portal,2025
Swedish University of Agricultural Sciences,SITES data portal,2022
Uppsala University,SITES data portal,2020
Swedish University of Agricultural Sciences,SITES data portal,2023
University of Gothenburg,SITES data portal,2024
University of Gothenburg,SITES data portal,2022
Swedish Polar Research Secretariat,SITES data portal,2024
Swedish University of Agricultural Sciences,SITES data portal,2022
Swedish University of Agricultural Sciences,SITES data portal,2023
University of Gothenburg,SITES data portal,2025
Uppsala University,SITES data portal,2023
Uppsala University,SITES data portal,2020
University of Gothenburg,SITES data portal,2024
Swedish University of Agricultural Sciences,SITES data portal,2021
Uppsala University,SITES data portal,2023
University of Gothenburg,SITES data portal,2020
Swedish Polar Research Secretariat,SITES data portal,2022
Swedish University of Agricultural Sciences,SITES data portal,2025
Swedish University of Agricultural Sciences,SITES data portal,2022
Uppsala University,SITES data portal,2020
Uppsala University,SITES data portal,2024
Swedish University of Agricultural Sciences,SITES data portal,2022
Stockholm University,SITES data portal,2021
Stockholm University,SITES data portal,2025
Stockholm University,SITES data portal,2021
University of Gothenburg,SITES data portal,2024
Swedish University of Agricultural Sciences,SITES data portal,2025
Stockholm University,SITES data portal,2025
Swedish University of Agricultural Sciences,SITES data portal,2024
Stockholm University,SITES data portal,2025
Swedish University of Agricultural Sciences,SITES data portal,2025
Swedish University of Agricultural Sciences,SITES data portal,2025
Swedish University of Agricultural Sciences,SITES data portal,2022
Swedish University of Agricultural Sciences,SITES data portal,2024
Swedish University of Agricultural Sciences,SITES data portal,2022
Stockholm University,SITES data portal,2025
University of Gothenburg,SITES data portal,2020
University of Gothenburg,SITES data portal,2022
Uppsala University,SITES data portal,2020
Swedish University of Agricultural Sciences,SITES data portal,2024
Swedish University of Agricultural Sciences,SITES data portal,2023
Swedish University of Agricultural Sciences,SITES data portal,2022
Swedish University of Agricultural Sciences,SITES data portal,2025
Uppsala University,SITES data portal,2025
Swedish University of Agricultural Sciences,SITES data portal,2024
University of Gothenburg,SITES data portal,2025
Stockholm University,SITES data portal,2023
Swedish University of Agricultural Sciences,SITES data portal,2024
Swedish University of Agricultural Sciences,SITES data portal,2025
Swedish University of Agricultural Sciences,SITES data portal,2025
Swedish University of Agricultural Sciences,SITES data portal,2024
Stockholm University,SITES data portal,2021
Swedish University of Agricultural Sciences,SITES data portal,2023
Swedish Polar Research Secretariat,SITES data portal,2023
University of Gothenburg,SITES data portal,2022
Stockholm University,SITES data portal,2025
Uppsala University,SITES data portal,2020
University of Gothenburg,SITES data portal,2020
Swedish University of Agricultural Sciences,SITES data portal,2022
Swedish University of Agricultural Sciences,SITES data portal,2025
Swedish University of Agricultural Sciences,SITES data portal,2025
Swedish University of Agricultural Sciences,SITES data portal,2023
University of Gothenburg,SITES data portal,2022
Swedish University of Agricultural Sciences,SITES data portal,2022
University of Gothenburg,SITES data portal,2024
University of Gothenburg,SITES data portal,2022
Swedish Polar Research Secretariat,SITES data portal,2022
University of Gothenburg,SITES data portal,2022
Swedish University of Agricultural Sciences,SITES data portal,2022
Swedish University of Agricultural Sciences,SITES data portal,2025
Uppsala University,SITES data portal,2020
Uppsala University,SITES data portal,2020
Swedish University of Agricultural Sciences,SITES data portal,2022
University of Gothenburg,SITES data portal,2022
University of Gothenburg,SITES data portal,2024
University of Gothenburg,SITES data portal,2022
Swedish University of Agricultural Sciences,SITES data portal,2024
Swedish Polar Research Secretariat,SITES data portal,2025
Stockholm University,SITES data portal,2025
Swedish University of Agricultural Sciences,SITES data portal,2023
Swedish University of Agricultural Sciences,SITES data portal,2024
Uppsala University,SITES data portal,2020
Stockholm University,SITES data portal,2021
Swedish University of Agricultural Sciences,SITES data portal,2021
Swedish University of Agricultural Sciences,SITES data portal,2023
Swedish Polar Research Secretariat,SITES data portal,2022
University of Gothenburg,SITES data portal,2024
Uppsala University,SITES data portal,2020
Uppsala University,SITES data portal,2020
Swedish Polar Research Secretariat,SITES data portal,2024
Swedish University of Agricultural Sciences,SITES data portal,2022
University of Gothenburg,SITES data portal,2022
Uppsala University,SITES data portal,2020
Stockholm University,SITES data portal,2025
University of Gothenburg,SITES data portal,2022
Swedish University of Agricultural Sciences,SITES data portal,2025
University of Gothenburg,SITES data portal,2022
Swedish University of Agricultural Sciences,SITES data portal,2022
Swedish Polar Research Secretariat,SITES data portal,2024
Swedish Polar Research Secretariat,SITES data portal,2025
Uppsala University,SITES data portal,2020
Swedish University of Agricultural Sciences,SITES data portal,2022
Swedish University of Agricultural Sciences,SITES data portal,2022
Uppsala University,SITES data portal,2019
Stockholm University,SITES data portal,2025
Swedish University of Agricultural Sciences,SITES data portal,2024
Sweden Water Research,SITES data portal,2024
Swedish Polar Research Secretariat,SITES data portal,2025
Swedish University of Agricultural Sciences,SITES data portal,2022
Stockholm University,SITES data portal,2025
University of Gothenburg,SITES data portal,2024
University of Gothenburg,SITES data portal,2022
Swedish University of Agricultural Sciences,SITES data portal,2024
University of Gothenburg,SITES data portal,2022
Uppsala University,SITES data portal,2020
Swedish University of Agricultural Sciences,SITES data portal,2024
University of Gothenburg,SITES data portal,2025
Swedish Polar Research Secretariat,SITES data portal,2025
Swedish Polar Research Secretariat,SITES data portal,2022
Swedish Polar Research Secretariat,SITES data portal,2022
Swedish University of Agricultural Sciences,SITES data portal,2024
Stockholm University,SITES data portal,2023
University of Gothenburg,SITES data portal,2022
Stockholm University,SITES data portal,2022
Swedish University of Agricultural Sciences,SITES data portal,2025
Stockholm University,SITES data portal,2025
Uppsala University,SITES data portal,2020
Swedish University of Agricultural Sciences,SITES data portal,2024
University of Gothenburg,SITES data portal,2022
Swedish Polar Research Secretariat,SITES data portal,2022
Sweden Water Research,SITES data portal,2020
Sweden Water Research,SITES data portal,2019
University of Gothenburg,SITES data portal,2022
Swedish Polar Research Secretariat,SITES data portal,2025
University of Gothenburg,SITES data portal,2022
Uppsala University,SITES data portal,2020
University of Gothenburg,SITES data portal,2024
University of Gothenburg,SITES data portal,2023
Uppsala University,SITES data portal,2023
Swedish University of Agricultural Sciences,SITES data portal,2023
Swedish University of Agricultural Sciences,SITES data portal,2019
Swedish University of Agricultural Sciences,SITES data portal,2021
Swedish University of Agricultural Sciences,SITES data portal,2023
Stockholm University,SITES data portal,2025
University of Gothenburg,SITES data portal,2025
Stockholm University,SITES data portal,2025
Swedish University of Agricultural Sciences,SITES data portal,2022
Swedish University of Agricultural Sciences,SITES data portal,2023
Swedish Polar Research Secretariat,SITES data portal,2022
Stockholm University,SITES data portal,2025
Stockholm University,SITES data portal,2020
Swedish University of Agricultural Sciences,SITES data portal,2025
Swedish University of Agricultural Sciences,SITES data portal,2022
Stockholm University,SITES data portal,2025
University of Gothenburg,SITES data portal,2022
Swedish University of Agricultural Sciences,SITES data portal,2022
University of Gothenburg,SITES data portal,2022
Swedish Polar Research Secretariat,SITES data portal,2022
Swedish University of Agricultural Sciences,SITES data portal,2025
Uppsala University,SITES data portal,2020
Swedish University of Agricultural Sciences,SITES data portal,2022
Stockholm University,SITES data portal,2021
Stockholm University,SITES data portal,2020
Stockholm University,SITES data portal,2020
Swedish University of Agricultural Sciences,SITES data portal,2023
University of Gothenburg,SITES data portal,2024
University of Gothenburg,SITES data portal,2022
Swedish University of Agricultural Sciences,SITES data portal,2021
Swedish University of Agricultural Sciences,SITES data portal,2022
Stockholm University,SITES data portal,2021
University of Gothenburg,SITES data portal,2022
University of Gothenburg,SITES data portal,2022
Stockholm University,SITES data portal,2021
Sweden Water Research,SITES data portal,2020
Swedish University of Agricultural Sciences,SITES data portal,2022
University of Gothenburg,SITES data portal,2022
Swedish Polar Research Secretariat,SITES data portal,2022
Swedish University of Agricultural Sciences,SITES data portal,2022
Stockholm University,SITES data portal,2025
Swedish University of Agricultural Sciences,SITES data portal,2025
Swedish Polar Research Secretariat,SITES data portal,2022
Stockholm University,SITES data portal,2025
Swedish University of Agricultural Sciences,SITES data portal,2022
Swedish Polar Research Secretariat,SITES data portal,2024
University of Gothenburg,SITES data portal,2024
Swedish University of Agricultural Sciences,SITES data portal,2022
University of Gothenburg,SITES data portal,2022
Stockholm University,SITES data portal,2025
Swedish University of Agricultural Sciences,SITES data portal,2024
Swedish University of Agricultural Sciences,SITES data portal,2025
Swedish Polar Research Secretariat,SITES data portal,2020
Swedish University of Agricultural Sciences,SITES data portal,2021
Uppsala University,SITES data portal,2024
Stockholm University,SITES data portal,2022
Swedish University of Agricultural Sciences,SITES data portal,2022
Uppsala University,SITES data portal,2019
Swedish University of Agricultural Sciences,SITES data portal,2024
Swedish Polar Research Secretariat,SITES data portal,2022
Swedish University of Agricultural Sciences,SITES data portal,2024
Uppsala University,SITES data portal,2020
University of Gothenburg,SITES data portal,2022
Swedish University of Agricultural Sciences,SITES data portal,2025
University of Gothenburg,SITES data portal,2022
Stockholm University,SITES data portal,2025
Uppsala University,SITES data portal,2020
University of Gothenburg,SITES data portal,2025
Sweden Water Research,SITES data portal,2024
Swedish University of Agricultural Sciences,SITES data portal,2025
Swedish Polar Research Secretariat,SITES data portal,2024
Stockholm University,SITES data portal,2022
University of Gothenburg,SITES data portal,2022
University of Gothenburg,SITES data portal,2025
Stockholm University,SITES data portal,2025
Stockholm University,SITES data portal,2025
Swedish University of Agricultural Sciences,SITES data portal,2021
Swedish University of Agricultural Sciences,SITES data portal,2025
Swedish University of Agricultural Sciences,SITES data portal,2022
University of Gothenburg,SITES data portal,2022
University of Gothenburg,SITES data portal,2022
University of Gothenburg,SITES data portal,2022
Swedish Polar Research Secretariat,SITES data portal,2024
Swedish University of Agricultural Sciences,SITES data portal,2025
University of Gothenburg,SITES data portal,2022
University of Gothenburg,SITES data portal,2024
University of Gothenburg,SITES data portal,2020
Swedish University of Agricultural Sciences,SITES data portal,2025
Swedish University of Agricultural Sciences,SITES data portal,2022
Stockholm University,SITES data portal,2025
Swedish University of Agricultural Sciences,SITES data portal,2024
Swedish University of Agricultural Sciences,SITES data portal,2024
Sweden Water Research,SITES data portal,2024
University of Gothenburg,SITES data portal,2022
Swedish University of Agricultural Sciences,SITES data portal,2023
Swedish University of Agricultural Sciences,SITES data portal,2024
Swedish Polar Research Secretariat,SITES data portal,2022
Swedish University of Agricultural Sciences,SITES data portal,2025
Sweden Water Research,SITES data portal,2023
Stockholm University,SITES data portal,2020
University of Gothenburg,SITES data portal,2022
Swedish University of Agricultural Sciences,SITES data portal,2025
Stockholm University,SITES data portal,2025
Uppsala University,SITES data portal,2025
Uppsala University,SITES data portal,2020
Swedish Polar Research Secretariat,SITES data portal,2025
Swedish University of Agricultural Sciences,SITES data portal,2024
Sweden Water Research,SITES data portal,2025
Swedish Polar Research Secretariat,SITES data portal,2020
Swedish Polar Research Secretariat,SITES data portal,2025
Swedish University of Agricultural Sciences,SITES data portal,2025
Sweden Water Research,SITES data portal,2025
Swedish University of Agricultural Sciences,SITES data portal,2022
Swedish University of Agricultural Sciences,SITES data portal,2021
Stockholm University,SITES data portal,2021
Uppsala University,SITES data portal,2020
Swedish University of Agricultural Sciences,SITES data portal,2021
Swedish Polar Research Secretariat,SITES data portal,2025
Swedish Polar Research Secretariat,SITES data portal,2025
University of Gothenburg,SITES data portal,2019
Swedish University of Agricultural Sciences,SITES data portal,2022
Sweden Water Research,SITES data portal,2024
University of Gothenburg,SITES data portal,2022
University of Gothenburg,SITES data portal,2024
Stockholm University,SITES data portal,2021
Uppsala University,SITES data portal,2020
Swedish University of Agricultural Sciences,SITES data portal,2022
Uppsala University,SITES data portal,2022
Swedish University of Agricultural Sciences,SITES data portal,2021
University of Gothenburg,SITES data portal,2024
Stockholm University,SITES data portal,2025
Swedish University of Agricultural Sciences,SITES data portal,2024
Stockholm University,SITES data portal,2023
Stockholm University,SITES data portal,2025
Swedish University of Agricultural Sciences,SITES data portal,2019
Swedish University of Agricultural Sciences,SITES data portal,2025
Swedish University of Agricultural Sciences,SITES data portal,2021
Uppsala University,SITES data portal,2022
Uppsala University,SITES data portal,2024
Swedish University of Agricultural Sciences,SITES data portal,2023
Sweden Water Research,SITES data portal,2019
Swedish University of Agricultural Sciences,SITES data portal,2021
Stockholm University,SITES data portal,2025
Swedish University of Agricultural Sciences,SITES data portal,2024
Swedish University of Agricultural Sciences,SITES data portal,2024
University of Gothenburg,SITES data portal,2022
Uppsala University,SITES data portal,2019
Swedish University of Agricultural Sciences,SITES data portal,2019
Stockholm University,SITES data portal,2025
Swedish University of Agricultural Sciences,SITES data portal,2025
University of Gothenburg,SITES data portal,2022
Swedish University of Agricultural Sciences,SITES data portal,2023
Swedish Polar Research Secretariat,SITES data portal,2022
Sweden Water Research,SITES data portal,2024
Uppsala University,SITES data portal,2020
Stockholm University,SITES data portal,2025
Swedish University of Agricultural Sciences,SITES data portal,2024
Swedish University of Agricultural Sciences,SITES data portal,2022
Swedish University of Agricultural Sciences,SITES data portal,2022
Swedish University of Agricultural Sciences,SITES data portal,2025
Swedish University of Agricultural Sciences,SITES data portal,2022
Stockholm University,SITES data portal,2022
Swedish University of Agricultural Sciences,SITES data portal,2024
Swedish University of Agricultural Sciences,SITES data portal,2025
Swedish University of Agricultural Sciences,SITES data portal,2025
Stockholm University,SITES data portal,2025
Swedish University of Agricultural Sciences,SITES data portal,2025
Swedish University of Agricultural Sciences,SITES data portal,2022
Uppsala University,SITES data portal,2020
University of Gothenburg,SITES data portal,2025
Swedish University of Agricultural Sciences,SITES data portal,2023
University of Gothenburg,SITES data portal,2022
Uppsala University,SITES data portal,2022
Swedish University of Agricultural Sciences,SITES data portal,2022
Uppsala University,SITES data portal,2023
Stockholm University,SITES data portal,2025
Swedish University of Agricultural Sciences,SITES data portal,2023
Swedish University of Agricultural Sciences,SITES data portal,2021
Swedish University of Agricultural Sciences,SITES data portal,2022
Swedish University of Agricultural Sciences,SITES data portal,2023
Swedish University of Agricultural Sciences,SITES data portal,2025
University of Gothenburg,SITES data portal,2022
Swedish University of Agricultural Sciences,SITES data portal,2022
Swedish University of Agricultural Sciences,SITES data portal,2022
Swedish University of Agricultural Sciences,SITES data portal,2025
Swedish University of Agricultural Sciences,SITES data portal,2022
Uppsala University,SITES data portal,2024
Swedish University of Agricultural Sciences,SITES data portal,2022
Uppsala University,SITES data portal,2020
Swedish Polar Research Secretariat,SITES data portal,2022
Swedish University of Agricultural Sciences,SITES data portal,2022
Stockholm University,SITES data portal,2022
Swedish University of Agricultural Sciences,SITES data portal,2023
Stockholm University,SITES data portal,2025
Stockholm University,SITES data portal,2021
Swedish Polar Research Secretariat,SITES data portal,2022
Swedish University of Agricultural Sciences,SITES data portal,2025
Uppsala University,SITES data portal,2024
Stockholm University,SITES data portal,2025
University of Gothenburg,SITES data portal,2022
Stockholm University,SITES data portal,2020
Stockholm University,SITES data portal,2023
Swedish University of Agricultural Sciences,SITES data portal,2022
University of Gothenburg,SITES data portal,2024
University of Gothenburg,SITES data portal,2022
Stockholm University,SITES data portal,2022
Stockholm University,SITES data portal,2025
University of Gothenburg,SITES data portal,2022
Swedish University of Agricultural Sciences,SITES data portal,2025
Swedish University of Agricultural Sciences,SITES data portal,2023
Swedish University of Agricultural Sciences,SITES data portal,2025
Swedish University of Agricultural Sciences,SITES data portal,2021
Sweden Water Research,SITES data portal,2019
Stockholm University,SITES data portal,2025
Swedish University of Agricultural Sciences,SITES data portal,2022
Swedish University of Agricultural Sciences,SITES data portal,2025
Swedish University of Agricultural Sciences,SITES data portal,2022
University of Gothenburg,SITES data portal,2022
Swedish University of Agricultural Sciences,SITES data portal,2022
University of Gothenburg,SITES data portal,2022
Swedish Polar Research Secretariat,SITES data portal,2025
Swedish Polar Research Secretariat,SITES data portal,2024
Swedish University of Agricultural Sciences,SITES data portal,2025
Swedish University of Agricultural Sciences,SITES data portal,2024
Swedish University of Agricultural Sciences,SITES data portal,2025
University of Gothenburg,SITES data portal,2022
University of Gothenburg,SITES data portal,2022
Swedish University of Agricultural Sciences,SITES data portal,2022
Swedish Polar Research Secretariat,SITES data portal,2023
University of Gothenburg,SITES data portal,2022
University of Gothenburg,SITES data portal,2019
Swedish University of Agricultural Sciences,SITES data portal,2022
Swedish University of Agricultural Sciences,SITES data portal,2025
University of Gothenburg,SITES data portal,2022
Swedish Polar Research Secretariat,SITES data portal,2025
Stockholm University,SITES data portal,2025
Stockholm University,SITES data portal,2021
Swedish University of Agricultural Sciences,SITES data portal,2022
Swedish Polar Research Secretariat,SITES data portal,2024
Swedish University of Agricultural Sciences,SITES data portal,2023
Swedish University of Agricultural Sciences,SITES data portal,2024
Swedish Polar Research Secretariat,SITES data portal,2025
Swedish University of Agricultural Sciences,SITES data portal,2024
Stockholm University,SITES data portal,2023
University of Gothenburg,SITES data portal,2020
Swedish Polar Research Secretariat,SITES data portal,2025
Swedish University of Agricultural Sciences,SITES data portal,2020
Stockholm University,SITES data portal,2025
Uppsala University,SITES data portal,2020
Swedish University of Agricultural Sciences,SITES data portal,2022
Uppsala University,SITES data portal,2024
Swedish University of Agricultural Sciences,SITES data portal,2024
Swedish University of Agricultural Sciences,SITES data portal,2025
Swedish University of Agricultural Sciences,SITES data portal,2021
University of Gothenburg,SITES data portal,2022
Swedish University of Agricultural Sciences,SITES data portal,2022
Stockholm University,SITES data portal,2022
Swedish Polar Research Secretariat,SITES data portal,2020
Swedish University of Agricultural Sciences,SITES data portal,2024
Swedish University of Agricultural Sciences,SITES data portal,2025
Swedish University of Agricultural Sciences,SITES data portal,2024
Swedish University of Agricultural Sciences,SITES data portal,2022
Swedish University of Agricultural Sciences,SITES data portal,2025
Swedish University of Agricultural Sciences,SITES data portal,2023
Swedish University of Agricultural Sciences,SITES data portal,2022
Swedish University of Agricultural Sciences,SITES data portal,2024
Swedish University of Agricultural Sciences,SITES data portal,2024
Stockholm University,SITES data portal,2021
Swedish University of Agricultural Sciences,SITES data portal,2025
Uppsala University,SITES data portal,2020
Uppsala University,SITES data portal,2024
Swedish University of Agricultural Sciences,SITES data portal,2025
Swedish University of Agricultural Sciences,SITES data portal,2022
Swedish University of Agricultural Sciences,SITES data portal,2023
Stockholm University,SITES data portal,2020
Swedish University of Agricultural Sciences,SITES data portal,2022
Swedish University of Agricultural Sciences,SITES data portal,2022
University of Gothenburg,SITES data portal,2022
University of Gothenburg,SITES data portal,2025
Swedish University of Agricultural Sciences,SITES data portal,2024
University of Gothenburg,SITES data portal,2022
University of Gothenburg,SITES data portal,2022
Swedish University of Agricultural Sciences,SITES data portal,2022
Stockholm University,SITES data portal,2022
Swedish University of Agricultural Sciences,SITES data portal,2024
University of Gothenburg,SITES data portal,2025
University of Gothenburg,SITES data portal,2024
Swedish University of Agricultural Sciences,SITES data portal,2025
Swedish Polar Research Secretariat,SITES data portal,2025
Swedish Polar Research Secretariat,SITES data portal,2025
Uppsala University,SITES data portal,2024
Swedish University of Agricultural Sciences,SITES data portal,2022
Uppsala University,SITES data portal,2025
Swedish Polar Research Secretariat,SITES data portal,2022
University of Gothenburg,SITES data portal,2024
Swedish University of Agricultural Sciences,SITES data portal,2022
Swedish University of Agricultural Sciences,SITES data portal,2025
University of Gothenburg,SITES data portal,2022
Uppsala University,SITES data portal,2020
Uppsala University,SITES data portal,2020
University of Gothenburg,SITES data portal,2022
University of Gothenburg,SITES data portal,2025
Uppsala University,SITES data portal,2020
University of Gothenburg,SITES data portal,2022
Swedish University of Agricultural Sciences,SITES data portal,2023
Swedish University of Agricultural Sciences,SITES data portal,2025
Stockholm University,SITES data portal,2025
Sweden Water Research,SITES data portal,2025
Swedish University of Agricultural Sciences,SITES data portal,2025
Swedish University of Agricultural Sciences,SITES data portal,2022
Swedish University of Agricultural Sciences,SITES data portal,2022
University of Gothenburg,SITES data portal,2019
Swedish University of Agricultural Sciences,SITES data portal,2019
Swedish Polar Research Secretariat,SITES data portal,2021
Swedish University of Agricultural Sciences,SITES data portal,2024
Swedish University of Agricultural Sciences,SITES data portal,2024
Stockholm University,SITES data portal,2025
Stockholm University,SITES data portal,2025
Swedish Polar Research Secretariat,SITES data portal,2022
Swedish University of Agricultural Sciences,SITES data portal,2025
Uppsala University,SITES data portal,2022
Uppsala University,SITES data portal,2020
Swedish University of Agricultural Sciences,SITES data portal,2023
Swedish University of Agricultural Sciences,SITES data portal,2024
Uppsala University,SITES data portal,2025
Sweden Water Research,SITES data portal,2025
University of Gothenburg,SITES data portal,2025
University of Gothenburg,SITES data portal,2020
Swedish University of Agricultural Sciences,SITES data portal,2025
Stockholm University,SITES data portal,2025
University of Gothenburg,SITES data portal,2025
Swedish University of Agricultural Sciences,SITES data portal,2022
University of Gothenburg,SITES data portal,2025
Swedish University of Agricultural Sciences,SITES data portal,2019
Swedish University of Agricultural Sciences,SITES data portal,2025
Swedish Polar Research Secretariat,SITES data portal,2022
Stockholm University,SITES data portal,2025
Swedish University of Agricultural Sciences,SITES data portal,2022
Swedish Polar Research Secretariat,SITES data portal,2025
Swedish University of Agricultural Sciences,SITES data portal,2024
Swedish University of Agricultural Sciences,SITES data portal,2023
University of Gothenburg,SITES data portal,2022
University of Gothenburg,SITES data portal,2022
Swedish University of Agricultural Sciences,SITES data portal,2021
Swedish University of Agricultural Sciences,SITES data portal,2023
Swedish University of Agricultural Sciences,SITES data portal,2025
Swedish University of Agricultural Sciences,SITES data portal,2024
University of Gothenburg,SITES data portal,2022
Swedish University of Agricultural Sciences,SITES data portal,2023
Swedish University of Agricultural Sciences,SITES data portal,2025
Swedish University of Agricultural Sciences,SITES data portal,2025
University of Gothenburg,SITES data portal,2022
Swedish Polar Research Secretariat,SITES data portal,2022
University of Gothenburg,SITES data portal,2022
Swedish Polar Research Secretariat,SITES data portal,2023
Swedish Polar Research Secretariat,SITES data portal,2021
Stockholm University,SITES data portal,2022
Swedish Polar Research Secretariat,SITES data portal,2022
Stockholm University,SITES data portal,2025
University of Gothenburg,SITES data portal,2022
Swedish University of Agricultural Sciences,SITES data portal,2025
Swedish University of Agricultural Sciences,SITES data portal,2025
Swedish University of Agricultural Sciences,SITES data portal,2024
Swedish University of Agricultural Sciences,SITES data portal,2022
Stockholm University,SITES data portal,2025
Swedish University of Agricultural Sciences,SITES data portal,2021
Swedish University of Agricultural Sciences,SITES data portal,2023
Swedish University of Agricultural Sciences,SITES data portal,2025
Uppsala University,SITES data portal,2020
Swedish University of Agricultural Sciences,SITES data portal,2022
Uppsala University,SITES data portal,2020
Swedish University of Agricultural Sciences,SITES data portal,2021
Swedish University of Agricultural Sciences,SITES data portal,2025
Swedish University of Agricultural Sciences,SITES data portal,2025
Swedish University of Agricultural Sciences,SITES data portal,2025
Swedish Polar Research Secretariat,SITES data portal,2024
Swedish Polar Research Secretariat,SITES data portal,2025
University of Gothenburg,SITES data portal,2022
Uppsala University,SITES data portal,2025
University of Gothenburg,SITES data portal,2025
Stockholm University,SITES data portal,2025
Swedish University of Agricultural Sciences,SITES data portal,2025
Uppsala University,SITES data portal,2024
Swedish University of Agricultural Sciences,SITES data portal,2023
Stockholm University,SITES data portal,2025
Uppsala University,SITES data portal,2020
Swedish Polar Research Secretariat,SITES data portal,2022
Swedish University of Agricultural Sciences,SITES data portal,2023
University of Gothenburg,SITES data portal,2023
Swedish Polar Research Secretariat,SITES data portal,2022
University of Gothenburg,SITES data portal,2024
Stockholm University,SITES data portal,2025
Swedish Polar Research Secretariat,SITES data portal,2021
Swedish University of Agricultural Sciences,SITES data portal,2023
Swedish University of Agricultural Sciences,SITES data portal,2025
Uppsala University,SITES data portal,2023
Swedish University of Agricultural Sciences,SITES data portal,2025
Swedish University of Agricultural Sciences,SITES data portal,2023
Stockholm University,SITES data portal,2023
University of Gothenburg,SITES data portal,2022
Stockholm University,SITES data portal,2025
University of Gothenburg,SITES data portal,2022
Swedish University of Agricultural Sciences,SITES data portal,2025
Stockholm University,SITES data portal,2025
Stockholm University,SITES data portal,2020
Swedish University of Agricultural Sciences,SITES data portal,2022
Swedish Polar Research Secretariat,SITES data portal,2025
Swedish University of Agricultural Sciences,SITES data portal,2023
University of Gothenburg,SITES data portal,2024
Uppsala University,SITES data portal,2023
Swedish University of Agricultural Sciences,SITES data portal,2024
Swedish University of Agricultural Sciences,SITES data portal,2023
University of Gothenburg,SITES data portal,2022
Stockholm University,SITES data portal,2025
Uppsala University,SITES data portal,2024
Swedish University of Agricultural Sciences,SITES data portal,2024
Swedish Polar Research Secretariat,SITES data portal,2022
Swedish University of Agricultural Sciences,SITES data portal,2025
Swedish University of Agricultural Sciences,SITES data portal,2023
Swedish Polar Research Secretariat,SITES data portal,2024
Swedish University of Agricultural Sciences,SITES data portal,2025
University of Gothenburg,SITES data portal,2022
Uppsala University,SITES data portal,2025
Stockholm University,SITES data portal,2023
University of Gothenburg,SITES data portal,2025
Uppsala University,SITES data portal,2023
Uppsala University,SITES data portal,2023
Swedish University of Agricultural Sciences,SITES data portal,2025
Stockholm University,SITES data portal,2025
Swedish Polar Research Secretariat,SITES data portal,2025
Stockholm University,SITES data portal,2025
University of Gothenburg,SITES data portal,2025
Swedish Polar Research Secretariat,SITES data portal,2022
Swedish University of Agricultural Sciences,SITES data portal,2024
Swedish University of Agricultural Sciences,SITES data portal,2025
Swedish Polar Research Secretariat,SITES data portal,2022
Swedish University of Agricultural Sciences,SITES data portal,2024
Swedish Polar Research Secretariat,SITES data portal,2025
University of Gothenburg,SITES data portal,2022
Swedish University of Agricultural Sciences,SITES data portal,2022
Uppsala University,SITES data portal,2022
Swedish University of Agricultural Sciences,SITES data portal,2021
Swedish Polar Research Secretariat,SITES data portal,2023
Swedish Polar Research Secretariat,SITES data portal,2025
University of Gothenburg,SITES data portal,2024
Uppsala University,SITES data portal,2022
Swedish University of Agricultural Sciences,SITES data portal,2022
Swedish University of Agricultural Sciences,SITES data portal,2024
University of Gothenburg,SITES data portal,2025
Swedish University of Agricultural Sciences,SITES data portal,2022
Swedish University of Agricultural Sciences,SITES data portal,2022
Swedish Polar Research Secretariat,SITES data portal,2020
Swedish University of Agricultural Sciences,SITES data portal,2022
University of Gothenburg,SITES data portal,2024
Swedish Polar Research Secretariat,SITES data portal,2022
Swedish University of Agricultural Sciences,SITES data portal,2023
Stockholm University,SITES data portal,2025
Stockholm University,SITES data portal,2025
Stockholm University,SITES data portal,2022
University of Gothenburg,SITES data portal,2025
University of Gothenburg,SITES data portal,2025
Stockholm University,SITES data portal,2025
Swedish University of Agricultural Sciences,SITES data portal,2025
Swedish University of Agricultural Sciences,SITES data portal,2024
Swedish Polar Research Secretariat,SITES data portal,2022
Swedish University of Agricultural Sciences,SITES data portal,2024
Stockholm University,SITES data portal,2025
Swedish University of Agricultural Sciences,SITES data portal,2022
Swedish University of Agricultural Sciences,SITES data portal,2023
Swedish Polar Research Secretariat,SITES data portal,2022
Swedish University of Agricultural Sciences,SITES data portal,2024
University of Gothenburg,SITES data portal,2025
Uppsala University,SITES data portal,2022
Uppsala University,SITES data portal,2022
Stockholm University,SITES data portal,2022
Swedish University of Agricultural Sciences,SITES data portal,2024
Swedish University of Agricultural Sciences,SITES data portal,2022
Swedish University of Agricultural Sciences,SITES data portal,2021
University of Gothenburg,SITES data portal,2024
University of Gothenburg,SITES data portal,2022
Uppsala University,SITES data portal,2020
Stockholm University,SITES data portal,2025
Swedish University of Agricultural Sciences,SITES data portal,2021
Swedish University of Agricultural Sciences,SITES data portal,2025
Stockholm University,SITES data portal,2025
University of Gothenburg,SITES data portal,2025
University of Gothenburg,SITES data portal,2025
University of Gothenburg,SITES data portal,2022
Swedish University of Agricultural Sciences,SITES data portal,2023
Swedish University of Agricultural Sciences,SITES data portal,2020
Swedish Polar Research Secretariat,SITES data portal,2025
Swedish University of Agricultural Sciences,SITES data portal,2025
University of Gothenburg,SITES data portal,2024
Stockholm University,SITES data portal,2025
University of Gothenburg,SITES data portal,2022
University of Gothenburg,SITES data portal,2025
Stockholm University,SITES data portal,2025
University of Gothenburg,SITES data portal,2022
Stockholm University,SITES data portal,2020
University of Gothenburg,SITES data portal,2022
University of Gothenburg,SITES data portal,2022
Uppsala University,SITES data portal,2024
Swedish Polar Research Secretariat,SITES data portal,2024
Swedish University of Agricultural Sciences,SITES data portal,2022
University of Gothenburg,SITES data portal,2024
Swedish University of Agricultural Sciences,SITES data portal,2022
Sweden Water Research,SITES data portal,2024
Swedish University of Agricultural Sciences,SITES data portal,2023
Swedish University of Agricultural Sciences,SITES data portal,2025
Uppsala University,SITES data portal,2020
Swedish University of Agricultural Sciences,SITES data portal,2025
Swedish Polar Research Secretariat,SITES data portal,2022
University of Gothenburg,SITES data portal,2025
Swedish Polar Research Secretariat,SITES data portal,2023
University of Gothenburg,SITES data portal,2022
Uppsala University,SITES data portal,2022
Swedish University of Agricultural Sciences,SITES data portal,2024
University of Gothenburg,SITES data portal,2022
Swedish Polar Research Secretariat,SITES data portal,2020
Swedish University of Agricultural Sciences,SITES data portal,2024
Uppsala University,SITES data portal,2020
University of Gothenburg,SITES data portal,2024
Swedish University of Agricultural Sciences,SITES data portal,2025
Swedish University of Agricultural Sciences,SITES data portal,2025
Uppsala University,SITES data portal,2022
Stockholm University,SITES data portal,2020
Swedish University of Agricultural Sciences,SITES data portal,2022
Uppsala University,SITES data portal,2020
Stockholm University,SITES data portal,2023
Swedish University of Agricultural Sciences,SITES data portal,2022
Uppsala University,SITES data portal,2020
Swedish Polar Research Secretariat,SITES data portal,2024
Swedish Polar Research Secretariat,SITES data portal,2025
Swedish University of Agricultural Sciences,SITES data portal,2022
Swedish University of Agricultural Sciences,SITES data portal,2020
University of Gothenburg,SITES data portal,2025
Swedish University of Agricultural Sciences,SITES data portal,2024
Swedish University of Agricultural Sciences,SITES data portal,2023
Uppsala University,SITES data portal,2024
Swedish University of Agricultural Sciences,SITES data portal,2023
Swedish University of Agricultural Sciences,SITES data portal,2023
Stockholm University,SITES data portal,2025
Swedish University of Agricultural Sciences,SITES data portal,2025
Swedish Polar Research Secretariat,SITES data portal,2022
Swedish University of Agricultural Sciences,SITES data portal,2022
Uppsala University,SITES data portal,2025
University of Gothenburg,SITES data portal,2024
Uppsala University,SITES data portal,2024
Swedish Polar Research Secretariat,SITES data portal,2020
University of Gothenburg,SITES data portal,2022
Swedish University of Agricultural Sciences,SITES data portal,2021
Swedish Polar Research Secretariat,SITES data portal,2020
University of Gothenburg,SITES data portal,2022
Swedish University of Agricultural Sciences,SITES data portal,2025
Uppsala University,SITES data portal,2020
Stockholm University,SITES data portal,2020
Swedish University of Agricultural Sciences,SITES data portal,2023
Swedish University of Agricultural Sciences,SITES data portal,2024
Uppsala University,SITES data portal,2020
Swedish University of Agricultural Sciences,SITES data portal,2025
Swedish University of Agricultural Sciences,SITES data portal,2024
University of Gothenburg,SITES data portal,2022
Swedish University of Agricultural Sciences,SITES data portal,2022
Stockholm University,SITES data portal,2025
Swedish University of Agricultural Sciences,SITES data portal,2025
University of Gothenburg,SITES data portal,2022
Stockholm University,SITES data portal,2025
University of Gothenburg,SITES data portal,2025
University of Gothenburg,SITES data portal,2020
Stockholm University,SITES data portal,2020
Swedish University of Agricultural Sciences,SITES data portal,2025
Swedish University of Agricultural Sciences,SITES data portal,2025
Uppsala University,SITES data portal,2024
Swedish University of Agricultural Sciences,SITES data portal,2021
Swedish University of Agricultural Sciences,SITES data portal,2022
Swedish University of Agricultural Sciences,SITES data portal,2022
University of Gothenburg,SITES data portal,2024
University of Gothenburg,SITES data portal,2025
Swedish Polar Research Secretariat,SITES data portal,2022
University of Gothenburg,SITES data portal,2022
Stockholm University,SITES data portal,2022
University of Gothenburg,SITES data portal,2025
Stockholm University,SITES data portal,2025
Swedish University of Agricultural Sciences,SITES data portal,2023
University of Gothenburg,SITES data portal,2024
University of Gothenburg,SITES data portal,2024
Stockholm University,SITES data portal,2025
University of Gothenburg,SITES data portal,2020
Uppsala University,SITES data portal,2024
Swedish University of Agricultural Sciences,SITES data portal,2025
Swedish University of Agricultural Sciences,SITES data portal,2022
Swedish Polar Research Secretariat,SITES data portal,2025
Stockholm University,SITES data portal,2025
Swedish University of Agricultural Sciences,SITES data portal,2023
Swedish University of Agricultural Sciences,SITES data portal,2022
Swedish University of Agricultural Sciences,SITES data portal,2023
Swedish University of Agricultural Sciences,SITES data portal,2025
University of Gothenburg,SITES data portal,2022
Swedish University of Agricultural Sciences,SITES data portal,2022
Swedish University of Agricultural Sciences,SITES data portal,2025
Swedish Polar Research Secretariat,SITES data portal,2021
University of Gothenburg,SITES data portal,2024
Swedish University of Agricultural Sciences,SITES data portal,2025
University of Gothenburg,SITES data portal,2025
Uppsala University,SITES data portal,2020
Swedish University of Agricultural Sciences,SITES data portal,2025
University of Gothenburg,SITES data portal,2022
Uppsala University,SITES data portal,2019
Swedish University of Agricultural Sciences,SITES data portal,2025
Swedish Polar Research Secretariat,SITES data portal,2024
Swedish University of Agricultural Sciences,SITES data portal,2023
Uppsala University,SITES data portal,2020
Stockholm University,SITES data portal,2022
Uppsala University,SITES data portal,2020
University of Gothenburg,SITES data portal,2022
University of Gothenburg,SITES data portal,2021
Swedish University of Agricultural Sciences,SITES data portal,2021
Swedish University of Agricultural Sciences,SITES data portal,2023
Stockholm University,SITES data portal,2025
Swedish University of Agricultural Sciences,SITES data portal,2022
Stockholm University,SITES data portal,2022
Swedish University of Agricultural Sciences,SITES data portal,2024
Swedish University of Agricultural Sciences,SITES data portal,2021
Swedish University of Agricultural Sciences,SITES data portal,2019
Swedish Polar Research Secretariat,SITES data portal,2022
Swedish University of Agricultural Sciences,SITES data portal,2022
University of Gothenburg,SITES data portal,2022
Swedish University of Agricultural Sciences,SITES data portal,2022
Swedish University of Agricultural Sciences,SITES data portal,2024
Stockholm University,SITES data portal,2025
University of Gothenburg,SITES data portal,2022
Stockholm University,SITES data portal,2025
Uppsala University,SITES data portal,2024
University of Gothenburg,SITES data portal,2022
Uppsala University,SITES data portal,2020
Stockholm University,Stockholm University Figshare,2019
Stockholm University,Stockholm University Figshare,2019
Stockholm University,Stockholm University Figshare,2019
Stockholm University,Stockholm University Figshare,2020
Stockholm University,Stockholm University Figshare,2020
Stockholm University,Stockholm University Figshare,2020
Stockholm University,Stockholm University Figshare,2020
Stockholm University,Stockholm University Figshare,2020
Stockholm University,Stockholm University Figshare,2020
Stockholm University,Stockholm University Figshare,2020
Stockholm University,Stockholm University Figshare,2023
Stockholm University,Stockholm University Figshare,2021
Stockholm University,Stockholm University Figshare,2020
Stockholm University,Stockholm University Figshare,2020
Stockholm University,Stockholm University Figshare,2021
Stockholm University,Stockholm University Figshare,2021
Stockholm University,Stockholm University Figshare,2022
Stockholm University,Stockholm University Figshare,2021
Stockholm University,Stockholm University Figshare,2022
Stockholm University,Stockholm University Figshare,2022
Stockholm University,Stockholm University Figshare,2021
Stockholm University,Stockholm University Figshare,2022
Stockholm University,Stockholm University Figshare,2022
Stockholm University,Stockholm University Figshare,2022
Stockholm University,Stockholm University Figshare,2022
Stockholm University,Stockholm University Figshare,2022
Stockholm University,Stockholm University Figshare,2015
Stockholm University,Stockholm University Figshare,2015
Stockholm University,Stockholm University Figshare,2022
Stockholm University,Stockholm University Figshare,2023
Stockholm University,Stockholm University Figshare,2023
Stockholm University,Stockholm University Figshare,2022
Stockholm University,Stockholm University Figshare,2022
Stockholm University,Stockholm University Figshare,2023
Stockholm University,Stockholm University Figshare,2023
Stockholm University,Stockholm University Figshare,2025
Stockholm University,Stockholm University Figshare,2025
Stockholm University,Stockholm University Figshare,2025
Stockholm University,Stockholm University Figshare,2023
Stockholm University,Stockholm University Figshare,2023
Stockholm University,Stockholm University Figshare,2023
Stockholm University,Stockholm University Figshare,2024
Stockholm University,Stockholm University Figshare,2023
Stockholm University,Stockholm University Figshare,2023
Stockholm University,Stockholm University Figshare,2024
Stockholm University,Stockholm University Figshare,2024
Stockholm University,Stockholm University Figshare,2024
Stockholm University,Stockholm University Figshare,2024
Stockholm University,Stockholm University Figshare,2025
Stockholm University,Stockholm University Figshare,2025
Stockholm University,Stockholm University Figshare,2025
Stockholm University,Stockholm University Figshare,2025
Stockholm University,Stockholm University Figshare,2025
Stockholm University,Stockholm University Figshare,2025
Stockholm University,Stockholm University Figshare,2025
Stockholm University,Stockholm University Figshare,2025
Stockholm University,Stockholm University Figshare,2016
Stockholm University,Stockholm University Figshare,2016
Stockholm University,Stockholm University Figshare,2016
Stockholm University,Stockholm University Figshare,2016
Stockholm University,Stockholm University Figshare,2016
Stockholm University,Stockholm University Figshare,2016
Stockholm University,Stockholm University Figshare,2016
Stockholm University,Stockholm University Figshare,2016
Stockholm University,Stockholm University Figshare,2016
Stockholm University,Stockholm University Figshare,2016
Stockholm University,Stockholm University Figshare,2016
Stockholm University,Stockholm University Figshare,2016
Stockholm University,Stockholm University Figshare,2016
Stockholm University,Stockholm University Figshare,2016
Stockholm University,Stockholm University Figshare,2016
Stockholm University,Stockholm University Figshare,2016
Stockholm University,Stockholm University Figshare,2016
Stockholm University,Stockholm University Figshare,2016
Stockholm University,Stockholm University Figshare,2016
Stockholm University,Stockholm University Figshare,2016
Stockholm University,Stockholm University Figshare,2016
Stockholm University,Stockholm University Figshare,2016
Stockholm University,Stockholm University Figshare,2016
Stockholm University,Stockholm University Figshare,2016
Stockholm University,Stockholm University Figshare,2016
Stockholm University,Stockholm University Figshare,2016
Stockholm University,Stockholm University Figshare,2016
Stockholm University,Stockholm University Figshare,2016
Stockholm University,Stockholm University Figshare,2016
Stockholm University,Stockholm University Figshare,2016
Stockholm University,Stockholm University Figshare,2016
Stockholm University,Stockholm University Figshare,2016
Stockholm University,Stockholm University Figshare,2016
Stockholm University,Stockholm University Figshare,2016
Stockholm University,Stockholm University Figshare,2016
Stockholm University,Stockholm University Figshare,2016
Stockholm University,Stockholm University Figshare,2016
Stockholm University,Stockholm University Figshare,2016
Stockholm University,Stockholm University Figshare,2017
Stockholm University,Stockholm University Figshare,2017
Stockholm University,Stockholm University Figshare,2017
Stockholm University,Stockholm University Figshare,2017
Stockholm University,Stockholm University Figshare,2017
Stockholm University,Stockholm University Figshare,2017
Stockholm University,Stockholm University Figshare,2017
Stockholm University,Stockholm University Figshare,2017
Stockholm University,Stockholm University Figshare,2017
Stockholm University,Stockholm University Figshare,2017
Stockholm University,Stockholm University Figshare,2017
Stockholm University,Stockholm University Figshare,2017
Stockholm University,Stockholm University Figshare,2017
Stockholm University,Stockholm University Figshare,2018
Stockholm University,Stockholm University Figshare,2018
Stockholm University,Stockholm University Figshare,2018
Stockholm University,Stockholm University Figshare,2018
Stockholm University,Stockholm University Figshare,2018
Stockholm University,Stockholm University Figshare,2018
Stockholm University,Stockholm University Figshare,2018
Stockholm University,Stockholm University Figshare,2018
Stockholm University,Stockholm University Figshare,2018
Stockholm University,Stockholm University Figshare,2018
Stockholm University,Stockholm University Figshare,2018
Stockholm University,Stockholm University Figshare,2018
Stockholm University,Stockholm University Figshare,2018
Stockholm University,Stockholm University Figshare,2018
Stockholm University,Stockholm University Figshare,2018
Stockholm University,Stockholm University Figshare,2018
Stockholm University,Stockholm University Figshare,2018
Stockholm University,Stockholm University Figshare,2018
Stockholm University,Stockholm University Figshare,2018
Stockholm University,Stockholm University Figshare,2018
Stockholm University,Stockholm University Figshare,2019
Stockholm University,Stockholm University Figshare,2019
Stockholm University,Stockholm University Figshare,2019
Stockholm University,Stockholm University Figshare,2019
Stockholm University,Stockholm University Figshare,2019
Stockholm University,Stockholm University Figshare,2019
Stockholm University,Stockholm University Figshare,2019
Stockholm University,Stockholm University Figshare,2019
Stockholm University,Stockholm University Figshare,2019
Stockholm University,Stockholm University Figshare,2022
Stockholm University,Stockholm University Figshare,2019
Stockholm University,Stockholm University Figshare,2019
Stockholm University,Stockholm University Figshare,2019
Stockholm University,Stockholm University Library Zenodo,2025
Stockholm University,Stockholm University Library Zenodo,2019
Stockholm University,Stockholm University Library Zenodo,2018
Stockholm University,Stockholm University Library Zenodo,2022
Stockholm University,Stockholm University Library Zenodo,2023
Stockholm University,Stockholm University Library Zenodo,2023
Umeå University,Umeå University Centre for Demographic and Ageing Research,2022
Umeå University,Umeå University Centre for Demographic and Ageing Research,2022
Umeå University,Umeå University Centre for Demographic and Ageing Research,2023
Umeå University,Umeå University Centre for Demographic and Ageing Research,2021
Umeå University,Umeå University Centre for Demographic and Ageing Research,2014
Umeå University,Umeå University Centre for Demographic and Ageing Research,2017
Umeå University,Umeå University Centre for Demographic and Ageing Research,2017
Umeå University,Umeå University Centre for Demographic and Ageing Research,2018
Umeå University,Umeå University Centre for Demographic and Ageing Research,2015
Umeå University,Umeå University Centre for Demographic and Ageing Research,2017
Umeå University,Umeå University Centre for Demographic and Ageing Research,2021
Umeå University,Umeå University Centre for Demographic and Ageing Research,2018
Umeå University,Umeå University Centre for Demographic and Ageing Research,2018
Umeå University,Umeå University Centre for Demographic and Ageing Research,2019
Umeå University,Umeå University Centre for Demographic and Ageing Research,2019
Umeå University,Umeå University Centre for Demographic and Ageing Research,2019
Umeå University,Umeå University Centre for Demographic and Ageing Research,2019
Umeå University,Umeå University Centre for Demographic and Ageing Research,2019
Umeå University,Umeå University Centre for Demographic and Ageing Research,2019
Umeå University,Umeå University Centre for Demographic and Ageing Research,2020
Umeå University,Umeå University Centre for Demographic and Ageing Research,2020
Umeå University,Umeå University Centre for Demographic and Ageing Research,2020
Umeå University,Umeå University Centre for Demographic and Ageing Research,2024
Umeå University,Umeå University Centre for Demographic and Ageing Research,2021
Umeå University,Umeå University Centre for Demographic and Ageing Research,2021
Umeå University,Umeå University Centre for Demographic and Ageing Research,2020
Umeå University,Umeå University Centre for Demographic and Ageing Research,2022
Umeå University,Umeå University Centre for Demographic and Ageing Research,2021
Umeå University,Umeå University Centre for Demographic and Ageing Research,2022
Umeå University,Umeå University Centre for Demographic and Ageing Research,2021
Umeå University,Umeå University Centre for Demographic and Ageing Research,2023
Umeå University,Umeå University Centre for Demographic and Ageing Research,2022
Umeå University,Umeå University Centre for Demographic and Ageing Research,2022
Umeå University,Umeå University Centre for Demographic and Ageing Research,2022
Umeå University,Umeå University Centre for Demographic and Ageing Research,2021
Umeå University,Umeå University Centre for Demographic and Ageing Research,2022
Umeå University,Umeå University Centre for Demographic and Ageing Research,2022
Umeå University,Umeå University Centre for Demographic and Ageing Research,2022
Umeå University,Umeå University Centre for Demographic and Ageing Research,2023
Umeå University,Umeå University Centre for Demographic and Ageing Research,2023
Umeå University,Umeå University Centre for Demographic and Ageing Research,2023
Umeå University,Umeå University Centre for Demographic and Ageing Research,2023
Umeå University,Umeå University Centre for Demographic and Ageing Research,2023
Umeå University,Umeå University Centre for Demographic and Ageing Research,2025
Umeå University,Umeå University Centre for Demographic and Ageing Research,2024
Umeå University,Umeå University Centre for Demographic and Ageing Research,2024
Umeå University,Umeå University Centre for Demographic and Ageing Research,2025
Umeå University,Umeå University Centre for Demographic and Ageing Research,2024
Umeå University,Umeå University Centre for Demographic and Ageing Research,2025
Uppsala University,Swedish National Seismic Network,2024
Uppsala University,Swedish National Seismic Network,1904
